maxcos_l1,minp_l1,kappa_l1,maxcos_l2,minp_l2,kappa_l2,maxcos_l3,minp_l3,kappa_l3,steps_cos_gt_0.9,ebar0,ebar_ratio_10,tag,seed,fb_seed,plateau_onset,plateau_band_end,plateau_exit,plateau_duration,plateau_band_acc,csv,n_layers,minp_w300_l1,maxcos_w300_l1,cos0_l1,p0_l1,H0_l1,wa_end_l1,minp_w300_l2,maxcos_w300_l2,cos0_l2,p0_l2,H0_l2,wa_end_l2,minp_w300_l3,maxcos_w300_l3,cos0_l3,p0_l3,H0_l3,wa_end_l3,acc_450,acc_1000,acc_1500,acc_3000,acc_final,step_final,loss_final,loss_min,kappa_cf_l1,kappa_cf_l2,kappa_cf_l3,drive,ebar0_pred,fb_scale,lr,out_lr_mult,hid_lr_mult,batch,width,depth,steps,out_bias_q,freeze_bias,freeze_out,muon,whiten,batchnorm,p0,target_scale,classes,C,prior_loss,xbar2,wall,final_step,rule,dataset,preprocess,arch,act,head,center
0.7441952228546143,0.8313310146331787,2.1120298302696634,0.7478619813919067,0.7407009601593018,2.6919608017991905,0.7685266137123108,0.7803297638893127,3.62324919876809,0,1.2692182064056396,0.22209689504608385,aligned,0,0,,,,,,E1_headline/aligned/seed0_fb0.csv,3,0.9575956463813782,0.5439220070838928,0.3541161119937897,0.9909001588821412,12.757408142089844,0.8403302431106567,0.9154147505760192,0.6554175019264221,0.3507662415504455,0.9935280680656432,10.161163330078123,0.915458083152771,0.8860039114952087,0.7685266137123108,0.3540035486221313,0.9948840141296388,8.370211601257324,0.996700882911682,0.87353515625,0.89306640625,0.90087890625,0.91259765625,0.91259765625,3000,0.6464349031448364,0.6449748873710632,26.953168049917554,10.236181397056136,8.304448866303373,1.2692182064056396,1.264911064067352,1.0,0.001,1.0,1.0,128,300,3,3000,-1.0,0,0,0,0,0,0.0,1.0,0,10,3.2490788990307586,35.225006103515625,12.542941570281982,3000,aligned,mnist,div255,mlp,tanh,sigmoid_bce,none
0.7448235154151917,0.8332409262657166,2.112411945347056,0.7490991353988647,0.7398245334625244,2.665977619954081,0.7675832509994507,0.7800058126449585,3.6232808270403463,0,1.2692182064056396,0.2231236881609919,aligned,0,1,,,,,,E1_headline/aligned/seed0_fb1.csv,3,0.958695113658905,0.5413489937782288,0.3541161119937897,0.9909001588821412,12.757408142089844,0.8367190957069397,0.9157343506813048,0.6551103591918945,0.3507662415504455,0.9935280680656432,10.161163330078123,0.9154500365257264,0.8859950304031372,0.7675832509994507,0.3540035486221313,0.9948840141296388,8.370211601257324,0.9967067837715148,0.87353515625,0.892578125,0.90087890625,0.912109375,0.912109375,3000,0.64759361743927,0.6461257338523865,26.953168049917554,10.236181397056136,8.304448866303373,1.2692182064056396,1.264911064067352,1.0,0.001,1.0,1.0,128,300,3,3000,-1.0,0,0,0,0,0,0.0,1.0,0,10,3.2490788990307586,35.225006103515625,13.842426776885986,3000,aligned,mnist,div255,mlp,tanh,sigmoid_bce,none
0.7444908022880554,0.8318070769309998,2.1141313735431475,0.7472339272499084,0.7403576374053955,2.688286818894239,0.7685556411743164,0.7806981205940247,3.631237918135578,0,1.2692182064056396,0.22281757237309663,aligned,0,2,,,,,,E1_headline/aligned/seed0_fb2.csv,3,0.9578855633735656,0.5433688759803772,0.3541161119937897,0.9909001588821412,12.757408142089844,0.8390898108482361,0.9150495529174804,0.6555829048156738,0.3507662415504455,0.9935280680656432,10.161163330078123,0.9163615107536316,0.8860849142074585,0.7685556411743164,0.3540035486221313,0.9948840141296388,8.370211601257324,0.9966949820518494,0.87353515625,0.89306640625,0.90087890625,0.91259765625,0.91259765625,3000,0.6467643976211548,0.645302414894104,26.953168049917554,10.236181397056136,8.304448866303373,1.2692182064056396,1.264911064067352,1.0,0.001,1.0,1.0,128,300,3,3000,-1.0,0,0,0,0,0,0.0,1.0,0,10,3.2490788990307586,35.225006103515625,13.7338228225708,3000,aligned,mnist,div255,mlp,tanh,sigmoid_bce,none
0.7488237023353577,0.8232784271240234,2.064356904435006,0.7655190229415894,0.7276006937026978,2.620286376912193,0.7676225304603577,0.7675511837005615,3.6350760342498063,0,1.3514316082000732,0.19409682393591268,aligned,1,0,,,,,,E1_headline/aligned/seed1_fb0.csv,3,0.9568198323249816,0.5524348616600037,0.3873637318611145,0.9887229204177856,13.798158645629885,0.8279581665992737,0.9149742126464844,0.6526570320129395,0.3898089230060577,0.992600440979004,11.267420768737791,0.9141602516174316,0.8759191632270813,0.7676225304603577,0.387746512889862,0.9939010739326476,9.42509651184082,0.9965816736221312,0.88134765625,0.89453125,0.9033203125,0.912109375,0.912109375,3000,0.6216819286346436,0.6190475225448608,25.795081970600872,10.537464484814349,8.735378080908937,1.3514316082000732,1.264911064067352,1.0,0.001,1.0,1.0,128,300,3,3000,-1.0,0,0,0,0,0,0.0,1.0,0,10,3.2490788990307586,35.225006103515625,12.63206696510315,3000,aligned,mnist,div255,mlp,tanh,sigmoid_bce,none
0.7494087815284729,0.8251547813415527,2.064754382980276,0.7666122913360596,0.726725161075592,2.593569395443541,0.7667833566665649,0.7673478722572327,3.6353067529407688,0,1.3514316082000732,0.19490076235944825,aligned,1,1,,,,,,E1_headline/aligned/seed1_fb1.csv,3,0.9580079913139344,0.5498480200767517,0.3873637318611145,0.9887229204177856,13.798158645629885,0.8238682746887207,0.9154163002967834,0.6524580717086792,0.3898089230060577,0.992600440979004,11.267420768737791,0.9141860008239746,0.875990629196167,0.7667833566665649,0.387746512889862,0.9939010739326476,9.42509651184082,0.9965866208076476,0.88037109375,0.89453125,0.9033203125,0.912109375,0.912109375,3000,0.6228113770484924,0.6201461553573608,25.795081970600872,10.537464484814349,8.735378080908937,1.3514316082000732,1.264911064067352,1.0,0.001,1.0,1.0,128,300,3,3000,-1.0,0,0,0,0,0,0.0,1.0,0,10,3.2490788990307586,35.225006103515625,12.928147554397583,3000,aligned,mnist,div255,mlp,tanh,sigmoid_bce,none
0.7490901947021484,0.8237473368644714,2.0662926245463344,0.7646947503089905,0.7274871468544006,2.6156918213101843,0.7676360607147217,0.7679839730262756,3.642290947779499,0,1.3514316082000732,0.19458358158005087,aligned,1,2,,,,,,E1_headline/aligned/seed1_fb2.csv,3,0.95715594291687,0.5517833828926086,0.3873637318611145,0.9887229204177856,13.798158645629885,0.8265402317047119,0.9147383570671082,0.6527994275093079,0.3898089230060577,0.992600440979004,11.267420768737791,0.9151304364204408,0.8760481476783752,0.7676360607147217,0.387746512889862,0.9939010739326476,9.42509651184082,0.99657541513443,0.880859375,0.89453125,0.9033203125,0.912109375,0.912109375,3000,0.6219412684440613,0.6193077564239502,25.795081970600872,10.537464484814349,8.735378080908937,1.3514316082000732,1.264911064067352,1.0,0.001,1.0,1.0,128,300,3,3000,-1.0,0,0,0,0,0,0.0,1.0,0,10,3.2490788990307586,35.225006103515625,13.64428186416626,3000,aligned,mnist,div255,mlp,tanh,sigmoid_bce,none
0.7361471652984619,0.8386982083320618,2.3173442804079225,0.744592010974884,0.7366912961006165,2.9473660371715384,0.7829654216766357,0.7698009610176086,3.894263252229489,0,1.247653603553772,0.2753835146989072,aligned,2,0,,,,,,E1_headline/aligned/seed2_fb0.csv,3,0.9564574360847472,0.5660330653190613,0.4126372337341308,0.9858370423316956,15.55845069885254,0.8305398225784302,0.9103792905807496,0.6554961800575256,0.3982468843460083,0.9923094511032104,11.637540817260742,0.9120573401451112,0.871727705001831,0.7829654216766357,0.3910796046257019,0.993703842163086,9.466567993164062,0.995643138885498,0.87109375,0.89404296875,0.90576171875,0.91796875,0.91796875,3000,0.621239185333252,0.621239185333252,23.719888895426525,10.842361481867695,8.274976220576836,1.247653603553772,1.264911064067352,1.0,0.001,1.0,1.0,128,300,3,3000,-1.0,0,0,0,0,0,0.0,1.0,0,10,3.2490788990307586,35.225006103515625,16.08242440223694,3000,aligned,mnist,div255,mlp,tanh,sigmoid_bce,none
0.7366545796394348,0.8405982851982117,2.317171729862612,0.7458235621452332,0.7357714176177979,2.9182556085572995,0.782164454460144,0.7694706916809082,3.895810172164086,0,1.247653603553772,0.2757962091804974,aligned,2,1,,,,,,E1_headline/aligned/seed2_fb1.csv,3,0.9575838446617126,0.5637332797050476,0.4126372337341308,0.9858370423316956,15.55845069885254,0.8268822431564331,0.9107809662818908,0.6555241346359253,0.3982468843460083,0.9923094511032104,11.637540817260742,0.9120762348175048,0.8717423677444458,0.782164454460144,0.3910796046257019,0.993703842163086,9.466567993164062,0.9956486225128174,0.87109375,0.8935546875,0.9052734375,0.91796875,0.91796875,3000,0.6223580241203308,0.6223580241203308,23.719888895426525,10.842361481867695,8.274976220576836,1.247653603553772,1.264911064067352,1.0,0.001,1.0,1.0,128,300,3,3000,-1.0,0,0,0,0,0,0.0,1.0,0,10,3.2490788990307586,35.225006103515625,13.309937477111816,3000,aligned,mnist,div255,mlp,tanh,sigmoid_bce,none
0.736443042755127,0.8391385078430176,2.319856061538049,0.7441409230232239,0.7361141443252563,2.9436088490898427,0.7830854654312134,0.770229160785675,3.9062240313081538,0,1.247653603553772,0.2758826312097743,aligned,2,2,,,,,,E1_headline/aligned/seed2_fb2.csv,3,0.956760585308075,0.5655347108840942,0.4126372337341308,0.9858370423316956,15.55845069885254,0.829268217086792,0.91004741191864,0.6558845043182373,0.3982468843460083,0.9923094511032104,11.637540817260742,0.9129730463027954,0.8717716932296753,0.7830854654312134,0.3910796046257019,0.993703842163086,9.466567993164062,0.9956333637237548,0.87109375,0.89404296875,0.90576171875,0.91796875,0.91796875,3000,0.6215774416923523,0.6215774416923523,23.719888895426525,10.842361481867695,8.274976220576836,1.247653603553772,1.264911064067352,1.0,0.001,1.0,1.0,128,300,3,3000,-1.0,0,0,0,0,0,0.0,1.0,0,10,3.2490788990307586,35.225006103515625,13.38736367225647,3000,aligned,mnist,div255,mlp,tanh,sigmoid_bce,none
0.751510500907898,0.8360646367073059,2.23628329158378,0.7549777030944824,0.7280629277229309,2.950849170715776,0.791534960269928,0.7697659730911255,3.890266861859519,0,1.1960808038711548,0.20552711050824066,aligned,3,0,,,,,,E1_headline/aligned/seed3_fb0.csv,3,0.9579787850379944,0.5671557188034058,0.4067066311836242,0.9870036244392396,14.927203178405762,0.8380018472671509,0.9182807207107544,0.6597074270248413,0.3847300410270691,0.9916552901268004,11.3062744140625,0.914876401424408,0.882820188999176,0.791534960269928,0.3630390167236328,0.9950414299964904,8.48564624786377,0.996480405330658,0.85888671875,0.88427734375,0.896484375,0.90869140625,0.90869140625,3000,0.6465779542922974,0.6465779542922974,25.090916219308507,11.031830316751812,8.523827419454747,1.1960808038711548,1.264911064067352,1.0,0.001,1.0,1.0,128,300,3,3000,-1.0,0,0,0,0,0,0.0,1.0,0,10,3.2490788990307586,35.225006103515625,16.276384115219116,3000,aligned,mnist,div255,mlp,tanh,sigmoid_bce,none
0.7523505091667175,0.8377506732940674,2.2359582567161693,0.7562394142150879,0.7271150350570679,2.923983018945019,0.790740430355072,0.769599974155426,3.891402826790919,0,1.1960808038711548,0.20605660918360527,aligned,3,1,,,,,,E1_headline/aligned/seed3_fb1.csv,3,0.9589035511016846,0.5650011897087097,0.4067066311836242,0.9870036244392396,14.927203178405762,0.8344045877456665,0.9186204075813292,0.6579607725143433,0.3847300410270691,0.9916552901268004,11.3062744140625,0.9149038791656494,0.8828716278076172,0.790740430355072,0.3630390167236328,0.9950414299964904,8.48564624786377,0.9964880347251892,0.85888671875,0.88525390625,0.8955078125,0.90771484375,0.90771484375,3000,0.6477817296981812,0.6477817296981812,25.090916219308507,11.031830316751812,8.523827419454747,1.1960808038711548,1.264911064067352,1.0,0.001,1.0,1.0,128,300,3,3000,-1.0,0,0,0,0,0,0.0,1.0,0,10,3.2490788990307586,35.225006103515625,12.557092428207397,3000,aligned,mnist,div255,mlp,tanh,sigmoid_bce,none
0.7519286274909973,0.8364346623420715,2.238640865347853,0.7544503211975098,0.727577269077301,2.9478931241822344,0.7916008830070496,0.7702937126159668,3.900279090968932,0,1.1960808038711548,0.20600529159527234,aligned,3,2,,,,,,E1_headline/aligned/seed3_fb2.csv,3,0.9582260847091676,0.5666748881340027,0.4067066311836242,0.9870036244392396,14.927203178405762,0.8367922902107239,0.9180012345314026,0.6600244045257568,0.3847300410270691,0.9916552901268004,11.3062744140625,0.9157981872558594,0.8829253911972046,0.7916008830070496,0.3630390167236328,0.9950414299964904,8.48564624786377,0.9964746236801147,0.85888671875,0.88525390625,0.89599609375,0.90771484375,0.90771484375,3000,0.6469510793685913,0.6469510793685913,25.090916219308507,11.031830316751812,8.523827419454747,1.1960808038711548,1.264911064067352,1.0,0.001,1.0,1.0,128,300,3,3000,-1.0,0,0,0,0,0,0.0,1.0,0,10,3.2490788990307586,35.225006103515625,12.518960237503052,3000,aligned,mnist,div255,mlp,tanh,sigmoid_bce,none
0.7277064919471741,0.84944087266922,2.233841510324899,0.7276661396026611,0.7768158912658691,2.709251831660875,0.7504141926765442,0.7825403213500977,3.3938996843970446,0,1.324767827987671,0.23182252818642582,aligned,4,0,,,,,,E1_headline/aligned/seed4_fb0.csv,3,0.95991712808609,0.5321086049079895,0.4106832444667816,0.9866453409194946,15.277892112731934,0.8213193416595459,0.9290575981140136,0.6175876259803772,0.3886938989162445,0.9913927912712096,11.406888961791992,0.9114140868186952,0.8921507000923157,0.7504141926765442,0.3955017924308777,0.9944201111793518,9.7918701171875,0.9967759251594543,0.869140625,0.88623046875,0.89501953125,0.90771484375,0.90771484375,3000,0.6687425374984741,0.6687425374984741,24.426766846528707,10.976292847389278,8.366049217340276,1.324767827987671,1.264911064067352,1.0,0.001,1.0,1.0,128,300,3,3000,-1.0,0,0,0,0,0,0.0,1.0,0,10,3.2490788990307586,35.225006103515625,12.707513093948364,3000,aligned,mnist,div255,mlp,tanh,sigmoid_bce,none
0.7281282544136047,0.8512513637542725,2.233769916831483,0.7291061878204346,0.775857150554657,2.681117236178345,0.7496147751808167,0.7824869155883789,3.3933941547226527,0,1.324767827987671,0.2320989352748915,aligned,4,1,,,,,,E1_headline/aligned/seed4_fb1.csv,3,0.961003303527832,0.5295332670211792,0.4106832444667816,0.9866453409194946,15.277892112731934,0.8173109292984009,0.929266095161438,0.6158122420310974,0.3886938989162445,0.9913927912712096,11.406888961791992,0.9114025831222534,0.8922399878501892,0.7496147751808167,0.3955017924308777,0.9944201111793518,9.7918701171875,0.9967827796936036,0.869140625,0.88623046875,0.89453125,0.9072265625,0.9072265625,3000,0.6700179576873779,0.6700179576873779,24.426766846528707,10.976292847389278,8.366049217340276,1.324767827987671,1.264911064067352,1.0,0.001,1.0,1.0,128,300,3,3000,-1.0,0,0,0,0,0,0.0,1.0,0,10,3.2490788990307586,35.225006103515625,13.638176202774048,3000,aligned,mnist,div255,mlp,tanh,sigmoid_bce,none
0.7279679775238037,0.8498764038085938,2.235999868949212,0.7270263433456421,0.7764763236045837,2.7049755465766414,0.7505450248718262,0.7828667163848877,3.401517897075346,0,1.324767827987671,0.2321964251900798,aligned,4,2,,,,,,E1_headline/aligned/seed4_fb2.csv,3,0.9602133631706238,0.5314964056015015,0.4106832444667816,0.9866453409194946,15.277892112731934,0.8199681043624878,0.9287251234054564,0.6179966926574707,0.3886938989162445,0.9913927912712096,11.406888961791992,0.9123750925064088,0.8922373056411743,0.7505450248718262,0.3955017924308777,0.9944201111793518,9.7918701171875,0.9967694282531738,0.869140625,0.88623046875,0.8955078125,0.90771484375,0.90771484375,3000,0.6691172122955322,0.6691172122955322,24.426766846528707,10.976292847389278,8.366049217340276,1.324767827987671,1.264911064067352,1.0,0.001,1.0,1.0,128,300,3,3000,-1.0,0,0,0,0,0,0.0,1.0,0,10,3.2490788990307586,35.225006103515625,14.181024312973022,3000,aligned,mnist,div255,mlp,tanh,sigmoid_bce,none
0.894025981426239,0.7242494821548462,6.049121339708996,0.985094428062439,0.4069302082061767,11.819006799257505,0.9980725646018982,0.2263269871473312,14.0534719159783,310,1.2692182064056396,1.2055869975267264,base,0,0,90.0,310.0,520.0,430.0,0.12240998641304347,E1_headline/base/seed0_fb0.csv,3,0.7242494821548462,0.894025981426239,0.3541161119937897,0.9909001588821412,12.757408142089844,0.6348215937614441,0.4069302082061767,0.985094428062439,0.3507662415504455,0.9935280680656432,10.161163330078123,0.522038459777832,0.2263269871473312,0.9980725646018982,0.3540035486221313,0.9948840141296388,8.370211601257324,0.3206211924552917,0.26953125,0.7802734375,0.85693359375,0.8994140625,0.8994140625,3000,0.7642165422439575,0.7642165422439575,26.953168049917554,10.236181397056136,8.304448866303373,1.2692182064056396,1.264911064067352,1.0,0.001,1.0,1.0,128,300,3,3000,-1.0,0,0,0,0,0,0.0,1.0,0,10,3.2490788990307586,35.225006103515625,13.583501815795898,3000,dfa,mnist,div255,mlp,tanh,sigmoid_bce,none
0.8871484398841858,0.7276175618171692,6.295615365407599,0.9855994582176208,0.357053130865097,11.376060351595052,0.9980950951576232,0.2220896929502487,16.82091692777195,330,1.2692182064056396,1.1961748173029736,base,0,1,90.0,150.0,490.0,400.0,0.11474609375,E1_headline/base/seed0_fb1.csv,3,0.7276175618171692,0.8871484398841858,0.3541161119937897,0.9909001588821412,12.757408142089844,0.634991466999054,0.357053130865097,0.9855994582176208,0.3507662415504455,0.9935280680656432,10.161163330078123,0.5065920352935791,0.2220896929502487,0.9980950951576232,0.3540035486221313,0.9948840141296388,8.370211601257324,0.3328878879547119,0.3173828125,0.74267578125,0.83544921875,0.89404296875,0.89404296875,3000,0.772774338722229,0.772774338722229,26.953168049917554,10.236181397056136,8.304448866303373,1.2692182064056396,1.264911064067352,1.0,0.001,1.0,1.0,128,300,3,3000,-1.0,0,0,0,0,0,0.0,1.0,0,10,3.2490788990307586,35.225006103515625,16.55195713043213,3000,dfa,mnist,div255,mlp,tanh,sigmoid_bce,none
0.9046690464019777,0.7298750877380371,6.611851639289446,0.9872650504112244,0.386364072561264,12.59553126004458,0.998391330242157,0.2531242668628692,16.826551964780244,350,1.2692182064056396,1.2961037075644397,base,0,2,80.0,170.0,520.0,440.0,0.135986328125,E1_headline/base/seed0_fb2.csv,3,0.7298750877380371,0.9046690464019777,0.3541161119937897,0.9909001588821412,12.757408142089844,0.6442402601242065,0.386364072561264,0.9872650504112244,0.3507662415504455,0.9935280680656432,10.161163330078123,0.5217201709747314,0.2531242668628692,0.998391330242157,0.3540035486221313,0.9948840141296388,8.370211601257324,0.3307004272937774,0.36962890625,0.7451171875,0.8505859375,0.892578125,0.892578125,3000,0.7621786594390869,0.7621786594390869,26.953168049917554,10.236181397056136,8.304448866303373,1.2692182064056396,1.264911064067352,1.0,0.001,1.0,1.0,128,300,3,3000,-1.0,0,0,0,0,0,0.0,1.0,0,10,3.2490788990307586,35.225006103515625,14.613654375076294,3000,dfa,mnist,div255,mlp,tanh,sigmoid_bce,none
0.9143717885017396,0.6761212348937988,6.410846987525097,0.9899471998214722,0.3138853907585144,12.91446025079315,0.9989173412322998,0.1967181712388992,17.339508466643768,340,1.3514316082000732,1.4813972107534292,base,1,0,90.0,470.0,600.0,510.0,0.07709835737179487,E1_headline/base/seed1_fb0.csv,3,0.6761212348937988,0.9143717885017396,0.3873637318611145,0.9887229204177856,13.798158645629885,0.638028085231781,0.3138853907585144,0.9899471998214722,0.3898089230060577,0.992600440979004,11.267420768737791,0.506432294845581,0.1967181712388992,0.9989173412322998,0.387746512889862,0.9939010739326476,9.42509651184082,0.3324327170848846,0.13916015625,0.70361328125,0.84228515625,0.8916015625,0.8916015625,3000,0.7524476051330566,0.7524476051330566,25.795081970600872,10.537464484814349,8.735378080908937,1.3514316082000732,1.264911064067352,1.0,0.001,1.0,1.0,128,300,3,3000,-1.0,0,0,0,0,0,0.0,1.0,0,10,3.2490788990307586,35.225006103515625,19.698838472366333,3000,dfa,mnist,div255,mlp,tanh,sigmoid_bce,none
0.9021816849708556,0.6914756894111633,6.2802761209420055,0.9889762997627258,0.3020907640457153,11.519414696752216,0.9989032745361328,0.1923276931047439,18.5263183818089,360,1.3514316082000732,1.445871314672747,base,1,1,100.0,270.0,590.0,490.0,0.08824327256944445,E1_headline/base/seed1_fb1.csv,3,0.6914756894111633,0.9021816849708556,0.3873637318611145,0.9887229204177856,13.798158645629885,0.6187688112258911,0.3020907640457153,0.9889762997627258,0.3898089230060577,0.992600440979004,11.267420768737791,0.4999555945396423,0.1923276931047439,0.9989032745361328,0.387746512889862,0.9939010739326476,9.42509651184082,0.3144909143447876,0.17529296875,0.75244140625,0.845703125,0.8994140625,0.8994140625,3000,0.7381333708763123,0.7381333708763123,25.795081970600872,10.537464484814349,8.735378080908937,1.3514316082000732,1.264911064067352,1.0,0.001,1.0,1.0,128,300,3,3000,-1.0,0,0,0,0,0,0.0,1.0,0,10,3.2490788990307586,35.225006103515625,12.73091435432434,3000,dfa,mnist,div255,mlp,tanh,sigmoid_bce,none
0.9102286100387572,0.6766589283943176,6.61141049847764,0.98906672000885,0.317338228225708,13.541463726995676,0.9986026287078856,0.2091501355171203,18.006439263862067,350,1.3514316082000732,1.410257641370428,base,1,2,90.0,200.0,510.0,420.0,0.12333170572916667,E1_headline/base/seed1_fb2.csv,3,0.6766589283943176,0.9102286100387572,0.3873637318611145,0.9887229204177856,13.798158645629885,0.6188493967056274,0.317338228225708,0.98906672000885,0.3898089230060577,0.992600440979004,11.267420768737791,0.4850234091281891,0.2091501355171203,0.9986026287078856,0.387746512889862,0.9939010739326476,9.42509651184082,0.3360227048397064,0.3037109375,0.70751953125,0.85595703125,0.90234375,0.90234375,3000,0.7498517036437988,0.7498517036437988,25.795081970600872,10.537464484814349,8.735378080908937,1.3514316082000732,1.264911064067352,1.0,0.001,1.0,1.0,128,300,3,3000,-1.0,0,0,0,0,0,0.0,1.0,0,10,3.2490788990307586,35.225006103515625,13.810959577560425,3000,dfa,mnist,div255,mlp,tanh,sigmoid_bce,none
0.9066154956817628,0.7107887864112854,6.359987195510972,0.9853984713554382,0.3717388808727264,13.351483052919392,0.9975038766860962,0.2798041403293609,16.91873191954543,350,1.247653603553772,1.2900299438705067,base,2,0,210.0,320.0,520.0,310.0,0.12361653645833333,E1_headline/base/seed2_fb0.csv,3,0.7107887864112854,0.9066154956817628,0.4126372337341308,0.9858370423316956,15.55845069885254,0.6281951069831848,0.3717388808727264,0.9853984713554382,0.3982468843460083,0.9923094511032104,11.637540817260742,0.5064300298690796,0.2798041403293609,0.9975038766860962,0.3910796046257019,0.993703842163086,9.466567993164062,0.3444175720214844,0.2197265625,0.736328125,0.85205078125,0.8984375,0.8984375,3000,0.7407035827636719,0.7407035827636719,23.719888895426525,10.842361481867695,8.274976220576836,1.247653603553772,1.264911064067352,1.0,0.001,1.0,1.0,128,300,3,3000,-1.0,0,0,0,0,0,0.0,1.0,0,10,3.2490788990307586,35.225006103515625,15.220916032791138,3000,dfa,mnist,div255,mlp,tanh,sigmoid_bce,none
0.9062361121177672,0.7132661938667297,6.0812764231525165,0.9901943802833556,0.2931475937366485,11.30572774330914,0.9990813732147216,0.1824692338705063,17.32838455891533,390,1.247653603553772,1.3588591946685749,base,2,1,90.0,220.0,540.0,450.0,0.11083984375,E1_headline/base/seed2_fb1.csv,3,0.7132661938667297,0.9062361121177672,0.4126372337341308,0.9858370423316956,15.55845069885254,0.6399298310279846,0.2931475937366485,0.9901943802833556,0.3982468843460083,0.9923094511032104,11.637540817260742,0.5065260529518127,0.1824692338705063,0.9990813732147216,0.3910796046257019,0.993703842163086,9.466567993164062,0.3414530456066131,0.18994140625,0.740234375,0.84375,0.89453125,0.89453125,3000,0.7388933897018433,0.7388933897018433,23.719888895426525,10.842361481867695,8.274976220576836,1.247653603553772,1.264911064067352,1.0,0.001,1.0,1.0,128,300,3,3000,-1.0,0,0,0,0,0,0.0,1.0,0,10,3.2490788990307586,35.225006103515625,16.003201007843018,3000,dfa,mnist,div255,mlp,tanh,sigmoid_bce,none
0.9032276272773744,0.7118026614189148,6.29257669752383,0.9876881837844848,0.3464583456516266,12.101274484293825,0.9982762932777404,0.2242631614208221,15.4016151386935,310,1.247653603553772,1.2040565680969142,base,2,2,100.0,240.0,500.0,400.0,0.0916015625,E1_headline/base/seed2_fb2.csv,3,0.7118026614189148,0.9032276272773744,0.4126372337341308,0.9858370423316956,15.55845069885254,0.6208291053771973,0.3464583456516266,0.9876881837844848,0.3982468843460083,0.9923094511032104,11.637540817260742,0.5079580545425415,0.2242631614208221,0.9982762932777404,0.3910796046257019,0.993703842163086,9.466567993164062,0.3368300497531891,0.3076171875,0.73828125,0.849609375,0.90771484375,0.90771484375,3000,0.7375267744064331,0.7375267744064331,23.719888895426525,10.842361481867695,8.274976220576836,1.247653603553772,1.264911064067352,1.0,0.001,1.0,1.0,128,300,3,3000,-1.0,0,0,0,0,0,0.0,1.0,0,10,3.2490788990307586,35.225006103515625,13.116318702697754,3000,dfa,mnist,div255,mlp,tanh,sigmoid_bce,none
0.9171748161315918,0.6698843240737915,6.281468315213978,0.98749577999115,0.3395499587059021,13.053245020268765,0.9984082579612732,0.2242960184812545,17.431425066171116,370,1.1960808038711548,1.1934450827905292,base,3,0,190.0,280.0,580.0,390.0,0.11884765625,E1_headline/base/seed3_fb0.csv,3,0.6698843240737915,0.9171748161315918,0.4067066311836242,0.9870036244392396,14.927203178405762,0.6244194507598877,0.3395499587059021,0.98749577999115,0.3847300410270691,0.9916552901268004,11.3062744140625,0.497873991727829,0.2242960184812545,0.9984082579612732,0.3630390167236328,0.9950414299964904,8.48564624786377,0.3077372610569,0.20654296875,0.75244140625,0.83056640625,0.8896484375,0.8896484375,3000,0.7906249165534973,0.7906249165534973,25.090916219308507,11.031830316751812,8.523827419454747,1.1960808038711548,1.264911064067352,1.0,0.001,1.0,1.0,128,300,3,3000,-1.0,0,0,0,0,0,0.0,1.0,0,10,3.2490788990307586,35.225006103515625,16.699588775634766,3000,dfa,mnist,div255,mlp,tanh,sigmoid_bce,none
0.8984485864639282,0.7237449288368225,6.38189233875175,0.9872903227806092,0.3455738127231598,11.509552123422194,0.998460590839386,0.2148691266775131,17.848154020489083,340,1.1960808038711548,1.1434019687699293,base,3,1,140.0,360.0,530.0,390.0,0.12646484375,E1_headline/base/seed3_fb1.csv,3,0.7237449288368225,0.8984485864639282,0.4067066311836242,0.9870036244392396,14.927203178405762,0.6228976845741272,0.3455738127231598,0.9872903227806092,0.3847300410270691,0.9916552901268004,11.3062744140625,0.4935247004032135,0.2148691266775131,0.998460590839386,0.3630390167236328,0.9950414299964904,8.48564624786377,0.3258856534957886,0.19580078125,0.716796875,0.83642578125,0.89111328125,0.89111328125,3000,0.7625337243080139,0.7625337243080139,25.090916219308507,11.031830316751812,8.523827419454747,1.1960808038711548,1.264911064067352,1.0,0.001,1.0,1.0,128,300,3,3000,-1.0,0,0,0,0,0,0.0,1.0,0,10,3.2490788990307586,35.225006103515625,12.678303241729736,3000,dfa,mnist,div255,mlp,tanh,sigmoid_bce,none
0.8934328556060791,0.7294034361839294,6.767740387024251,0.9845998883247375,0.3803027272224426,12.480070916866358,0.9980003237724304,0.2409958690404892,17.271716634736862,330,1.1960808038711548,1.2922682331680484,base,3,2,100.0,470.0,530.0,430.0,0.07259971217105263,E1_headline/base/seed3_fb2.csv,3,0.7294034361839294,0.8934328556060791,0.4067066311836242,0.9870036244392396,14.927203178405762,0.6303066611289978,0.3803027272224426,0.9845998883247375,0.3847300410270691,0.9916552901268004,11.3062744140625,0.4862174987792969,0.2409958690404892,0.9980003237724304,0.3630390167236328,0.9950414299964904,8.48564624786377,0.3364796340465545,0.09814453125,0.73388671875,0.84814453125,0.8876953125,0.8876953125,3000,0.7718439102172852,0.7718439102172852,25.090916219308507,11.031830316751812,8.523827419454747,1.1960808038711548,1.264911064067352,1.0,0.001,1.0,1.0,128,300,3,3000,-1.0,0,0,0,0,0,0.0,1.0,0,10,3.2490788990307586,35.225006103515625,14.598271369934082,3000,dfa,mnist,div255,mlp,tanh,sigmoid_bce,none
0.9133049249649048,0.6886773705482483,6.032537961334268,0.9881849884986876,0.3230039179325104,12.968071597282464,0.99859619140625,0.208631157875061,17.422451034647963,350,1.324767827987671,1.2552083310927582,base,4,0,80.0,220.0,480.0,400.0,0.10319010416666667,E1_headline/base/seed4_fb0.csv,3,0.6886773705482483,0.9133049249649048,0.4106832444667816,0.9866453409194946,15.277892112731934,0.6195351481437683,0.3230039179325104,0.9881849884986876,0.3886938989162445,0.9913927912712096,11.406888961791992,0.4846486449241638,0.208631157875061,0.99859619140625,0.3955017924308777,0.9944201111793518,9.7918701171875,0.3188134431838989,0.3193359375,0.7490234375,0.8310546875,0.89306640625,0.89306640625,3000,0.785394012928009,0.785394012928009,24.426766846528707,10.976292847389278,8.366049217340276,1.324767827987671,1.264911064067352,1.0,0.001,1.0,1.0,128,300,3,3000,-1.0,0,0,0,0,0,0.0,1.0,0,10,3.2490788990307586,35.225006103515625,12.60979437828064,3000,dfa,mnist,div255,mlp,tanh,sigmoid_bce,none
0.8950793743133545,0.7368824481964111,6.655623223943209,0.9838806986808776,0.3791636824607849,12.40158228419178,0.99744975566864,0.2823956310749054,18.049316014594663,300,1.324767827987671,1.120286651117031,base,4,1,90.0,280.0,530.0,440.0,0.071044921875,E1_headline/base/seed4_fb1.csv,3,0.7368824481964111,0.8950793743133545,0.4106832444667816,0.9866453409194946,15.277892112731934,0.6329550743103027,0.3791636824607849,0.9838806986808776,0.3886938989162445,0.9913927912712096,11.406888961791992,0.5167211890220642,0.2823956310749054,0.99744975566864,0.3955017924308777,0.9944201111793518,9.7918701171875,0.324571281671524,0.1796875,0.72216796875,0.83544921875,0.88720703125,0.88720703125,3000,0.7726703882217407,0.7726703882217407,24.426766846528707,10.976292847389278,8.366049217340276,1.324767827987671,1.264911064067352,1.0,0.001,1.0,1.0,128,300,3,3000,-1.0,0,0,0,0,0,0.0,1.0,0,10,3.2490788990307586,35.225006103515625,17.549827337265015,3000,dfa,mnist,div255,mlp,tanh,sigmoid_bce,none
0.9003204107284546,0.7159628868103027,6.502879784790005,0.9846896529197692,0.3677338063716888,12.168418535689062,0.998175859451294,0.220174178481102,16.56253391967539,320,1.324767827987671,1.2997195443872147,base,4,2,90.0,380.0,510.0,420.0,0.08531901041666666,E1_headline/base/seed4_fb2.csv,3,0.7159628868103027,0.9003204107284546,0.4106832444667816,0.9866453409194946,15.277892112731934,0.6367112398147583,0.3677338063716888,0.9846896529197692,0.3886938989162445,0.9913927912712096,11.406888961791992,0.498546153306961,0.220174178481102,0.998175859451294,0.3955017924308777,0.9944201111793518,9.7918701171875,0.3195309042930603,0.244140625,0.74267578125,0.8359375,0.88818359375,0.88818359375,3000,0.799880862236023,0.799880862236023,24.426766846528707,10.976292847389278,8.366049217340276,1.324767827987671,1.264911064067352,1.0,0.001,1.0,1.0,128,300,3,3000,-1.0,0,0,0,0,0,0.0,1.0,0,10,3.2490788990307586,35.225006103515625,14.188138484954834,3000,dfa,mnist,div255,mlp,tanh,sigmoid_bce,none
0.4665979743003845,0.977099597454071,6.003998926656193,0.6019154191017151,0.9569799304008484,3.142932090768236,0.7237895131111145,0.9354720711708068,3.7772501006334633,0,1.2692182064056396,1.0659060605987516,bp,0,0,,,,,,E1_headline/bp/seed0_fb0.csv,3,0.9820992946624756,0.4665979743003845,0.3541161119937897,0.9909001588821412,12.757408142089844,,0.9684322476387024,0.6019154191017151,0.3507662415504455,0.9935280680656432,10.161163330078123,,0.9566026329994202,0.7237895131111145,0.3540035486221313,0.9948840141296388,8.370211601257324,,0.7177734375,0.7998046875,0.82470703125,0.85791015625,0.85791015625,3000,1.2527883052825928,1.2527883052825928,26.953168049917554,10.236181397056136,8.304448866303373,1.2692182064056396,1.264911064067352,1.0,0.001,1.0,1.0,128,300,3,3000,-1.0,0,0,0,0,0,0.0,1.0,0,10,3.2490788990307586,35.225006103515625,11.862112283706665,3000,bp,mnist,div255,mlp,tanh,sigmoid_bce,none
0.4933793842792511,0.9742276668548584,5.713563082489491,0.6219545602798462,0.958265781402588,3.08825256583748,0.7320275902748108,0.9292363524436952,3.5962138934088506,0,1.3514316082000732,1.060345037897608,bp,1,0,,,,,,E1_headline/bp/seed1_fb0.csv,3,0.9799523949623108,0.4932036399841308,0.3873637318611145,0.9887229204177856,13.798158645629885,,0.970170259475708,0.6218714118003845,0.3898089230060577,0.992600440979004,11.267420768737791,,0.9481495022773744,0.7320275902748108,0.387746512889862,0.9939010739326476,9.42509651184082,,0.67529296875,0.794921875,0.828125,0.869140625,0.869140625,3000,1.2319457530975342,1.2319457530975342,25.795081970600872,10.537464484814349,8.735378080908937,1.3514316082000732,1.264911064067352,1.0,0.001,1.0,1.0,128,300,3,3000,-1.0,0,0,0,0,0,0.0,1.0,0,10,3.2490788990307586,35.225006103515625,12.554659366607666,3000,bp,mnist,div255,mlp,tanh,sigmoid_bce,none
0.5114977955818176,0.9734339714050292,6.196852585150348,0.6175441145896912,0.9587025046348572,3.7317250788639296,0.7335990071296692,0.924806833267212,3.963286726785632,0,1.247653603553772,1.068570707129518,bp,2,0,,,,,,E1_headline/bp/seed2_fb0.csv,3,0.9770911931991576,0.5112830400466919,0.4126372337341308,0.9858370423316956,15.55845069885254,,0.9683903455734252,0.6173003911972046,0.3982468843460083,0.9923094511032104,11.637540817260742,,0.9464467167854308,0.7335368990898132,0.3910796046257019,0.993703842163086,9.466567993164062,,0.68603515625,0.7939453125,0.8291015625,0.861328125,0.861328125,3000,1.2370201349258425,1.2370201349258425,23.719888895426525,10.842361481867695,8.274976220576836,1.247653603553772,1.264911064067352,1.0,0.001,1.0,1.0,128,300,3,3000,-1.0,0,0,0,0,0,0.0,1.0,0,10,3.2490788990307586,35.225006103515625,11.973098516464233,3000,bp,mnist,div255,mlp,tanh,sigmoid_bce,none
0.5105748176574707,0.9739933609962464,5.9864055424993055,0.6226950287818909,0.9576526880264282,3.4625502893861317,0.7492820620536804,0.9404926896095276,3.884127307081517,0,1.1960808038711548,0.9991258430169399,bp,3,0,,,,,,E1_headline/bp/seed3_fb0.csv,3,0.9771361947059632,0.5105748176574707,0.4067066311836242,0.9870036244392396,14.927203178405762,,0.9666471481323242,0.6226950287818909,0.3847300410270691,0.9916552901268004,11.3062744140625,,0.9514824748039246,0.7492820620536804,0.3630390167236328,0.9950414299964904,8.48564624786377,,0.6630859375,0.78466796875,0.81640625,0.8525390625,0.8525390625,3000,1.274055004119873,1.274055004119873,25.090916219308507,11.031830316751812,8.523827419454747,1.1960808038711548,1.264911064067352,1.0,0.001,1.0,1.0,128,300,3,3000,-1.0,0,0,0,0,0,0.0,1.0,0,10,3.2490788990307586,35.225006103515625,12.563786506652832,3000,bp,mnist,div255,mlp,tanh,sigmoid_bce,none
0.5066845417022705,0.9764825105667114,6.057435626279294,0.6023876070976257,0.959398090839386,3.5774663241296545,0.7163703441619873,0.9352396726608276,3.756486394235524,0,1.324767827987671,1.1028626787131441,bp,4,0,,,,,,E1_headline/bp/seed4_fb0.csv,3,0.9783391952514648,0.5065937042236328,0.4106832444667816,0.9866453409194946,15.277892112731934,,0.9692332744598388,0.6023461222648621,0.3886938989162445,0.9913927912712096,11.406888961791992,,0.9545479416847228,0.7163703441619873,0.3955017924308777,0.9944201111793518,9.7918701171875,,0.70263671875,0.7919921875,0.82177734375,0.86279296875,0.86279296875,3000,1.2712302207946775,1.2712302207946775,24.426766846528707,10.976292847389278,8.366049217340276,1.324767827987671,1.264911064067352,1.0,0.001,1.0,1.0,128,300,3,3000,-1.0,0,0,0,0,0,0.0,1.0,0,10,3.2490788990307586,35.225006103515625,14.040724039077759,3000,bp,mnist,div255,mlp,tanh,sigmoid_bce,none
0.4516971409320831,0.9803605675697328,0.2964349097535532,0.5361019968986511,0.9671024680137634,0.1341892201237233,0.5857294201850891,0.9731688499450684,0.13011705357134,0,1.370040774345398,0.06303809772098429,bp_outx12,0,0,,,,,,E1_headline/bp_outx12/seed0_fb0.csv,3,0.9869304895401,0.3976160287857055,0.3541161119937897,0.9909001588821412,12.757408142089844,,0.983059823513031,0.4485177397727966,0.3507662415504455,0.9935280680656432,10.161163330078123,,0.9875065088272096,0.4813652336597442,0.3540035486221313,0.9948840141296388,8.370211601257324,,0.87646484375,0.9013671875,0.91552734375,0.92431640625,0.92431640625,3000,0.5440853834152222,0.5411392450332642,29.09424009189552,11.04931036821316,8.964127285506201,1.370040774345398,1.264911064067352,1.0,0.001,1.0,1.0,128,300,3,3000,-1.0,0,0,0,0,0,0.0,1.0,0,10,3.2490788990307586,35.225006103515625,12.846322774887085,3000,bp,mnist,div255,mlp,tanh,sigmoid_bce,none
0.484881728887558,0.9769896864891052,0.2744192448960953,0.5659213662147522,0.9727047085762024,0.1292373350562136,0.6077731251716614,0.9668667316436768,0.1226867640452617,0,1.7477927207946775,0.0690173356190289,bp_outx12,1,0,,,,,,E1_headline/bp_outx12/seed1_fb0.csv,3,0.9844252467155457,0.4291143119335174,0.3873637318611145,0.9887229204177856,13.798158645629885,,0.9864376187324524,0.470842570066452,0.3898089230060577,0.992600440979004,11.267420768737791,,0.9850305914878844,0.4931881725788116,0.387746512889862,0.9939010739326476,9.42509651184082,,0.8994140625,0.9150390625,0.91943359375,0.93212890625,0.93212890625,3000,0.5068172812461853,0.4970911741256714,33.36051652703663,13.627995386847838,11.297375413274867,1.7477927207946775,1.264911064067352,1.0,0.001,1.0,1.0,128,300,3,3000,-1.0,0,0,0,0,0,0.0,1.0,0,10,3.2490788990307586,35.225006103515625,12.404001951217651,3000,bp,mnist,div255,mlp,tanh,sigmoid_bce,none
0.4936205446720123,0.9753121733665466,0.2745918445149521,0.5697367191314697,0.972528040409088,0.1448765714217743,0.6266899108886719,0.9608532786369324,0.1259140795666786,0,1.4210113286972046,0.08040053252480271,bp_outx12,2,0,,,,,,E1_headline/bp_outx12/seed2_fb0.csv,3,0.9825271368026732,0.4450501799583435,0.4126372337341308,0.9858370423316956,15.55845069885254,,0.986632525920868,0.4689512252807617,0.3982468843460083,0.9923094511032104,11.637540817260742,,0.9842621684074402,0.5026360750198364,0.3910796046257019,0.993703842163086,9.466567993164062,,0.892578125,0.90576171875,0.91650390625,0.9248046875,0.9248046875,3000,0.5304328203201294,0.5304328203201294,27.01569629569657,12.348875081736724,9.42475934077072,1.4210113286972046,1.264911064067352,1.0,0.001,1.0,1.0,128,300,3,3000,-1.0,0,0,0,0,0,0.0,1.0,0,10,3.2490788990307586,35.225006103515625,15.452994108200073,3000,bp,mnist,div255,mlp,tanh,sigmoid_bce,none
0.4975817203521728,0.9747741222381592,0.3019985710804851,0.5598235130310059,0.9661736488342284,0.1562318168040851,0.6074846982955933,0.9713292121887208,0.1421531776967515,0,1.2606830596923828,0.06545551594374428,bp_outx12,3,0,,,,,,E1_headline/bp_outx12/seed3_fb0.csv,3,0.9824823141098022,0.4486052393913269,0.4067066311836242,0.9870036244392396,14.927203178405762,,0.9817739725112916,0.473432183265686,0.3847300410270691,0.9916552901268004,11.3062744140625,,0.9878298044204712,0.5042473077774048,0.3630390167236328,0.9950414299964904,8.48564624786377,,0.8779296875,0.9072265625,0.916015625,0.9296875,0.9296875,3000,0.5662133693695068,0.5626654624938965,26.44611712475116,11.62767728795356,8.98421310388793,1.2606830596923828,1.264911064067352,1.0,0.001,1.0,1.0,128,300,3,3000,-1.0,0,0,0,0,0,0.0,1.0,0,10,3.2490788990307586,35.225006103515625,12.839961767196655,3000,bp,mnist,div255,mlp,tanh,sigmoid_bce,none
0.4839711487293243,0.9770224690437316,0.3397276357536294,0.5553624629974365,0.9710217714309692,0.1790789961673863,0.6091278791427612,0.9664708375930786,0.1573561401968105,0,1.6894904375076294,0.09286571792820139,bp_outx12,4,0,,,,,,E1_headline/bp_outx12/seed4_fb0.csv,3,0.9840161204338074,0.4435866773128509,0.4106832444667816,0.9866453409194946,15.277892112731934,,0.9851667284965516,0.462039977312088,0.3886938989162445,0.9913927912712096,11.406888961791992,,0.98457133769989,0.4979622960090637,0.3955017924308777,0.9944201111793518,9.7918701171875,,0.876953125,0.89599609375,0.908203125,0.9228515625,0.9228515625,3000,0.5786139965057373,0.5748838186264038,31.1517143869097,13.99818248388212,10.669311145549743,1.6894904375076294,1.264911064067352,1.0,0.001,1.0,1.0,128,300,3,3000,-1.0,0,0,0,0,0,0.0,1.0,0,10,3.2490788990307586,35.225006103515625,12.913690567016602,3000,bp,mnist,div255,mlp,tanh,sigmoid_bce,none
0.5753377079963684,0.5737099647521973,38.1590001599436,0.5518574118614197,0.3731048107147217,88.20538513235692,0.5288453698158264,0.4261295199394226,99.6320630268113,0,1.2692182064056396,1.2810047118912287,center_delta,0,0,,,,,,E1_headline/center_delta/seed0_fb0.csv,3,0.9392639398574828,0.4492890834808349,0.3541161119937897,0.9909001588821412,12.757408142089844,0.2098981887102127,0.9030365943908693,0.4079594612121582,0.3507662415504455,0.9935280680656432,10.161163330078123,0.2796752452850342,0.8552682399749756,0.3623339533805847,0.3540035486221313,0.9948840141296388,8.370211601257324,0.1751129478216171,0.3671875,0.66015625,0.79150390625,0.85791015625,0.85791015625,3000,1.7182412147521973,1.7182412147521973,26.953168049917554,10.236181397056136,8.304448866303373,1.2692182064056396,1.264911064067352,1.0,0.001,1.0,1.0,128,300,3,3000,-1.0,0,0,0,0,0,0.0,1.0,0,10,3.2490788990307586,35.225006103515625,14.20210313796997,3000,dfa,mnist,div255,mlp,tanh,sigmoid_bce,delta
0.5603103637695312,0.7019935846328735,32.19790587573333,0.5321074724197388,0.4731504023075104,59.73304482156609,0.4584457576274872,0.4744455814361572,73.43218868381274,0,1.2692182064056396,1.2732141963781396,center_delta,0,1,,,,,,E1_headline/center_delta/seed0_fb1.csv,3,0.9406810998916626,0.4249619543552398,0.3541161119937897,0.9909001588821412,12.757408142089844,0.1781386584043502,0.9219354391098022,0.3659368753433227,0.3507662415504455,0.9935280680656432,10.161163330078123,0.2149447649717331,0.893832802772522,0.3631297945976257,0.3540035486221313,0.9948840141296388,8.370211601257324,0.2002851068973541,0.517578125,0.66064453125,0.79248046875,0.85986328125,0.85986328125,3000,1.6289087533950806,1.6289087533950806,26.953168049917554,10.236181397056136,8.304448866303373,1.2692182064056396,1.264911064067352,1.0,0.001,1.0,1.0,128,300,3,3000,-1.0,0,0,0,0,0,0.0,1.0,0,10,3.2490788990307586,35.225006103515625,14.130805492401123,3000,dfa,mnist,div255,mlp,tanh,sigmoid_bce,delta
0.5562245845794678,0.5863732099533081,37.6583556913488,0.5581862926483154,0.3333961069583893,83.5004096375641,0.5421352982521057,0.3698083460330963,100.47995934980815,0,1.2692182064056396,1.2776315776512297,center_delta,0,2,,,,,,E1_headline/center_delta/seed0_fb2.csv,3,0.9339678883552552,0.4621586799621582,0.3541161119937897,0.9909001588821412,12.757408142089844,0.2287120372056961,0.8875676393508911,0.4297851622104645,0.3507662415504455,0.9935280680656432,10.161163330078123,0.2493427544832229,0.8448178172111511,0.3540035486221313,0.3540035486221313,0.9948840141296388,8.370211601257324,0.1652872264385223,0.3486328125,0.654296875,0.76220703125,0.86376953125,0.86376953125,3000,1.693833589553833,1.693833589553833,26.953168049917554,10.236181397056136,8.304448866303373,1.2692182064056396,1.264911064067352,1.0,0.001,1.0,1.0,128,300,3,3000,-1.0,0,0,0,0,0,0.0,1.0,0,10,3.2490788990307586,35.225006103515625,13.850131750106812,3000,dfa,mnist,div255,mlp,tanh,sigmoid_bce,delta
0.5382559299468994,0.5636798739433289,39.07906195128376,0.5377941131591797,0.3232140839099884,97.06871693380516,0.5508618950843811,0.3283218443393707,114.03794073550974,0,1.3514316082000732,1.3195121291413885,center_delta,1,0,,,,,,E1_headline/center_delta/seed1_fb0.csv,3,0.8980246186256409,0.5164034962654114,0.3873637318611145,0.9887229204177856,13.798158645629885,0.2262175530195236,0.6989628672599792,0.5329086184501648,0.3898089230060577,0.992600440979004,11.267420768737791,0.218715950846672,0.4755617380142212,0.5464841723442078,0.387746512889862,0.9939010739326476,9.42509651184082,0.1365097761154174,0.35888671875,0.62353515625,0.7783203125,0.861328125,0.861328125,3000,1.8179782629013064,1.8179782629013064,25.795081970600872,10.537464484814349,8.735378080908937,1.3514316082000732,1.264911064067352,1.0,0.001,1.0,1.0,128,300,3,3000,-1.0,0,0,0,0,0,0.0,1.0,0,10,3.2490788990307586,35.225006103515625,14.3681800365448,3000,dfa,mnist,div255,mlp,tanh,sigmoid_bce,delta
0.5117236375808716,0.6146546602249146,40.37938546177909,0.5363620519638062,0.3580712378025055,90.8322167260324,0.5516651272773743,0.3010100424289703,117.20522444461278,0,1.3514316082000732,1.3135930595657874,center_delta,1,1,,,,,,E1_headline/center_delta/seed1_fb1.csv,3,0.9091067910194396,0.4813874363899231,0.3873637318611145,0.9887229204177856,13.798158645629885,0.1766854673624038,0.7588978409767151,0.5083007216453552,0.3898089230060577,0.992600440979004,11.267420768737791,0.1703454703092575,0.5274276733398438,0.5235124826431274,0.387746512889862,0.9939010739326476,9.42509651184082,0.1312372833490371,0.33837890625,0.57861328125,0.7099609375,0.8515625,0.8515625,3000,1.8740772008895876,1.8740772008895876,25.795081970600872,10.537464484814349,8.735378080908937,1.3514316082000732,1.264911064067352,1.0,0.001,1.0,1.0,128,300,3,3000,-1.0,0,0,0,0,0,0.0,1.0,0,10,3.2490788990307586,35.225006103515625,14.835594654083252,3000,dfa,mnist,div255,mlp,tanh,sigmoid_bce,delta
0.5247688293457031,0.597080409526825,39.32004535510017,0.5079896450042725,0.3586676716804504,85.86304520234653,0.5168434977531433,0.3787003755569458,102.6355810150375,0,1.3514316082000732,1.3086971146947963,center_delta,1,2,,,,,,E1_headline/center_delta/seed1_fb2.csv,3,0.9297548532485962,0.4466897249221802,0.3873637318611145,0.9887229204177856,13.798158645629885,0.1923650801181793,0.8514809608459473,0.4430880844593048,0.3898089230060577,0.992600440979004,11.267420768737791,0.2308190017938614,0.7492882013320923,0.43025603890419,0.387746512889862,0.9939010739326476,9.42509651184082,0.172878623008728,0.373046875,0.64501953125,0.8056640625,0.86865234375,0.86865234375,3000,1.804728627204895,1.804728627204895,25.795081970600872,10.537464484814349,8.735378080908937,1.3514316082000732,1.264911064067352,1.0,0.001,1.0,1.0,128,300,3,3000,-1.0,0,0,0,0,0,0.0,1.0,0,10,3.2490788990307586,35.225006103515625,15.737758159637451,3000,dfa,mnist,div255,mlp,tanh,sigmoid_bce,delta
0.5615759491920471,0.6137833595275879,35.72881571716572,0.5048055052757263,0.4131732881069183,78.88701631885884,0.4722411334514618,0.4833223223686218,87.01395009234245,0,1.247653603553772,1.244508759160242,center_delta,2,0,,,,,,E1_headline/center_delta/seed2_fb0.csv,3,0.9436829090118408,0.4525920450687408,0.4126372337341308,0.9858370423316956,15.55845069885254,0.29960697889328,0.9205785393714904,0.4142333567142486,0.3982468843460083,0.9923094511032104,11.637540817260742,0.3195173442363739,0.8833589553833008,0.3925002515316009,0.3910796046257019,0.993703842163086,9.466567993164062,0.1868752241134643,0.41064453125,0.732421875,0.81884765625,0.87109375,0.87109375,3000,1.6237103939056396,1.6237103939056396,23.719888895426525,10.842361481867695,8.274976220576836,1.247653603553772,1.264911064067352,1.0,0.001,1.0,1.0,128,300,3,3000,-1.0,0,0,0,0,0,0.0,1.0,0,10,3.2490788990307586,35.225006103515625,13.256278038024902,3000,dfa,mnist,div255,mlp,tanh,sigmoid_bce,delta
0.5281188488006592,0.6847367286682129,38.84107163954746,0.5351037383079529,0.3753853142261505,80.37319285029791,0.520337700843811,0.323080837726593,108.9105928654229,0,1.247653603553772,1.2473981642231338,center_delta,2,1,,,,,,E1_headline/center_delta/seed2_fb1.csv,3,0.9424484968185424,0.4317899346351623,0.4126372337341308,0.9858370423316956,15.55845069885254,0.1820320785045623,0.90806645154953,0.4224395453929901,0.3982468843460083,0.9923094511032104,11.637540817260742,0.2458826750516891,0.8504082560539246,0.4089877605438232,0.3910796046257019,0.993703842163086,9.466567993164062,0.2053714096546173,0.41162109375,0.681640625,0.71337890625,0.85205078125,0.85205078125,3000,2.1362948417663574,2.1362948417663574,23.719888895426525,10.842361481867695,8.274976220576836,1.247653603553772,1.264911064067352,1.0,0.001,1.0,1.0,128,300,3,3000,-1.0,0,0,0,0,0,0.0,1.0,0,10,3.2490788990307586,35.225006103515625,14.336138010025024,3000,dfa,mnist,div255,mlp,tanh,sigmoid_bce,delta
0.5293197631835938,0.6209704875946045,40.17235633426933,0.4827861487865448,0.3822182118892669,86.4912875507452,0.4560545682907104,0.4495942592620849,100.72287779825749,0,1.247653603553772,1.2436617058266544,center_delta,2,2,,,,,,E1_headline/center_delta/seed2_fb2.csv,3,0.9395528435707092,0.4395371079444885,0.4126372337341308,0.9858370423316956,15.55845069885254,0.2178188115358352,0.8965786099433899,0.3982468843460083,0.3982468843460083,0.9923094511032104,11.637540817260742,0.2606116235256195,0.8119069337844849,0.3910796046257019,0.3910796046257019,0.993703842163086,9.466567993164062,0.1890017986297607,0.34619140625,0.6611328125,0.8037109375,0.8740234375,0.8740234375,3000,1.6839550733566284,1.6839550733566284,23.719888895426525,10.842361481867695,8.274976220576836,1.247653603553772,1.264911064067352,1.0,0.001,1.0,1.0,128,300,3,3000,-1.0,0,0,0,0,0,0.0,1.0,0,10,3.2490788990307586,35.225006103515625,13.358670711517334,3000,dfa,mnist,div255,mlp,tanh,sigmoid_bce,delta
0.5806268453598022,0.5930953621864319,38.74020459378044,0.5475401878356934,0.4106273055076599,92.1438986289417,0.5591962337493896,0.384423553943634,101.43795351963648,0,1.1960808038711548,1.1890535538232518,center_delta,3,0,,,,,,E1_headline/center_delta/seed3_fb0.csv,3,0.930028200149536,0.4826427102088928,0.4067066311836242,0.9870036244392396,14.927203178405762,0.2259943485260009,0.8653116822242737,0.4590651094913482,0.3847300410270691,0.9916552901268004,11.3062744140625,0.2364624142646789,0.7350038886070251,0.4768372476100921,0.3630390167236328,0.9950414299964904,8.48564624786377,0.1445027887821197,0.3759765625,0.65185546875,0.7236328125,0.86376953125,0.86376953125,3000,1.779188871383667,1.779188871383667,25.090916219308507,11.031830316751812,8.523827419454747,1.1960808038711548,1.264911064067352,1.0,0.001,1.0,1.0,128,300,3,3000,-1.0,0,0,0,0,0,0.0,1.0,0,10,3.2490788990307586,35.225006103515625,14.8751220703125,3000,dfa,mnist,div255,mlp,tanh,sigmoid_bce,delta
0.5653523206710815,0.642328143119812,35.943567110840185,0.6340635418891907,0.3016541004180908,79.02653103836025,0.6720611453056335,0.2975428402423858,110.39991732222953,0,1.1960808038711548,1.1953673553997872,center_delta,3,1,,,,,,E1_headline/center_delta/seed3_fb1.csv,3,0.9349936246871948,0.4804830253124237,0.4067066311836242,0.9870036244392396,14.927203178405762,0.1586408019065857,0.8739416003227234,0.4987954497337341,0.3847300410270691,0.9916552901268004,11.3062744140625,0.1787598878145218,0.7999967336654663,0.4695678651332855,0.3630390167236328,0.9950414299964904,8.48564624786377,0.1503835022449493,0.4296875,0.58642578125,0.74365234375,0.86083984375,0.86083984375,3000,1.9322813749313357,1.9322813749313357,25.090916219308507,11.031830316751812,8.523827419454747,1.1960808038711548,1.264911064067352,1.0,0.001,1.0,1.0,128,300,3,3000,-1.0,0,0,0,0,0,0.0,1.0,0,10,3.2490788990307586,35.225006103515625,17.77996802330017,3000,dfa,mnist,div255,mlp,tanh,sigmoid_bce,delta
0.5528181195259094,0.5948101878166199,43.95363190149642,0.5607360601425171,0.3456734716892242,101.02238157379118,0.5877275466918945,0.3055567741394043,128.03043595127502,0,1.1960808038711548,1.1930666215250803,center_delta,3,2,,,,,,E1_headline/center_delta/seed3_fb2.csv,3,0.9269139766693116,0.4707305133342743,0.4067066311836242,0.9870036244392396,14.927203178405762,0.2038856744766235,0.7877486944198608,0.5322096347808838,0.3847300410270691,0.9916552901268004,11.3062744140625,0.203083336353302,0.6091715097427368,0.5622187256813049,0.3630390167236328,0.9950414299964904,8.48564624786377,0.1437212228775024,0.3046875,0.6376953125,0.755859375,0.85400390625,0.85400390625,3000,2.114464282989502,2.114464282989502,25.090916219308507,11.031830316751812,8.523827419454747,1.1960808038711548,1.264911064067352,1.0,0.001,1.0,1.0,128,300,3,3000,-1.0,0,0,0,0,0,0.0,1.0,0,10,3.2490788990307586,35.225006103515625,15.195821762084961,3000,dfa,mnist,div255,mlp,tanh,sigmoid_bce,delta
0.5341271162033081,0.6013721227645874,40.68443863596767,0.4837267100811004,0.4027996063232422,95.91010435309396,0.4330068528652191,0.4579260051250458,104.17261332948092,0,1.324767827987671,1.3085265413469322,center_delta,4,0,,,,,,E1_headline/center_delta/seed4_fb0.csv,3,0.9308173060417176,0.4670746028423309,0.4106832444667816,0.9866453409194946,15.277892112731934,0.2315164506435394,0.8648296594619751,0.4048404395580292,0.3886938989162445,0.9913927912712096,11.406888961791992,0.27870774269104,0.7578819394111633,0.3955017924308777,0.3955017924308777,0.9944201111793518,9.7918701171875,0.1964063495397567,0.2421875,0.61474609375,0.779296875,0.86328125,0.86328125,3000,1.8697389364242556,1.8697389364242556,24.426766846528707,10.976292847389278,8.366049217340276,1.324767827987671,1.264911064067352,1.0,0.001,1.0,1.0,128,300,3,3000,-1.0,0,0,0,0,0,0.0,1.0,0,10,3.2490788990307586,35.225006103515625,13.27599573135376,3000,dfa,mnist,div255,mlp,tanh,sigmoid_bce,delta
0.5225515961647034,0.6264392733573914,41.98540934987847,0.4892552495002746,0.3582193553447723,92.82641831647652,0.4633989334106445,0.3853178024291992,114.16047166327606,0,1.324767827987671,1.3138148597429533,center_delta,4,1,,,,,,E1_headline/center_delta/seed4_fb1.csv,3,0.9280548095703124,0.4421055912971496,0.4106832444667816,0.9866453409194946,15.277892112731934,0.1913450360298156,0.870354413986206,0.3965739607810974,0.3886938989162445,0.9913927912712096,11.406888961791992,0.2082161605358123,0.7613976001739502,0.3955017924308777,0.3955017924308777,0.9944201111793518,9.7918701171875,0.1481281071901321,0.50244140625,0.66796875,0.76708984375,0.859375,0.859375,3000,1.8259217739105225,1.8259217739105225,24.426766846528707,10.976292847389278,8.366049217340276,1.324767827987671,1.264911064067352,1.0,0.001,1.0,1.0,128,300,3,3000,-1.0,0,0,0,0,0,0.0,1.0,0,10,3.2490788990307586,35.225006103515625,14.988501071929932,3000,dfa,mnist,div255,mlp,tanh,sigmoid_bce,delta
0.4991433620452881,0.6108746528625488,41.49961856612379,0.4882677495479584,0.3543621897697449,93.67055282813548,0.5008898377418518,0.3938038349151611,114.8294219853121,0,1.324767827987671,1.3114231461111232,center_delta,4,2,,,,,,E1_headline/center_delta/seed4_fb2.csv,3,0.9265721440315248,0.4548142254352569,0.4106832444667816,0.9866453409194946,15.277892112731934,0.2625189125537872,0.7782694697380066,0.4740162491798401,0.3886938989162445,0.9913927912712096,11.406888961791992,0.2523321211338043,0.5954822301864624,0.4909255504608154,0.3955017924308777,0.9944201111793518,9.7918701171875,0.1462561041116714,0.419921875,0.68115234375,0.72216796875,0.85302734375,0.85302734375,3000,1.9630353450775144,1.9630353450775144,24.426766846528707,10.976292847389278,8.366049217340276,1.324767827987671,1.264911064067352,1.0,0.001,1.0,1.0,128,300,3,3000,-1.0,0,0,0,0,0,0.0,1.0,0,10,3.2490788990307586,35.225006103515625,14.403279066085815,3000,dfa,mnist,div255,mlp,tanh,sigmoid_bce,delta
0.3549448549747467,0.9182031154632568,70.70890387737745,0.3523772358894348,0.7737982869148254,34.17119625244025,0.3545146286487579,0.6661513447761536,47.06930894006229,0,1.2692182064056396,1.2817336053736839,center_e,0,0,,,,,,E1_headline/center_e/seed0_fb0.csv,3,0.9904417991638184,0.3549448549747467,0.3541161119937897,0.9909001588821412,12.757408142089844,0.4976148605346679,0.9755921959877014,0.3523772358894348,0.3507662415504455,0.9935280680656432,10.161163330078123,0.3818426132202148,0.937033712863922,0.3545146286487579,0.3540035486221313,0.9948840141296388,8.370211601257324,0.2135581970214843,0.669921875,0.74951171875,0.8115234375,0.88330078125,0.88330078125,3000,1.949425220489502,1.949425220489502,26.953168049917554,10.236181397056136,8.304448866303373,1.2692182064056396,1.264911064067352,1.0,0.001,1.0,1.0,128,300,3,3000,-1.0,0,0,0,0,0,0.0,1.0,0,10,3.2490788990307586,35.225006103515625,13.466700077056885,3000,dfa,mnist,div255,mlp,tanh,sigmoid_bce,e
0.3544527292251587,0.9451919198036194,76.75462230039928,0.3507662415504455,0.7895615696907043,30.864082367010404,0.3540035486221313,0.6209850907325745,45.10787985836701,0,1.2692182064056396,1.2718439777504305,center_e,0,1,,,,,,E1_headline/center_e/seed0_fb1.csv,3,0.9874898195266724,0.3544527292251587,0.3541161119937897,0.9909001588821412,12.757408142089844,0.5121892690658569,0.965255081653595,0.3507662415504455,0.3507662415504455,0.9935280680656432,10.161163330078123,0.3748078048229217,0.9202103614807128,0.3540035486221313,0.3540035486221313,0.9948840141296388,8.370211601257324,0.2159235924482345,0.5771484375,0.759765625,0.81201171875,0.8681640625,0.8681640625,3000,2.2225637435913086,2.2225637435913086,26.953168049917554,10.236181397056136,8.304448866303373,1.2692182064056396,1.264911064067352,1.0,0.001,1.0,1.0,128,300,3,3000,-1.0,0,0,0,0,0,0.0,1.0,0,10,3.2490788990307586,35.225006103515625,13.676079273223877,3000,dfa,mnist,div255,mlp,tanh,sigmoid_bce,e
0.3557083904743194,0.9347101449966432,71.01924343711316,0.3507662415504455,0.7813454270362854,34.645286416433905,0.3540035486221313,0.6534646153450012,44.598117157231535,0,1.2692182064056396,1.2766320655591121,center_e,0,2,,,,,,E1_headline/center_e/seed0_fb2.csv,3,0.9894422888755798,0.3557083904743194,0.3541161119937897,0.9909001588821412,12.757408142089844,0.4607619345188141,0.9719988703727722,0.3507662415504455,0.3507662415504455,0.9935280680656432,10.161163330078123,0.3696767687797546,0.9191195964813232,0.3540035486221313,0.3540035486221313,0.9948840141296388,8.370211601257324,0.2132312655448913,0.6650390625,0.78515625,0.82080078125,0.876953125,0.876953125,3000,2.0086286067962646,2.0086286067962646,26.953168049917554,10.236181397056136,8.304448866303373,1.2692182064056396,1.264911064067352,1.0,0.001,1.0,1.0,128,300,3,3000,-1.0,0,0,0,0,0,0.0,1.0,0,10,3.2490788990307586,35.225006103515625,13.770838499069214,3000,dfa,mnist,div255,mlp,tanh,sigmoid_bce,e
0.3873637318611145,0.920622706413269,70.81366862132501,0.3898089230060577,0.7300211787223816,34.61700661724623,0.387746512889862,0.5500009655952454,50.08348221974552,0,1.3514316082000732,1.3198558900983848,center_e,1,0,,,,,,E1_headline/center_e/seed1_fb0.csv,3,0.9830918312072754,0.3873637318611145,0.3873637318611145,0.9887229204177856,13.798158645629885,0.4445873200893402,0.9556835889816284,0.3898089230060577,0.3898089230060577,0.992600440979004,11.267420768737791,0.344059020280838,0.9221999049186708,0.387746512889862,0.387746512889862,0.9939010739326476,9.42509651184082,0.1988158226013183,0.59228515625,0.75732421875,0.8369140625,0.87939453125,0.87939453125,3000,2.027790069580078,2.027790069580078,25.795081970600872,10.537464484814349,8.735378080908937,1.3514316082000732,1.264911064067352,1.0,0.001,1.0,1.0,128,300,3,3000,-1.0,0,0,0,0,0,0.0,1.0,0,10,3.2490788990307586,35.225006103515625,14.849758625030518,3000,dfa,mnist,div255,mlp,tanh,sigmoid_bce,e
0.3879089951515198,0.9229350090026855,72.0666427828564,0.3924527764320373,0.7412492036819458,32.90069554356689,0.391764372587204,0.5533952713012695,51.17829088425214,0,1.3514316082000732,1.318017834031864,center_e,1,1,,,,,,E1_headline/center_e/seed1_fb1.csv,3,0.988448441028595,0.3879089951515198,0.3873637318611145,0.9887229204177856,13.798158645629885,0.4225793480873108,0.974984049797058,0.3924527764320373,0.3898089230060577,0.992600440979004,11.267420768737791,0.345664381980896,0.9543123841285706,0.391764372587204,0.387746512889862,0.9939010739326476,9.42509651184082,0.2068604528903961,0.5732421875,0.75390625,0.8408203125,0.88623046875,0.88623046875,3000,2.1277244091033936,2.1277244091033936,25.795081970600872,10.537464484814349,8.735378080908937,1.3514316082000732,1.264911064067352,1.0,0.001,1.0,1.0,128,300,3,3000,-1.0,0,0,0,0,0,0.0,1.0,0,10,3.2490788990307586,35.225006103515625,12.698261499404907,3000,dfa,mnist,div255,mlp,tanh,sigmoid_bce,e
0.3877899944782257,0.912284016609192,64.77786201221049,0.3947308957576751,0.6984575986862183,34.11735142605267,0.3900504410266876,0.5658726096153259,52.69181421351448,0,1.3514316082000732,1.3097659191357012,center_e,1,2,,,,,,E1_headline/center_e/seed1_fb2.csv,3,0.9868943691253662,0.3877899944782257,0.3873637318611145,0.9887229204177856,13.798158645629885,0.3908169269561767,0.9708240628242492,0.3947308957576751,0.3898089230060577,0.992600440979004,11.267420768737791,0.3339742720127105,0.9478809237480164,0.3900504410266876,0.387746512889862,0.9939010739326476,9.42509651184082,0.2284652292728424,0.63720703125,0.74755859375,0.83447265625,0.88720703125,0.88720703125,3000,2.087395191192627,2.085350513458252,25.795081970600872,10.537464484814349,8.735378080908937,1.3514316082000732,1.264911064067352,1.0,0.001,1.0,1.0,128,300,3,3000,-1.0,0,0,0,0,0,0.0,1.0,0,10,3.2490788990307586,35.225006103515625,13.735916376113892,3000,dfa,mnist,div255,mlp,tanh,sigmoid_bce,e
0.4126372337341308,0.9438648223876952,74.91713759178971,0.3982468843460083,0.7793313264846802,31.048104008522127,0.3911522030830383,0.5872563719749451,43.75441475319512,0,1.247653603553772,1.2430270809061978,center_e,2,0,,,,,,E1_headline/center_e/seed2_fb0.csv,3,0.9858370423316956,0.4126372337341308,0.4126372337341308,0.9858370423316956,15.55845069885254,0.4641641974449157,0.9758543968200684,0.3982468843460083,0.3982468843460083,0.9923094511032104,11.637540817260742,0.3820201158523559,0.9443275928497314,0.3911522030830383,0.3910796046257019,0.993703842163086,9.466567993164062,0.2182319164276123,0.541015625,0.75048828125,0.84326171875,0.8818359375,0.8818359375,3000,2.381043672561645,2.381043672561645,23.719888895426525,10.842361481867695,8.274976220576836,1.247653603553772,1.264911064067352,1.0,0.001,1.0,1.0,128,300,3,3000,-1.0,0,0,0,0,0,0.0,1.0,0,10,3.2490788990307586,35.225006103515625,14.145368576049805,3000,dfa,mnist,div255,mlp,tanh,sigmoid_bce,e
0.4126372337341308,0.9198672771453856,73.20145077930036,0.4019423127174377,0.7771618366241455,30.630930948036944,0.3918405771255493,0.5948566794395447,45.64385729224719,0,1.247653603553772,1.2480967337424562,center_e,2,1,,,,,,E1_headline/center_e/seed2_fb1.csv,3,0.9858370423316956,0.4126372337341308,0.4126372337341308,0.9858370423316956,15.55845069885254,0.4741271138191223,0.9708877205848694,0.4019423127174377,0.3982468843460083,0.9923094511032104,11.637540817260742,0.3407969772815704,0.9268981218338012,0.3918405771255493,0.3910796046257019,0.993703842163086,9.466567993164062,0.2233255505561828,0.5458984375,0.75439453125,0.77880859375,0.87451171875,0.87451171875,3000,2.1009464263916016,2.1009464263916016,23.719888895426525,10.842361481867695,8.274976220576836,1.247653603553772,1.264911064067352,1.0,0.001,1.0,1.0,128,300,3,3000,-1.0,0,0,0,0,0,0.0,1.0,0,10,3.2490788990307586,35.225006103515625,13.994613409042358,3000,dfa,mnist,div255,mlp,tanh,sigmoid_bce,e
0.4126372337341308,0.942221462726593,68.987005192698,0.3982468843460083,0.8669981360435486,27.77405789156229,0.3910796046257019,0.8177911043167114,31.85360842520975,0,1.247653603553772,1.2413323752939196,center_e,2,2,,,,,,E1_headline/center_e/seed2_fb2.csv,3,0.9858370423316956,0.4126372337341308,0.4126372337341308,0.9858370423316956,15.55845069885254,0.5096134543418884,0.9704949855804444,0.3982468843460083,0.3982468843460083,0.9923094511032104,11.637540817260742,0.3779823780059814,0.9347896575927734,0.3910796046257019,0.3910796046257019,0.993703842163086,9.466567993164062,0.2309599369764328,0.595703125,0.783203125,0.81591796875,0.88720703125,0.88720703125,3000,2.029778003692627,2.029778003692627,23.719888895426525,10.842361481867695,8.274976220576836,1.247653603553772,1.264911064067352,1.0,0.001,1.0,1.0,128,300,3,3000,-1.0,0,0,0,0,0,0.0,1.0,0,10,3.2490788990307586,35.225006103515625,15.902754306793213,3000,dfa,mnist,div255,mlp,tanh,sigmoid_bce,e
0.4067066311836242,0.939092755317688,72.12908944556011,0.3849059641361236,0.8345010280609131,31.731753927707786,0.3630390167236328,0.6881283521652222,37.9325556547335,0,1.1960808038711548,1.188714529399295,center_e,3,0,,,,,,E1_headline/center_e/seed3_fb0.csv,3,0.9870036244392396,0.4067066311836242,0.4067066311836242,0.9870036244392396,14.927203178405762,0.5209903120994568,0.9726847410202026,0.3849059641361236,0.3847300410270691,0.9916552901268004,11.3062744140625,0.3630011975765228,0.9375826716423036,0.3630390167236328,0.3630390167236328,0.9950414299964904,8.48564624786377,0.20124451816082,0.50830078125,0.75244140625,0.8125,0.87353515625,0.87353515625,3000,1.899635910987854,1.899635910987854,25.090916219308507,11.031830316751812,8.523827419454747,1.1960808038711548,1.264911064067352,1.0,0.001,1.0,1.0,128,300,3,3000,-1.0,0,0,0,0,0,0.0,1.0,0,10,3.2490788990307586,35.225006103515625,16.753241300582886,3000,dfa,mnist,div255,mlp,tanh,sigmoid_bce,e
0.4067066311836242,0.9297468662261964,69.79903719344755,0.3847300410270691,0.7552754282951355,30.79746806892221,0.3630390167236328,0.5628203749656677,50.21057023487985,0,1.1960808038711548,1.193867836077429,center_e,3,1,,,,,,E1_headline/center_e/seed3_fb1.csv,3,0.9870036244392396,0.4067066311836242,0.4067066311836242,0.9870036244392396,14.927203178405762,0.402200847864151,0.96816086769104,0.3847300410270691,0.3847300410270691,0.9916552901268004,11.3062744140625,0.3281616270542145,0.9296041131019592,0.3630390167236328,0.3630390167236328,0.9950414299964904,8.48564624786377,0.1949319988489151,0.607421875,0.77001953125,0.83056640625,0.87548828125,0.87548828125,3000,2.1102490425109863,2.1102490425109863,25.090916219308507,11.031830316751812,8.523827419454747,1.1960808038711548,1.264911064067352,1.0,0.001,1.0,1.0,128,300,3,3000,-1.0,0,0,0,0,0,0.0,1.0,0,10,3.2490788990307586,35.225006103515625,13.595298290252686,3000,dfa,mnist,div255,mlp,tanh,sigmoid_bce,e
0.4071457087993622,0.934763491153717,71.05509279772699,0.3847300410270691,0.7926119565963745,34.774725285757576,0.3630390167236328,0.6465127468109131,47.46591570357308,0,1.1960808038711548,1.1956634735050338,center_e,3,2,,,,,,E1_headline/center_e/seed3_fb2.csv,3,0.9870036244392396,0.4071457087993622,0.4067066311836242,0.9870036244392396,14.927203178405762,0.4687269330024719,0.9663113951683044,0.3847300410270691,0.3847300410270691,0.9916552901268004,11.3062744140625,0.370590329170227,0.9231470823287964,0.3630390167236328,0.3630390167236328,0.9950414299964904,8.48564624786377,0.2213918566703796,0.5654296875,0.7666015625,0.82421875,0.87158203125,0.87158203125,3000,2.09118127822876,2.09118127822876,25.090916219308507,11.031830316751812,8.523827419454747,1.1960808038711548,1.264911064067352,1.0,0.001,1.0,1.0,128,300,3,3000,-1.0,0,0,0,0,0,0.0,1.0,0,10,3.2490788990307586,35.225006103515625,12.837669134140015,3000,dfa,mnist,div255,mlp,tanh,sigmoid_bce,e
0.4106832444667816,0.9079314470291138,68.92210236803193,0.3886938989162445,0.7061108350753784,37.25616776441622,0.3955017924308777,0.5307280421257019,57.05063936988528,0,1.324767827987671,1.3054627511428156,center_e,4,0,,,,,,E1_headline/center_e/seed4_fb0.csv,3,0.9866453409194946,0.4106832444667816,0.4106832444667816,0.9866453409194946,15.277892112731934,0.4367202818393707,0.972161591053009,0.3886938989162445,0.3886938989162445,0.9913927912712096,11.406888961791992,0.3523719310760498,0.9389516711235046,0.3955017924308777,0.3955017924308777,0.9944201111793518,9.7918701171875,0.2027513235807418,0.5849609375,0.7451171875,0.8291015625,0.87109375,0.87109375,3000,2.1329169273376465,2.1329169273376465,24.426766846528707,10.976292847389278,8.366049217340276,1.324767827987671,1.264911064067352,1.0,0.001,1.0,1.0,128,300,3,3000,-1.0,0,0,0,0,0,0.0,1.0,0,10,3.2490788990307586,35.225006103515625,13.386779069900513,3000,dfa,mnist,div255,mlp,tanh,sigmoid_bce,e
0.4106832444667816,0.9187491536140442,70.08894601300729,0.3886938989162445,0.6950362920761108,32.162672783668214,0.3955017924308777,0.5537084937095642,55.38036502587528,0,1.324767827987671,1.3082318941843976,center_e,4,1,,,,,,E1_headline/center_e/seed4_fb1.csv,3,0.9866453409194946,0.4106832444667816,0.4106832444667816,0.9866453409194946,15.277892112731934,0.3890489637851715,0.974386751651764,0.3886938989162445,0.3886938989162445,0.9913927912712096,11.406888961791992,0.3190690875053406,0.9320682287216188,0.3955017924308777,0.3955017924308777,0.9944201111793518,9.7918701171875,0.1967630088329315,0.67236328125,0.69580078125,0.80517578125,0.865234375,0.865234375,3000,2.247368335723877,2.247368335723877,24.426766846528707,10.976292847389278,8.366049217340276,1.324767827987671,1.264911064067352,1.0,0.001,1.0,1.0,128,300,3,3000,-1.0,0,0,0,0,0,0.0,1.0,0,10,3.2490788990307586,35.225006103515625,13.961174249649048,3000,dfa,mnist,div255,mlp,tanh,sigmoid_bce,e
0.4106832444667816,0.9191331267356871,66.60517612878431,0.3886938989162445,0.7060868740081787,32.71686231720451,0.3955017924308777,0.5593141317367554,53.09417989794516,0,1.324767827987671,1.3111489918273014,center_e,4,2,,,,,,E1_headline/center_e/seed4_fb2.csv,3,0.9866453409194946,0.4106832444667816,0.4106832444667816,0.9866453409194946,15.277892112731934,0.3740811944007873,0.9577249884605408,0.3886938989162445,0.3886938989162445,0.9913927912712096,11.406888961791992,0.3201323449611664,0.9142312407493592,0.3955017924308777,0.3955017924308777,0.9944201111793518,9.7918701171875,0.1975182890892028,0.56494140625,0.76953125,0.8193359375,0.87158203125,0.87158203125,3000,2.148781538009644,2.148781538009644,24.426766846528707,10.976292847389278,8.366049217340276,1.324767827987671,1.264911064067352,1.0,0.001,1.0,1.0,128,300,3,3000,-1.0,0,0,0,0,0,0.0,1.0,0,10,3.2490788990307586,35.225006103515625,13.929073095321655,3000,dfa,mnist,div255,mlp,tanh,sigmoid_bce,e
0.7511383891105652,0.8994792699813843,7.593269366987598,0.9212856888771056,0.7430917024612427,7.352170526134777,0.9933845400810242,0.3105885982513428,9.76635084994241,400,1.2692182064056396,1.2554762997291855,fa,0,0,90.0,240.0,540.0,450.0,0.110595703125,E1_headline/fa/seed0_fb0.csv,3,0.8994792699813843,0.7511383891105652,0.3541161119937897,0.9909001588821412,12.757408142089844,,0.7430917024612427,0.9212856888771056,0.3507662415504455,0.9935280680656432,10.161163330078123,,0.3105885982513428,0.9933845400810242,0.3540035486221313,0.9948840141296388,8.370211601257324,,0.2431640625,0.67236328125,0.8212890625,0.88037109375,0.88037109375,3000,0.9591733813285828,0.9591733813285828,26.953168049917554,10.236181397056136,8.304448866303373,1.2692182064056396,1.264911064067352,1.0,0.001,1.0,1.0,128,300,3,3000,-1.0,0,0,0,0,0,0.0,1.0,0,10,3.2490788990307586,35.225006103515625,13.246973514556885,3000,fa,mnist,div255,mlp,tanh,sigmoid_bce,none
0.7561956644058228,0.905139148235321,7.353779966705876,0.9173564910888672,0.7628205418586731,6.781539295147876,0.9918385744094848,0.3326587677001953,8.766996933699248,400,1.2692182064056396,1.321670944878945,fa,0,1,90.0,420.0,600.0,510.0,0.11977251838235294,E1_headline/fa/seed0_fb1.csv,3,0.905139148235321,0.7561956644058228,0.3541161119937897,0.9909001588821412,12.757408142089844,,0.7628205418586731,0.9173564910888672,0.3507662415504455,0.9935280680656432,10.161163330078123,,0.3326587677001953,0.9918385744094848,0.3540035486221313,0.9948840141296388,8.370211601257324,,0.201171875,0.60546875,0.81201171875,0.87353515625,0.87353515625,3000,0.9813512563705444,0.9813512563705444,26.953168049917554,10.236181397056136,8.304448866303373,1.2692182064056396,1.264911064067352,1.0,0.001,1.0,1.0,128,300,3,3000,-1.0,0,0,0,0,0,0.0,1.0,0,10,3.2490788990307586,35.225006103515625,15.040673971176147,3000,fa,mnist,div255,mlp,tanh,sigmoid_bce,none
0.7434781789779663,0.906075119972229,7.281309691061594,0.9141535758972168,0.776073157787323,6.9079075406647465,0.9880975484848022,0.3862776160240173,9.41130104440773,360,1.2692182064056396,1.241233604041638,fa,0,2,100.0,260.0,550.0,450.0,0.13241038602941177,E1_headline/fa/seed0_fb2.csv,3,0.906075119972229,0.7434781789779663,0.3541161119937897,0.9909001588821412,12.757408142089844,,0.776073157787323,0.9141535758972168,0.3507662415504455,0.9935280680656432,10.161163330078123,,0.3862776160240173,0.9880975484848022,0.3540035486221313,0.9948840141296388,8.370211601257324,,0.1865234375,0.765625,0.80322265625,0.89208984375,0.89208984375,3000,0.9620448350906372,0.9620448350906372,26.953168049917554,10.236181397056136,8.304448866303373,1.2692182064056396,1.264911064067352,1.0,0.001,1.0,1.0,128,300,3,3000,-1.0,0,0,0,0,0,0.0,1.0,0,10,3.2490788990307586,35.225006103515625,13.721786737442017,3000,fa,mnist,div255,mlp,tanh,sigmoid_bce,none
0.7669447064399719,0.905132532119751,7.174398883858991,0.9198749661445618,0.7410886287689209,7.041027851850853,0.9923376441001892,0.3424742817878723,9.177315979821572,380,1.3514316082000732,1.3190459916629762,fa,1,0,90.0,440.0,640.0,550.0,0.1141357421875,E1_headline/fa/seed1_fb0.csv,3,0.905132532119751,0.7669447064399719,0.3873637318611145,0.9887229204177856,13.798158645629885,,0.7410886287689209,0.9198749661445618,0.3898089230060577,0.992600440979004,11.267420768737791,,0.3424742817878723,0.9923376441001892,0.387746512889862,0.9939010739326476,9.42509651184082,,0.17578125,0.70849609375,0.8505859375,0.8955078125,0.8955078125,3000,0.9070132374763488,0.9070132374763488,25.795081970600872,10.537464484814349,8.735378080908937,1.3514316082000732,1.264911064067352,1.0,0.001,1.0,1.0,128,300,3,3000,-1.0,0,0,0,0,0,0.0,1.0,0,10,3.2490788990307586,35.225006103515625,17.22058129310608,3000,fa,mnist,div255,mlp,tanh,sigmoid_bce,none
0.7470304369926453,0.9088357090950012,7.186906635071162,0.9099677801132202,0.7779614329338074,6.291016928763924,0.9899535179138184,0.3701941668987274,8.00898852880584,360,1.3514316082000732,1.3468030108886442,fa,1,1,90.0,240.0,570.0,480.0,0.11749267578125,E1_headline/fa/seed1_fb1.csv,3,0.9088357090950012,0.7470304369926453,0.3873637318611145,0.9887229204177856,13.798158645629885,,0.7779614329338074,0.9099677801132202,0.3898089230060577,0.992600440979004,11.267420768737791,,0.3701941668987274,0.9899535179138184,0.387746512889862,0.9939010739326476,9.42509651184082,,0.3173828125,0.69873046875,0.8388671875,0.88720703125,0.88720703125,3000,0.9034722447395324,0.9034722447395324,25.795081970600872,10.537464484814349,8.735378080908937,1.3514316082000732,1.264911064067352,1.0,0.001,1.0,1.0,128,300,3,3000,-1.0,0,0,0,0,0,0.0,1.0,0,10,3.2490788990307586,35.225006103515625,13.67517614364624,3000,fa,mnist,div255,mlp,tanh,sigmoid_bce,none
0.7726577520370483,0.9019671678543092,7.977807247329967,0.9312256574630736,0.7212972640991211,7.59739875464809,0.992842137813568,0.3099720180034637,10.463520017760104,420,1.3514316082000732,1.376033838286138,fa,1,2,110.0,320.0,640.0,530.0,0.12986061789772727,E1_headline/fa/seed1_fb2.csv,3,0.9019671678543092,0.7726577520370483,0.3873637318611145,0.9887229204177856,13.798158645629885,,0.7212972640991211,0.9312256574630736,0.3898089230060577,0.992600440979004,11.267420768737791,,0.3099720180034637,0.992842137813568,0.387746512889862,0.9939010739326476,9.42509651184082,,0.18408203125,0.67431640625,0.82373046875,0.8828125,0.8828125,3000,0.9297407865524292,0.9297407865524292,25.795081970600872,10.537464484814349,8.735378080908937,1.3514316082000732,1.264911064067352,1.0,0.001,1.0,1.0,128,300,3,3000,-1.0,0,0,0,0,0,0.0,1.0,0,10,3.2490788990307586,35.225006103515625,14.125502347946167,3000,fa,mnist,div255,mlp,tanh,sigmoid_bce,none
0.7450575828552246,0.9090328216552734,7.4350506253433934,0.9230998158454896,0.7460883259773254,6.812536884862415,0.9912010431289672,0.3153919875621795,9.057607820948189,370,1.247653603553772,1.4014140962810664,fa,2,0,90.0,370.0,570.0,480.0,0.12599339978448276,E1_headline/fa/seed2_fb0.csv,3,0.9090328216552734,0.7450575828552246,0.4126372337341308,0.9858370423316956,15.55845069885254,,0.7460883259773254,0.9230998158454896,0.3982468843460083,0.9923094511032104,11.637540817260742,,0.3153919875621795,0.9912010431289672,0.3910796046257019,0.993703842163086,9.466567993164062,,0.1630859375,0.64208984375,0.8095703125,0.89404296875,0.89404296875,3000,0.9168819785118104,0.9168819785118104,23.719888895426525,10.842361481867695,8.274976220576836,1.247653603553772,1.264911064067352,1.0,0.001,1.0,1.0,128,300,3,3000,-1.0,0,0,0,0,0,0.0,1.0,0,10,3.2490788990307586,35.225006103515625,13.715968608856201,3000,fa,mnist,div255,mlp,tanh,sigmoid_bce,none
0.7511274218559265,0.9089192748069764,6.808412426928989,0.917011559009552,0.7588393688201904,6.241344350300162,0.9900658130645752,0.3569642603397369,8.2906943542058,360,1.247653603553772,1.1317133932002046,fa,2,1,100.0,330.0,500.0,400.0,0.10373942057291667,E1_headline/fa/seed2_fb1.csv,3,0.9089192748069764,0.7511274218559265,0.4126372337341308,0.9858370423316956,15.55845069885254,,0.7588393688201904,0.917011559009552,0.3982468843460083,0.9923094511032104,11.637540817260742,,0.3569642603397369,0.9900658130645752,0.3910796046257019,0.993703842163086,9.466567993164062,,0.294921875,0.708984375,0.84130859375,0.888671875,0.888671875,3000,0.926088571548462,0.926088571548462,23.719888895426525,10.842361481867695,8.274976220576836,1.247653603553772,1.264911064067352,1.0,0.001,1.0,1.0,128,300,3,3000,-1.0,0,0,0,0,0,0.0,1.0,0,10,3.2490788990307586,35.225006103515625,13.020519495010376,3000,fa,mnist,div255,mlp,tanh,sigmoid_bce,none
0.7630985975265503,0.9113187193870544,7.372376677746001,0.9187952876091005,0.7739114761352539,7.592115814808968,0.9889937043190002,0.3893482983112335,9.67134763417114,390,1.247653603553772,1.326842831809666,fa,2,2,90.0,360.0,600.0,510.0,0.12489536830357142,E1_headline/fa/seed2_fb2.csv,3,0.9113187193870544,0.7630985975265503,0.4126372337341308,0.9858370423316956,15.55845069885254,,0.7739114761352539,0.9187952876091005,0.3982468843460083,0.9923094511032104,11.637540817260742,,0.3893482983112335,0.9889937043190002,0.3910796046257019,0.993703842163086,9.466567993164062,,0.2431640625,0.66943359375,0.81640625,0.8837890625,0.8837890625,3000,0.9281150102615356,0.9281150102615356,23.719888895426525,10.842361481867695,8.274976220576836,1.247653603553772,1.264911064067352,1.0,0.001,1.0,1.0,128,300,3,3000,-1.0,0,0,0,0,0,0.0,1.0,0,10,3.2490788990307586,35.225006103515625,13.881043910980225,3000,fa,mnist,div255,mlp,tanh,sigmoid_bce,none
0.7624732851982117,0.9072195887565612,7.234013502306966,0.925123691558838,0.7301278114318848,6.723124683948905,0.9928067922592164,0.3003791570663452,9.209267906013546,460,1.1960808038711548,1.199102783471218,fa,3,0,90.0,310.0,650.0,560.0,0.12531844429347827,E1_headline/fa/seed3_fb0.csv,3,0.9072195887565612,0.7624732851982117,0.4067066311836242,0.9870036244392396,14.927203178405762,,0.7301278114318848,0.925123691558838,0.3847300410270691,0.9916552901268004,11.3062744140625,,0.3003791570663452,0.9928067922592164,0.3630390167236328,0.9950414299964904,8.48564624786377,,0.23974609375,0.59033203125,0.78662109375,0.88232421875,0.88232421875,3000,0.9750062823295592,0.9750062823295592,25.090916219308507,11.031830316751812,8.523827419454747,1.1960808038711548,1.264911064067352,1.0,0.001,1.0,1.0,128,300,3,3000,-1.0,0,0,0,0,0,0.0,1.0,0,10,3.2490788990307586,35.225006103515625,13.737435579299927,3000,fa,mnist,div255,mlp,tanh,sigmoid_bce,none
0.7661781311035156,0.9053298830986024,7.589122715828425,0.9233184456825256,0.7456291913986206,7.574728102387554,0.993877112865448,0.2706629633903503,10.210331472755886,440,1.1960808038711548,1.4649566995789183,fa,3,1,250.0,430.0,720.0,470.0,0.13995682565789475,E1_headline/fa/seed3_fb1.csv,3,0.9053298830986024,0.7661781311035156,0.4067066311836242,0.9870036244392396,14.927203178405762,,0.7456291913986206,0.9233184456825256,0.3847300410270691,0.9916552901268004,11.3062744140625,,0.2706629633903503,0.993877112865448,0.3630390167236328,0.9950414299964904,8.48564624786377,,0.20361328125,0.56201171875,0.79052734375,0.87060546875,0.87060546875,3000,0.9809356927871704,0.9809356927871704,25.090916219308507,11.031830316751812,8.523827419454747,1.1960808038711548,1.264911064067352,1.0,0.001,1.0,1.0,128,300,3,3000,-1.0,0,0,0,0,0,0.0,1.0,0,10,3.2490788990307586,35.225006103515625,14.380035400390625,3000,fa,mnist,div255,mlp,tanh,sigmoid_bce,none
0.7564564347267151,0.9101580381393432,8.10717521897338,0.9125479459762572,0.7764788866043091,6.981424882604043,0.9875813722610474,0.4207212626934051,8.745136584534038,330,1.1960808038711548,1.111233009860272,fa,3,2,110.0,380.0,570.0,460.0,0.12967354910714285,E1_headline/fa/seed3_fb2.csv,3,0.9101580381393432,0.7564564347267151,0.4067066311836242,0.9870036244392396,14.927203178405762,,0.7764788866043091,0.9125479459762572,0.3847300410270691,0.9916552901268004,11.3062744140625,,0.4207212626934051,0.9875813722610474,0.3630390167236328,0.9950414299964904,8.48564624786377,,0.2802734375,0.6572265625,0.8095703125,0.88037109375,0.88037109375,3000,0.9586777687072754,0.9586777687072754,25.090916219308507,11.031830316751812,8.523827419454747,1.1960808038711548,1.264911064067352,1.0,0.001,1.0,1.0,128,300,3,3000,-1.0,0,0,0,0,0,0.0,1.0,0,10,3.2490788990307586,35.225006103515625,13.19650912284851,3000,fa,mnist,div255,mlp,tanh,sigmoid_bce,none
0.7478796243667603,0.9120492935180664,8.168075287743413,0.9126445651054382,0.7714325189590454,7.39085032355615,0.9902513027191162,0.3546413481235504,9.459744407694568,350,1.324767827987671,1.270164121055772,fa,4,0,100.0,450.0,630.0,530.0,0.104736328125,E1_headline/fa/seed4_fb0.csv,3,0.9120492935180664,0.7478796243667603,0.4106832444667816,0.9866453409194946,15.277892112731934,,0.7714325189590454,0.9126445651054382,0.3886938989162445,0.9913927912712096,11.406888961791992,,0.3546413481235504,0.9902513027191162,0.3955017924308777,0.9944201111793518,9.7918701171875,,0.16259765625,0.650390625,0.76953125,0.8759765625,0.8759765625,3000,0.9958536028862,0.9958536028862,24.426766846528707,10.976292847389278,8.366049217340276,1.324767827987671,1.264911064067352,1.0,0.001,1.0,1.0,128,300,3,3000,-1.0,0,0,0,0,0,0.0,1.0,0,10,3.2490788990307586,35.225006103515625,14.021478414535522,3000,fa,mnist,div255,mlp,tanh,sigmoid_bce,none
0.7542464137077332,0.9052530527114868,7.379964644668903,0.9152597784996032,0.7610608339309692,7.187225770598775,0.9916293621063232,0.32526895403862,9.38484645946374,390,1.324767827987671,1.2401827632758926,fa,4,1,100.0,400.0,620.0,520.0,0.08733933971774194,E1_headline/fa/seed4_fb1.csv,3,0.9052530527114868,0.7542464137077332,0.4106832444667816,0.9866453409194946,15.277892112731934,,0.7610608339309692,0.9152597784996032,0.3886938989162445,0.9913927912712096,11.406888961791992,,0.32526895403862,0.9916293621063232,0.3955017924308777,0.9944201111793518,9.7918701171875,,0.18359375,0.59765625,0.791015625,0.873046875,0.873046875,3000,0.9803748726844788,0.9803748726844788,24.426766846528707,10.976292847389278,8.366049217340276,1.324767827987671,1.264911064067352,1.0,0.001,1.0,1.0,128,300,3,3000,-1.0,0,0,0,0,0,0.0,1.0,0,10,3.2490788990307586,35.225006103515625,13.009238243103027,3000,fa,mnist,div255,mlp,tanh,sigmoid_bce,none
0.7684884071350098,0.9034044742584229,7.810369052275473,0.9281353950500488,0.7372203469276428,7.626907864955081,0.9916855692863464,0.3473597168922424,10.06384773392132,400,1.324767827987671,1.305131364533792,fa,4,2,90.0,410.0,580.0,490.0,0.12754498106060605,E1_headline/fa/seed4_fb2.csv,3,0.9034044742584229,0.7684884071350098,0.4106832444667816,0.9866453409194946,15.277892112731934,,0.7372203469276428,0.9281353950500488,0.3886938989162445,0.9913927912712096,11.406888961791992,,0.3473597168922424,0.9916855692863464,0.3955017924308777,0.9944201111793518,9.7918701171875,,0.22998046875,0.70263671875,0.7783203125,0.87109375,0.87109375,3000,0.9878129959106444,0.9878129959106444,24.426766846528707,10.976292847389278,8.366049217340276,1.324767827987671,1.264911064067352,1.0,0.001,1.0,1.0,128,300,3,3000,-1.0,0,0,0,0,0,0.0,1.0,0,10,3.2490788990307586,35.225006103515625,13.983859777450562,3000,fa,mnist,div255,mlp,tanh,sigmoid_bce,none
0.8906937837600708,0.731623113155365,6.088849055275338,0.9842777848243712,0.4163023829460144,11.777864916884711,0.9979491829872132,0.2298229783773422,14.07104493881565,310,1.2692182064056396,1.2108361858771493,frzbias,0,0,90.0,310.0,510.0,420.0,0.12107252038043478,E1_headline/frzbias/seed0_fb0.csv,3,0.731623113155365,0.8906937837600708,0.3541161119937897,0.9909001588821412,12.757408142089844,0.6332717537879944,0.4163023829460144,0.9842777848243712,0.3507662415504455,0.9935280680656432,10.161163330078123,0.5212005972862244,0.2298229783773422,0.9979491829872132,0.3540035486221313,0.9948840141296388,8.370211601257324,0.3200046122074127,0.27392578125,0.78076171875,0.857421875,0.8994140625,0.8994140625,3000,0.7648617625236511,0.7648617625236511,26.953168049917554,10.236181397056136,8.304448866303373,1.2692182064056396,1.264911064067352,1.0,0.001,1.0,1.0,128,300,3,3000,-1.0,1,0,0,0,0,0.0,1.0,0,10,3.2490788990307586,35.225006103515625,14.57954478263855,3000,dfa,mnist,div255,mlp,tanh,sigmoid_bce,none
0.8836078643798828,0.7351081371307373,6.339768695524869,0.9848188161849976,0.3653184771537781,11.338337194793144,0.9979546666145324,0.2254765629768371,16.796091930662794,330,1.2692182064056396,1.1973576375336221,frzbias,0,1,90.0,150.0,490.0,400.0,0.11704799107142858,E1_headline/frzbias/seed0_fb1.csv,3,0.7351081371307373,0.8836078643798828,0.3541161119937897,0.9909001588821412,12.757408142089844,0.633459210395813,0.3653184771537781,0.9848188161849976,0.3507662415504455,0.9935280680656432,10.161163330078123,0.5072307586669922,0.2254765629768371,0.9979546666145324,0.3540035486221313,0.9948840141296388,8.370211601257324,0.3327169418334961,0.32470703125,0.740234375,0.8349609375,0.89306640625,0.89306640625,3000,0.7743163108825684,0.7743163108825684,26.953168049917554,10.236181397056136,8.304448866303373,1.2692182064056396,1.264911064067352,1.0,0.001,1.0,1.0,128,300,3,3000,-1.0,1,0,0,0,0,0.0,1.0,0,10,3.2490788990307586,35.225006103515625,13.836215734481812,3000,dfa,mnist,div255,mlp,tanh,sigmoid_bce,none
0.90144145488739,0.7369545698165894,6.658527078189895,0.9865263104438782,0.3949070274829864,12.574265409366086,0.998259663581848,0.2572105228900909,16.84203181626479,340,1.2692182064056396,1.2893357705706676,frzbias,0,2,80.0,170.0,520.0,440.0,0.137451171875,E1_headline/frzbias/seed0_fb2.csv,3,0.7369545698165894,0.90144145488739,0.3541161119937897,0.9909001588821412,12.757408142089844,0.6429309248924255,0.3949070274829864,0.9865263104438782,0.3507662415504455,0.9935280680656432,10.161163330078123,0.5217569470405579,0.2572105228900909,0.998259663581848,0.3540035486221313,0.9948840141296388,8.370211601257324,0.3303959369659424,0.36474609375,0.74755859375,0.84814453125,0.892578125,0.892578125,3000,0.7646934986114502,0.7646934986114502,26.953168049917554,10.236181397056136,8.304448866303373,1.2692182064056396,1.264911064067352,1.0,0.001,1.0,1.0,128,300,3,3000,-1.0,1,0,0,0,0,0.0,1.0,0,10,3.2490788990307586,35.225006103515625,13.597229242324829,3000,dfa,mnist,div255,mlp,tanh,sigmoid_bce,none
0.911543309688568,0.6846844553947449,6.470610782235588,0.9893827438354492,0.3214654326438904,12.90376123096048,0.9988349676132202,0.1998546868562698,17.382238127683166,330,1.3514316082000732,1.4797929368434914,frzbias,1,0,90.0,470.0,600.0,510.0,0.07840044070512821,E1_headline/frzbias/seed1_fb0.csv,3,0.6846844553947449,0.911543309688568,0.3873637318611145,0.9887229204177856,13.798158645629885,0.6369143724441528,0.3214654326438904,0.9893827438354492,0.3898089230060577,0.992600440979004,11.267420768737791,0.5064972043037415,0.1998546868562698,0.9988349676132202,0.387746512889862,0.9939010739326476,9.42509651184082,0.3325850367546081,0.14013671875,0.705078125,0.84326171875,0.89111328125,0.89111328125,3000,0.7546635270118713,0.7546635270118713,25.795081970600872,10.537464484814349,8.735378080908937,1.3514316082000732,1.264911064067352,1.0,0.001,1.0,1.0,128,300,3,3000,-1.0,1,0,0,0,0,0.0,1.0,0,10,3.2490788990307586,35.225006103515625,13.804330825805664,3000,dfa,mnist,div255,mlp,tanh,sigmoid_bce,none
0.8990970849990845,0.6993362307548523,6.323790390244582,0.9884236454963684,0.308781236410141,11.479579401664578,0.9988324642181396,0.1951832622289657,18.51306397282208,350,1.3514316082000732,1.44715506126938,frzbias,1,1,100.0,270.0,580.0,480.0,0.08732096354166667,E1_headline/frzbias/seed1_fb1.csv,3,0.6993362307548523,0.8990970849990845,0.3873637318611145,0.9887229204177856,13.798158645629885,0.6175048351287842,0.308781236410141,0.9884236454963684,0.3898089230060577,0.992600440979004,11.267420768737791,0.50124591588974,0.1951832622289657,0.9988324642181396,0.387746512889862,0.9939010739326476,9.42509651184082,0.3152700960636139,0.17333984375,0.7490234375,0.84765625,0.89892578125,0.89892578125,3000,0.7389460802078247,0.7389460802078247,25.795081970600872,10.537464484814349,8.735378080908937,1.3514316082000732,1.264911064067352,1.0,0.001,1.0,1.0,128,300,3,3000,-1.0,1,0,0,0,0,0.0,1.0,0,10,3.2490788990307586,35.225006103515625,14.056861639022827,3000,dfa,mnist,div255,mlp,tanh,sigmoid_bce,none
0.907265841960907,0.6845800280570984,6.661446586460738,0.9884650707244872,0.3253314793109894,13.510246683484558,0.998506724834442,0.2125224769115448,17.998523044849808,350,1.3514316082000732,1.4051038655491563,frzbias,1,2,90.0,200.0,510.0,420.0,0.12618001302083334,E1_headline/frzbias/seed1_fb2.csv,3,0.6845800280570984,0.907265841960907,0.3873637318611145,0.9887229204177856,13.798158645629885,0.6181861162185669,0.3253314793109894,0.9884650707244872,0.3898089230060577,0.992600440979004,11.267420768737791,0.4852957129478454,0.2125224769115448,0.998506724834442,0.387746512889862,0.9939010739326476,9.42509651184082,0.3363167345523834,0.31005859375,0.7119140625,0.857421875,0.90087890625,0.90087890625,3000,0.7505378723144531,0.7505378723144531,25.795081970600872,10.537464484814349,8.735378080908937,1.3514316082000732,1.264911064067352,1.0,0.001,1.0,1.0,128,300,3,3000,-1.0,1,0,0,0,0,0.0,1.0,0,10,3.2490788990307586,35.225006103515625,13.91823697090149,3000,dfa,mnist,div255,mlp,tanh,sigmoid_bce,none
0.9031171798706056,0.7193317413330078,6.412663203189121,0.98459130525589,0.3800088167190552,13.33601782253809,0.9973449110984802,0.2830267250537872,16.905872858868644,340,1.247653603553772,1.2872413029433447,frzbias,2,0,210.0,320.0,520.0,310.0,0.12325032552083333,E1_headline/frzbias/seed2_fb0.csv,3,0.7193317413330078,0.9031171798706056,0.4126372337341308,0.9858370423316956,15.55845069885254,0.6273573040962219,0.3800088167190552,0.98459130525589,0.3982468843460083,0.9923094511032104,11.637540817260742,0.5072250366210938,0.2830267250537872,0.9973449110984802,0.3910796046257019,0.993703842163086,9.466567993164062,0.3449480235576629,0.2236328125,0.7353515625,0.85302734375,0.8994140625,0.8994140625,3000,0.7420852184295654,0.7420852184295654,23.719888895426525,10.842361481867695,8.274976220576836,1.247653603553772,1.264911064067352,1.0,0.001,1.0,1.0,128,300,3,3000,-1.0,1,0,0,0,0,0.0,1.0,0,10,3.2490788990307586,35.225006103515625,13.886636734008789,3000,dfa,mnist,div255,mlp,tanh,sigmoid_bce,none
0.9027031064033508,0.7209487557411194,6.11703751109667,0.9896286725997924,0.3015806972980499,11.257914121877077,0.9990082383155824,0.1856676191091537,17.292611946867297,390,1.247653603553772,1.35152161500383,frzbias,2,1,90.0,220.0,540.0,450.0,0.110595703125,E1_headline/frzbias/seed2_fb1.csv,3,0.7209487557411194,0.9027031064033508,0.4126372337341308,0.9858370423316956,15.55845069885254,0.6383921504020691,0.3015806972980499,0.9896286725997924,0.3982468843460083,0.9923094511032104,11.637540817260742,0.5075259804725647,0.1856676191091537,0.9990082383155824,0.3910796046257019,0.993703842163086,9.466567993164062,0.3413178920745849,0.189453125,0.74267578125,0.84619140625,0.89599609375,0.89599609375,3000,0.7398663759231567,0.7398663759231567,23.719888895426525,10.842361481867695,8.274976220576836,1.247653603553772,1.264911064067352,1.0,0.001,1.0,1.0,128,300,3,3000,-1.0,1,0,0,0,0,0.0,1.0,0,10,3.2490788990307586,35.225006103515625,12.62682557106018,3000,dfa,mnist,div255,mlp,tanh,sigmoid_bce,none
0.8997470736503601,0.719728946685791,6.350174251796485,0.9870095252990724,0.3546535670757293,12.092878612802435,0.9981415271759032,0.2278013080358505,15.450449793458152,310,1.247653603553772,1.2048591763154892,frzbias,2,2,100.0,240.0,500.0,400.0,0.09150390625,E1_headline/frzbias/seed2_fb2.csv,3,0.719728946685791,0.8997470736503601,0.4126372337341308,0.9858370423316956,15.55845069885254,0.6206192970275879,0.3546535670757293,0.9870095252990724,0.3982468843460083,0.9923094511032104,11.637540817260742,0.5082060098648071,0.2278013080358505,0.9981415271759032,0.3910796046257019,0.993703842163086,9.466567993164062,0.3370780944824219,0.30859375,0.736328125,0.849609375,0.90625,0.90625,3000,0.7386384010314941,0.7386384010314941,23.719888895426525,10.842361481867695,8.274976220576836,1.247653603553772,1.264911064067352,1.0,0.001,1.0,1.0,128,300,3,3000,-1.0,1,0,0,0,0,0.0,1.0,0,10,3.2490788990307586,35.225006103515625,13.73200798034668,3000,dfa,mnist,div255,mlp,tanh,sigmoid_bce,none
0.9143569469451904,0.6786069273948669,6.308901775757126,0.9869275093078612,0.3474235236644745,12.956668156463635,0.9983075857162476,0.2280637472867965,17.363105307305336,370,1.1960808038711548,1.1921101624937243,frzbias,3,0,180.0,270.0,580.0,400.0,0.11865234375,E1_headline/frzbias/seed3_fb0.csv,3,0.6786069273948669,0.9143569469451904,0.4067066311836242,0.9870036244392396,14.927203178405762,0.6244961619377136,0.3474235236644745,0.9869275093078612,0.3847300410270691,0.9916552901268004,11.3062744140625,0.4998022615909576,0.2280637472867965,0.9983075857162476,0.3630390167236328,0.9950414299964904,8.48564624786377,0.3092833459377289,0.20703125,0.7490234375,0.8310546875,0.88916015625,0.88916015625,3000,0.7914187908172607,0.7914187908172607,25.090916219308507,11.031830316751812,8.523827419454747,1.1960808038711548,1.264911064067352,1.0,0.001,1.0,1.0,128,300,3,3000,-1.0,1,0,0,0,0,0.0,1.0,0,10,3.2490788990307586,35.225006103515625,12.702299356460571,3000,dfa,mnist,div255,mlp,tanh,sigmoid_bce,none
0.895293116569519,0.7312076687812805,6.441305776546951,0.98660010099411,0.3538919985294342,11.51544670776592,0.99834406375885,0.2187070846557617,17.82896922385878,340,1.1960808038711548,1.1412045704036986,frzbias,3,1,140.0,360.0,530.0,390.0,0.12491508152173914,E1_headline/frzbias/seed3_fb1.csv,3,0.7312076687812805,0.895293116569519,0.4067066311836242,0.9870036244392396,14.927203178405762,0.621195375919342,0.3538919985294342,0.98660010099411,0.3847300410270691,0.9916552901268004,11.3062744140625,0.4950146079063415,0.2187070846557617,0.99834406375885,0.3630390167236328,0.9950414299964904,8.48564624786377,0.3263125121593475,0.19677734375,0.71630859375,0.83740234375,0.8916015625,0.8916015625,3000,0.7647126913070679,0.7647126913070679,25.090916219308507,11.031830316751812,8.523827419454747,1.1960808038711548,1.264911064067352,1.0,0.001,1.0,1.0,128,300,3,3000,-1.0,1,0,0,0,0,0.0,1.0,0,10,3.2490788990307586,35.225006103515625,14.748012065887451,3000,dfa,mnist,div255,mlp,tanh,sigmoid_bce,none
0.8903917670249939,0.7367088794708252,6.805484013248088,0.9838876724243164,0.3882754147052765,12.42615849484404,0.9978806972503662,0.2446926981210708,17.22922688411853,330,1.1960808038711548,1.2904898743737283,frzbias,3,2,100.0,460.0,530.0,430.0,0.07255595439189189,E1_headline/frzbias/seed3_fb2.csv,3,0.7367088794708252,0.8903917670249939,0.4067066311836242,0.9870036244392396,14.927203178405762,0.6287872195243835,0.3882754147052765,0.9838876724243164,0.3847300410270691,0.9916552901268004,11.3062744140625,0.4869344234466553,0.2446926981210708,0.9978806972503662,0.3630390167236328,0.9950414299964904,8.48564624786377,0.3365926146507263,0.09765625,0.7333984375,0.8486328125,0.8876953125,0.8876953125,3000,0.7732855081558228,0.7732855081558228,25.090916219308507,11.031830316751812,8.523827419454747,1.1960808038711548,1.264911064067352,1.0,0.001,1.0,1.0,128,300,3,3000,-1.0,1,0,0,0,0,0.0,1.0,0,10,3.2490788990307586,35.225006103515625,12.90502643585205,3000,dfa,mnist,div255,mlp,tanh,sigmoid_bce,none
0.910220742225647,0.6974482536315918,6.061808678137411,0.9875230193138124,0.3306611776351928,12.898051114114242,0.998493492603302,0.2120829969644546,17.368133089065225,350,1.324767827987671,1.2565628092235281,frzbias,4,0,80.0,230.0,470.0,390.0,0.108184814453125,E1_headline/frzbias/seed4_fb0.csv,3,0.6974482536315918,0.910220742225647,0.4106832444667816,0.9866453409194946,15.277892112731934,0.619001567363739,0.3306611776351928,0.9875230193138124,0.3886938989162445,0.9913927912712096,11.406888961791992,0.4863001704216003,0.2120829969644546,0.998493492603302,0.3955017924308777,0.9944201111793518,9.7918701171875,0.3183760643005371,0.31640625,0.751953125,0.8310546875,0.89404296875,0.89404296875,3000,0.7861587405204773,0.7861587405204773,24.426766846528707,10.976292847389278,8.366049217340276,1.324767827987671,1.264911064067352,1.0,0.001,1.0,1.0,128,300,3,3000,-1.0,1,0,0,0,0,0.0,1.0,0,10,3.2490788990307586,35.225006103515625,12.960298538208008,3000,dfa,mnist,div255,mlp,tanh,sigmoid_bce,none
0.8913912177085876,0.7447943687438965,6.6966833110651125,0.9830105900764464,0.3868089914321899,12.359910017148437,0.9972622394561768,0.2862038016319275,18.028831059527693,300,1.324767827987671,1.1216176198138297,frzbias,4,1,90.0,280.0,520.0,430.0,0.0712890625,E1_headline/frzbias/seed4_fb1.csv,3,0.7447943687438965,0.8913912177085876,0.4106832444667816,0.9866453409194946,15.277892112731934,0.6317100524902344,0.3868089914321899,0.9830105900764464,0.3886938989162445,0.9913927912712096,11.406888961791992,0.5179794430732727,0.2862038016319275,0.9972622394561768,0.3955017924308777,0.9944201111793518,9.7918701171875,0.3248282372951507,0.18505859375,0.71728515625,0.83544921875,0.88818359375,0.88818359375,3000,0.7737489938735962,0.7737489938735962,24.426766846528707,10.976292847389278,8.366049217340276,1.324767827987671,1.264911064067352,1.0,0.001,1.0,1.0,128,300,3,3000,-1.0,1,0,0,0,0,0.0,1.0,0,10,3.2490788990307586,35.225006103515625,15.832326173782349,3000,dfa,mnist,div255,mlp,tanh,sigmoid_bce,none
0.8966737985610962,0.7244766354560852,6.5377267508990204,0.98381245136261,0.3767838180065155,12.122153126623113,0.9980241656303406,0.2246474921703338,16.55006410481034,320,1.324767827987671,1.3063701585659115,frzbias,4,2,100.0,380.0,510.0,410.0,0.08475889008620689,E1_headline/frzbias/seed4_fb2.csv,3,0.7244766354560852,0.8966737985610962,0.4106832444667816,0.9866453409194946,15.277892112731934,0.6353780031204224,0.3767838180065155,0.98381245136261,0.3886938989162445,0.9913927912712096,11.406888961791992,0.498777687549591,0.2246474921703338,0.9980241656303406,0.3955017924308777,0.9944201111793518,9.7918701171875,0.3193575143814087,0.25146484375,0.74072265625,0.83642578125,0.8876953125,0.8876953125,3000,0.8008644580841064,0.8008644580841064,24.426766846528707,10.976292847389278,8.366049217340276,1.324767827987671,1.264911064067352,1.0,0.001,1.0,1.0,128,300,3,3000,-1.0,1,0,0,0,0,0.0,1.0,0,10,3.2490788990307586,35.225006103515625,12.822484016418457,3000,dfa,mnist,div255,mlp,tanh,sigmoid_bce,none
0.9771345257759094,0.2073446065187454,60.15091948164481,0.9997144341468812,0.0182346552610397,383.2445393165914,0.999994695186615,0.0085668349638581,464.50325915197743,1490,1.2692182064056396,1.2741107204313287,frzout,0,0,,,,,,E1_headline/frzout/seed0_fb0.csv,3,0.2472692281007766,0.9771345257759094,0.3541161119937897,0.9909001588821412,12.757408142089844,-0.0045819608494639,0.0210919473320245,0.9997144341468812,0.3507662415504455,0.9935280680656432,10.161163330078123,0.0050055193714797,0.0210179276764392,0.999994695186615,0.3540035486221313,0.9948840141296388,8.370211601257324,0.0058934325352311,0.09716796875,0.09716796875,0.09716796875,,0.09716796875,1500,7.523891925811768,6.771553993225098,26.953168049917554,10.236181397056136,8.304448866303373,1.2692182064056396,1.264911064067352,1.0,0.001,1.0,1.0,128,300,3,1500,-1.0,0,1,0,0,0,0.0,1.0,0,10,3.2490788990307586,35.225006103515625,8.459293603897095,1500,dfa,mnist,div255,mlp,tanh,sigmoid_bce,none
0.9724573493003844,0.2019953578710556,63.413601628993824,0.999775767326355,0.0173015389591455,401.45545477528,0.999999463558197,0.0047303116880357,488.8103937807819,1490,1.2692182064056396,1.2692043398392694,frzout,0,1,,,,,,E1_headline/frzout/seed0_fb1.csv,3,0.2687716782093048,0.9724573493003844,0.3541161119937897,0.9909001588821412,12.757408142089844,0.0158751960843801,0.0173015389591455,0.999775767326355,0.3507662415504455,0.9935280680656432,10.161163330078123,-0.004597517196089,0.0156767182052135,0.9999983310699464,0.3540035486221313,0.9948840141296388,8.370211601257324,0.0065361177548766,0.109375,0.109375,0.109375,,0.109375,1500,7.907821655273437,6.739961624145508,26.953168049917554,10.236181397056136,8.304448866303373,1.2692182064056396,1.264911064067352,1.0,0.001,1.0,1.0,128,300,3,1500,-1.0,0,1,0,0,0,0.0,1.0,0,10,3.2490788990307586,35.225006103515625,9.285888910293579,1500,dfa,mnist,div255,mlp,tanh,sigmoid_bce,none
0.9801903367042542,0.168477788567543,75.61036273577643,0.9997633695602416,0.0208803955465555,501.7756781124136,0.9999988079071044,0.0045027583837509,581.1403700033729,1490,1.2692182064056396,1.366879789070868,frzout,0,2,,,,,,E1_headline/frzout/seed0_fb2.csv,3,0.2140838652849197,0.9801903367042542,0.3541161119937897,0.9909001588821412,12.757408142089844,-0.0303532574325799,0.0419590063393116,0.9995979070663452,0.3507662415504455,0.9935280680656432,10.161163330078123,0.0103867752477526,0.0293035823851823,0.9999905824661256,0.3540035486221313,0.9948840141296388,8.370211601257324,-0.0035938331857323,0.109375,0.10107421875,0.10107421875,,0.10107421875,1500,9.17245101928711,7.044404983520508,26.953168049917554,10.236181397056136,8.304448866303373,1.2692182064056396,1.264911064067352,1.0,0.001,1.0,1.0,128,300,3,1500,-1.0,0,1,0,0,0,0.0,1.0,0,10,3.2490788990307586,35.225006103515625,11.007818222045898,1500,dfa,mnist,div255,mlp,tanh,sigmoid_bce,none
0.9767093062400818,0.1768693327903747,75.97016816122367,0.9997815489768982,0.0149741349741816,502.6284587551664,0.9999991655349731,0.0070754969492554,589.7719118250881,1490,1.3514316082000732,1.568012208828665,frzout,1,0,,,,,,E1_headline/frzout/seed1_fb0.csv,3,0.2138224691152572,0.9767093062400818,0.3873637318611145,0.9887229204177856,13.798158645629885,-0.072266861796379,0.0241700708866119,0.9997466802597046,0.3898089230060577,0.992600440979004,11.267420768737791,-0.0397598557174205,0.0210753250867128,0.9999974966049194,0.387746512889862,0.9939010739326476,9.42509651184082,-0.0092767272144556,0.09814453125,0.09814453125,0.09814453125,,0.09814453125,1500,9.740959167480469,7.493905067443848,25.795081970600872,10.537464484814349,8.735378080908937,1.3514316082000732,1.264911064067352,1.0,0.001,1.0,1.0,128,300,3,1500,-1.0,0,1,0,0,0,0.0,1.0,0,10,3.2490788990307586,35.225006103515625,8.609254121780396,1500,dfa,mnist,div255,mlp,tanh,sigmoid_bce,none
0.9743475317955016,0.2218214273452758,77.76307462965902,0.999689519405365,0.018382353708148,494.5872375348477,0.9999936819076538,0.0107763716951012,608.06244837948,1490,1.3514316082000732,1.5253212279392143,frzout,1,1,,,,,,E1_headline/frzout/seed1_fb1.csv,3,0.2459121644496917,0.9743475317955016,0.3873637318611145,0.9887229204177856,13.798158645629885,-0.087680384516716,0.0206374619156122,0.999689519405365,0.3898089230060577,0.992600440979004,11.267420768737791,-0.0277456287294626,0.0209458377212286,0.9999927878379822,0.387746512889862,0.9939010739326476,9.42509651184082,-0.0121720451861619,0.10791015625,0.10791015625,0.10791015625,,0.10791015625,1500,9.291080474853516,7.626214027404785,25.795081970600872,10.537464484814349,8.735378080908937,1.3514316082000732,1.264911064067352,1.0,0.001,1.0,1.0,128,300,3,1500,-1.0,0,1,0,0,0,0.0,1.0,0,10,3.2490788990307586,35.225006103515625,8.558172941207886,1500,dfa,mnist,div255,mlp,tanh,sigmoid_bce,none
0.9792383909225464,0.1882601082324981,80.98357603853734,0.9996389746665956,0.0188405625522136,528.6697650420845,0.9999971389770508,0.0058761215768754,628.2538257599076,1490,1.3514316082000732,1.5033389248143352,frzout,1,2,,,,,,E1_headline/frzout/seed1_fb2.csv,3,0.2155605256557464,0.9792383909225464,0.3873637318611145,0.9887229204177856,13.798158645629885,-0.083505667746067,0.0314272455871105,0.9996389746665956,0.3898089230060577,0.992600440979004,11.267420768737791,-0.050029058009386,0.0136409029364585,0.9999971389770508,0.387746512889862,0.9939010739326476,9.42509651184082,0.0081419385969638,0.09912109375,0.09912109375,0.09912109375,,0.09912109375,1500,10.257284164428713,7.171099662780762,25.795081970600872,10.537464484814349,8.735378080908937,1.3514316082000732,1.264911064067352,1.0,0.001,1.0,1.0,128,300,3,1500,-1.0,0,1,0,0,0,0.0,1.0,0,10,3.2490788990307586,35.225006103515625,8.45329475402832,1500,dfa,mnist,div255,mlp,tanh,sigmoid_bce,none
0.9771820306777954,0.1922291219234466,62.96197875349958,0.999546766281128,0.0281928889453411,409.588057392897,0.9999977350234984,0.0041097165085375,482.9487815479576,1490,1.247653603553772,1.3583924554190532,frzout,2,0,,,,,,E1_headline/frzout/seed2_fb0.csv,3,0.2223634421825409,0.9771820306777954,0.4126372337341308,0.9858370423316956,15.55845069885254,-0.0403073392808437,0.031922772526741,0.999546766281128,0.3982468843460083,0.9923094511032104,11.637540817260742,-0.0315934456884861,0.0157638862729072,0.9999955892562866,0.3910796046257019,0.993703842163086,9.466567993164062,-0.004016013815999,0.0927734375,0.0927734375,0.0927734375,,0.0927734375,1500,9.150290489196776,6.96537971496582,23.719888895426525,10.842361481867695,8.274976220576836,1.247653603553772,1.264911064067352,1.0,0.001,1.0,1.0,128,300,3,1500,-1.0,0,1,0,0,0,0.0,1.0,0,10,3.2490788990307586,35.225006103515625,8.274730682373047,1500,dfa,mnist,div255,mlp,tanh,sigmoid_bce,none
0.9817849397659302,0.1569607257843017,73.83585604505213,0.9996988773345948,0.02427907474339,497.61818280587823,0.9999991655349731,0.0036431085318326,574.251633491858,1490,1.247653603553772,1.4385738200214853,frzout,2,1,,,,,,E1_headline/frzout/seed2_fb1.csv,3,0.2025041729211807,0.9817849397659302,0.4126372337341308,0.9858370423316956,15.55845069885254,-0.0867112502455711,0.0274655185639858,0.9996988773345948,0.3982468843460083,0.9923094511032104,11.637540817260742,-0.044841531664133,0.0105895064771175,0.9999991655349731,0.3910796046257019,0.993703842163086,9.466567993164062,0.0151024153456091,0.09375,0.09375,0.09375,,0.09375,1500,11.10673999786377,6.96537971496582,23.719888895426525,10.842361481867695,8.274976220576836,1.247653603553772,1.264911064067352,1.0,0.001,1.0,1.0,128,300,3,1500,-1.0,0,1,0,0,0,0.0,1.0,0,10,3.2490788990307586,35.225006103515625,8.208144187927246,1500,dfa,mnist,div255,mlp,tanh,sigmoid_bce,none
0.9766053557395936,0.2195260524749755,66.47947572026284,0.9997009038925172,0.0166415609419345,418.1421024522644,0.9999983310699464,0.0055530285462737,510.7990451037007,1490,1.247653603553772,1.265249857343661,frzout,2,2,,,,,,E1_headline/frzout/seed2_fb2.csv,3,0.2596917748451233,0.9766053557395936,0.4126372337341308,0.9858370423316956,15.55845069885254,-0.0288740862160921,0.0181125421077013,0.9997009038925172,0.3982468843460083,0.9923094511032104,11.637540817260742,-0.0183471087366342,0.0145143503323197,0.9999983310699464,0.3910796046257019,0.993703842163086,9.466567993164062,0.0124137960374355,0.0927734375,0.0927734375,0.0927734375,,0.0927734375,1500,9.004839897155762,6.717583656311035,23.719888895426525,10.842361481867695,8.274976220576836,1.247653603553772,1.264911064067352,1.0,0.001,1.0,1.0,128,300,3,1500,-1.0,0,1,0,0,0,0.0,1.0,0,10,3.2490788990307586,35.225006103515625,9.516523599624634,1500,dfa,mnist,div255,mlp,tanh,sigmoid_bce,none
0.9789458513259888,0.1916546821594238,63.34541054489639,0.9997830986976624,0.0152096962556242,410.7154968808917,0.9999992847442628,0.0043768477626144,487.7762959862868,1490,1.1960808038711548,1.250830597785138,frzout,3,0,,,,,,E1_headline/frzout/seed3_fb0.csv,3,0.2200629860162735,0.9789458513259888,0.4067066311836242,0.9870036244392396,14.927203178405762,-0.0667538866400718,0.0214781388640403,0.999759554862976,0.3847300410270691,0.9916552901268004,11.3062744140625,-0.0320778675377368,0.0104074422270059,0.9999991655349731,0.3630390167236328,0.9950414299964904,8.48564624786377,-0.0196973271667957,0.10546875,0.10546875,0.10546875,,0.10546875,1500,9.06717586517334,6.708734035491943,25.090916219308507,11.031830316751812,8.523827419454747,1.1960808038711548,1.264911064067352,1.0,0.001,1.0,1.0,128,300,3,1500,-1.0,0,1,0,0,0,0.0,1.0,0,10,3.2490788990307586,35.225006103515625,7.598011016845703,1500,dfa,mnist,div255,mlp,tanh,sigmoid_bce,none
0.9714690446853638,0.2445215731859207,47.12963570190289,0.9997428059577942,0.0173692237585783,285.68878746499536,0.9999984502792358,0.0070460955612361,356.2807532861262,1490,1.1960808038711548,1.1966514779145117,frzout,3,1,,,,,,E1_headline/frzout/seed3_fb1.csv,3,0.2784620225429535,0.9714690446853638,0.4067066311836242,0.9870036244392396,14.927203178405762,0.008849018253386,0.0261431001126766,0.9996943473815918,0.3847300410270691,0.9916552901268004,11.3062744140625,-0.0356099605560302,0.0297147892415523,0.9999939203262328,0.3630390167236328,0.9950414299964904,8.48564624786377,-0.0048373765312135,0.09033203125,0.09033203125,0.09033203125,,0.09033203125,1500,7.551173210144043,6.404712677001953,25.090916219308507,11.031830316751812,8.523827419454747,1.1960808038711548,1.264911064067352,1.0,0.001,1.0,1.0,128,300,3,1500,-1.0,0,1,0,0,0,0.0,1.0,0,10,3.2490788990307586,35.225006103515625,7.441168546676636,1500,dfa,mnist,div255,mlp,tanh,sigmoid_bce,none
0.9732517600059508,0.2241334915161132,68.23977401025881,0.9998061656951904,0.0150843588635325,430.2787348970981,0.9999992847442628,0.0041624507866799,528.5135226351883,1490,1.1960808038711548,1.348834121647602,frzout,3,2,,,,,,E1_headline/frzout/seed3_fb2.csv,3,0.2762505114078522,0.9732517600059508,0.4067066311836242,0.9870036244392396,14.927203178405762,-0.0639399960637092,0.0150843588635325,0.9998061656951904,0.3847300410270691,0.9916552901268004,11.3062744140625,-0.0563623011112213,0.0092352367937564,0.999998927116394,0.3630390167236328,0.9950414299964904,8.48564624786377,-0.0042975689284503,0.09033203125,0.087890625,0.087890625,,0.087890625,1500,10.74575901031494,6.708734035491943,25.090916219308507,11.031830316751812,8.523827419454747,1.1960808038711548,1.264911064067352,1.0,0.001,1.0,1.0,128,300,3,1500,-1.0,0,1,0,0,0,0.0,1.0,0,10,3.2490788990307586,35.225006103515625,7.689977645874023,1500,dfa,mnist,div255,mlp,tanh,sigmoid_bce,none
0.979996383190155,0.1896308958530426,70.04044163460786,0.9996982216835022,0.0216941870748996,457.21973954918974,0.9999990463256836,0.0047633051872253,540.5296166188843,1490,1.324767827987671,1.327083199439051,frzout,4,0,,,,,,E1_headline/frzout/seed4_fb0.csv,3,0.2355770915746688,0.979996383190155,0.4106832444667816,0.9866453409194946,15.277892112731934,-0.0392778404057025,0.0243511851876974,0.999606430530548,0.3886938989162445,0.9913927912712096,11.406888961791992,-0.0029396971222013,0.0183186214417219,0.9999973177909852,0.3955017924308777,0.9944201111793518,9.7918701171875,0.0167908165603876,0.0966796875,0.10888671875,0.10888671875,,0.10888671875,1500,8.36355972290039,7.158931255340576,24.426766846528707,10.976292847389278,8.366049217340276,1.324767827987671,1.264911064067352,1.0,0.001,1.0,1.0,128,300,3,1500,-1.0,0,1,0,0,0,0.0,1.0,0,10,3.2490788990307586,35.225006103515625,8.307339668273926,1500,dfa,mnist,div255,mlp,tanh,sigmoid_bce,none
0.9761029481887816,0.1847330778837204,80.00672410612559,0.9998059272766112,0.0169513653963804,521.4690168630648,0.9999991655349731,0.0048921573907136,618.7437967748573,1490,1.324767827987671,1.1807683288578172,frzout,4,1,,,,,,E1_headline/frzout/seed4_fb1.csv,3,0.2323070615530014,0.9761029481887816,0.4106832444667816,0.9866453409194946,15.277892112731934,-0.0700491592288017,0.0169513653963804,0.9998059272766112,0.3886938989162445,0.9913927912712096,11.406888961791992,0.0123725365847349,0.0199019629508256,0.9999991655349731,0.3955017924308777,0.9944201111793518,9.7918701171875,-0.0110839270055294,0.11328125,0.11328125,0.11328125,,0.11328125,1500,9.18124771118164,6.5488152503967285,24.426766846528707,10.976292847389278,8.366049217340276,1.324767827987671,1.264911064067352,1.0,0.001,1.0,1.0,128,300,3,1500,-1.0,0,1,0,0,0,0.0,1.0,0,10,3.2490788990307586,35.225006103515625,8.232826471328735,1500,dfa,mnist,div255,mlp,tanh,sigmoid_bce,none
0.9743558168411256,0.169749230146408,64.91386613795325,0.9994184970855712,0.0210445541888475,426.1268167346543,0.9999960660934448,0.0056101623922586,495.06619801628,1490,1.324767827987671,1.3736343202379595,frzout,4,2,,,,,,E1_headline/frzout/seed4_fb2.csv,3,0.223559096455574,0.9743558168411256,0.4106832444667816,0.9866453409194946,15.277892112731934,-0.0142966723069548,0.0290779676288366,0.9994184970855712,0.3886938989162445,0.9913927912712096,11.406888961791992,-0.0062553444877266,0.0160315427929162,0.9999960660934448,0.3955017924308777,0.9944201111793518,9.7918701171875,-0.0042491843923926,0.1103515625,0.1103515625,0.1103515625,,0.1103515625,1500,9.969788551330566,6.650234222412109,24.426766846528707,10.976292847389278,8.366049217340276,1.324767827987671,1.264911064067352,1.0,0.001,1.0,1.0,128,300,3,1500,-1.0,0,1,0,0,0,0.0,1.0,0,10,3.2490788990307586,35.225006103515625,8.302228450775146,1500,dfa,mnist,div255,mlp,tanh,sigmoid_bce,none
0.3549448549747467,0.9182031154632568,70.70890387737745,0.3523772358894348,0.7737982869148254,34.17119625244025,0.3545146286487579,0.6661513447761536,47.06930894006229,0,1.2692182064056396,1.2817336053736839,gated,0,0,,,,,,E1_headline/gated/seed0_fb0.csv,3,0.9904417991638184,0.3549448549747467,0.3541161119937897,0.9909001588821412,12.757408142089844,0.4976148605346679,0.9755921959877014,0.3523772358894348,0.3507662415504455,0.9935280680656432,10.161163330078123,0.3818426132202148,0.937033712863922,0.3545146286487579,0.3540035486221313,0.9948840141296388,8.370211601257324,0.2135581970214843,0.669921875,0.74951171875,0.8115234375,0.88330078125,0.88330078125,3000,1.949425220489502,1.949425220489502,26.953168049917554,10.236181397056136,8.304448866303373,1.2692182064056396,1.264911064067352,1.0,0.001,1.0,1.0,128,300,3,3000,-1.0,0,0,0,0,0,0.0,1.0,0,10,3.2490788990307586,35.225006103515625,18.610187292099,3000,dfa,mnist,div255,mlp,tanh,sigmoid_bce,gated
0.3544527292251587,0.9451919198036194,76.75462230039928,0.3507662415504455,0.7895615696907043,30.864082367010404,0.3540035486221313,0.6209850907325745,45.10787985836701,0,1.2692182064056396,1.2718439777504305,gated,0,1,,,,,,E1_headline/gated/seed0_fb1.csv,3,0.9874898195266724,0.3544527292251587,0.3541161119937897,0.9909001588821412,12.757408142089844,0.5121892690658569,0.965255081653595,0.3507662415504455,0.3507662415504455,0.9935280680656432,10.161163330078123,0.3748078048229217,0.9202103614807128,0.3540035486221313,0.3540035486221313,0.9948840141296388,8.370211601257324,0.2159235924482345,0.5771484375,0.759765625,0.81201171875,0.8681640625,0.8681640625,3000,2.2225637435913086,2.2225637435913086,26.953168049917554,10.236181397056136,8.304448866303373,1.2692182064056396,1.264911064067352,1.0,0.001,1.0,1.0,128,300,3,3000,-1.0,0,0,0,0,0,0.0,1.0,0,10,3.2490788990307586,35.225006103515625,18.6102237701416,3000,dfa,mnist,div255,mlp,tanh,sigmoid_bce,gated
0.3557083904743194,0.9347101449966432,71.01924343711316,0.3507662415504455,0.7813454270362854,34.645286416433905,0.3540035486221313,0.6534646153450012,44.598117157231535,0,1.2692182064056396,1.2766320655591121,gated,0,2,,,,,,E1_headline/gated/seed0_fb2.csv,3,0.9894422888755798,0.3557083904743194,0.3541161119937897,0.9909001588821412,12.757408142089844,0.4607619345188141,0.9719988703727722,0.3507662415504455,0.3507662415504455,0.9935280680656432,10.161163330078123,0.3696767687797546,0.9191195964813232,0.3540035486221313,0.3540035486221313,0.9948840141296388,8.370211601257324,0.2132312655448913,0.6650390625,0.78515625,0.82080078125,0.876953125,0.876953125,3000,2.0086286067962646,2.0086286067962646,26.953168049917554,10.236181397056136,8.304448866303373,1.2692182064056396,1.264911064067352,1.0,0.001,1.0,1.0,128,300,3,3000,-1.0,0,0,0,0,0,0.0,1.0,0,10,3.2490788990307586,35.225006103515625,18.61036252975464,3000,dfa,mnist,div255,mlp,tanh,sigmoid_bce,gated
0.3873637318611145,0.920622706413269,70.81366862132501,0.3898089230060577,0.7300211787223816,34.61700661724623,0.387746512889862,0.5500009655952454,50.08348221974552,0,1.3514316082000732,1.3198558900983848,gated,1,0,,,,,,E1_headline/gated/seed1_fb0.csv,3,0.9830918312072754,0.3873637318611145,0.3873637318611145,0.9887229204177856,13.798158645629885,0.4445873200893402,0.9556835889816284,0.3898089230060577,0.3898089230060577,0.992600440979004,11.267420768737791,0.344059020280838,0.9221999049186708,0.387746512889862,0.387746512889862,0.9939010739326476,9.42509651184082,0.1988158226013183,0.59228515625,0.75732421875,0.8369140625,0.87939453125,0.87939453125,3000,2.027790069580078,2.027790069580078,25.795081970600872,10.537464484814349,8.735378080908937,1.3514316082000732,1.264911064067352,1.0,0.001,1.0,1.0,128,300,3,3000,-1.0,0,0,0,0,0,0.0,1.0,0,10,3.2490788990307586,35.225006103515625,18.61036229133606,3000,dfa,mnist,div255,mlp,tanh,sigmoid_bce,gated
0.3879089951515198,0.9229350090026855,72.0666427828564,0.3924527764320373,0.7412492036819458,32.90069554356689,0.391764372587204,0.5533952713012695,51.17829088425214,0,1.3514316082000732,1.318017834031864,gated,1,1,,,,,,E1_headline/gated/seed1_fb1.csv,3,0.988448441028595,0.3879089951515198,0.3873637318611145,0.9887229204177856,13.798158645629885,0.4225793480873108,0.974984049797058,0.3924527764320373,0.3898089230060577,0.992600440979004,11.267420768737791,0.345664381980896,0.9543123841285706,0.391764372587204,0.387746512889862,0.9939010739326476,9.42509651184082,0.2068604528903961,0.5732421875,0.75390625,0.8408203125,0.88623046875,0.88623046875,3000,2.1277244091033936,2.1277244091033936,25.795081970600872,10.537464484814349,8.735378080908937,1.3514316082000732,1.264911064067352,1.0,0.001,1.0,1.0,128,300,3,3000,-1.0,0,0,0,0,0,0.0,1.0,0,10,3.2490788990307586,35.225006103515625,15.774948835372925,3000,dfa,mnist,div255,mlp,tanh,sigmoid_bce,gated
0.3877899944782257,0.912284016609192,64.77786201221049,0.3947308957576751,0.6984575986862183,34.11735142605267,0.3900504410266876,0.5658726096153259,52.69181421351448,0,1.3514316082000732,1.3097659191357012,gated,1,2,,,,,,E1_headline/gated/seed1_fb2.csv,3,0.9868943691253662,0.3877899944782257,0.3873637318611145,0.9887229204177856,13.798158645629885,0.3908169269561767,0.9708240628242492,0.3947308957576751,0.3898089230060577,0.992600440979004,11.267420768737791,0.3339742720127105,0.9478809237480164,0.3900504410266876,0.387746512889862,0.9939010739326476,9.42509651184082,0.2284652292728424,0.63720703125,0.74755859375,0.83447265625,0.88720703125,0.88720703125,3000,2.087395191192627,2.085350513458252,25.795081970600872,10.537464484814349,8.735378080908937,1.3514316082000732,1.264911064067352,1.0,0.001,1.0,1.0,128,300,3,3000,-1.0,0,0,0,0,0,0.0,1.0,0,10,3.2490788990307586,35.225006103515625,14.245298385620117,3000,dfa,mnist,div255,mlp,tanh,sigmoid_bce,gated
0.4126372337341308,0.9438648223876952,74.91713759178971,0.3982468843460083,0.7793313264846802,31.048104008522127,0.3911522030830383,0.5872563719749451,43.75441475319512,0,1.247653603553772,1.2430270809061978,gated,2,0,,,,,,E1_headline/gated/seed2_fb0.csv,3,0.9858370423316956,0.4126372337341308,0.4126372337341308,0.9858370423316956,15.55845069885254,0.4641641974449157,0.9758543968200684,0.3982468843460083,0.3982468843460083,0.9923094511032104,11.637540817260742,0.3820201158523559,0.9443275928497314,0.3911522030830383,0.3910796046257019,0.993703842163086,9.466567993164062,0.2182319164276123,0.541015625,0.75048828125,0.84326171875,0.8818359375,0.8818359375,3000,2.381043672561645,2.381043672561645,23.719888895426525,10.842361481867695,8.274976220576836,1.247653603553772,1.264911064067352,1.0,0.001,1.0,1.0,128,300,3,3000,-1.0,0,0,0,0,0,0.0,1.0,0,10,3.2490788990307586,35.225006103515625,18.335737466812134,3000,dfa,mnist,div255,mlp,tanh,sigmoid_bce,gated
0.4126372337341308,0.9198672771453856,73.20145077930036,0.4019423127174377,0.7771618366241455,30.630930948036944,0.3918405771255493,0.5948566794395447,45.64385729224719,0,1.247653603553772,1.2480967337424562,gated,2,1,,,,,,E1_headline/gated/seed2_fb1.csv,3,0.9858370423316956,0.4126372337341308,0.4126372337341308,0.9858370423316956,15.55845069885254,0.4741271138191223,0.9708877205848694,0.4019423127174377,0.3982468843460083,0.9923094511032104,11.637540817260742,0.3407969772815704,0.9268981218338012,0.3918405771255493,0.3910796046257019,0.993703842163086,9.466567993164062,0.2233255505561828,0.5458984375,0.75439453125,0.77880859375,0.87451171875,0.87451171875,3000,2.1009464263916016,2.1009464263916016,23.719888895426525,10.842361481867695,8.274976220576836,1.247653603553772,1.264911064067352,1.0,0.001,1.0,1.0,128,300,3,3000,-1.0,0,0,0,0,0,0.0,1.0,0,10,3.2490788990307586,35.225006103515625,14.602093696594238,3000,dfa,mnist,div255,mlp,tanh,sigmoid_bce,gated
0.4126372337341308,0.942221462726593,68.987005192698,0.3982468843460083,0.8669981360435486,27.77405789156229,0.3910796046257019,0.8177911043167114,31.85360842520975,0,1.247653603553772,1.2413323752939196,gated,2,2,,,,,,E1_headline/gated/seed2_fb2.csv,3,0.9858370423316956,0.4126372337341308,0.4126372337341308,0.9858370423316956,15.55845069885254,0.5096134543418884,0.9704949855804444,0.3982468843460083,0.3982468843460083,0.9923094511032104,11.637540817260742,0.3779823780059814,0.9347896575927734,0.3910796046257019,0.3910796046257019,0.993703842163086,9.466567993164062,0.2309599369764328,0.595703125,0.783203125,0.81591796875,0.88720703125,0.88720703125,3000,2.029778003692627,2.029778003692627,23.719888895426525,10.842361481867695,8.274976220576836,1.247653603553772,1.264911064067352,1.0,0.001,1.0,1.0,128,300,3,3000,-1.0,0,0,0,0,0,0.0,1.0,0,10,3.2490788990307586,35.225006103515625,16.75697660446167,3000,dfa,mnist,div255,mlp,tanh,sigmoid_bce,gated
0.4067066311836242,0.939092755317688,72.12908944556011,0.3849059641361236,0.8345010280609131,31.731753927707786,0.3630390167236328,0.6881283521652222,37.9325556547335,0,1.1960808038711548,1.188714529399295,gated,3,0,,,,,,E1_headline/gated/seed3_fb0.csv,3,0.9870036244392396,0.4067066311836242,0.4067066311836242,0.9870036244392396,14.927203178405762,0.5209903120994568,0.9726847410202026,0.3849059641361236,0.3847300410270691,0.9916552901268004,11.3062744140625,0.3630011975765228,0.9375826716423036,0.3630390167236328,0.3630390167236328,0.9950414299964904,8.48564624786377,0.20124451816082,0.50830078125,0.75244140625,0.8125,0.87353515625,0.87353515625,3000,1.899635910987854,1.899635910987854,25.090916219308507,11.031830316751812,8.523827419454747,1.1960808038711548,1.264911064067352,1.0,0.001,1.0,1.0,128,300,3,3000,-1.0,0,0,0,0,0,0.0,1.0,0,10,3.2490788990307586,35.225006103515625,15.637669563293457,3000,dfa,mnist,div255,mlp,tanh,sigmoid_bce,gated
0.4067066311836242,0.9297468662261964,69.79903719344755,0.3847300410270691,0.7552754282951355,30.79746806892221,0.3630390167236328,0.5628203749656677,50.21057023487985,0,1.1960808038711548,1.193867836077429,gated,3,1,,,,,,E1_headline/gated/seed3_fb1.csv,3,0.9870036244392396,0.4067066311836242,0.4067066311836242,0.9870036244392396,14.927203178405762,0.402200847864151,0.96816086769104,0.3847300410270691,0.3847300410270691,0.9916552901268004,11.3062744140625,0.3281616270542145,0.9296041131019592,0.3630390167236328,0.3630390167236328,0.9950414299964904,8.48564624786377,0.1949319988489151,0.607421875,0.77001953125,0.83056640625,0.87548828125,0.87548828125,3000,2.1102490425109863,2.1102490425109863,25.090916219308507,11.031830316751812,8.523827419454747,1.1960808038711548,1.264911064067352,1.0,0.001,1.0,1.0,128,300,3,3000,-1.0,0,0,0,0,0,0.0,1.0,0,10,3.2490788990307586,35.225006103515625,14.366164922714233,3000,dfa,mnist,div255,mlp,tanh,sigmoid_bce,gated
0.4071457087993622,0.934763491153717,71.05509279772699,0.3847300410270691,0.7926119565963745,34.774725285757576,0.3630390167236328,0.6465127468109131,47.46591570357308,0,1.1960808038711548,1.1956634735050338,gated,3,2,,,,,,E1_headline/gated/seed3_fb2.csv,3,0.9870036244392396,0.4071457087993622,0.4067066311836242,0.9870036244392396,14.927203178405762,0.4687269330024719,0.9663113951683044,0.3847300410270691,0.3847300410270691,0.9916552901268004,11.3062744140625,0.370590329170227,0.9231470823287964,0.3630390167236328,0.3630390167236328,0.9950414299964904,8.48564624786377,0.2213918566703796,0.5654296875,0.7666015625,0.82421875,0.87158203125,0.87158203125,3000,2.09118127822876,2.09118127822876,25.090916219308507,11.031830316751812,8.523827419454747,1.1960808038711548,1.264911064067352,1.0,0.001,1.0,1.0,128,300,3,3000,-1.0,0,0,0,0,0,0.0,1.0,0,10,3.2490788990307586,35.225006103515625,15.366914987564087,3000,dfa,mnist,div255,mlp,tanh,sigmoid_bce,gated
0.4106832444667816,0.9079314470291138,68.92210236803193,0.3886938989162445,0.7061108350753784,37.25616776441622,0.3955017924308777,0.5307280421257019,57.05063936988528,0,1.324767827987671,1.3054627511428156,gated,4,0,,,,,,E1_headline/gated/seed4_fb0.csv,3,0.9866453409194946,0.4106832444667816,0.4106832444667816,0.9866453409194946,15.277892112731934,0.4367202818393707,0.972161591053009,0.3886938989162445,0.3886938989162445,0.9913927912712096,11.406888961791992,0.3523719310760498,0.9389516711235046,0.3955017924308777,0.3955017924308777,0.9944201111793518,9.7918701171875,0.2027513235807418,0.5849609375,0.7451171875,0.8291015625,0.87109375,0.87109375,3000,2.1329169273376465,2.1329169273376465,24.426766846528707,10.976292847389278,8.366049217340276,1.324767827987671,1.264911064067352,1.0,0.001,1.0,1.0,128,300,3,3000,-1.0,0,0,0,0,0,0.0,1.0,0,10,3.2490788990307586,35.225006103515625,14.713260412216187,3000,dfa,mnist,div255,mlp,tanh,sigmoid_bce,gated
0.4106832444667816,0.9187491536140442,70.08894601300729,0.3886938989162445,0.6950362920761108,32.162672783668214,0.3955017924308777,0.5537084937095642,55.38036502587528,0,1.324767827987671,1.3082318941843976,gated,4,1,,,,,,E1_headline/gated/seed4_fb1.csv,3,0.9866453409194946,0.4106832444667816,0.4106832444667816,0.9866453409194946,15.277892112731934,0.3890489637851715,0.974386751651764,0.3886938989162445,0.3886938989162445,0.9913927912712096,11.406888961791992,0.3190690875053406,0.9320682287216188,0.3955017924308777,0.3955017924308777,0.9944201111793518,9.7918701171875,0.1967630088329315,0.67236328125,0.69580078125,0.80517578125,0.865234375,0.865234375,3000,2.247368335723877,2.247368335723877,24.426766846528707,10.976292847389278,8.366049217340276,1.324767827987671,1.264911064067352,1.0,0.001,1.0,1.0,128,300,3,3000,-1.0,0,0,0,0,0,0.0,1.0,0,10,3.2490788990307586,35.225006103515625,15.27892255783081,3000,dfa,mnist,div255,mlp,tanh,sigmoid_bce,gated
0.4106832444667816,0.9191331267356871,66.60517612878431,0.3886938989162445,0.7060868740081787,32.71686231720451,0.3955017924308777,0.5593141317367554,53.09417989794516,0,1.324767827987671,1.3111489918273014,gated,4,2,,,,,,E1_headline/gated/seed4_fb2.csv,3,0.9866453409194946,0.4106832444667816,0.4106832444667816,0.9866453409194946,15.277892112731934,0.3740811944007873,0.9577249884605408,0.3886938989162445,0.3886938989162445,0.9913927912712096,11.406888961791992,0.3201323449611664,0.9142312407493592,0.3955017924308777,0.3955017924308777,0.9944201111793518,9.7918701171875,0.1975182890892028,0.56494140625,0.76953125,0.8193359375,0.87158203125,0.87158203125,3000,2.148781538009644,2.148781538009644,24.426766846528707,10.976292847389278,8.366049217340276,1.324767827987671,1.264911064067352,1.0,0.001,1.0,1.0,128,300,3,3000,-1.0,0,0,0,0,0,0.0,1.0,0,10,3.2490788990307586,35.225006103515625,13.07034945487976,3000,dfa,mnist,div255,mlp,tanh,sigmoid_bce,gated
0.7254881262779236,0.8898559212684631,1.9347116903404544,0.8412323594093323,0.8683238625526428,2.1561903405917544,0.91960209608078,0.8440855145454407,2.2475548985292493,60,1.2692182064056396,0.7742799266525586,outlr10,0,0,,,,,,E1_headline/outlr10/seed0_fb0.csv,3,0.9193956851959229,0.7254881262779236,0.3541161119937897,0.9909001588821412,12.757408142089844,0.574917197227478,0.8764843344688416,0.8412323594093323,0.3507662415504455,0.9935280680656432,10.161163330078123,0.502129316329956,0.8440855145454407,0.91960209608078,0.3540035486221313,0.9948840141296388,8.370211601257324,0.4977312386035919,0.8046875,0.87939453125,0.8916015625,0.91162109375,0.91162109375,3000,0.6067522764205933,0.6057654619216919,2.6953168049917555,1.0236181397056137,0.8304448866303373,1.2692182064056396,1.264911064067352,1.0,0.001,10.0,1.0,128,300,3,3000,-1.0,0,0,0,0,0,0.0,1.0,0,10,3.2490788990307586,35.225006103515625,14.781337976455688,3000,dfa,mnist,div255,mlp,tanh,sigmoid_bce,none
0.6992654204368591,0.906346559524536,1.8863655233794203,0.8401358723640442,0.8661571145057678,1.8793873418382987,0.911215603351593,0.8196292519569397,2.3055724559398527,40,1.2692182064056396,0.7501180166998471,outlr10,0,1,,,,,,E1_headline/outlr10/seed0_fb1.csv,3,0.92961186170578,0.6992654204368591,0.3541161119937897,0.9909001588821412,12.757408142089844,0.5745878219604492,0.8699467778205872,0.8401358723640442,0.3507662415504455,0.9935280680656432,10.161163330078123,0.4788079857826233,0.8196292519569397,0.911215603351593,0.3540035486221313,0.9948840141296388,8.370211601257324,0.4886969029903412,0.7998046875,0.8759765625,0.89306640625,0.908203125,0.908203125,3000,0.6016417741775513,0.6005408763885498,2.6953168049917555,1.0236181397056137,0.8304448866303373,1.2692182064056396,1.264911064067352,1.0,0.001,10.0,1.0,128,300,3,3000,-1.0,0,0,0,0,0,0.0,1.0,0,10,3.2490788990307586,35.225006103515625,17.844817399978638,3000,dfa,mnist,div255,mlp,tanh,sigmoid_bce,none
0.736412763595581,0.8857427835464478,2.021980156905494,0.8543623089790344,0.8572527170181274,2.198912091042223,0.9222875237464904,0.8148261308670044,2.401290028797665,60,1.2692182064056396,0.8395485007213307,outlr10,0,2,,,,,,E1_headline/outlr10/seed0_fb2.csv,3,0.9122753143310548,0.736412763595581,0.3541161119937897,0.9909001588821412,12.757408142089844,0.5754094123840332,0.8635571002960205,0.8543623089790344,0.3507662415504455,0.9935280680656432,10.161163330078123,0.4868268966674804,0.8148261308670044,0.9222875237464904,0.3540035486221313,0.9948840141296388,8.370211601257324,0.4768601059913635,0.79443359375,0.87353515625,0.89208984375,0.91162109375,0.91162109375,3000,0.6005357503890991,0.5993902683258057,2.6953168049917555,1.0236181397056137,0.8304448866303373,1.2692182064056396,1.264911064067352,1.0,0.001,10.0,1.0,128,300,3,3000,-1.0,0,0,0,0,0,0.0,1.0,0,10,3.2490788990307586,35.225006103515625,13.726014852523804,3000,dfa,mnist,div255,mlp,tanh,sigmoid_bce,none
0.7555701732635498,0.8936653733253479,1.9631268645454367,0.8707857131958008,0.8357919454574585,2.1606179970202186,0.9346346855163574,0.7867029309272766,2.345245113879645,90,1.3514316082000732,0.9098597395791836,outlr10,1,0,,,,,,E1_headline/outlr10/seed1_fb0.csv,3,0.9108225107192992,0.7555701732635498,0.3873637318611145,0.9887229204177856,13.798158645629885,0.588516354560852,0.8357919454574585,0.8707857131958008,0.3898089230060577,0.992600440979004,11.267420768737791,0.4971732795238495,0.7867029309272766,0.9346346855163574,0.387746512889862,0.9939010739326476,9.42509651184082,0.5024994015693665,0.8134765625,0.88037109375,0.89501953125,0.91357421875,0.91357421875,3000,0.5709981918334961,0.5693461298942566,2.579508197060087,1.0537464484814347,0.8735378080908937,1.3514316082000732,1.264911064067352,1.0,0.001,10.0,1.0,128,300,3,3000,-1.0,0,0,0,0,0,0.0,1.0,0,10,3.2490788990307586,35.225006103515625,12.723731756210327,3000,dfa,mnist,div255,mlp,tanh,sigmoid_bce,none
0.7349727749824524,0.9099273085594176,1.8470869271590116,0.8724134564399719,0.8439598083496094,1.815872767868804,0.9378601312637328,0.7829656004905701,2.328092644323659,90,1.3514316082000732,0.9203401015620783,outlr10,1,1,,,,,,E1_headline/outlr10/seed1_fb1.csv,3,0.9154727458953856,0.7349727749824524,0.3873637318611145,0.9887229204177856,13.798158645629885,0.5660749077796936,0.8439598083496094,0.8724134564399719,0.3898089230060577,0.992600440979004,11.267420768737791,0.5033603310585022,0.7829656004905701,0.9378601312637328,0.387746512889862,0.9939010739326476,9.42509651184082,0.4932054877281189,0.81396484375,0.87548828125,0.89599609375,0.91552734375,0.91552734375,3000,0.5689308643341064,0.5669458508491516,2.579508197060087,1.0537464484814347,0.8735378080908937,1.3514316082000732,1.264911064067352,1.0,0.001,10.0,1.0,128,300,3,3000,-1.0,0,0,0,0,0,0.0,1.0,0,10,3.2490788990307586,35.225006103515625,12.618224859237671,3000,dfa,mnist,div255,mlp,tanh,sigmoid_bce,none
0.7455953359603882,0.8728252649307251,1.9330016342366223,0.8638102412223816,0.8563257455825806,2.232589967189742,0.9314393401145936,0.7956743836402893,2.376694229034008,80,1.3514316082000732,0.8312791068129053,outlr10,1,2,,,,,,E1_headline/outlr10/seed1_fb2.csv,3,0.9050796627998352,0.7455953359603882,0.3873637318611145,0.9887229204177856,13.798158645629885,0.5621236562728882,0.8563257455825806,0.8638102412223816,0.3898089230060577,0.992600440979004,11.267420768737791,0.4658144116401672,0.7956743836402893,0.9314393401145936,0.387746512889862,0.9939010739326476,9.42509651184082,0.5019121766090393,0.80859375,0.8798828125,0.89501953125,0.91943359375,0.91943359375,3000,0.5704049468040466,0.5689970254898071,2.579508197060087,1.0537464484814347,0.8735378080908937,1.3514316082000732,1.264911064067352,1.0,0.001,10.0,1.0,128,300,3,3000,-1.0,0,0,0,0,0,0.0,1.0,0,10,3.2490788990307586,35.225006103515625,13.547853469848633,3000,dfa,mnist,div255,mlp,tanh,sigmoid_bce,none
0.7378751635551453,0.8862204551696777,1.8865263971058015,0.8556839823722839,0.8660418391227722,2.19542736273082,0.9227603077888488,0.8181485533714294,2.292323663883614,60,1.247653603553772,0.8302503508938153,outlr10,2,0,,,,,,E1_headline/outlr10/seed2_fb0.csv,3,0.9131069779396056,0.7378751635551453,0.4126372337341308,0.9858370423316956,15.55845069885254,0.5731748342514038,0.8660418391227722,0.8556839823722839,0.3982468843460083,0.9923094511032104,11.637540817260742,0.497344970703125,0.8181485533714294,0.9227603077888488,0.3910796046257019,0.993703842163086,9.466567993164062,0.5012516379356384,0.79638671875,0.88232421875,0.8984375,0.91748046875,0.91748046875,3000,0.5553637742996216,0.5553637742996216,2.3719888895426524,1.0842361481867693,0.8274976220576835,1.247653603553772,1.264911064067352,1.0,0.001,10.0,1.0,128,300,3,3000,-1.0,0,0,0,0,0,0.0,1.0,0,10,3.2490788990307586,35.225006103515625,12.790565490722656,3000,dfa,mnist,div255,mlp,tanh,sigmoid_bce,none
0.7332746982574463,0.9082801938056946,1.8244086738447465,0.8768759369850159,0.8443512916564941,1.847160512277515,0.9386762380599976,0.7950869798660278,2.336520087534593,100,1.247653603553772,0.8527793373817367,outlr10,2,1,,,,,,E1_headline/outlr10/seed2_fb1.csv,3,0.9164416790008544,0.7332746982574463,0.4126372337341308,0.9858370423316956,15.55845069885254,0.59719318151474,0.8443512916564941,0.8768759369850159,0.3982468843460083,0.9923094511032104,11.637540817260742,0.4869050085544586,0.7950869798660278,0.9386762380599976,0.3910796046257019,0.993703842163086,9.466567993164062,0.4928008019924164,0.79736328125,0.8740234375,0.892578125,0.91748046875,0.91748046875,3000,0.5660641193389893,0.5660641193389893,2.3719888895426524,1.0842361481867693,0.8274976220576835,1.247653603553772,1.264911064067352,1.0,0.001,10.0,1.0,128,300,3,3000,-1.0,0,0,0,0,0,0.0,1.0,0,10,3.2490788990307586,35.225006103515625,15.647777318954468,3000,dfa,mnist,div255,mlp,tanh,sigmoid_bce,none
0.7324819564819336,0.8938945531845093,1.9454059034668167,0.849495530128479,0.8719466328620911,2.1175018909566607,0.9180731177330016,0.8230535984039307,2.218065316439298,60,1.247653603553772,0.8007163222744369,outlr10,2,2,,,,,,E1_headline/outlr10/seed2_fb2.csv,3,0.913754105567932,0.7324819564819336,0.4126372337341308,0.9858370423316956,15.55845069885254,0.5747495889663696,0.8732209801673889,0.849495530128479,0.3982468843460083,0.9923094511032104,11.637540817260742,0.4964564740657806,0.8230535984039307,0.9180731177330016,0.3910796046257019,0.993703842163086,9.466567993164062,0.4992620944976806,0.7900390625,0.8857421875,0.90185546875,0.9208984375,0.9208984375,3000,0.5578048825263977,0.5578048825263977,2.3719888895426524,1.0842361481867693,0.8274976220576835,1.247653603553772,1.264911064067352,1.0,0.001,10.0,1.0,128,300,3,3000,-1.0,0,0,0,0,0,0.0,1.0,0,10,3.2490788990307586,35.225006103515625,13.040618658065796,3000,dfa,mnist,div255,mlp,tanh,sigmoid_bce,none
0.7579078078269958,0.900069534778595,1.8780253558281812,0.8593780994415283,0.8535367250442505,2.0310312171992635,0.9280382394790648,0.8077947497367859,2.282862010844073,80,1.1960808038711548,0.8191772706148227,outlr10,3,0,,,,,,E1_headline/outlr10/seed3_fb0.csv,3,0.914379358291626,0.7579078078269958,0.4067066311836242,0.9870036244392396,14.927203178405762,0.5829802751541138,0.8535367250442505,0.8593780994415283,0.3847300410270691,0.9916552901268004,11.3062744140625,0.4877003133296966,0.8077947497367859,0.9280382394790648,0.3630390167236328,0.9950414299964904,8.48564624786377,0.4752438068389892,0.78564453125,0.869140625,0.88623046875,0.90478515625,0.90478515625,3000,0.602005124092102,0.6015031337738037,2.5090916219308506,1.1031830316751812,0.8523827419454747,1.1960808038711548,1.264911064067352,1.0,0.001,10.0,1.0,128,300,3,3000,-1.0,0,0,0,0,0,0.0,1.0,0,10,3.2490788990307586,35.225006103515625,18.21900248527527,3000,dfa,mnist,div255,mlp,tanh,sigmoid_bce,none
0.7160199880599976,0.9085666537284852,1.931130342160908,0.8499093055725098,0.8507412075996399,1.8990587472377105,0.9179701805114746,0.82552570104599,2.3969981985314512,60,1.1960808038711548,0.7879883988870019,outlr10,3,1,,,,,,E1_headline/outlr10/seed3_fb1.csv,3,0.9255634546279908,0.7160199880599976,0.4067066311836242,0.9870036244392396,14.927203178405762,0.5789238810539246,0.8612584471702576,0.8499093055725098,0.3847300410270691,0.9916552901268004,11.3062744140625,0.4842552244663238,0.82552570104599,0.9179701805114746,0.3630390167236328,0.9950414299964904,8.48564624786377,0.5021906495094299,0.79931640625,0.8642578125,0.8876953125,0.904296875,0.904296875,3000,0.6037806868553162,0.6035560965538025,2.5090916219308506,1.1031830316751812,0.8523827419454747,1.1960808038711548,1.264911064067352,1.0,0.001,10.0,1.0,128,300,3,3000,-1.0,0,0,0,0,0,0.0,1.0,0,10,3.2490788990307586,35.225006103515625,12.746728897094727,3000,dfa,mnist,div255,mlp,tanh,sigmoid_bce,none
0.741961658000946,0.8923014402389526,1.994803878501185,0.8665920495986938,0.853628396987915,2.1530301293888034,0.9279829263687134,0.8111464977264404,2.421773426863724,90,1.1960808038711548,0.9032563985048987,outlr10,3,2,,,,,,E1_headline/outlr10/seed3_fb2.csv,3,0.9178413152694702,0.741961658000946,0.4067066311836242,0.9870036244392396,14.927203178405762,0.5846319198608398,0.853628396987915,0.8665920495986938,0.3847300410270691,0.9916552901268004,11.3062744140625,0.4908683896064758,0.8111464977264404,0.9279829263687134,0.3630390167236328,0.9950414299964904,8.48564624786377,0.5137143135070801,0.78173828125,0.86767578125,0.888671875,0.90576171875,0.90576171875,3000,0.5939840078353882,0.5934398174285889,2.5090916219308506,1.1031830316751812,0.8523827419454747,1.1960808038711548,1.264911064067352,1.0,0.001,10.0,1.0,128,300,3,3000,-1.0,0,0,0,0,0,0.0,1.0,0,10,3.2490788990307586,35.225006103515625,13.897397756576538,3000,dfa,mnist,div255,mlp,tanh,sigmoid_bce,none
0.7577610015869141,0.8858363032341003,1.911452244400413,0.8515101075172424,0.8711577653884888,2.315521038203086,0.9211588501930236,0.8203158378601074,2.346790047902737,60,1.324767827987671,0.8021346624181217,outlr10,4,0,,,,,,E1_headline/outlr10/seed4_fb0.csv,3,0.9109755158424376,0.7577610015869141,0.4106832444667816,0.9866453409194946,15.277892112731934,0.5623246431350708,0.8727328181266785,0.8515101075172424,0.3886938989162445,0.9913927912712096,11.406888961791992,0.480195015668869,0.8203158378601074,0.9211588501930236,0.3955017924308777,0.9944201111793518,9.7918701171875,0.4808465242385864,0.80712890625,0.86669921875,0.884765625,0.908203125,0.908203125,3000,0.6148583889007568,0.6148583889007568,2.4426766846528705,1.0976292847389277,0.8366049217340275,1.324767827987671,1.264911064067352,1.0,0.001,10.0,1.0,128,300,3,3000,-1.0,0,0,0,0,0,0.0,1.0,0,10,3.2490788990307586,35.225006103515625,12.745012521743774,3000,dfa,mnist,div255,mlp,tanh,sigmoid_bce,none
0.7212386131286621,0.9021110534667968,1.9456900750817343,0.8398066163063049,0.8388476967811584,2.0773217370409984,0.9060013890266418,0.851715087890625,2.499942431507673,20,1.324767827987671,0.7343881414337753,outlr10,4,1,,,,,,E1_headline/outlr10/seed4_fb1.csv,3,0.928396999835968,0.7212386131286621,0.4106832444667816,0.9866453409194946,15.277892112731934,0.571268618106842,0.8723906874656677,0.8398066163063049,0.3886938989162445,0.9913927912712096,11.406888961791992,0.4973818659782409,0.851715087890625,0.9060013890266418,0.3955017924308777,0.9944201111793518,9.7918701171875,0.4892606735229492,0.80615234375,0.8642578125,0.88330078125,0.90478515625,0.90478515625,3000,0.6224993467330933,0.6224993467330933,2.4426766846528705,1.0976292847389277,0.8366049217340275,1.324767827987671,1.264911064067352,1.0,0.001,10.0,1.0,128,300,3,3000,-1.0,0,0,0,0,0,0.0,1.0,0,10,3.2490788990307586,35.225006103515625,12.872751712799072,3000,dfa,mnist,div255,mlp,tanh,sigmoid_bce,none
0.7304129004478455,0.8849350810050964,1.9908189697408432,0.8308951258659363,0.8648061156272888,2.225818472606357,0.905752956867218,0.8364557027816772,2.3832812076475456,40,1.324767827987671,0.8293524211914381,outlr10,4,2,,,,,,E1_headline/outlr10/seed4_fb2.csv,3,0.9161881804466248,0.7304129004478455,0.4106832444667816,0.9866453409194946,15.277892112731934,0.5751311182975769,0.8806342482566833,0.8308951258659363,0.3886938989162445,0.9913927912712096,11.406888961791992,0.4942426681518554,0.8364557027816772,0.905752956867218,0.3955017924308777,0.9944201111793518,9.7918701171875,0.5013250112533569,0.79443359375,0.86279296875,0.8837890625,0.90234375,0.90234375,3000,0.6230164170265198,0.6230164170265198,2.4426766846528705,1.0976292847389277,0.8366049217340275,1.324767827987671,1.264911064067352,1.0,0.001,10.0,1.0,128,300,3,3000,-1.0,0,0,0,0,0,0.0,1.0,0,10,3.2490788990307586,35.225006103515625,13.626949787139893,3000,dfa,mnist,div255,mlp,tanh,sigmoid_bce,none
0.1026625633239746,0.983033001422882,0.3888487091838876,0.4320771098136902,0.9416015148162842,1.3247303944467308,0.8697566390037537,0.7239618897438049,4.479399422483225,0,1.2690526247024536,1.293211181422395,pixcenter,0,0,,,,,,E1_headline/pixcenter/seed0_fb0.csv,3,0.9922178983688354,0.1026625633239746,0.0022947217803448,0.998843789100647,0.0331843346357345,0.6731392741203308,0.9696125984191896,0.4320771098136902,0.0019919914193451,0.9991624355316162,0.0291326120495796,0.5589268207550049,0.7239618897438049,0.8697566390037537,0.0017817952902987,0.999336838722229,0.0232651866972446,0.3471412360668182,0.53662109375,0.833984375,0.87109375,0.90576171875,0.90576171875,3000,0.7245091795921326,0.7245091795921326,6.812490186267706,7.038558140310259,7.010955819954603,1.2690526247024536,1.264911064067352,1.0,0.001,1.0,1.0,128,300,3,3000,-1.0,0,0,0,0,0,0.0,1.0,0,10,3.2490788990307586,1.7229292536939667e-13,13.859542846679688,3000,dfa,mnist,pixcenter,mlp,tanh,sigmoid_bce,none
0.0935434401035308,0.9815510511398317,0.4006722581048987,0.4576152563095093,0.9434809684753418,1.2324224342223573,0.8728721141815186,0.7141963839530945,5.173448052824619,0,1.2690526247024536,1.296509170248217,pixcenter,0,1,,,,,,E1_headline/pixcenter/seed0_fb1.csv,3,0.991120219230652,0.0935434401035308,0.0022947217803448,0.998843789100647,0.0331843346357345,0.6618065237998962,0.9700820446014404,0.4576152563095093,0.0019919914193451,0.9991624355316162,0.0291326120495796,0.5541656613349915,0.7141963839530945,0.8728721141815186,0.0017817952902987,0.999336838722229,0.0232651866972446,0.3554066717624664,0.537109375,0.8203125,0.8662109375,0.89453125,0.89453125,3000,0.7388817071914673,0.7388817071914673,6.812490186267706,7.038558140310259,7.010955819954603,1.2690526247024536,1.264911064067352,1.0,0.001,1.0,1.0,128,300,3,3000,-1.0,0,0,0,0,0,0.0,1.0,0,10,3.2490788990307586,1.7229292536939667e-13,13.75694727897644,3000,dfa,mnist,pixcenter,mlp,tanh,sigmoid_bce,none
0.1136401146650314,0.9827802181243896,0.4227840295988158,0.4803073704242706,0.9427793622016908,1.4863750779657674,0.8875230550765991,0.6997519135475159,5.405392571433385,0,1.2690526247024536,1.3031310500158022,pixcenter,0,2,,,,,,E1_headline/pixcenter/seed0_fb2.csv,3,0.9911705851554872,0.1136401146650314,0.0022947217803448,0.998843789100647,0.0331843346357345,0.6755431890487671,0.9555565118789672,0.4803073704242706,0.0019919914193451,0.9991624355316162,0.0291326120495796,0.5651865005493164,0.6997519135475159,0.8875230550765991,0.0017817952902987,0.999336838722229,0.0232651866972446,0.3615014255046844,0.53173828125,0.81201171875,0.861328125,0.8984375,0.8984375,3000,0.7472381591796875,0.7472381591796875,6.812490186267706,7.038558140310259,7.010955819954603,1.2690526247024536,1.264911064067352,1.0,0.001,1.0,1.0,128,300,3,3000,-1.0,0,0,0,0,0,0.0,1.0,0,10,3.2490788990307586,1.7229292536939667e-13,14.25660252571106,3000,dfa,mnist,pixcenter,mlp,tanh,sigmoid_bce,none
0.1137957572937011,0.9819820523262024,0.4192665890981207,0.484431505203247,0.9416003823280334,1.5345541525716164,0.8907289505004883,0.6559011340141296,5.689489427829495,0,1.2642813920974731,1.2541049899661025,pixcenter,1,0,,,,,,E1_headline/pixcenter/seed1_fb0.csv,3,0.9904836416244508,0.1137957572937011,0.0030832327902317,0.9989427924156188,0.0267769750207662,0.6743738055229187,0.960233509540558,0.484431505203247,0.0030713810119777,0.9992337822914124,0.0231515243649482,0.5559719800949097,0.6559011340141296,0.8907289505004883,0.002933605806902,0.9991592168807985,0.0239618811756372,0.362836480140686,0.45556640625,0.8232421875,0.86962890625,0.89501953125,0.89501953125,3000,0.7187106609344482,0.7187106609344482,6.782259668193176,6.9638680659115355,6.939279318149561,1.2642813920974731,1.264911064067352,1.0,0.001,1.0,1.0,128,300,3,3000,-1.0,0,0,0,0,0,0.0,1.0,0,10,3.2490788990307586,1.7229292536939667e-13,12.754066228866577,3000,dfa,mnist,pixcenter,mlp,tanh,sigmoid_bce,none
0.0994040071964263,0.9798732399940492,0.4089480088725559,0.4846461117267608,0.947533905506134,1.3057834887996451,0.8918196558952332,0.669984757900238,5.653699315953878,0,1.2642813920974731,1.2512493279805081,pixcenter,1,1,,,,,,E1_headline/pixcenter/seed1_fb1.csv,3,0.9899504780769348,0.0994040071964263,0.0030832327902317,0.9989427924156188,0.0267769750207662,0.650729775428772,0.9679453372955322,0.4846461117267608,0.0030713810119777,0.9992337822914124,0.0231515243649482,0.5703379511833191,0.669984757900238,0.8918196558952332,0.002933605806902,0.9991592168807985,0.0239618811756372,0.344217985868454,0.43212890625,0.8330078125,0.87255859375,0.900390625,0.900390625,3000,0.7114258408546448,0.7114258408546448,6.782259668193176,6.9638680659115355,6.939279318149561,1.2642813920974731,1.264911064067352,1.0,0.001,1.0,1.0,128,300,3,3000,-1.0,0,0,0,0,0,0.0,1.0,0,10,3.2490788990307586,1.7229292536939667e-13,13.82736587524414,3000,dfa,mnist,pixcenter,mlp,tanh,sigmoid_bce,none
0.1136289462447166,0.982827603816986,0.4213777962586375,0.4664366841316223,0.9467592239379884,1.5380708148569433,0.8573190569877625,0.6854899525642395,5.787455472964024,0,1.2642813920974731,1.2456651031258057,pixcenter,1,2,,,,,,E1_headline/pixcenter/seed1_fb2.csv,3,0.99021577835083,0.1136289462447166,0.0030832327902317,0.9989427924156188,0.0267769750207662,0.6750449538230896,0.9514501094818116,0.4664366841316223,0.0030713810119777,0.9992337822914124,0.0231515243649482,0.5368398427963257,0.6854899525642395,0.8573190569877625,0.002933605806902,0.9991592168807985,0.0239618811756372,0.3585611581802368,0.572265625,0.822265625,0.87255859375,0.89892578125,0.89892578125,3000,0.7180565595626831,0.7180565595626831,6.782259668193176,6.9638680659115355,6.939279318149561,1.2642813920974731,1.264911064067352,1.0,0.001,1.0,1.0,128,300,3,3000,-1.0,0,0,0,0,0,0.0,1.0,0,10,3.2490788990307586,1.7229292536939667e-13,12.84674334526062,3000,dfa,mnist,pixcenter,mlp,tanh,sigmoid_bce,none
0.1105726957321167,0.9829136729240416,0.4085510965664399,0.4660573303699493,0.9482986330986024,1.4180898964777175,0.880124032497406,0.7035245895385742,4.898789459329903,0,1.2689590454101562,1.289015752792769,pixcenter,2,0,,,,,,E1_headline/pixcenter/seed2_fb0.csv,3,0.992018461227417,0.1105726957321167,0.0022891883272677,0.9988387227058412,0.0297175049781799,0.6799595355987549,0.9658523797988892,0.4660573303699493,0.0024208326358348,0.9990846514701844,0.027212269604206,0.5601082444190979,0.7035245895385742,0.880124032497406,0.0022677946835756,0.9993002414703368,0.0236584804952144,0.3687313795089721,0.51220703125,0.8212890625,0.8740234375,0.9033203125,0.9033203125,3000,0.7017947435379028,0.7017947435379028,6.809370642980321,7.011728148960152,6.994669072750861,1.2689590454101562,1.264911064067352,1.0,0.001,1.0,1.0,128,300,3,3000,-1.0,0,0,0,0,0,0.0,1.0,0,10,3.2490788990307586,1.7229292536939667e-13,12.735911846160889,3000,dfa,mnist,pixcenter,mlp,tanh,sigmoid_bce,none
0.0989428535103797,0.9815804958343506,0.4019062673507104,0.5088749527931213,0.9534946084022522,1.256715748194689,0.9031323194503784,0.6693496704101562,5.457549373122135,30,1.2689590454101562,1.2930853438857628,pixcenter,2,1,,,,,,E1_headline/pixcenter/seed2_fb1.csv,3,0.9901317358016968,0.0989428535103797,0.0022891883272677,0.9988387227058412,0.0297175049781799,0.665533185005188,0.9645332098007202,0.5088749527931213,0.0024208326358348,0.9990846514701844,0.027212269604206,0.5557153224945068,0.6693496704101562,0.9031323194503784,0.0022677946835756,0.9993002414703368,0.0236584804952144,0.3672005236148834,0.55517578125,0.81494140625,0.865234375,0.90087890625,0.90087890625,3000,0.7119504809379578,0.7119504809379578,6.809370642980321,7.011728148960152,6.994669072750861,1.2689590454101562,1.264911064067352,1.0,0.001,1.0,1.0,128,300,3,3000,-1.0,0,0,0,0,0,0.0,1.0,0,10,3.2490788990307586,1.7229292536939667e-13,13.924506425857544,3000,dfa,mnist,pixcenter,mlp,tanh,sigmoid_bce,none
0.0995348542928695,0.9818376898765564,0.4122691732458817,0.4004206359386444,0.9500038027763368,1.39412673548862,0.8103895783424377,0.7344874739646912,4.7939106329975605,0,1.2689590454101562,1.282024673876958,pixcenter,2,2,,,,,,E1_headline/pixcenter/seed2_fb2.csv,3,0.9897700548171996,0.0995348542928695,0.0022891883272677,0.9988387227058412,0.0297175049781799,0.6700827479362488,0.9556148052215576,0.4004206359386444,0.0024208326358348,0.9990846514701844,0.027212269604206,0.5403732657432556,0.7344874739646912,0.8103895783424377,0.0022677946835756,0.9993002414703368,0.0236584804952144,0.3646855652332306,0.47509765625,0.82666015625,0.87353515625,0.90771484375,0.90771484375,3000,0.7022339105606079,0.7022339105606079,6.809370642980321,7.011728148960152,6.994669072750861,1.2689590454101562,1.264911064067352,1.0,0.001,1.0,1.0,128,300,3,3000,-1.0,0,0,0,0,0,0.0,1.0,0,10,3.2490788990307586,1.7229292536939667e-13,12.664042472839355,3000,dfa,mnist,pixcenter,mlp,tanh,sigmoid_bce,none
0.1130456253886222,0.982882022857666,0.4086947873967362,0.4797793924808502,0.9433161616325378,1.4592708907976597,0.8841668367385864,0.6659266352653503,5.213614219345824,0,1.2642155885696411,1.2704772719386381,pixcenter,3,0,,,,,,E1_headline/pixcenter/seed3_fb0.csv,3,0.9917428493499756,0.1130456253886222,8.691337279742584e-05,0.9990816712379456,0.0204711221158504,0.6712031960487366,0.960440993309021,0.4797793924808502,0.0003514406562317,0.9988895654678344,0.0177709311246871,0.5436520576477051,0.6659266352653503,0.8841668367385864,0.0005186985363252,0.9992747902870178,0.0165616981685161,0.3305767476558685,0.46630859375,0.81689453125,0.85693359375,0.892578125,0.892578125,3000,0.7516076564788818,0.7516076564788818,6.831276368325248,6.971120261067157,6.952674510159262,1.2642155885696411,1.264911064067352,1.0,0.001,1.0,1.0,128,300,3,3000,-1.0,0,0,0,0,0,0.0,1.0,0,10,3.2490788990307586,1.7229292536939667e-13,12.710569143295288,3000,dfa,mnist,pixcenter,mlp,tanh,sigmoid_bce,none
0.084777221083641,0.9820091128349304,0.3987760168787252,0.4473467171192169,0.9476687908172609,1.2117353403578122,0.8695304989814758,0.7090017795562744,5.125357142196989,0,1.2642155885696411,1.2657796461760875,pixcenter,3,1,,,,,,E1_headline/pixcenter/seed3_fb1.csv,3,0.9903178811073304,0.084777221083641,8.691337279742584e-05,0.9990816712379456,0.0204711221158504,0.6581141948699951,0.9630778431892396,0.4473467171192169,0.0003514406562317,0.9988895654678344,0.0177709311246871,0.5520200729370117,0.7090017795562744,0.8695304989814758,0.0005186985363252,0.9992747902870178,0.0165616981685161,0.343056857585907,0.50927734375,0.8134765625,0.859375,0.88818359375,0.88818359375,3000,0.7418352961540222,0.7418352961540222,6.831276368325248,6.971120261067157,6.952674510159262,1.2642155885696411,1.264911064067352,1.0,0.001,1.0,1.0,128,300,3,3000,-1.0,0,0,0,0,0,0.0,1.0,0,10,3.2490788990307586,1.7229292536939667e-13,14.473710775375366,3000,dfa,mnist,pixcenter,mlp,tanh,sigmoid_bce,none
0.0950038060545921,0.9832713603973388,0.420929705406413,0.4384025037288666,0.9509639143943788,1.4174754987792566,0.8551486134529114,0.7290483117103577,5.400789708491104,0,1.2642155885696411,1.27269981684502,pixcenter,3,2,,,,,,E1_headline/pixcenter/seed3_fb2.csv,3,0.9895622730255128,0.0950038060545921,8.691337279742584e-05,0.9990816712379456,0.0204711221158504,0.6700299978256226,0.9620705246925354,0.4384025037288666,0.0003514406562317,0.9988895654678344,0.0177709311246871,0.5560094118118286,0.7290483117103577,0.8551486134529114,0.0005186985363252,0.9992747902870178,0.0165616981685161,0.3579641878604889,0.5537109375,0.8193359375,0.865234375,0.89697265625,0.89697265625,3000,0.7339636087417603,0.7339636087417603,6.831276368325248,6.971120261067157,6.952674510159262,1.2642155885696411,1.264911064067352,1.0,0.001,1.0,1.0,128,300,3,3000,-1.0,0,0,0,0,0,0.0,1.0,0,10,3.2490788990307586,1.7229292536939667e-13,13.554081439971924,3000,dfa,mnist,pixcenter,mlp,tanh,sigmoid_bce,none
0.1182525232434272,0.9855706095695496,0.4000279991275739,0.4543729126453399,0.9537926316261292,1.422798922645446,0.8562564849853516,0.7103813886642456,5.037550156934497,0,1.2655861377716064,1.2692991406115492,pixcenter,4,0,,,,,,E1_headline/pixcenter/seed4_fb0.csv,3,0.9923955798149108,0.1182525232434272,0.0038324494380503,0.9990561604499816,0.0458940342068672,0.6712997555732727,0.9692429304122924,0.4543729126453399,0.0034183000680059,0.9991775155067444,0.0398247987031936,0.5502205491065979,0.7103813886642456,0.8562564849853516,0.003194902325049,0.9994117021560668,0.0379789136350154,0.3401113748550415,0.53857421875,0.80810546875,0.85986328125,0.8896484375,0.8896484375,3000,0.7386573553085327,0.7386573553085327,6.697575765074934,7.00495453633916,6.964305371717231,1.2655861377716064,1.264911064067352,1.0,0.001,1.0,1.0,128,300,3,3000,-1.0,0,0,0,0,0,0.0,1.0,0,10,3.2490788990307586,1.7229292536939667e-13,12.726943969726562,3000,dfa,mnist,pixcenter,mlp,tanh,sigmoid_bce,none
0.0894477739930152,0.9816106557846068,0.4110339286560155,0.4215133786201477,0.9468036890029908,1.308388900657474,0.8396735191345215,0.7581130862236023,5.654361145569801,0,1.2655861377716064,1.26035458573856,pixcenter,4,1,,,,,,E1_headline/pixcenter/seed4_fb1.csv,3,0.9894720911979676,0.0894477739930152,0.0038324494380503,0.9990561604499816,0.0458940342068672,0.6571941375732422,0.9642077684402466,0.4215133786201477,0.0034183000680059,0.9991775155067444,0.0398247987031936,0.5569711327552795,0.7581130862236023,0.8396735191345215,0.003194902325049,0.9994117021560668,0.0379789136350154,0.3312488496303558,0.5419921875,0.8173828125,0.85546875,0.89501953125,0.89501953125,3000,0.7492541074752808,0.7492541074752808,6.697575765074934,7.00495453633916,6.964305371717231,1.2655861377716064,1.264911064067352,1.0,0.001,1.0,1.0,128,300,3,3000,-1.0,0,0,0,0,0,0.0,1.0,0,10,3.2490788990307586,1.7229292536939667e-13,13.445910930633545,3000,dfa,mnist,pixcenter,mlp,tanh,sigmoid_bce,none
0.1023409068584442,0.9833230376243592,0.4205507887030804,0.420936107635498,0.9491128921508788,1.440216611281107,0.8437563180923462,0.7295111417770386,5.073784748338143,0,1.2655861377716064,1.2715532707595167,pixcenter,4,2,,,,,,E1_headline/pixcenter/seed4_fb2.csv,3,0.9917557835578918,0.1023409068584442,0.0038324494380503,0.9990561604499816,0.0458940342068672,0.6700027585029602,0.967106819152832,0.420936107635498,0.0034183000680059,0.9991775155067444,0.0398247987031936,0.5578056573867798,0.7295111417770386,0.8437563180923462,0.003194902325049,0.9994117021560668,0.0379789136350154,0.3452994227409363,0.494140625,0.8056640625,0.86083984375,0.89208984375,0.89208984375,3000,0.771156907081604,0.771156907081604,6.697575765074934,7.00495453633916,6.964305371717231,1.2655861377716064,1.264911064067352,1.0,0.001,1.0,1.0,128,300,3,3000,-1.0,0,0,0,0,0,0.0,1.0,0,10,3.2490788990307586,1.7229292536939667e-13,13.94080400466919,3000,dfa,mnist,pixcenter,mlp,tanh,sigmoid_bce,none
0.0033510613720864,0.9855417609214784,2.340151519114765,0.0113746114075183,0.9436813592910768,2.628261913743335,0.0664650127291679,0.8974655866622925,4.644808654550299,0,1.2690526247024536,1.2986218984397937,pixcenter_frzbias,0,0,,,,,,E1_headline/pixcenter_frzbias/seed0_fb0.csv,3,0.9915589094161988,0.0030422289855778,0.0022947217803448,0.998843789100647,0.0331843346357345,0.5299849510192871,0.9684240818023682,0.0050401180051267,0.0019919914193451,0.9991624355316162,0.0291326120495796,0.4648149609565735,0.9077869653701782,0.0076138167642056,0.0017817952902987,0.999336838722229,0.0232651866972446,0.3080120980739593,0.6865234375,0.806640625,0.86279296875,0.896484375,0.896484375,3000,1.4122941493988037,1.4122941493988037,6.812490186267706,7.038558140310259,7.010955819954603,1.2690526247024536,1.264911064067352,1.0,0.001,1.0,1.0,128,300,3,3000,-1.0,1,0,0,0,0,0.0,1.0,0,10,3.2490788990307586,1.7229292536939667e-13,15.216816425323486,3000,dfa,mnist,pixcenter,mlp,tanh,sigmoid_bce,none
0.0036838189698755,0.9827094674110411,2.356233543493116,0.013738009147346,0.9490213990211488,2.630306482033937,0.0766941010951995,0.9063666462898254,4.961667829632692,0,1.2690526247024536,1.299636147058424,pixcenter_frzbias,0,1,,,,,,E1_headline/pixcenter_frzbias/seed0_fb1.csv,3,0.9906741976737976,0.0032329130917787,0.0022947217803448,0.998843789100647,0.0331843346357345,0.5018750429153442,0.96034836769104,0.0052393903024494,0.0019919914193451,0.9991624355316162,0.0291326120495796,0.4755343198776245,0.9093373417854308,0.0072714849375188,0.0017817952902987,0.999336838722229,0.0232651866972446,0.3181242346763611,0.54541015625,0.7919921875,0.85888671875,0.89306640625,0.89306640625,3000,1.4513332843780518,1.4513332843780518,6.812490186267706,7.038558140310259,7.010955819954603,1.2690526247024536,1.264911064067352,1.0,0.001,1.0,1.0,128,300,3,3000,-1.0,1,0,0,0,0,0.0,1.0,0,10,3.2490788990307586,1.7229292536939667e-13,14.17903208732605,3000,dfa,mnist,pixcenter,mlp,tanh,sigmoid_bce,none
0.003907564561814,0.982573926448822,2.366507189478804,0.0114840436726808,0.9471954107284546,2.687950708494676,0.0661340728402137,0.8921505212783813,5.029772611740903,0,1.2690526247024536,1.3013453341674912,pixcenter_frzbias,0,2,,,,,,E1_headline/pixcenter_frzbias/seed0_fb2.csv,3,0.9907401204109192,0.003907564561814,0.0022947217803448,0.998843789100647,0.0331843346357345,0.5313971638679504,0.9630839824676514,0.0089943129569292,0.0019919914193451,0.9991624355316162,0.0291326120495796,0.451483815908432,0.8921505212783813,0.0161659624427557,0.0017817952902987,0.999336838722229,0.0232651866972446,0.324156105518341,0.5810546875,0.77294921875,0.83740234375,0.8896484375,0.8896484375,3000,1.433327555656433,1.433327555656433,6.812490186267706,7.038558140310259,7.010955819954603,1.2690526247024536,1.264911064067352,1.0,0.001,1.0,1.0,128,300,3,3000,-1.0,1,0,0,0,0,0.0,1.0,0,10,3.2490788990307586,1.7229292536939667e-13,16.445966005325317,3000,dfa,mnist,pixcenter,mlp,tanh,sigmoid_bce,none
0.005606741644442,0.982198178768158,2.306321758552845,0.0169437322765588,0.9445062279701232,2.6514062663802127,0.0931532680988311,0.9104925394058228,5.020102031373367,0,1.2642813920974731,1.2433105135652367,pixcenter_frzbias,1,0,,,,,,E1_headline/pixcenter_frzbias/seed1_fb0.csv,3,0.9898993968963624,0.005188338458538,0.0030832327902317,0.9989427924156188,0.0267769750207662,0.509418785572052,0.9674077033996582,0.0120650175958871,0.0030713810119777,0.9992337822914124,0.0231515243649482,0.4609287679195404,0.9171766638755798,0.02608491666615,0.002933605806902,0.9991592168807985,0.0239618811756372,0.3100441992282867,0.56982421875,0.8125,0.86474609375,0.8974609375,0.8974609375,3000,1.314471960067749,1.3133866786956787,6.782259668193176,6.9638680659115355,6.939279318149561,1.2642813920974731,1.264911064067352,1.0,0.001,1.0,1.0,128,300,3,3000,-1.0,1,0,0,0,0,0.0,1.0,0,10,3.2490788990307586,1.7229292536939667e-13,14.139823913574219,3000,dfa,mnist,pixcenter,mlp,tanh,sigmoid_bce,none
0.0054322783835232,0.9812068343162536,2.334968992673285,0.0185206159949302,0.9522907137870787,2.6445789197222767,0.0902782380580902,0.9125925302505492,4.851953413868561,0,1.2642813920974731,1.2425109827490937,pixcenter_frzbias,1,1,,,,,,E1_headline/pixcenter_frzbias/seed1_fb1.csv,3,0.9916915893554688,0.0047991252504289,0.0030832327902317,0.9989427924156188,0.0267769750207662,0.4877311289310455,0.9767037630081176,0.0134035628288984,0.0030713810119777,0.9992337822914124,0.0231515243649482,0.4869776666164398,0.9382244348526,0.0284489765763282,0.002933605806902,0.9991592168807985,0.0239618811756372,0.3106609284877777,0.65185546875,0.78662109375,0.87109375,0.9033203125,0.9033203125,3000,1.3186547756195068,1.3186547756195068,6.782259668193176,6.9638680659115355,6.939279318149561,1.2642813920974731,1.264911064067352,1.0,0.001,1.0,1.0,128,300,3,3000,-1.0,1,0,0,0,0,0.0,1.0,0,10,3.2490788990307586,1.7229292536939667e-13,14.362354278564453,3000,dfa,mnist,pixcenter,mlp,tanh,sigmoid_bce,none
0.0063394848257303,0.9832285046577454,2.3529717116222013,0.0164474323391914,0.9468779563903807,2.660080202746463,0.0843359380960464,0.9144123792648317,4.914672117670684,0,1.2642813920974731,1.2426537687215828,pixcenter_frzbias,1,2,,,,,,E1_headline/pixcenter_frzbias/seed1_fb2.csv,3,0.9907562136650084,0.0051773115992546,0.0030832327902317,0.9989427924156188,0.0267769750207662,0.5123744606971741,0.9692439436912536,0.0101012140512466,0.0030713810119777,0.9992337822914124,0.0231515243649482,0.4414937496185303,0.9349947571754456,0.0162149537354707,0.002933605806902,0.9991592168807985,0.0239618811756372,0.315051406621933,0.6396484375,0.8056640625,0.86181640625,0.9013671875,0.9013671875,3000,1.3637858629226685,1.3637858629226685,6.782259668193176,6.9638680659115355,6.939279318149561,1.2642813920974731,1.264911064067352,1.0,0.001,1.0,1.0,128,300,3,3000,-1.0,1,0,0,0,0,0.0,1.0,0,10,3.2490788990307586,1.7229292536939667e-13,14.183595418930054,3000,dfa,mnist,pixcenter,mlp,tanh,sigmoid_bce,none
0.0033528604544699,0.9843096137046814,2.3895286383754843,0.0127877099439501,0.9512113332748412,2.674792967708272,0.0798646360635757,0.9168075919151306,4.507060900797683,0,1.2689590454101562,1.2909934296124481,pixcenter_frzbias,2,0,,,,,,E1_headline/pixcenter_frzbias/seed2_fb0.csv,3,0.9918065071105956,0.0033528604544699,0.0022891883272677,0.9988387227058412,0.0297175049781799,0.5050866007804871,0.9731370210647584,0.0048319329507648,0.0024208326358348,0.9990846514701844,0.027212269604206,0.4687307775020599,0.9404337406158448,0.0081276251003146,0.0022677946835756,0.9993002414703368,0.0236584804952144,0.3252608180046081,0.61767578125,0.78271484375,0.85546875,0.90380859375,0.90380859375,3000,1.3484076261520386,1.3484076261520386,6.809370642980321,7.011728148960152,6.994669072750861,1.2689590454101562,1.264911064067352,1.0,0.001,1.0,1.0,128,300,3,3000,-1.0,1,0,0,0,0,0.0,1.0,0,10,3.2490788990307586,1.7229292536939667e-13,12.82736325263977,3000,dfa,mnist,pixcenter,mlp,tanh,sigmoid_bce,none
0.0061351247131824,0.9824908375740052,2.3252721726274754,0.0201898179948329,0.9475908875465392,2.610679011816127,0.1023492142558097,0.925484836101532,4.758745043528159,0,1.2689590454101562,1.2880972587976287,pixcenter_frzbias,2,1,,,,,,E1_headline/pixcenter_frzbias/seed2_fb1.csv,3,0.991243839263916,0.0025180124212056,0.0022891883272677,0.9988387227058412,0.0297175049781799,0.5007998943328857,0.9721583127975464,0.0024208326358348,0.0024208326358348,0.9990846514701844,0.027212269604206,0.4794042110443115,0.9255015254020692,0.0023457037750631,0.0022677946835756,0.9993002414703368,0.0236584804952144,0.3271286487579345,0.6552734375,0.802734375,0.8701171875,0.8994140625,0.8994140625,3000,1.2940702438354492,1.2940702438354492,6.809370642980321,7.011728148960152,6.994669072750861,1.2689590454101562,1.264911064067352,1.0,0.001,1.0,1.0,128,300,3,3000,-1.0,1,0,0,0,0,0.0,1.0,0,10,3.2490788990307586,1.7229292536939667e-13,12.777920722961426,3000,dfa,mnist,pixcenter,mlp,tanh,sigmoid_bce,none
0.0090186921879649,0.9834309220314026,2.31444674197793,0.0271604768931865,0.9550694227218628,2.608413839391236,0.0877052545547485,0.9086644649505616,4.755304814139615,0,1.2689590454101562,1.2914210687842682,pixcenter_frzbias,2,2,,,,,,E1_headline/pixcenter_frzbias/seed2_fb2.csv,3,0.9904546141624452,0.0090186921879649,0.0022891883272677,0.9988387227058412,0.0297175049781799,0.5035684108734131,0.9619052410125732,0.0271604768931865,0.0024208326358348,0.9990846514701844,0.027212269604206,0.4457868635654449,0.9086644649505616,0.0458827838301658,0.0022677946835756,0.9993002414703368,0.0236584804952144,0.3190301060676574,0.60400390625,0.80078125,0.87060546875,0.8994140625,0.8994140625,3000,1.312131404876709,1.312131404876709,6.809370642980321,7.011728148960152,6.994669072750861,1.2689590454101562,1.264911064067352,1.0,0.001,1.0,1.0,128,300,3,3000,-1.0,1,0,0,0,0,0.0,1.0,0,10,3.2490788990307586,1.7229292536939667e-13,12.756150007247925,3000,dfa,mnist,pixcenter,mlp,tanh,sigmoid_bce,none
0.0012758725788444,0.9821476936340332,2.3342474794990102,0.0094062611460685,0.9488953948020936,2.6478931135428008,0.0746243596076965,0.9050324559211732,4.688671132537698,0,1.2642155885696411,1.2724722717764316,pixcenter_frzbias,3,0,,,,,,E1_headline/pixcenter_frzbias/seed3_fb0.csv,3,0.9912585616111756,0.0010162733960896,8.691337279742584e-05,0.9990816712379456,0.0204711221158504,0.4842511117458343,0.9700436592102052,0.0047698346897959,0.0003514406562317,0.9988895654678344,0.0177709311246871,0.4313552379608154,0.9278175830841064,0.0110502382740378,0.0005186985363252,0.9992747902870178,0.0165616981685161,0.2910300195217132,0.6142578125,0.7822265625,0.8369140625,0.88818359375,0.88818359375,3000,1.4189777374267578,1.4189777374267578,6.831276368325248,6.971120261067157,6.952674510159262,1.2642155885696411,1.264911064067352,1.0,0.001,1.0,1.0,128,300,3,3000,-1.0,1,0,0,0,0,0.0,1.0,0,10,3.2490788990307586,1.7229292536939667e-13,12.715621948242188,3000,dfa,mnist,pixcenter,mlp,tanh,sigmoid_bce,none
0.0011492990888655,0.982915222644806,2.314197176244937,0.0092002712190151,0.9452669024467468,2.582922349324283,0.0677246004343032,0.9002227187156677,4.678748776534645,0,1.2642155885696411,1.2748082335092747,pixcenter_frzbias,3,1,,,,,,E1_headline/pixcenter_frzbias/seed3_fb1.csv,3,0.9913325309753418,8.691337279742584e-05,8.691337279742584e-05,0.9990816712379456,0.0204711221158504,0.4989438056945801,0.9653268456459044,0.0015156548470258,0.0003514406562317,0.9988895654678344,0.0177709311246871,0.4660658836364746,0.91569185256958,0.0043951417319476,0.0005186985363252,0.9992747902870178,0.0165616981685161,0.3105917870998382,0.59033203125,0.80322265625,0.84521484375,0.88037109375,0.88037109375,3000,1.4405279159545898,1.4405279159545898,6.831276368325248,6.971120261067157,6.952674510159262,1.2642155885696411,1.264911064067352,1.0,0.001,1.0,1.0,128,300,3,3000,-1.0,1,0,0,0,0,0.0,1.0,0,10,3.2490788990307586,1.7229292536939667e-13,13.972057104110718,3000,dfa,mnist,pixcenter,mlp,tanh,sigmoid_bce,none
0.0009904556209221,0.984067678451538,2.3772846681593287,0.0099461376667022,0.9515082836151124,2.6545233501731422,0.0677630305290222,0.908012330532074,4.899815800974447,0,1.2642155885696411,1.2707746327436424,pixcenter_frzbias,3,2,,,,,,E1_headline/pixcenter_frzbias/seed3_fb2.csv,3,0.9903193116188048,0.0005027277511544,8.691337279742584e-05,0.9990816712379456,0.0204711221158504,0.5127981901168823,0.9626891016960144,0.0035932031460106,0.0003514406562317,0.9988895654678344,0.0177709311246871,0.4772508442401886,0.9083154797554016,0.0077893496491014,0.0005186985363252,0.9992747902870178,0.0165616981685161,0.3069676756858825,0.5068359375,0.77685546875,0.84033203125,0.88623046875,0.88623046875,3000,1.4512176513671875,1.4512176513671875,6.831276368325248,6.971120261067157,6.952674510159262,1.2642155885696411,1.264911064067352,1.0,0.001,1.0,1.0,128,300,3,3000,-1.0,1,0,0,0,0,0.0,1.0,0,10,3.2490788990307586,1.7229292536939667e-13,14.087177515029907,3000,dfa,mnist,pixcenter,mlp,tanh,sigmoid_bce,none
0.0072720409370958,0.9838014245033264,2.3565635936547475,0.0164774283766746,0.9533298015594482,2.6526770330513685,0.0886007100343704,0.9134588837623596,4.903363946530254,0,1.2655861377716064,1.271702194269859,pixcenter_frzbias,4,0,,,,,,E1_headline/pixcenter_frzbias/seed4_fb0.csv,3,0.9919360280036926,0.0065726954489946,0.0038324494380503,0.9990561604499816,0.0458940342068672,0.5197360515594482,0.9699364900588988,0.0096946768462657,0.0034183000680059,0.9991775155067444,0.0398247987031936,0.4672845005989074,0.9299346804618835,0.0118269594386219,0.003194902325049,0.9994117021560668,0.0379789136350154,0.2962846457958221,0.595703125,0.78857421875,0.8525390625,0.890625,0.890625,3000,1.449683666229248,1.449683666229248,6.697575765074934,7.00495453633916,6.964305371717231,1.2655861377716064,1.264911064067352,1.0,0.001,1.0,1.0,128,300,3,3000,-1.0,1,0,0,0,0,0.0,1.0,0,10,3.2490788990307586,1.7229292536939667e-13,13.122937440872192,3000,dfa,mnist,pixcenter,mlp,tanh,sigmoid_bce,none
0.0042460565455257,0.9831611514091492,2.36720912743886,0.014375121332705,0.950359582901001,2.5974457304776126,0.0820026025176048,0.9097843766212464,4.568003570933557,0,1.2655861377716064,1.27020594982152,pixcenter_frzbias,4,1,,,,,,E1_headline/pixcenter_frzbias/seed4_fb1.csv,3,0.9911330938339232,0.0042460565455257,0.0038324494380503,0.9990561604499816,0.0458940342068672,0.5053858757019043,0.9732929468154908,0.0044627534225583,0.0034183000680059,0.9991775155067444,0.0398247987031936,0.4717481136322021,0.9346712827682496,0.0061003025621175,0.003194902325049,0.9994117021560668,0.0379789136350154,0.2882874608039856,0.67626953125,0.7890625,0.84765625,0.8876953125,0.8876953125,3000,1.460174322128296,1.460174322128296,6.697575765074934,7.00495453633916,6.964305371717231,1.2655861377716064,1.264911064067352,1.0,0.001,1.0,1.0,128,300,3,3000,-1.0,1,0,0,0,0,0.0,1.0,0,10,3.2490788990307586,1.7229292536939667e-13,12.872442245483398,3000,dfa,mnist,pixcenter,mlp,tanh,sigmoid_bce,none
0.0044433316215872,0.9836971759796144,2.40900410573629,0.0128294816240668,0.9504157900810242,2.7013540327049097,0.0817928537726402,0.924727976322174,4.851391213081051,0,1.2655861377716064,1.2715944803105224,pixcenter_frzbias,4,2,,,,,,E1_headline/pixcenter_frzbias/seed4_fb2.csv,3,0.992274522781372,0.0041297613643109,0.0038324494380503,0.9990561604499816,0.0458940342068672,0.4918403327465057,0.9731337428092957,0.0062271254137158,0.0034183000680059,0.9991775155067444,0.0398247987031936,0.4514407515525818,0.9379007816314696,0.0073673338629305,0.003194902325049,0.9994117021560668,0.0379789136350154,0.3025698959827423,0.57568359375,0.80712890625,0.85595703125,0.884765625,0.884765625,3000,1.499429702758789,1.499429702758789,6.697575765074934,7.00495453633916,6.964305371717231,1.2655861377716064,1.264911064067352,1.0,0.001,1.0,1.0,128,300,3,3000,-1.0,1,0,0,0,0,0.0,1.0,0,10,3.2490788990307586,1.7229292536939667e-13,13.708938598632812,3000,dfa,mnist,pixcenter,mlp,tanh,sigmoid_bce,none
0.5814120769500732,0.8328860402107239,0.2311654547355539,0.3880596160888672,0.8612636923789978,0.7427704852609486,0.3622415363788605,0.8924824595451355,0.6007547349220089,0,0.0415895916521549,0.04624307192141759,priorbias,0,0,0.0,110.0,320.0,320.0,0.11104329427083333,E1_headline/priorbias/seed0_fb0.csv,3,0.974346160888672,0.3870576620101928,0.3541161119937897,0.9909001588821412,12.757408142089844,0.6662523746490479,0.9627934098243712,0.3880596160888672,0.3507662415504455,0.9935280680656432,10.161163330078123,0.5442553758621216,0.9254024028778076,0.3622415363788605,0.3540035486221313,0.9948840141296388,8.370211601257324,0.3089735507965088,0.595703125,0.8330078125,0.87109375,0.9033203125,0.9033203125,3000,0.7424277067184448,0.7424277067184448,0.8831982138851537,0.3354179779587012,0.27211919550370495,0.0415895916521549,1.264911064067352,1.0,0.001,1.0,1.0,128,300,3,3000,0.1,0,0,0,0,0,0.0,1.0,0,10,3.2490788990307586,35.225006103515625,13.62825632095337,3000,dfa,mnist,div255,mlp,tanh,sigmoid_bce,none
0.5282183885574341,0.8576025366783142,0.3653306124631097,0.4087401926517486,0.8592457175254822,1.041941111591884,0.3540035486221313,0.8820759057998657,1.142696060555285,0,0.0415895916521549,0.0432741075179154,priorbias,0,1,0.0,80.0,260.0,260.0,0.10834418402777778,E1_headline/priorbias/seed0_fb1.csv,3,0.9815573692321776,0.3543755710124969,0.3541161119937897,0.9909001588821412,12.757408142089844,0.6781637668609619,0.9730226993560792,0.3507662415504455,0.3507662415504455,0.9935280680656432,10.161163330078123,0.5259528160095215,0.9495709538459778,0.3540035486221313,0.3540035486221313,0.9948840141296388,8.370211601257324,0.3094520568847656,0.55908203125,0.81298828125,0.86279296875,0.8974609375,0.8974609375,3000,0.7357591390609741,0.7357591390609741,0.8831982138851537,0.3354179779587012,0.27211919550370495,0.0415895916521549,1.264911064067352,1.0,0.001,1.0,1.0,128,300,3,3000,0.1,0,0,0,0,0,0.0,1.0,0,10,3.2490788990307586,35.225006103515625,15.734019994735718,3000,dfa,mnist,div255,mlp,tanh,sigmoid_bce,none
0.5624943971633911,0.8349231481552124,1.2029048919436516,0.3773212730884552,0.8472787141799927,1.8277874549089888,0.3549954891204834,0.8946093320846558,1.5917450504852575,0,0.0415895916521549,0.04171588687673352,priorbias,0,2,0.0,60.0,290.0,290.0,0.12130301339285714,E1_headline/priorbias/seed0_fb2.csv,3,0.9863476157188416,0.3607569336891174,0.3541161119937897,0.9909001588821412,12.757408142089844,0.6739861369132996,0.9739411473274232,0.3520628809928894,0.3507662415504455,0.9935280680656432,10.161163330078123,0.5444867014884949,0.944502294063568,0.3549954891204834,0.3540035486221313,0.9948840141296388,8.370211601257324,0.3227850794792175,0.59814453125,0.80419921875,0.86181640625,0.8916015625,0.8916015625,3000,0.7472927570343018,0.7472927570343018,0.8831982138851537,0.3354179779587012,0.27211919550370495,0.0415895916521549,1.264911064067352,1.0,0.001,1.0,1.0,128,300,3,3000,0.1,0,0,0,0,0,0.0,1.0,0,10,3.2490788990307586,35.225006103515625,16.11499786376953,3000,dfa,mnist,div255,mlp,tanh,sigmoid_bce,none
0.5923673510551453,0.8106048107147217,2.9149717835538045,0.5791157484054565,0.8295819759368896,4.609266397798256,0.6130558848381042,0.8825758099555969,4.06813084537207,0,0.1067334040999412,0.11222826091996203,priorbias,1,0,100.0,220.0,360.0,260.0,0.11204176682692307,E1_headline/priorbias/seed1_fb0.csv,3,0.9698593616485596,0.5229361653327942,0.3873637318611145,0.9887229204177856,13.798158645629885,0.6855542063713074,0.9571918249130248,0.5791157484054565,0.3898089230060577,0.992600440979004,11.267420768737791,0.5492887496948242,0.9397205114364624,0.6130558848381042,0.387746512889862,0.9939010739326476,9.42509651184082,0.3300710618495941,0.45703125,0.82958984375,0.86767578125,0.88916015625,0.88916015625,3000,0.7210506796836853,0.7210506796836853,2.0372447196393026,0.8322281706466953,0.6899029392373006,0.1067334040999412,1.264911064067352,1.0,0.001,1.0,1.0,128,300,3,3000,0.1,0,0,0,0,0,0.0,1.0,0,10,3.2490788990307586,35.225006103515625,13.959693193435669,3000,dfa,mnist,div255,mlp,tanh,sigmoid_bce,none
0.7308942079544067,0.8483404517173767,2.7036957209153734,0.8639369606971741,0.7818918228149414,3.6865663977622343,0.935681700706482,0.6921672224998474,4.0646696602964205,90,0.1067334040999412,0.12831066316130876,priorbias,1,1,150.0,220.0,330.0,180.0,0.12005615234375,E1_headline/priorbias/seed1_fb1.csv,3,0.8869994282722473,0.7308942079544067,0.3873637318611145,0.9887229204177856,13.798158645629885,0.6612887978553772,0.7818918228149414,0.8639369606971741,0.3898089230060577,0.992600440979004,11.267420768737791,0.5417091250419617,0.6921672224998474,0.935681700706482,0.387746512889862,0.9939010739326476,9.42509651184082,0.30905681848526,0.52880859375,0.81787109375,0.85986328125,0.90087890625,0.90087890625,3000,0.7115218639373779,0.7115218639373779,2.0372447196393026,0.8322281706466953,0.6899029392373006,0.1067334040999412,1.264911064067352,1.0,0.001,1.0,1.0,128,300,3,3000,0.1,0,0,0,0,0,0.0,1.0,0,10,3.2490788990307586,35.225006103515625,14.163580179214478,3000,dfa,mnist,div255,mlp,tanh,sigmoid_bce,none
0.5843208432197571,0.8135104775428772,2.985080258569752,0.4881045818328857,0.8266619443893433,4.709718400589253,0.5149911046028137,0.8906373977661133,4.352271718194579,0,0.1067334040999412,0.1024308122275496,priorbias,1,2,120.0,190.0,280.0,160.0,0.1029052734375,E1_headline/priorbias/seed1_fb2.csv,3,0.974825382232666,0.4601227045059204,0.3873637318611145,0.9887229204177856,13.798158645629885,0.6604465842247009,0.9681978225708008,0.4881045818328857,0.3898089230060577,0.992600440979004,11.267420768737791,0.5179824233055115,0.9425466656684875,0.5149911046028137,0.387746512889862,0.9939010739326476,9.42509651184082,0.3253588676452636,0.55810546875,0.837890625,0.8720703125,0.90185546875,0.90185546875,3000,0.7170090675354004,0.7170090675354004,2.0372447196393026,0.8322281706466953,0.6899029392373006,0.1067334040999412,1.264911064067352,1.0,0.001,1.0,1.0,128,300,3,3000,0.1,0,0,0,0,0,0.0,1.0,0,10,3.2490788990307586,35.225006103515625,13.484513998031616,3000,dfa,mnist,div255,mlp,tanh,sigmoid_bce,none
0.5716928839683533,0.833711564540863,0.3008918453494458,0.4330781102180481,0.8757532835006714,0.3363258797313917,0.4645185768604278,0.8971707820892334,0.2721122876669764,0,0.0941637977957725,0.09576214722843111,priorbias,2,0,0.0,150.0,280.0,280.0,0.099395751953125,E1_headline/priorbias/seed2_fb0.csv,3,0.9852874279022216,0.4210310280323028,0.4126372635364532,0.98583722114563,15.55845069885254,0.6640153527259827,0.977770447731018,0.4330781102180481,0.3982469141483307,0.9923094511032104,11.63754177093506,0.5400636196136475,0.946932315826416,0.4645185768604278,0.3910796046257019,0.9937037229537964,9.466567993164062,0.3313309252262115,0.6123046875,0.82470703125,0.873046875,0.8994140625,0.8994140625,3000,0.7219918370246887,0.7219918370246887,1.790204280519172,0.8183023968345073,0.6245349223384162,0.0941637977957725,1.264911064067352,1.0,0.001,1.0,1.0,128,300,3,3000,0.1,0,0,0,0,0,0.0,1.0,0,10,3.2490788990307586,35.225006103515625,18.5399808883667,3000,dfa,mnist,div255,mlp,tanh,sigmoid_bce,none
0.5255333781242371,0.8542656302452087,-0.3192341324171299,0.4200644493103027,0.8520079255104065,-0.2750128921990027,0.4191257953643799,0.8696488738059998,-0.3006081564214202,0,0.0941637977957725,0.09581156074995734,priorbias,2,1,10.0,110.0,250.0,240.0,0.09108664772727272,E1_headline/priorbias/seed2_fb1.csv,3,0.9747588634490968,0.4143301546573639,0.4126372337341308,0.9858370423316956,15.55845069885254,0.676671028137207,0.9670370221138,0.4148662984371185,0.3982468843460083,0.9923094511032104,11.637540817260742,0.5251663327217102,0.9464455246925354,0.4191257953643799,0.3910796046257019,0.993703842163086,9.466567993164062,0.3386127352714538,0.52880859375,0.82275390625,0.8671875,0.9091796875,0.9091796875,3000,0.6987769603729248,0.6987769603729248,1.790204280519172,0.8183023968345073,0.6245348752087666,0.0941637977957725,1.264911064067352,1.0,0.001,1.0,1.0,128,300,3,3000,0.1,0,0,0,0,0,0.0,1.0,0,10,3.2490788990307586,35.225006103515625,12.875207901000977,3000,dfa,mnist,div255,mlp,tanh,sigmoid_bce,none
0.5726544260978699,0.8293393850326538,0.6775911989683034,0.4397422075271606,0.8556540608406067,0.8043778014433113,0.4454432725906372,0.8954586386680603,0.6380329314542065,0,0.0941637977957725,0.09752500224795428,priorbias,2,2,20.0,130.0,280.0,260.0,0.0853271484375,E1_headline/priorbias/seed2_fb2.csv,3,0.9774681329727172,0.449330061674118,0.4126372337341308,0.9858370423316956,15.55845069885254,0.6617339849472046,0.9738572239875792,0.4397422075271606,0.3982468843460083,0.9923094511032104,11.637540817260742,0.5348867774009705,0.9460355043411256,0.4454432725906372,0.3910796046257019,0.993703842163086,9.466567993164062,0.3262999951839447,0.55517578125,0.82568359375,0.8759765625,0.90673828125,0.90673828125,3000,0.7058500051498413,0.7058500051498413,1.790204280519172,0.8183023968345073,0.6245348752087666,0.0941637977957725,1.264911064067352,1.0,0.001,1.0,1.0,128,300,3,3000,0.1,0,0,0,0,0,0.0,1.0,0,10,3.2490788990307586,35.225006103515625,13.873442888259888,3000,dfa,mnist,div255,mlp,tanh,sigmoid_bce,none
0.599490761756897,0.8183718323707581,-0.3521923873270313,0.476452112197876,0.8590995669364929,-1.100548148685326,0.4993859529495239,0.8893595933914185,-0.9195558494494817,0,0.0801147744059562,0.08366267273501701,priorbias,3,0,,,,,,E1_headline/priorbias/seed3_fb0.csv,3,0.9682464599609376,0.4606608748435974,0.4067066311836242,0.9870036244392396,14.927203178405762,0.6719964742660522,0.964515507221222,0.476452112197876,0.3847300410270691,0.9916552901268004,11.3062744140625,0.5221837162971497,0.9452073574066162,0.4993859529495239,0.3630390167236328,0.9950414299964904,8.48564624786377,0.2990849316120147,0.5244140625,0.80078125,0.845703125,0.89697265625,0.89697265625,3000,0.746229887008667,0.746229887008667,1.6806164650772104,0.7389238204065071,0.570935097841837,0.0801147744059562,1.264911064067352,1.0,0.001,1.0,1.0,128,300,3,3000,0.1,0,0,0,0,0,0.0,1.0,0,10,3.2490788990307586,35.225006103515625,12.909881114959717,3000,dfa,mnist,div255,mlp,tanh,sigmoid_bce,none
0.5675691962242126,0.8303489089012146,0.174192854979353,0.4424500465393066,0.8273912668228149,0.2716353440544454,0.3933203816413879,0.8784058690071106,0.2843270793757643,0,0.0801147744059562,0.08291326464513721,priorbias,3,1,0.0,100.0,290.0,290.0,0.140625,E1_headline/priorbias/seed3_fb1.csv,3,0.9821553826332092,0.4067066311836242,0.4067066311836242,0.9870036244392396,14.927203178405762,0.6851329207420349,0.9739906787872314,0.4009110033512115,0.3847300410270691,0.9916552901268004,11.3062744140625,0.54159015417099,0.9508309364318848,0.3933203816413879,0.3630390167236328,0.9950414299964904,8.48564624786377,0.31651771068573,0.5625,0.8203125,0.85400390625,0.8935546875,0.8935546875,3000,0.7398423552513123,0.7398423552513123,1.6806164650772104,0.7389238204065071,0.570935097841837,0.0801147744059562,1.264911064067352,1.0,0.001,1.0,1.0,128,300,3,3000,0.1,0,0,0,0,0,0.0,1.0,0,10,3.2490788990307586,35.225006103515625,13.634616136550903,3000,dfa,mnist,div255,mlp,tanh,sigmoid_bce,none
0.5796403884887695,0.8380814790725708,0.2723786721465592,0.4320800006389618,0.8262162804603577,0.3499302848789233,0.4378026127815246,0.8931914567947388,0.3379239021246842,0,0.0801147744059562,0.08366653437235393,priorbias,3,2,0.0,70.0,320.0,320.0,0.135498046875,E1_headline/priorbias/seed3_fb2.csv,3,0.9798175692558287,0.4500260055065155,0.4067066311836242,0.9870036244392396,14.927203178405762,0.6752316355705261,0.9698392748832704,0.4320800006389618,0.3847300410270691,0.9916552901268004,11.3062744140625,0.5478179454803467,0.9412181973457336,0.4378026127815246,0.3630390167236328,0.9950414299964904,8.48564624786377,0.3224644660949707,0.6005859375,0.7958984375,0.859375,0.8916015625,0.8916015625,3000,0.7391902208328247,0.7391902208328247,1.6806164650772104,0.7389238204065071,0.570935097841837,0.0801147744059562,1.264911064067352,1.0,0.001,1.0,1.0,128,300,3,3000,0.1,0,0,0,0,0,0.0,1.0,0,10,3.2490788990307586,35.225006103515625,13.503062009811401,3000,dfa,mnist,div255,mlp,tanh,sigmoid_bce,none
0.5961467623710632,0.8207908272743225,1.845474924031915,0.4112778604030609,0.8499242663383484,2.788455585503488,0.4272396564483642,0.8826687932014465,2.365284932529411,0,0.0752343609929084,0.07474519015009565,priorbias,4,0,20.0,130.0,230.0,210.0,0.10611979166666667,E1_headline/priorbias/seed4_fb0.csv,3,0.9851660132408142,0.4128739833831787,0.4106832444667816,0.9866453409194946,15.277892112731934,0.6567262411117554,0.9759771227836608,0.4112778604030609,0.3886938989162445,0.9913927912712096,11.406888961791992,0.5141716003417969,0.9480352997779846,0.4272396564483642,0.3955017924308777,0.9944201111793518,9.7918701171875,0.3001598417758941,0.51171875,0.8212890625,0.85986328125,0.89306640625,0.89306640625,3000,0.753140389919281,0.753140389919281,1.3872107670465337,0.6233502663623325,0.4751129621391098,0.0752343609929084,1.264911064067352,1.0,0.001,1.0,1.0,128,300,3,3000,0.1,0,0,0,0,0,0.0,1.0,0,10,3.2490788990307586,35.225006103515625,13.659649133682251,3000,dfa,mnist,div255,mlp,tanh,sigmoid_bce,none
0.5457316637039185,0.8416613340377808,2.224309089653836,0.4365703165531158,0.8348698019981384,2.9342328996607865,0.4138727486133575,0.8914011716842651,3.048125968848061,0,0.0752343609929084,0.07351892257047657,priorbias,4,1,20.0,80.0,250.0,230.0,0.11921037946428571,E1_headline/priorbias/seed4_fb1.csv,3,0.9805778861045836,0.4253512024879455,0.4106832444667816,0.9866453409194946,15.277892112731934,0.6697338223457336,0.9742944240570068,0.4018072485923767,0.3886938989162445,0.9913927912712096,11.406888961791992,0.532590925693512,0.94362473487854,0.4138727486133575,0.3955017924308777,0.9944201111793518,9.7918701171875,0.2957537472248077,0.5654296875,0.82373046875,0.8603515625,0.8916015625,0.8916015625,3000,0.7590822577476501,0.7590822577476501,1.3872107670465337,0.6233502663623325,0.4751129621391098,0.0752343609929084,1.264911064067352,1.0,0.001,1.0,1.0,128,300,3,3000,0.1,0,0,0,0,0,0.0,1.0,0,10,3.2490788990307586,35.225006103515625,14.050692319869995,3000,dfa,mnist,div255,mlp,tanh,sigmoid_bce,none
0.5740616321563721,0.8237830400466919,2.039093128597354,0.433753103017807,0.8613436818122864,2.6951723048247205,0.4745303094387054,0.9002857804298401,2.2239264624178703,0,0.0752343609929084,0.07709313650496238,priorbias,4,2,20.0,120.0,270.0,250.0,0.08726917613636363,E1_headline/priorbias/seed4_fb2.csv,3,0.9784428477287292,0.4550922513008117,0.4106832444667816,0.9866453409194946,15.277892112731934,0.6717581152915955,0.96820729970932,0.433753103017807,0.3886938989162445,0.9913927912712096,11.406888961791992,0.5368397831916809,0.9508454203605652,0.4745303094387054,0.3955017924308777,0.9944201111793518,9.7918701171875,0.3140075504779815,0.49072265625,0.80517578125,0.85888671875,0.892578125,0.892578125,3000,0.7771110534667969,0.7771110534667969,1.3872107670465337,0.6233502663623325,0.4751129621391098,0.0752343609929084,1.264911064067352,1.0,0.001,1.0,1.0,128,300,3,3000,0.1,0,0,0,0,0,0.0,1.0,0,10,3.2490788990307586,35.225006103515625,14.95729660987854,3000,dfa,mnist,div255,mlp,tanh,sigmoid_bce,none
0.2673662304878235,0.957744300365448,0.7046326536523185,0.2783972918987274,0.9485542178153992,0.1107917824147137,0.2709206938743591,0.9180521368980408,0.0705822191664626,0,0.0904107093811035,0.09369894512280039,softmax,0,0,,,,,,E1_headline/softmax/seed0_fb0.csv,3,0.9613423347473145,0.2673662304878235,0.256587266921997,0.9692347049713136,35.380516052246094,0.5853404402732849,0.9491608142852784,0.2783972918987274,0.2585932910442352,0.98144268989563,20.170337677001957,0.426129549741745,0.9329913258552552,0.2709206938743591,0.248533010482788,0.990676999092102,12.935033798217772,0.231420949101448,0.7861328125,0.8955078125,0.91455078125,0.919921875,0.919921875,3000,0.268323004245758,0.268323004245758,,,,0.0904107093811035,,1.0,0.001,1.0,1.0,128,300,3,3000,-1.0,0,0,0,0,0,0.0,1.0,0,10,2.30101181725015,228.84242248535156,13.785284996032715,3000,dfa,mnist,standardize,mlp,tanh,softmax_ce,none
0.2618377208709717,0.9483047127723694,-0.0119756317662163,0.2598012685775757,0.9467426538467408,-0.0158569365852108,0.248533010482788,0.9332066774368286,-0.0041809811314726,0,0.0904107093811035,0.09214920573882145,softmax,0,1,,,,,,E1_headline/softmax/seed0_fb1.csv,3,0.9529383182525636,0.2618377208709717,0.256587266921997,0.9692347049713136,35.380516052246094,0.6105343699455261,0.9586496353149414,0.2598012685775757,0.2585932910442352,0.98144268989563,20.170337677001957,0.403401643037796,0.9348626732826232,0.248533010482788,0.248533010482788,0.990676999092102,12.935033798217772,0.2433090209960937,0.75146484375,0.89599609375,0.904296875,0.92529296875,0.92529296875,3000,0.2625958323478699,0.2625958323478699,,,,0.0904107093811035,,1.0,0.001,1.0,1.0,128,300,3,3000,-1.0,0,0,0,0,0,0.0,1.0,0,10,2.30101181725015,228.84242248535156,15.143658876419067,3000,dfa,mnist,standardize,mlp,tanh,softmax_ce,none
0.2577226758003235,0.9604183435440063,1.718989564205027,0.2601061463356018,0.9475613236427308,0.1316084232256891,0.2486433684825897,0.9098244905471802,0.0746532551791831,0,0.0904107093811035,0.08194631821687806,softmax,0,2,,,,,,E1_headline/softmax/seed0_fb2.csv,3,0.9651214480400084,0.2577226758003235,0.256587266921997,0.9692347049713136,35.380516052246094,0.5931665301322937,0.9495270848274232,0.2601061463356018,0.2585932910442352,0.98144268989563,20.170337677001957,0.426488846540451,0.9098244905471802,0.2486433684825897,0.248533010482788,0.990676999092102,12.935033798217772,0.2411939054727554,0.74658203125,0.88427734375,0.90478515625,0.923828125,0.923828125,3000,0.2670228183269501,0.2670228183269501,,,,0.0904107093811035,,1.0,0.001,1.0,1.0,128,300,3,3000,-1.0,0,0,0,0,0,0.0,1.0,0,10,2.30101181725015,228.84242248535156,13.801734209060669,3000,dfa,mnist,standardize,mlp,tanh,softmax_ce,none
0.2596010267734527,0.9579946398735046,4.5352375712176025,0.2552975118160248,0.944496750831604,0.4639887276719091,0.2500573098659515,0.9284155368804932,0.2746350382206353,0,0.0930543094873428,0.10074910012931484,softmax,1,0,,,,,,E1_headline/softmax/seed1_fb0.csv,3,0.960820734500885,0.2596010267734527,0.258268654346466,0.964604914188385,34.37712478637695,0.5955074429512024,0.944496750831604,0.2552975118160248,0.2395227700471878,0.9820687770843506,18.234130859375,0.4139931201934814,0.9284155368804932,0.2500573098659515,0.2424884587526321,0.9901525378227234,12.683675765991213,0.2320548593997955,0.7802734375,0.8857421875,0.900390625,0.9208984375,0.9208984375,3000,0.2631305456161499,0.2631305456161499,,,,0.0930543094873428,,1.0,0.001,1.0,1.0,128,300,3,3000,-1.0,0,0,0,0,0,0.0,1.0,0,10,2.30101181725015,228.84242248535156,12.890551090240479,3000,dfa,mnist,standardize,mlp,tanh,softmax_ce,none
0.2783247530460357,0.9562350511550904,4.776110443821792,0.2935353815555572,0.949559211730957,0.6002334872538005,0.3001135885715484,0.9363068342208862,0.3980372669111876,0,0.0930543094873428,0.10142148713741228,softmax,1,1,,,,,,E1_headline/softmax/seed1_fb1.csv,3,0.9566736817359924,0.2783247530460357,0.258268654346466,0.964604914188385,34.37712478637695,0.5876880884170532,0.9520570039749146,0.2935353815555572,0.2395227700471878,0.9820687770843506,18.234130859375,0.4197332262992859,0.9390146136283876,0.3001135885715484,0.2424884587526321,0.9901525378227234,12.683675765991213,0.2255853861570358,0.767578125,0.89453125,0.90771484375,0.92431640625,0.92431640625,3000,0.2511412799358368,0.2506195306777954,,,,0.0930543094873428,,1.0,0.001,1.0,1.0,128,300,3,3000,-1.0,0,0,0,0,0,0.0,1.0,0,10,2.30101181725015,228.84242248535156,14.936532497406006,3000,dfa,mnist,standardize,mlp,tanh,softmax_ce,none
0.2653261125087738,0.9512904286384584,4.532273205400389,0.2531934380531311,0.951490581035614,0.4525408381082701,0.2578989863395691,0.9325419664382936,0.2414782982868739,0,0.0930543094873428,0.09669762350088205,softmax,1,2,,,,,,E1_headline/softmax/seed1_fb2.csv,3,0.9590637683868408,0.2653261125087738,0.258268654346466,0.964604914188385,34.37712478637695,0.5831117630004883,0.9531962275505066,0.2531934380531311,0.2395227700471878,0.9820687770843506,18.234130859375,0.4110740423202514,0.9325419664382936,0.2578989863395691,0.2424884587526321,0.9901525378227234,12.683675765991213,0.2382007390260696,0.810546875,0.89697265625,0.9140625,0.92919921875,0.92919921875,3000,0.2495270371437072,0.2495270371437072,,,,0.0930543094873428,,1.0,0.001,1.0,1.0,128,300,3,3000,-1.0,0,0,0,0,0,0.0,1.0,0,10,2.30101181725015,228.84242248535156,12.694288730621338,3000,dfa,mnist,standardize,mlp,tanh,softmax_ce,none
0.276034951210022,0.9563602805137634,-2.776804062129692,0.2637412548065185,0.9539121389389038,-0.1033642946001599,0.2818630933761596,0.933113694190979,-0.0502706960590201,0,0.0889791846275329,0.08901794555972538,softmax,2,0,40.0,110.0,190.0,150.0,0.1357421875,E1_headline/softmax/seed2_fb0.csv,3,0.9563602805137634,0.276034951210022,0.276034951210022,0.95871901512146,38.42317199707031,0.5776941180229187,0.9611927270889282,0.2637412548065185,0.2524372637271881,0.982099711894989,19.25482940673828,0.4179496169090271,0.9390394687652588,0.2818630933761596,0.2565577924251556,0.9886656999588012,13.666104316711426,0.2424031645059585,0.7275390625,0.89306640625,0.9111328125,0.9248046875,0.9248046875,3000,0.2520595192909241,0.2520595192909241,,,,0.0889791846275329,,1.0,0.001,1.0,1.0,128,300,3,3000,-1.0,0,0,0,0,0,0.0,1.0,0,10,2.30101181725015,228.84242248535156,13.765657663345337,3000,dfa,mnist,standardize,mlp,tanh,softmax_ce,none
0.276034951210022,0.9516929388046264,-4.99970424004051,0.2604131400585174,0.952606439590454,-0.289222144510062,0.2567158043384552,0.924795627593994,-0.1602843057202466,0,0.0889791846275329,0.08609899014622119,softmax,2,1,,,,,,E1_headline/softmax/seed2_fb1.csv,3,0.95871901512146,0.276034951210022,0.276034951210022,0.95871901512146,38.42317199707031,0.6097407937049866,0.959513545036316,0.2604131400585174,0.2524372637271881,0.982099711894989,19.25482940673828,0.4009949862957001,0.924795627593994,0.2567158043384552,0.2565577924251556,0.9886656999588012,13.666104316711426,0.2396348416805267,0.796875,0.89697265625,0.91015625,0.9287109375,0.9287109375,3000,0.2490395754575729,0.2490395754575729,,,,0.0889791846275329,,1.0,0.001,1.0,1.0,128,300,3,3000,-1.0,0,0,0,0,0,0.0,1.0,0,10,2.30101181725015,228.84242248535156,12.774001359939575,3000,dfa,mnist,standardize,mlp,tanh,softmax_ce,none
0.283080130815506,0.9458945393562316,-3.6147190448903497,0.2901892364025116,0.9379161596298218,-0.1623856238932464,0.3184877038002014,0.9172561764717102,-0.0785567578528906,0,0.0889791846275329,0.09793291745427647,softmax,2,2,,,,,,E1_headline/softmax/seed2_fb2.csv,3,0.9458945393562316,0.283080130815506,0.276034951210022,0.95871901512146,38.42317199707031,0.592012345790863,0.9379161596298218,0.2901892364025116,0.2524372637271881,0.982099711894989,19.25482940673828,0.4164257049560547,0.9172561764717102,0.3184877038002014,0.2565577924251556,0.9886656999588012,13.666104316711426,0.2500731348991394,0.78173828125,0.89794921875,0.9140625,0.9248046875,0.9248046875,3000,0.2501963675022125,0.2501963675022125,,,,0.0889791846275329,,1.0,0.001,1.0,1.0,128,300,3,3000,-1.0,0,0,0,0,0,0.0,1.0,0,10,2.30101181725015,228.84242248535156,12.821771144866943,3000,dfa,mnist,standardize,mlp,tanh,softmax_ce,none
0.2587519884109497,0.9566416144371032,-1.2404723154657478,0.2507982850074768,0.9505767822265624,0.0152480606916522,0.2644372582435608,0.9298575520515442,0.0060104040549905,0,0.0963554754853248,0.10255422965918244,softmax,3,0,,,,,,E1_headline/softmax/seed3_fb0.csv,3,0.9642521739006042,0.2587519884109497,0.2587519884109497,0.9653530120849608,35.01830291748047,0.5852017402648926,0.9537503719329834,0.2507982850074768,0.2507982850074768,0.9811758399009703,19.706478118896484,0.4156380891799927,0.9320948123931884,0.2644372582435608,0.2644372582435608,0.990580916404724,14.239343643188477,0.2147233337163925,0.76416015625,0.87744140625,0.8984375,0.91845703125,0.91845703125,3000,0.2712130844593048,0.2712130844593048,,,,0.0963554754853248,,1.0,0.001,1.0,1.0,128,300,3,3000,-1.0,0,0,0,0,0,0.0,1.0,0,10,2.30101181725015,228.84242248535156,13.475589752197266,3000,dfa,mnist,standardize,mlp,tanh,softmax_ce,none
0.2587519884109497,0.9591360688209534,2.140061742755309,0.2507982850074768,0.9477280378341676,0.2133350722032287,0.2644372582435608,0.9257930517196656,0.1184642332289287,0,0.0963554754853248,0.09689639811960109,softmax,3,1,,,,,,E1_headline/softmax/seed3_fb1.csv,3,0.9651809930801392,0.2587519884109497,0.2587519884109497,0.9653530120849608,35.01830291748047,0.6004475951194763,0.9526017308235168,0.2507982850074768,0.2507982850074768,0.9811758399009703,19.706478118896484,0.4143939316272735,0.9257930517196656,0.2644372582435608,0.2644372582435608,0.990580916404724,14.239343643188477,0.2376977652311325,0.74951171875,0.88232421875,0.89990234375,0.91943359375,0.91943359375,3000,0.2717925012111664,0.2717681229114532,,,,0.0963554754853248,,1.0,0.001,1.0,1.0,128,300,3,3000,-1.0,0,0,0,0,0,0.0,1.0,0,10,2.30101181725015,228.84242248535156,13.002143144607544,3000,dfa,mnist,standardize,mlp,tanh,softmax_ce,none
0.3124043047428131,0.9379945993423462,0.5846064650807958,0.3289778530597687,0.943997859954834,0.2979964196050894,0.3560921847820282,0.9281994104385376,0.1943291760774028,0,0.0963554754853248,0.10338263492710803,softmax,3,2,,,,,,E1_headline/softmax/seed3_fb2.csv,3,0.9379945993423462,0.3124043047428131,0.2587519884109497,0.9653530120849608,35.01830291748047,0.5893453359603882,0.943997859954834,0.3289778530597687,0.2507982850074768,0.9811758399009703,19.706478118896484,0.4417007565498352,0.9281994104385376,0.3560921847820282,0.2644372582435608,0.990580916404724,14.239343643188477,0.2408369034528732,0.7578125,0.87841796875,0.89697265625,0.9169921875,0.9169921875,3000,0.2680487632751465,0.2680487632751465,,,,0.0963554754853248,,1.0,0.001,1.0,1.0,128,300,3,3000,-1.0,0,0,0,0,0,0.0,1.0,0,10,2.30101181725015,228.84242248535156,13.669933080673218,3000,dfa,mnist,standardize,mlp,tanh,softmax_ce,none
0.2602819800376892,0.9559088349342346,2.187117128489496,0.2452786117792129,0.9542986154556274,0.22840461666034,0.2492224872112274,0.9346106052398682,0.1399324393641453,0,0.0712535232305526,0.07310791750737711,softmax,4,0,,,,,,E1_headline/softmax/seed4_fb0.csv,3,0.965293288230896,0.2602819800376892,0.2602819800376892,0.965293288230896,35.89674377441406,0.5790926218032837,0.9579689502716064,0.2452786117792129,0.2395067363977432,0.9839156866073608,18.74234962463379,0.4057544469833374,0.9346106052398682,0.2492224872112274,0.2377773225307464,0.989901065826416,12.777456283569336,0.2227181792259216,0.78369140625,0.88720703125,0.90185546875,0.91748046875,0.91748046875,3000,0.2731191515922546,0.2731191515922546,,,,0.0712535232305526,,1.0,0.001,1.0,1.0,128,300,3,3000,-1.0,0,0,0,0,0,0.0,1.0,0,10,2.30101181725015,228.84242248535156,12.678029775619507,3000,dfa,mnist,standardize,mlp,tanh,softmax_ce,none
0.2602819800376892,0.9594509601593018,1.5217860203424505,0.2395067363977432,0.9518148899078368,0.1670952348657126,0.2377773225307464,0.9167622327804564,0.0924414428278998,0,0.0712535232305526,0.06283575471735368,softmax,4,1,,,,,,E1_headline/softmax/seed4_fb1.csv,3,0.9644043445587158,0.2602819800376892,0.2602819800376892,0.965293288230896,35.89674377441406,0.6038181185722351,0.9518148899078368,0.2395067363977432,0.2395067363977432,0.9839156866073608,18.74234962463379,0.4085738956928253,0.9167622327804564,0.2377773225307464,0.2377773225307464,0.989901065826416,12.777456283569336,0.2193616777658462,0.765625,0.89013671875,0.90087890625,0.91796875,0.91796875,3000,0.2725529670715332,0.2725529670715332,,,,0.0712535232305526,,1.0,0.001,1.0,1.0,128,300,3,3000,-1.0,0,0,0,0,0,0.0,1.0,0,10,2.30101181725015,228.84242248535156,13.184587717056274,3000,dfa,mnist,standardize,mlp,tanh,softmax_ce,none
0.2628190517425537,0.959267258644104,2.514095006776534,0.2534375190734863,0.95305335521698,0.3092420816344227,0.2567762434482574,0.9334256649017334,0.1752859682413201,0,0.0712535232305526,0.07797311415518353,softmax,4,2,,,,,,E1_headline/softmax/seed4_fb2.csv,3,0.9639877080917358,0.2628190517425537,0.2602819800376892,0.965293288230896,35.89674377441406,0.58692467212677,0.9578018188476562,0.2534375190734863,0.2395067363977432,0.9839156866073608,18.74234962463379,0.4262523055076599,0.9382911324501038,0.2567762434482574,0.2377773225307464,0.989901065826416,12.777456283569336,0.2333992570638656,0.77099609375,0.88720703125,0.8994140625,0.9169921875,0.9169921875,3000,0.2842277288436889,0.2842277288436889,,,,0.0712535232305526,,1.0,0.001,1.0,1.0,128,300,3,3000,-1.0,0,0,0,0,0,0.0,1.0,0,10,2.30101181725015,228.84242248535156,16.116508960723877,3000,dfa,mnist,standardize,mlp,tanh,softmax_ce,none
0.7959622144699097,0.6730430126190186,12.15278564926124,0.9272775053977966,0.4732853472232818,5.269357650815008,0.977142870426178,0.3948386013507843,4.57364352518006,60,0.7122783064842224,1.0880631559502836,softmax_imb07,0,0,,,,,,E1_headline/softmax_imb07/seed0_fb0.csv,3,0.6730430126190186,0.7959622144699097,0.343285322189331,0.9333581924438475,51.84599685668945,0.4719847738742828,0.4732853472232818,0.9272775053977966,0.3247358798980713,0.9660046100616456,26.01041030883789,0.3117476999759674,0.3948386013507843,0.977142870426178,0.3026342391967773,0.9843869209289552,16.102903366088867,0.1711295843124389,0.7939453125,0.8583984375,0.93701171875,0.96875,0.96875,3000,0.1497084498405456,0.1497084498405456,,,,0.7122783064842224,,1.0,0.001,1.0,1.0,128,300,3,3000,-1.0,0,0,0,0,0,0.7,1.0,0,10,1.1773424399502437,228.84242248535156,13.061656951904297,3000,dfa,mnist,standardize,mlp,tanh,softmax_ce,none
0.7754443883895874,0.6745743751525879,15.742680027261262,0.9045881628990172,0.4734557569026947,5.999299643572475,0.96576988697052,0.3557004332542419,5.256717530625719,60,0.7122783064842224,1.0589245867659345,softmax_imb07,0,1,,,,,,E1_headline/softmax_imb07/seed0_fb1.csv,3,0.6745743751525879,0.7754443883895874,0.343285322189331,0.9333581924438475,51.84599685668945,0.4608966708183288,0.4734557569026947,0.9045881628990172,0.3247358798980713,0.9660046100616456,26.01041030883789,0.289201021194458,0.3557004332542419,0.96576988697052,0.3026342391967773,0.9843869209289552,16.102903366088867,0.1769392490386963,0.7998046875,0.869140625,0.93408203125,0.9677734375,0.9677734375,3000,0.1566163152456283,0.1566163152456283,,,,0.7122783064842224,,1.0,0.001,1.0,1.0,128,300,3,3000,-1.0,0,0,0,0,0,0.7,1.0,0,10,1.1773424399502437,228.84242248535156,13.674301385879517,3000,dfa,mnist,standardize,mlp,tanh,softmax_ce,none
0.7797963619232178,0.6626476645469666,14.867767126436508,0.9120213389396667,0.4649836421012878,5.797247255693957,0.9636065363883972,0.3838928639888763,5.03593730001531,60,0.7122783064842224,1.0516819470903143,softmax_imb07,0,2,,,,,,E1_headline/softmax_imb07/seed0_fb2.csv,3,0.6626476645469666,0.7797963619232178,0.343285322189331,0.9333581924438475,51.84599685668945,0.4668031930923462,0.4649836421012878,0.9120213389396667,0.3247358798980713,0.9660046100616456,26.01041030883789,0.3138312101364136,0.3838928639888763,0.9636065363883972,0.3026342391967773,0.9843869209289552,16.102903366088867,0.1728300899267196,0.7763671875,0.8837890625,0.9208984375,0.96240234375,0.96240234375,3000,0.1607106626033783,0.1607106626033783,,,,0.7122783064842224,,1.0,0.001,1.0,1.0,128,300,3,3000,-1.0,0,0,0,0,0,0.7,1.0,0,10,1.1773424399502437,228.84242248535156,16.048712730407715,3000,dfa,mnist,standardize,mlp,tanh,softmax_ce,none
0.7028080224990845,0.7638635039329529,9.15489353355143,0.836496114730835,0.6533052325248718,3.3074561750311475,0.9060553908348083,0.598116934299469,2.639387020836073,20,0.6788398027420044,0.895062463306481,softmax_imb07,1,0,,,,,,E1_headline/softmax_imb07/seed1_fb0.csv,3,0.7638635039329529,0.7028080224990845,0.3017348051071167,0.9421020150184632,43.353912353515625,0.488137274980545,0.6533052325248718,0.836496114730835,0.2832854092121124,0.974327564239502,22.630786895751957,0.3019291460514068,0.598116934299469,0.9060553908348083,0.2795757055282593,0.9860410690307616,15.33056640625,0.168310284614563,0.75439453125,0.828125,0.92724609375,0.96337890625,0.96337890625,3000,0.1646874547004699,0.1646874547004699,,,,0.6788398027420044,,1.0,0.001,1.0,1.0,128,300,3,3000,-1.0,0,0,0,0,0,0.7,1.0,0,10,1.1773424399502437,228.84242248535156,12.941915035247803,3000,dfa,mnist,standardize,mlp,tanh,softmax_ce,none
0.7578212022781372,0.7327632308006287,12.977122707897388,0.895730197429657,0.5583686828613281,4.764110509820893,0.954731285572052,0.4653670787811279,4.106599520312361,40,0.6788398027420044,0.9521881426087431,softmax_imb07,1,1,,,,,,E1_headline/softmax_imb07/seed1_fb1.csv,3,0.7327632308006287,0.7578212022781372,0.3017348051071167,0.9421020150184632,43.353912353515625,0.4425233602523803,0.5583686828613281,0.895730197429657,0.2832854092121124,0.974327564239502,22.630786895751957,0.2935025095939636,0.4653670787811279,0.954731285572052,0.2795757055282593,0.9860410690307616,15.33056640625,0.1579396575689315,0.7783203125,0.88330078125,0.9111328125,0.966796875,0.966796875,3000,0.1605090051889419,0.1605090051889419,,,,0.6788398027420044,,1.0,0.001,1.0,1.0,128,300,3,3000,-1.0,0,0,0,0,0,0.7,1.0,0,10,1.1773424399502437,228.84242248535156,16.188211917877197,3000,dfa,mnist,standardize,mlp,tanh,softmax_ce,none
0.7054761052131653,0.7587388753890991,10.26778137830608,0.8364202976226807,0.6586454510688782,3.2861587687310894,0.9032764434814452,0.636939287185669,2.6670257658694934,20,0.6788398027420044,0.8687216488444256,softmax_imb07,1,2,,,,,,E1_headline/softmax_imb07/seed1_fb2.csv,3,0.7587388753890991,0.7054761052131653,0.3017348051071167,0.9421020150184632,43.353912353515625,0.4578199982643127,0.6586454510688782,0.8364202976226807,0.2832854092121124,0.974327564239502,22.630786895751957,0.2871353328227997,0.636939287185669,0.9032764434814452,0.2795757055282593,0.9860410690307616,15.33056640625,0.1677360832691192,0.79150390625,0.86962890625,0.9384765625,0.96435546875,0.96435546875,3000,0.1597603559494018,0.1597603559494018,,,,0.6788398027420044,,1.0,0.001,1.0,1.0,128,300,3,3000,-1.0,0,0,0,0,0,0.7,1.0,0,10,1.1773424399502437,228.84242248535156,12.91681170463562,3000,dfa,mnist,standardize,mlp,tanh,softmax_ce,none
0.7316300272941589,0.7354854345321655,10.867358776757271,0.8661667108535767,0.5692945718765259,4.388940441813815,0.9297701716423036,0.4840909540653229,3.729861319012739,40,0.6453593969345093,0.9333270742467015,softmax_imb07,2,0,,,,,,E1_headline/softmax_imb07/seed2_fb0.csv,3,0.7354854345321655,0.7316300272941589,0.3414881229400635,0.9274925589561462,50.55706024169922,0.4556871652603149,0.5692945718765259,0.8661667108535767,0.3136190474033355,0.9682846069335938,24.66092300415039,0.3059796094894409,0.4840909540653229,0.9297701716423036,0.3017204999923706,0.9838593006134032,15.988388061523438,0.1811006963253021,0.76904296875,0.86572265625,0.90673828125,0.95849609375,0.95849609375,3000,0.1796474754810333,0.1796474754810333,,,,0.6453593969345093,,1.0,0.001,1.0,1.0,128,300,3,3000,-1.0,0,0,0,0,0,0.7,1.0,0,10,1.1773424399502437,228.84242248535156,13.327100992202759,3000,dfa,mnist,standardize,mlp,tanh,softmax_ce,none
0.7571797966957092,0.7253707051277161,12.46766793651533,0.903387188911438,0.5265390872955322,4.811060037583403,0.9603277444839478,0.4222534000873565,4.065735901868737,50,0.6453593969345093,0.9814010342481334,softmax_imb07,2,1,,,,,,E1_headline/softmax_imb07/seed2_fb1.csv,3,0.7253707051277161,0.7571797966957092,0.3414881229400635,0.9274925589561462,50.55706024169922,0.4589971899986267,0.5265390872955322,0.903387188911438,0.3136190474033355,0.9682846069335938,24.66092300415039,0.2768646776676178,0.4222534000873565,0.9603277444839478,0.3017204999923706,0.9838593006134032,15.988388061523438,0.1729228198528289,0.791015625,0.87646484375,0.92529296875,0.96044921875,0.96044921875,3000,0.1736107170581817,0.1736107170581817,,,,0.6453593969345093,,1.0,0.001,1.0,1.0,128,300,3,3000,-1.0,0,0,0,0,0,0.7,1.0,0,10,1.1773424399502437,228.84242248535156,12.718793392181396,3000,dfa,mnist,standardize,mlp,tanh,softmax_ce,none
0.756110429763794,0.7265956401824951,14.85036594323719,0.8873019218444824,0.5393660664558411,5.743181376051379,0.9464222192764282,0.4311050474643707,5.038365768355607,50,0.6453593969345093,1.006692156347369,softmax_imb07,2,2,,,,,,E1_headline/softmax_imb07/seed2_fb2.csv,3,0.7265956401824951,0.756110429763794,0.3414881229400635,0.9274925589561462,50.55706024169922,0.4444710314273834,0.5393660664558411,0.8873019218444824,0.3136190474033355,0.9682846069335938,24.66092300415039,0.2916262447834015,0.4311050474643707,0.9464222192764282,0.3017204999923706,0.9838593006134032,15.988388061523438,0.1836476922035217,0.794921875,0.861328125,0.9150390625,0.9599609375,0.9599609375,3000,0.1721692234277725,0.1721692234277725,,,,0.6453593969345093,,1.0,0.001,1.0,1.0,128,300,3,3000,-1.0,0,0,0,0,0,0.7,1.0,0,10,1.1773424399502437,228.84242248535156,14.95559549331665,3000,dfa,mnist,standardize,mlp,tanh,softmax_ce,none
0.770170271396637,0.6826648712158203,12.43559549171347,0.9051655530929564,0.5152537822723389,5.086165503021433,0.9676716923713684,0.399207592010498,4.269711747535383,50,0.6863167881965637,1.120170706260453,softmax_imb07,3,0,,,,,,E1_headline/softmax_imb07/seed3_fb0.csv,3,0.6826648712158203,0.770170271396637,0.3522492945194244,0.925035834312439,53.227569580078125,0.4563278257846832,0.5152537822723389,0.9051655530929564,0.3417270481586456,0.962900161743164,27.862531661987305,0.2912061214447021,0.399207592010498,0.9676716923713684,0.3415176570415497,0.9815772771835328,18.770824432373047,0.1420135349035263,0.78662109375,0.87255859375,0.92822265625,0.95751953125,0.95751953125,3000,0.1722695231437683,0.1722695231437683,,,,0.6863167881965637,,1.0,0.001,1.0,1.0,128,300,3,3000,-1.0,0,0,0,0,0,0.7,1.0,0,10,1.1773424399502437,228.84242248535156,14.64298701286316,3000,dfa,mnist,standardize,mlp,tanh,softmax_ce,none
0.7057135701179504,0.7410603165626526,10.594400377392638,0.8328332304954529,0.603648841381073,3.917764793746766,0.9075826406478882,0.5442938208580017,3.2041614811024663,10,0.6863167881965637,0.932331847465764,softmax_imb07,3,1,,,,,,E1_headline/softmax_imb07/seed3_fb1.csv,3,0.7410603165626526,0.7057135701179504,0.3522492945194244,0.925035834312439,53.227569580078125,0.4395723044872284,0.603648841381073,0.8328332304954529,0.3417270481586456,0.962900161743164,27.862531661987305,0.2794809937477112,0.5442938208580017,0.9075826406478882,0.3415176570415497,0.9815772771835328,18.770824432373047,0.1647003144025802,0.78076171875,0.89501953125,0.923828125,0.9580078125,0.9580078125,3000,0.1786361932754516,0.1786361932754516,,,,0.6863167881965637,,1.0,0.001,1.0,1.0,128,300,3,3000,-1.0,0,0,0,0,0,0.7,1.0,0,10,1.1773424399502437,228.84242248535156,12.868088960647583,3000,dfa,mnist,standardize,mlp,tanh,softmax_ce,none
0.7513350248336792,0.7031549215316772,13.085232905817548,0.8963170647621155,0.5170869827270508,5.203769357380826,0.9590773582458496,0.4216219484806061,4.665555775984656,50,0.6863167881965637,1.0471858647149208,softmax_imb07,3,2,,,,,,E1_headline/softmax_imb07/seed3_fb2.csv,3,0.7031549215316772,0.7513350248336792,0.3522492945194244,0.925035834312439,53.227569580078125,0.4487879872322082,0.5170869827270508,0.8963170647621155,0.3417270183563232,0.9628999829292296,27.862529754638672,0.3109913170337677,0.4216219484806061,0.9590773582458496,0.3415176272392273,0.9815773963928224,18.77082633972168,0.1739789992570877,0.75830078125,0.8720703125,0.923828125,0.95361328125,0.95361328125,3000,0.1720573306083679,0.1720573306083679,,,,0.6863167881965637,,1.0,0.001,1.0,1.0,128,300,3,3000,-1.0,0,0,0,0,0,0.7,1.0,0,10,1.1773424399502437,228.84242248535156,14.844531536102295,3000,dfa,mnist,standardize,mlp,tanh,softmax_ce,none
0.7048994302749634,0.763953685760498,11.755905404385013,0.832108736038208,0.607964038848877,4.3606907485943225,0.8928772211074829,0.5347824096679688,3.748170950153929,0,0.6742492914199829,0.7992854221948941,softmax_imb07,4,0,,,,,,E1_headline/softmax_imb07/seed4_fb0.csv,3,0.763953685760498,0.7048994302749634,0.3253572881221771,0.9332156777381896,48.55893707275391,0.4544440805912018,0.607964038848877,0.832108736038208,0.2906238436698913,0.9725077152252196,23.01766586303711,0.2906701862812042,0.5347824096679688,0.8928772211074829,0.2840658724308014,0.9855560660362244,15.28245449066162,0.1669166684150695,0.767578125,0.84814453125,0.9228515625,0.9541015625,0.9541015625,3000,0.1870056837797165,0.1870056837797165,,,,0.6742492914199829,,1.0,0.001,1.0,1.0,128,300,3,3000,-1.0,0,0,0,0,0,0.7,1.0,0,10,1.1773424399502437,228.84242248535156,15.74791431427002,3000,dfa,mnist,standardize,mlp,tanh,softmax_ce,none
0.7090300917625427,0.7508872151374817,9.936806389214988,0.8434475064277649,0.6383407711982727,3.611146038616676,0.9126204252243042,0.5662842988967896,2.84538339013816,30,0.6742492914199829,0.9048221265072001,softmax_imb07,4,1,,,,,,E1_headline/softmax_imb07/seed4_fb1.csv,3,0.7508872151374817,0.7090300917625427,0.3253572881221771,0.9332156777381896,48.55893707275391,0.4654653370380401,0.6383407711982727,0.8434475064277649,0.2906238436698913,0.9725077152252196,23.017667770385746,0.2943188846111297,0.5662842988967896,0.9126204252243042,0.2840658724308014,0.9855560660362244,15.282453536987305,0.1532894968986511,0.78076171875,0.8564453125,0.90185546875,0.95166015625,0.95166015625,3000,0.2028352469205856,0.2028352469205856,,,,0.6742492914199829,,1.0,0.001,1.0,1.0,128,300,3,3000,-1.0,0,0,0,0,0,0.7,1.0,0,10,1.1773424399502437,228.84242248535156,18.46454119682312,3000,dfa,mnist,standardize,mlp,tanh,softmax_ce,none
0.709092915058136,0.7453787922859192,11.501659737099118,0.859536349773407,0.5855938792228699,4.137962264706448,0.9257246851921082,0.516680121421814,3.750308175845532,30,0.6742493510246277,0.9031086175703565,softmax_imb07,4,2,,,,,,E1_headline/softmax_imb07/seed4_fb2.csv,3,0.7453787922859192,0.709092915058136,0.3253572881221771,0.9332154989242554,48.55893707275391,0.453290730714798,0.5855938792228699,0.859536349773407,0.2906238436698913,0.9725074768066406,23.01766586303711,0.306727260351181,0.516680121421814,0.9257246851921082,0.284065842628479,0.9855560660362244,15.282453536987305,0.1711820513010025,0.78759765625,0.8515625,0.89990234375,0.955078125,0.955078125,3000,0.187357097864151,0.187357097864151,,,,0.6742493510246277,,1.0,0.001,1.0,1.0,128,300,3,3000,-1.0,0,0,0,0,0,0.7,1.0,0,10,1.1773424399502437,228.84242248535156,12.891090869903564,3000,dfa,mnist,standardize,mlp,tanh,softmax_ce,none
0.357481986284256,0.9245368242263794,6.894981569948884,0.3592142164707184,0.9549480080604552,0.9893335275530616,0.3746853768825531,0.9578034281730652,0.5174711733878324,0,0.7122783064842224,0.8408567763273892,softmax_imb07_bp,0,0,,,,,,E1_headline/softmax_imb07_bp/seed0_fb0.csv,3,0.9248225092887878,0.357481986284256,0.343285322189331,0.9333581924438475,51.84599685668945,,0.9589043855667114,0.3592142164707184,0.3247358798980713,0.9660046100616456,26.01041030883789,,0.9708929657936096,0.3746853768825531,0.3026342391967773,0.9843869209289552,16.102903366088867,,0.833984375,0.904296875,0.92822265625,0.95166015625,0.95166015625,3000,0.2081810683012008,0.2081810683012008,,,,0.7122783064842224,,1.0,0.001,1.0,1.0,128,300,3,3000,-1.0,0,0,0,0,0,0.7,1.0,0,10,1.1773424399502437,228.84242248535156,12.497649431228638,3000,bp,mnist,standardize,mlp,tanh,softmax_ce,none
0.3325514793395996,0.9383966326713562,6.837124969790401,0.3538307845592499,0.9609893560409546,0.8708975015428837,0.3763936161994934,0.9606192111968994,0.5014499405978113,0,0.6788398027420044,0.7729039492665793,softmax_imb07_bp,1,0,,,,,,E1_headline/softmax_imb07_bp/seed1_fb0.csv,3,0.938650608062744,0.3325514793395996,0.3017348051071167,0.9421020150184632,43.353912353515625,,0.9646082520484924,0.3538307845592499,0.2832854092121124,0.974327564239502,22.630786895751957,,0.9725669622421264,0.3763936161994934,0.2795757055282593,0.9860410690307616,15.33056640625,,0.8076171875,0.88427734375,0.91552734375,0.951171875,0.951171875,3000,0.223234936594963,0.223234936594963,,,,0.6788398027420044,,1.0,0.001,1.0,1.0,128,300,3,3000,-1.0,0,0,0,0,0,0.7,1.0,0,10,1.1773424399502437,228.84242248535156,13.330492734909058,3000,bp,mnist,standardize,mlp,tanh,softmax_ce,none
0.3595570921897888,0.924217402935028,4.746327365111808,0.3616529405117035,0.9581003189086914,0.6837212127692874,0.3967605829238891,0.9598698616027832,0.3526678697158364,0,0.6453593969345093,0.6670126271612059,softmax_imb07_bp,2,0,,,,,,E1_headline/softmax_imb07_bp/seed2_fb0.csv,3,0.924217402935028,0.3595570921897888,0.3414881229400635,0.9274925589561462,50.55706024169922,,0.9604750871658324,0.3616529405117035,0.3136190474033355,0.9682846069335938,24.66092300415039,,0.9700608253479004,0.3967605829238891,0.3017204999923706,0.9838593006134032,15.988388061523438,,0.822265625,0.880859375,0.92041015625,0.947265625,0.947265625,3000,0.2265798151493072,0.2265798151493072,,,,0.6453593969345093,,1.0,0.001,1.0,1.0,128,300,3,3000,-1.0,0,0,0,0,0,0.7,1.0,0,10,1.1773424399502437,228.84242248535156,12.587038040161133,3000,bp,mnist,standardize,mlp,tanh,softmax_ce,none
0.3653421401977539,0.9220085740089417,5.742250224387372,0.3699238896369934,0.9564251899719238,0.8816585640847715,0.4165513813495636,0.9579052329063416,0.4702245971326216,0,0.6863167881965637,0.7802671275548563,softmax_imb07_bp,3,0,,,,,,E1_headline/softmax_imb07_bp/seed3_fb0.csv,3,0.9220085740089417,0.3653421401977539,0.3522492945194244,0.925035834312439,53.227569580078125,,0.9564251899719238,0.3699238896369934,0.3417270481586456,0.962900161743164,27.862531661987305,,0.969291627407074,0.4165513813495636,0.3415176570415497,0.9815772771835328,18.770824432373047,,0.8203125,0.8994140625,0.92431640625,0.9443359375,0.9443359375,3000,0.2248008549213409,0.2248008549213409,,,,0.6863167881965637,,1.0,0.001,1.0,1.0,128,300,3,3000,-1.0,0,0,0,0,0,0.7,1.0,0,10,1.1773424399502437,228.84242248535156,12.910564184188843,3000,bp,mnist,standardize,mlp,tanh,softmax_ce,none
0.3487755954265594,0.9297725558280944,8.226105692590014,0.3429613709449768,0.9661847949028016,1.1869963946140525,0.3632968068122864,0.9638864398002625,0.604618308279544,0,0.6742493510246277,0.7832029203046137,softmax_imb07_bp,4,0,,,,,,E1_headline/softmax_imb07_bp/seed4_fb0.csv,3,0.9297725558280944,0.3487755954265594,0.3253572881221771,0.9332154989242554,48.55893707275391,,0.9661847949028016,0.3429613709449768,0.2906238436698913,0.9725074768066406,23.01766586303711,,0.9751518368721008,0.3632968068122864,0.284065842628479,0.9855560660362244,15.282453536987305,,0.81298828125,0.89306640625,0.9140625,0.9384765625,0.9384765625,3000,0.2438889145851135,0.2438889145851135,,,,0.6742493510246277,,1.0,0.001,1.0,1.0,128,300,3,3000,-1.0,0,0,0,0,0,0.7,1.0,0,10,1.1773424399502437,228.84242248535156,11.773873090744019,3000,bp,mnist,standardize,mlp,tanh,softmax_ce,none
