maxcos_l1,minp_l1,kappa_l1,maxcos_l2,minp_l2,kappa_l2,maxcos_l3,minp_l3,kappa_l3,steps_cos_gt_0.9,plateau_onset,plateau_band_end,plateau_exit,plateau_duration,plateau_band_acc,ebar0,ebar_ratio_10,tag,seed,fb_seed,csv,n_layers,minp_w300_l1,maxcos_w300_l1,cos0_l1,p0_l1,H0_l1,wa_end_l1,minp_w300_l2,maxcos_w300_l2,cos0_l2,p0_l2,H0_l2,wa_end_l2,minp_w300_l3,maxcos_w300_l3,cos0_l3,p0_l3,H0_l3,wa_end_l3,acc_450,acc_1000,acc_1500,acc_3000,acc_final,step_final,loss_final,loss_min,kappa_cf_l1,kappa_cf_l2,kappa_cf_l3,drive,ebar0_pred,fb_scale,lr,out_lr_mult,hid_lr_mult,batch,width,depth,steps,out_bias_q,freeze_bias,freeze_out,muon,whiten,batchnorm,p0,target_scale,classes,C,prior_loss,xbar2,wall,final_step,rule,dataset,preprocess,arch,act,head,center
0.894025981426239,0.7242494821548462,4.458145080768104,0.985094428062439,0.4069302082061767,8.482435049713773,0.9980725646018982,0.2263269871473312,10.99276343240507,310,90.0,310.0,520.0,430.0,0.12240998641304347,1.2692182064056396,1.2055869975267264,C10,0,0,E2_master/C10/seed0_fb0.csv,3,0.7242494821548462,0.894025981426239,0.3541161119937897,0.9909001588821412,12.757408142089844,0.5391277074813843,0.4069302082061767,0.985094428062439,0.3507662415504455,0.9935280680656432,10.161163330078123,0.3970779776573181,0.2263269871473312,0.9980725646018982,0.3540035486221313,0.9948840141296388,8.370211601257324,0.2208365648984909,0.26953125,0.7802734375,0.85693359375,,0.85693359375,1500,1.258267164230347,1.258267164230347,26.953168049917554,10.236181397056136,8.304448866303373,1.2692182064056396,1.264911064067352,1.0,0.001,1.0,1.0,128,300,3,1500,-1.0,0,0,0,0,0,0.0,1.0,10,10,3.2490788990307586,35.225006103515625,7.243688106536865,1500,dfa,mnist,div255,mlp,tanh,sigmoid_bce,none
0.9021816849708556,0.6914756894111633,4.855665284808131,0.9889762997627258,0.3020907640457153,9.144838168636683,0.9989032745361328,0.1923276931047439,14.995635237558703,360,100.0,270.0,590.0,490.0,0.08824327256944445,1.3514316082000732,1.445871314672747,C10,1,1,E2_master/C10/seed1_fb1.csv,3,0.6914756894111633,0.9021816849708556,0.3873637318611145,0.9887229204177856,13.798158645629885,0.506930947303772,0.3020907640457153,0.9889762997627258,0.3898089230060577,0.992600440979004,11.267420768737791,0.363749235868454,0.1923276931047439,0.9989032745361328,0.387746512889862,0.9939010739326476,9.42509651184082,0.2138387560844421,0.17529296875,0.75244140625,0.845703125,,0.845703125,1500,1.286377191543579,1.286377191543579,25.795081970600872,10.537464484814349,8.735378080908937,1.3514316082000732,1.264911064067352,1.0,0.001,1.0,1.0,128,300,3,1500,-1.0,0,0,0,0,0,0.0,1.0,10,10,3.2490788990307586,35.225006103515625,7.844002723693848,1500,dfa,mnist,div255,mlp,tanh,sigmoid_bce,none
0.9032276272773744,0.7118026614189148,4.638836688949543,0.9876881837844848,0.3464583456516266,8.889208458302605,0.9982762932777404,0.2242631614208221,11.991215389942887,310,100.0,240.0,500.0,400.0,0.0916015625,1.247653603553772,1.2040565680969142,C10,2,2,E2_master/C10/seed2_fb2.csv,3,0.7118026614189148,0.9032276272773744,0.4126372337341308,0.9858370423316956,15.55845069885254,0.5149432420730591,0.3464583456516266,0.9876881837844848,0.3982468843460083,0.9923094511032104,11.637540817260742,0.3751315474510193,0.2242631614208221,0.9982762932777404,0.3910796046257019,0.993703842163086,9.466567993164062,0.2344442754983902,0.3076171875,0.73828125,0.849609375,,0.849609375,1500,1.2883106470108032,1.2883106470108032,23.719888895426525,10.842361481867695,8.274976220576836,1.247653603553772,1.264911064067352,1.0,0.001,1.0,1.0,128,300,3,1500,-1.0,0,0,0,0,0,0.0,1.0,10,10,3.2490788990307586,35.225006103515625,7.016876697540283,1500,dfa,mnist,div255,mlp,tanh,sigmoid_bce,none
0.3622240722179413,0.8851111531257629,0.1775695642443296,0.3867844939231872,0.4710097014904022,0.050557490690215,0.3590714335441589,0.2215588390827179,0.032122244409898,0,,,,,,0.0578265376389026,0.08062159519253626,C2,0,0,E2_master/C2/seed0_fb0.csv,3,0.9096104502677916,0.3622240722179413,0.3622240722179413,0.9893842935562134,12.116779327392578,0.3828042447566986,0.5788246989250183,0.3867844939231872,0.3867844939231872,0.9916382431983948,11.194074630737305,0.2473798245191574,0.2896122336387634,0.3590714335441589,0.3590714335441589,0.994410753250122,8.333860397338867,0.1424764990806579,0.998046875,0.998046875,0.998046875,,0.998046875,1500,0.0287494622170925,0.0287217833101749,,,,0.0578265376389026,0.0,1.0,0.001,1.0,1.0,128,300,3,1500,-1.0,0,0,0,0,0,0.0,1.0,2,2,1.3827326576082393,35.27383041381836,7.229685068130493,1500,dfa,mnist,div255,mlp,tanh,sigmoid_bce,none
0.4100472033023834,0.8866820335388184,0.2573063127494625,0.4134226441383362,0.4718774855136871,0.1027618346167994,0.4527249336242676,0.2192182540893554,0.0601893648084223,0,,,,,,0.0440274700522422,0.11973692727151412,C2,1,1,E2_master/C2/seed1_fb1.csv,3,0.9134098291397096,0.4100472033023834,0.4100472033023834,0.9875605702400208,13.556559562683104,0.4079676866531372,0.589339554309845,0.4134226441383362,0.4134226441383362,0.992471158504486,10.784415245056152,0.2351391613483429,0.3020682036876678,0.4527249336242676,0.4527249336242676,0.9920654892921448,10.62839698791504,0.1373715549707412,0.99853515625,0.99853515625,0.9990234375,,0.9990234375,1500,0.0161937922239303,0.0161937922239303,,,,0.0440274700522422,0.0,1.0,0.001,1.0,1.0,128,300,3,1500,-1.0,0,0,0,0,0,0.0,1.0,2,2,1.3827326576082393,35.27383041381836,8.278087139129639,1500,dfa,mnist,div255,mlp,tanh,sigmoid_bce,none
0.4307508468627929,0.8870804309844971,0.2788130123076892,0.4055056571960449,0.4952421188354492,0.0975181921724458,0.400621622800827,0.2140419483184814,0.0565246163059227,0,,,,,,0.0701100826263427,0.08785985392980736,C2,2,2,E2_master/C2/seed2_fb2.csv,3,0.90862637758255,0.4307508468627929,0.4307508468627929,0.985424816608429,15.381939888000488,0.3562646508216858,0.6016603112220764,0.4055056571960449,0.4055056571960449,0.9909969568252563,11.286067962646484,0.2659268379211426,0.2925375998020172,0.400621622800827,0.400621622800827,0.9927099943161012,9.30204963684082,0.0885034203529357,0.9951171875,0.9951171875,0.9951171875,,0.9951171875,1500,0.0387476161122322,0.0387476161122322,,,,0.0701100826263427,0.0,1.0,0.001,1.0,1.0,128,300,3,1500,-1.0,0,0,0,0,0,0.0,1.0,2,2,1.3827326576082393,35.27383041381836,7.84794020652771,1500,dfa,mnist,div255,mlp,tanh,sigmoid_bce,none
0.691835880279541,0.8117414116859436,2.017408212757405,0.7994990348815918,0.7001655101776123,3.16155197156603,0.8127822279930115,0.6339600682258606,3.6972981149765376,0,,,,,,0.2934981882572174,0.37980172951136515,C3,0,0,E2_master/C3/seed0_fb0.csv,3,0.8551636934280396,0.691835880279541,0.3910614550113678,0.9892458319664,13.905770301818848,0.5698270201683044,0.7426447868347168,0.7994990348815918,0.3685469925403595,0.9921377301216124,9.99612522125244,0.4329396784305572,0.645853579044342,0.8127822279930115,0.3580060601234436,0.9947496056556702,8.011007308959961,0.2307350486516952,0.9521484375,0.96533203125,0.9658203125,,0.9658203125,1500,0.1882416903972625,0.1882416903972625,5.002955488743839,2.019125058485791,1.4895273126387298,0.2934981882572174,0.2886751345948129,1.0,0.001,1.0,1.0,128,300,3,1500,-1.0,0,0,0,0,0,0.0,1.0,3,3,1.9055507961979699,35.93327713012695,8.033747434616089,1500,dfa,mnist,div255,mlp,tanh,sigmoid_bce,none
0.5962739586830139,0.8252944946289062,2.159885781343953,0.6123691201210022,0.7108949422836304,2.849310251840943,0.6466745138168335,0.6058475375175476,2.7873187846435323,0,,,,,,0.3372750580310821,0.4096669280049244,C3,1,1,E2_master/C3/seed1_fb1.csv,3,0.8768836855888367,0.5962739586830139,0.4071216285228729,0.986724019050598,15.054648399353027,0.6151809096336365,0.8042552471160889,0.6123691201210022,0.4217710196971893,0.9905455112457277,13.071733474731444,0.4685817062854767,0.732585072517395,0.6466745138168335,0.3934027850627899,0.9936190843582152,10.064371109008787,0.2869399189949035,0.96435546875,0.9716796875,0.9755859375,,0.9755859375,1500,0.1638352870941162,0.1638352870941162,4.682222503508931,2.035330787368881,1.7839464098089093,0.3372750580310821,0.2886751345948129,1.0,0.001,1.0,1.0,128,300,3,1500,-1.0,0,0,0,0,0,0.0,1.0,3,3,1.9055507961979699,35.93327713012695,6.899466514587402,1500,dfa,mnist,div255,mlp,tanh,sigmoid_bce,none
0.5656106472015381,0.8119780421257019,1.6042717822777894,0.5140880346298218,0.6948722004890442,2.306840333972266,0.4708762764930725,0.536462128162384,2.2894512512200054,0,,,,,,0.1671224236488342,0.22114765495137986,C3,2,2,E2_master/C3/seed2_fb2.csv,3,0.8596846461296082,0.5656106472015381,0.4237459003925323,0.987696886062622,15.120733261108398,0.6289757490158081,0.7774593234062195,0.5140880346298218,0.4304113686084747,0.9917518496513368,12.261604309082031,0.4765290319919586,0.6663601994514465,0.4708762764930725,0.4096494913101196,0.9935834407806396,9.385974884033203,0.2112139165401458,0.96728515625,0.97607421875,0.97802734375,,0.97802734375,1500,0.1530702412128448,0.1530702412128448,2.471621779287605,1.0788199294056162,0.8874833912825009,0.1671224236488342,0.2886751345948129,1.0,0.001,1.0,1.0,128,300,3,1500,-1.0,0,0,0,0,0,0.0,1.0,3,3,1.9055507961979699,35.93327713012695,7.284102201461792,1500,dfa,mnist,div255,mlp,tanh,sigmoid_bce,none
0.8528764247894287,0.7972493171691895,3.3775319101886443,0.9716619849205016,0.4866181910037994,6.081389704860077,0.9948292970657348,0.3546577394008636,8.024706245115299,130,,,,,,0.7826123237609863,0.9390117260848075,C5,0,0,E2_master/C5/seed0_fb0.csv,3,0.7972493171691895,0.8528764247894287,0.364981859922409,0.987801730632782,13.195516586303713,0.6952846646308899,0.4866181910037994,0.9716619849205016,0.3783024847507477,0.9918893575668336,11.650056838989258,0.5195791125297546,0.3546577394008636,0.9948292970657348,0.358704000711441,0.99468195438385,8.599178314208984,0.2865009903907776,0.91259765625,0.9404296875,0.94921875,,0.94921875,1500,0.375866562128067,0.375866562128067,13.489631459907645,5.348081620681053,4.7658382891428825,0.7826123237609863,0.6708203932499369,1.0,0.001,1.0,1.0,128,300,3,1500,-1.0,0,0,0,0,0,0.0,1.0,5,5,2.4997707260990483,34.805789947509766,7.083364009857178,1500,dfa,mnist,div255,mlp,tanh,sigmoid_bce,none
0.7593730092048645,0.8530204892158508,3.301584784113063,0.9237861037254332,0.6757504940032959,4.974397235385507,0.9763669967651368,0.5104748606681824,6.588844469751834,110,80.0,130.0,190.0,110.0,0.17097981770833334,0.7019749879837036,0.7266078224486668,C5,1,1,E2_master/C5/seed1_fb1.csv,3,0.8740204572677612,0.7593730092048645,0.3405201435089111,0.9906877875328064,12.305130958557127,0.6742752194404602,0.6757504940032959,0.9237861037254332,0.3770210146903991,0.9916008114814758,11.573931694030762,0.5135202407836914,0.5104748606681824,0.9763669967651368,0.3511287569999695,0.9944118857383728,8.931861877441406,0.2895961999893188,0.92138671875,0.9365234375,0.9443359375,,0.9443359375,1500,0.3759417533874511,0.3759417533874511,11.694413031035218,4.3455457089336464,4.106731086496998,0.7019749879837036,0.6708203932499369,1.0,0.001,1.0,1.0,128,300,3,1500,-1.0,0,0,0,0,0,0.0,1.0,5,5,2.4997707260990483,34.805789947509766,7.197999000549316,1500,dfa,mnist,div255,mlp,tanh,sigmoid_bce,none
0.8074013590812683,0.8225728869438171,3.46001529158758,0.9363791942596436,0.6731561422348022,5.9831472835790445,0.977730631828308,0.5189032554626465,7.083171762050513,80,,,,,,0.6157634854316711,0.6977337059165586,C5,2,2,E2_master/C5/seed2_fb2.csv,3,0.85080885887146,0.8074013590812683,0.3980701565742492,0.986899197101593,15.095693588256836,0.7007798552513123,0.6731561422348022,0.9363791942596436,0.3883744478225708,0.990395963191986,11.43768310546875,0.5455838441848755,0.5189032554626465,0.977730631828308,0.362646996974945,0.9943673014640808,9.130142211914062,0.2864183485507965,0.9306640625,0.9501953125,0.95263671875,,0.95263671875,1500,0.3198471367359161,0.3198471367359161,10.057402964908746,4.521080994278009,3.493591151735969,0.6157634854316711,0.6708203932499369,1.0,0.001,1.0,1.0,128,300,3,1500,-1.0,0,0,0,0,0,0.0,1.0,5,5,2.4997707260990483,34.805789947509766,9.731072664260864,1500,dfa,mnist,div255,mlp,tanh,sigmoid_bce,none
0.894025981426239,0.7242494821548462,4.458145080768104,0.985094428062439,0.4069302082061767,8.482435049713773,0.9980725646018982,0.2263269871473312,10.99276343240507,310,90.0,310.0,520.0,430.0,0.12240998641304347,1.2692182064056396,1.2055869975267264,b128,0,0,E2_master/b128/seed0_fb0.csv,3,0.7242494821548462,0.894025981426239,0.3541161119937897,0.9909001588821412,12.757408142089844,0.5391277074813843,0.4069302082061767,0.985094428062439,0.3507662415504455,0.9935280680656432,10.161163330078123,0.3970779776573181,0.2263269871473312,0.9980725646018982,0.3540035486221313,0.9948840141296388,8.370211601257324,0.2208365648984909,0.26953125,0.7802734375,0.85693359375,,0.85693359375,1500,1.258267164230347,1.258267164230347,26.953168049917554,10.236181397056136,8.304448866303373,1.2692182064056396,1.264911064067352,1.0,0.001,1.0,1.0,128,300,3,1500,-1.0,0,0,0,0,0,0.0,1.0,0,10,3.2490788990307586,35.225006103515625,7.913845539093018,1500,dfa,mnist,div255,mlp,tanh,sigmoid_bce,none
0.9021816849708556,0.6914756894111633,4.855665284808131,0.9889762997627258,0.3020907640457153,9.144838168636683,0.9989032745361328,0.1923276931047439,14.995635237558703,360,100.0,270.0,590.0,490.0,0.08824327256944445,1.3514316082000732,1.445871314672747,b128,1,1,E2_master/b128/seed1_fb1.csv,3,0.6914756894111633,0.9021816849708556,0.3873637318611145,0.9887229204177856,13.798158645629885,0.506930947303772,0.3020907640457153,0.9889762997627258,0.3898089230060577,0.992600440979004,11.267420768737791,0.363749235868454,0.1923276931047439,0.9989032745361328,0.387746512889862,0.9939010739326476,9.42509651184082,0.2138387560844421,0.17529296875,0.75244140625,0.845703125,,0.845703125,1500,1.286377191543579,1.286377191543579,25.795081970600872,10.537464484814349,8.735378080908937,1.3514316082000732,1.264911064067352,1.0,0.001,1.0,1.0,128,300,3,1500,-1.0,0,0,0,0,0,0.0,1.0,0,10,3.2490788990307586,35.225006103515625,8.132787466049194,1500,dfa,mnist,div255,mlp,tanh,sigmoid_bce,none
0.9032276272773744,0.7118026614189148,4.638836688949543,0.9876881837844848,0.3464583456516266,8.889208458302605,0.9982762932777404,0.2242631614208221,11.991215389942887,310,100.0,240.0,500.0,400.0,0.0916015625,1.247653603553772,1.2040565680969142,b128,2,2,E2_master/b128/seed2_fb2.csv,3,0.7118026614189148,0.9032276272773744,0.4126372337341308,0.9858370423316956,15.55845069885254,0.5149432420730591,0.3464583456516266,0.9876881837844848,0.3982468843460083,0.9923094511032104,11.637540817260742,0.3751315474510193,0.2242631614208221,0.9982762932777404,0.3910796046257019,0.993703842163086,9.466567993164062,0.2344442754983902,0.3076171875,0.73828125,0.849609375,,0.849609375,1500,1.2883106470108032,1.2883106470108032,23.719888895426525,10.842361481867695,8.274976220576836,1.247653603553772,1.264911064067352,1.0,0.001,1.0,1.0,128,300,3,1500,-1.0,0,0,0,0,0,0.0,1.0,0,10,3.2490788990307586,35.225006103515625,6.976635694503784,1500,dfa,mnist,div255,mlp,tanh,sigmoid_bce,none
0.8934518694877625,0.7244547009468079,4.423887091093539,0.9848766326904296,0.4058503210544586,8.476027451960197,0.998015820980072,0.2279098927974701,10.995607104255823,310,160.0,310.0,510.0,350.0,0.118255615234375,1.2692182064056396,1.2092163761484613,b2048,0,0,E2_master/b2048/seed0_fb0.csv,3,0.7244547009468079,0.8934518694877625,0.3541161119937897,0.9909001588821412,12.757408142089844,0.5387409329414368,0.4058503210544586,0.9848766326904296,0.3507662415504455,0.9935280680656432,10.161163330078123,0.3974058032035827,0.2279098927974701,0.998015820980072,0.3540035486221313,0.9948840141296388,8.370211601257324,0.2210419476032257,0.2802734375,0.7890625,0.85498046875,,0.85498046875,1500,1.258392095565796,1.258392095565796,26.953168049917554,10.236181397056136,8.304448866303373,1.2692182064056396,1.264911064067352,1.0,0.001,1.0,1.0,2048,300,3,1500,-1.0,0,0,0,0,0,0.0,1.0,0,10,3.2490788990307586,35.225006103515625,8.855795860290527,1500,dfa,mnist,div255,mlp,tanh,sigmoid_bce,none
0.9020119309425354,0.69222491979599,4.828007514855154,0.9890092015266418,0.3048642575740814,9.13034912626854,0.998922884464264,0.195928081870079,14.99240934830967,360,90.0,430.0,580.0,490.0,0.11199776785714285,1.3514316082000732,1.4456478640203507,b2048,1,1,E2_master/b2048/seed1_fb1.csv,3,0.69222491979599,0.9020119309425354,0.3873637318611145,0.9887229204177856,13.798158645629885,0.5068278908729553,0.3048642575740814,0.9890092015266418,0.3898089230060577,0.992600440979004,11.267420768737791,0.3642981052398681,0.195928081870079,0.998922884464264,0.387746512889862,0.9939010739326476,9.42509651184082,0.2141191661357879,0.154296875,0.75244140625,0.8427734375,,0.8427734375,1500,1.283599853515625,1.283599853515625,25.795081970600872,10.537464484814349,8.735378080908937,1.3514316082000732,1.264911064067352,1.0,0.001,1.0,1.0,2048,300,3,1500,-1.0,0,0,0,0,0,0.0,1.0,0,10,3.2490788990307586,35.225006103515625,8.035366296768188,1500,dfa,mnist,div255,mlp,tanh,sigmoid_bce,none
0.9029080867767334,0.7128655314445496,4.652056245858363,0.9875650405883788,0.3476717174053192,8.991178385592631,0.9982509613037108,0.2268999814987182,12.155400763449718,310,100.0,220.0,500.0,400.0,0.08826622596153846,1.247653603553772,1.2075738805537042,b2048,2,2,E2_master/b2048/seed2_fb2.csv,3,0.7128655314445496,0.9029080867767334,0.4126372337341308,0.9858370423316956,15.55845069885254,0.5142953395843506,0.3476717174053192,0.9875650405883788,0.3982468843460083,0.9923094511032104,11.637540817260742,0.3753120899200439,0.2268999814987182,0.9982509613037108,0.3910796046257019,0.993703842163086,9.466567993164062,0.2343119382858276,0.30712890625,0.7294921875,0.8544921875,,0.8544921875,1500,1.2866969108581543,1.2866969108581543,23.719888895426525,10.842361481867695,8.274976220576836,1.247653603553772,1.264911064067352,1.0,0.001,1.0,1.0,2048,300,3,1500,-1.0,0,0,0,0,0,0.0,1.0,0,10,3.2490788990307586,35.225006103515625,8.167133092880249,1500,dfa,mnist,div255,mlp,tanh,sigmoid_bce,none
0.893791913986206,0.7237175107002258,4.612621541488679,0.985093891620636,0.4033080339431762,8.580913418091324,0.9981155395507812,0.2245441228151321,11.130500244512382,320,130.0,330.0,520.0,390.0,0.11614118303571429,1.2692182064056396,1.2098002892126554,b32,0,0,E2_master/b32/seed0_fb0.csv,3,0.7237175107002258,0.893791913986206,0.3541161119937897,0.9909001588821412,12.757408142089844,0.5424796938896179,0.4033080339431762,0.985093891620636,0.3507662415504455,0.9935280680656432,10.161163330078123,0.3985411524772644,0.2245441228151321,0.9981155395507812,0.3540035486221313,0.9948840141296388,8.370211601257324,0.2218562364578247,0.2490234375,0.787109375,0.85302734375,,0.85302734375,1500,1.2585532665252686,1.2585532665252686,26.953168049917554,10.236181397056136,8.304448866303373,1.2692182064056396,1.264911064067352,1.0,0.001,1.0,1.0,32,300,3,1500,-1.0,0,0,0,0,0,0.0,1.0,0,10,3.2490788990307586,35.225006103515625,8.9775390625,1500,dfa,mnist,div255,mlp,tanh,sigmoid_bce,none
0.9015282392501832,0.6928583383560181,5.015911500484614,0.9890681505203248,0.3017323315143585,9.24616730722121,0.9989450573921204,0.195519208908081,15.094370473654092,350,90.0,270.0,580.0,490.0,0.0849352384868421,1.3514316082000732,1.4453328807150025,b32,1,1,E2_master/b32/seed1_fb1.csv,3,0.6928583383560181,0.9015282392501832,0.3873637318611145,0.9887229204177856,13.798158645629885,0.5056146383285522,0.3017323315143585,0.9890681505203248,0.3898089230060577,0.992600440979004,11.267420768737791,0.363881379365921,0.195519208908081,0.9989450573921204,0.387746512889862,0.9939010739326476,9.42509651184082,0.2140846848487854,0.1708984375,0.7373046875,0.841796875,,0.841796875,1500,1.2939268350601196,1.2939268350601196,25.795081970600872,10.537464484814349,8.735378080908937,1.3514316082000732,1.264911064067352,1.0,0.001,1.0,1.0,32,300,3,1500,-1.0,0,0,0,0,0,0.0,1.0,0,10,3.2490788990307586,35.225006103515625,7.131532192230225,1500,dfa,mnist,div255,mlp,tanh,sigmoid_bce,none
0.90376478433609,0.7093205451965332,4.787588521283127,0.987826406955719,0.3465161323547363,9.02834237969958,0.9983041882514954,0.2231494337320327,12.191063592361518,320,100.0,210.0,500.0,400.0,0.07845052083333333,1.247653603553772,1.1925794199767306,b32,2,2,E2_master/b32/seed2_fb2.csv,3,0.7093205451965332,0.90376478433609,0.4126372337341308,0.9858370423316956,15.55845069885254,0.5141745805740356,0.3465161323547363,0.987826406955719,0.3982468843460083,0.9923094511032104,11.637540817260742,0.3743773996829986,0.2231494337320327,0.9983041882514954,0.3910796046257019,0.993703842163086,9.466567993164062,0.233572319149971,0.31298828125,0.72900390625,0.85498046875,,0.85498046875,1500,1.284177541732788,1.284177541732788,23.719888895426525,10.842361481867695,8.274976220576836,1.247653603553772,1.264911064067352,1.0,0.001,1.0,1.0,32,300,3,1500,-1.0,0,0,0,0,0,0.0,1.0,0,10,3.2490788990307586,35.225006103515625,6.926026344299316,1500,dfa,mnist,div255,mlp,tanh,sigmoid_bce,none
0.8934420347213745,0.7244336009025574,4.412265029255826,0.984844446182251,0.4059626162052154,8.443763221721213,0.9980180859565736,0.2289598733186721,10.944850656651097,310,150.0,320.0,520.0,370.0,0.12242296006944445,1.2692182064056396,1.208216908600475,b512,0,0,E2_master/b512/seed0_fb0.csv,3,0.7244336009025574,0.8934420347213745,0.3541161119937897,0.9909001588821412,12.757408142089844,0.5391325950622559,0.4059626162052154,0.984844446182251,0.3507662415504455,0.9935280680656432,10.161163330078123,0.3973327875137329,0.2289598733186721,0.9980180859565736,0.3540035486221313,0.9948840141296388,8.370211601257324,0.2209140509366989,0.2783203125,0.787109375,0.8564453125,,0.8564453125,1500,1.25905179977417,1.25905179977417,26.953168049917554,10.236181397056136,8.304448866303373,1.2692182064056396,1.264911064067352,1.0,0.001,1.0,1.0,512,300,3,1500,-1.0,0,0,0,0,0,0.0,1.0,0,10,3.2490788990307586,35.225006103515625,7.671662330627441,1500,dfa,mnist,div255,mlp,tanh,sigmoid_bce,none
0.90230530500412,0.6913557052612305,4.849542758834894,0.9890915751457214,0.3038498163223266,9.169338060486917,0.9989325404167176,0.1954428106546402,15.061698572793418,360,100.0,420.0,580.0,480.0,0.11033676609848485,1.3514316082000732,1.446088072801871,b512,1,1,E2_master/b512/seed1_fb1.csv,3,0.6913557052612305,0.90230530500412,0.3873637318611145,0.9887229204177856,13.798158645629885,0.5070183277130127,0.3038498163223266,0.9890915751457214,0.3898089230060577,0.992600440979004,11.267420768737791,0.364364892244339,0.1954428106546402,0.9989325404167176,0.387746512889862,0.9939010739326476,9.42509651184082,0.2141581028699875,0.17138671875,0.74755859375,0.8427734375,,0.8427734375,1500,1.2852938175201416,1.2852938175201416,25.795081970600872,10.537464484814349,8.735378080908937,1.3514316082000732,1.264911064067352,1.0,0.001,1.0,1.0,512,300,3,1500,-1.0,0,0,0,0,0,0.0,1.0,0,10,3.2490788990307586,35.225006103515625,8.199828147888184,1500,dfa,mnist,div255,mlp,tanh,sigmoid_bce,none
0.9031786322593688,0.7124829292297363,4.649647332210311,0.987635850906372,0.3466830551624298,8.964209653899049,0.9982620477676392,0.2269741594791412,12.129984351151396,310,100.0,200.0,500.0,400.0,0.08003373579545454,1.247653603553772,1.2053214941912107,b512,2,2,E2_master/b512/seed2_fb2.csv,3,0.7124829292297363,0.9031786322593688,0.4126372337341308,0.9858370423316956,15.55845069885254,0.514094889163971,0.3466830551624298,0.987635850906372,0.3982468843460083,0.9923094511032104,11.637540817260742,0.3748968541622162,0.2269741594791412,0.9982620477676392,0.3910796046257019,0.993703842163086,9.466567993164062,0.2341707348823547,0.306640625,0.732421875,0.853515625,,0.853515625,1500,1.2863032817840576,1.2863032817840576,23.719888895426525,10.842361481867695,8.274976220576836,1.247653603553772,1.264911064067352,1.0,0.001,1.0,1.0,512,300,3,1500,-1.0,0,0,0,0,0,0.0,1.0,0,10,3.2490788990307586,35.225006103515625,7.330814361572266,1500,dfa,mnist,div255,mlp,tanh,sigmoid_bce,none
0.5876362323760986,0.9658639430999756,0.43292139884682,0.6609951853752136,0.9567123055458068,0.2661224741869318,0.7256060242652893,0.9605875015258788,0.2440644291218666,0,,,,,,1.2692182064056396,1.2775377564573478,g0.03,0,0,E2_master/g0.03/seed0_fb0.csv,3,0.978714406490326,0.5191321969032288,0.3541161119937897,0.9909001588821412,12.757408142089844,0.1125053167343139,0.9743796586990356,0.569739043712616,0.3507662415504455,0.9935280680656432,10.161163330078123,0.0753094106912612,0.97854745388031,0.6143442392349243,0.3540035486221313,0.9948840141296388,8.370211601257324,0.0724253356456756,0.16357421875,0.34619140625,0.47119140625,0.64697265625,0.64697265625,3000,2.622436046600342,2.622436046600342,0.8085950414975266,0.307085441911684,0.24913346598910116,0.038076546192169186,1.264911064067352,0.03,0.001,1.0,1.0,128,300,3,3000,-1.0,0,0,0,0,0,0.0,1.0,0,10,3.2490788990307586,35.225006103515625,16.889546871185303,3000,dfa,mnist,div255,mlp,tanh,sigmoid_bce,none
0.5947631001472473,0.963066041469574,0.4792843762619778,0.6947187185287476,0.9499900937080384,0.28410530522516,0.7552863955497742,0.9468626379966736,0.2800223993190074,0,,,,,,1.3514316082000732,1.3241701189864434,g0.03,1,1,E2_master/g0.03/seed1_fb1.csv,3,0.9750619530677797,0.5260584950447083,0.3873637318611145,0.9887229204177856,13.798158645629885,0.0950340554118156,0.972000539302826,0.598394513130188,0.3898089230060577,0.992600440979004,11.267420768737791,0.0792485550045967,0.972627818584442,0.6356703042984009,0.387746512889862,0.9939010739326476,9.42509651184082,0.0570968203246593,0.14990234375,0.25341796875,0.35986328125,0.58837890625,0.58837890625,3000,2.68278431892395,2.68278431892395,0.7738524591180261,0.3161239345444304,0.2620613424272681,0.04054294824600219,1.264911064067352,0.03,0.001,1.0,1.0,128,300,3,3000,-1.0,0,0,0,0,0,0.0,1.0,0,10,3.2490788990307586,35.225006103515625,12.993653059005737,3000,dfa,mnist,div255,mlp,tanh,sigmoid_bce,none
0.589999258518219,0.9621293544769288,0.4405805361530646,0.6524702906608582,0.9598260521888732,0.2906656285025457,0.7044437527656555,0.9605992436408995,0.249025233964218,0,520.0,620.0,1860.0,1340.0,0.14382102272727273,1.247653603553772,1.240079496945764,g0.03,2,2,E2_master/g0.03/seed2_fb2.csv,3,0.973583161830902,0.5286409258842468,0.4126372337341308,0.9858370423316956,15.55845069885254,0.1064741536974906,0.977177917957306,0.5593962073326111,0.3982468843460083,0.9923094511032104,11.637540817260742,0.0595453605055809,0.9782877564430236,0.5899900197982788,0.3910796046257019,0.993703842163086,9.466567993164062,0.065225675702095,0.1123046875,0.3134765625,0.443359375,0.638671875,0.638671875,3000,2.65310001373291,2.65310001373291,0.7115966668627958,0.32527084445603077,0.24824928661730505,0.03742960810661316,1.264911064067352,0.03,0.001,1.0,1.0,128,300,3,3000,-1.0,0,0,0,0,0,0.0,1.0,0,10,3.2490788990307586,35.225006103515625,12.809388160705566,3000,dfa,mnist,div255,mlp,tanh,sigmoid_bce,none
0.716666042804718,0.9235578179359436,0.918525367051266,0.8338355422019958,0.8815933465957642,0.8425110517973697,0.9148958325386048,0.8491590023040771,0.884415848117993,500,240.0,410.0,1410.0,1170.0,0.13118489583333334,1.2692182064056396,1.2767979719416305,g0.1,0,0,E2_master/g0.1/seed0_fb0.csv,3,0.9268043637275696,0.714034914970398,0.3541161119937897,0.9909001588821412,12.757408142089844,0.2642534077167511,0.8876075148582458,0.8292882442474365,0.3507662415504455,0.9935280680656432,10.161163330078123,0.1881361305713653,0.8592897057533264,0.9101475477218628,0.3540035486221313,0.9948840141296388,8.370211601257324,0.1536123901605606,0.177734375,0.35693359375,0.48486328125,0.71728515625,0.71728515625,3000,2.033167839050293,2.033167839050293,2.695316804991756,1.0236181397056137,0.8304448866303373,0.12692182064056398,1.264911064067352,0.1,0.001,1.0,1.0,128,300,3,3000,-1.0,0,0,0,0,0,0.0,1.0,0,10,3.2490788990307586,35.225006103515625,12.843606948852539,3000,dfa,mnist,div255,mlp,tanh,sigmoid_bce,none
0.7258307933807373,0.920487642288208,0.9705563883222196,0.8660255670547485,0.8518859148025513,0.8588859107972802,0.9342656135559082,0.7903097867965698,1.0427814669546542,850,270.0,500.0,1550.0,1280.0,0.13411458333333334,1.3514316082000732,1.3419926887150888,g0.1,1,1,E2_master/g0.1/seed1_fb1.csv,3,0.9224315881729126,0.724571704864502,0.3873637318611145,0.9887229204177856,13.798158645629885,0.2488871812820434,0.8566679954528809,0.8640075325965881,0.3898089230060577,0.992600440979004,11.267420768737791,0.18386772274971,0.8006112575531006,0.932046353816986,0.387746512889862,0.9939010739326476,9.42509651184082,0.1475183367729187,0.14697265625,0.26025390625,0.3916015625,0.69775390625,0.69775390625,3000,2.065953731536865,2.065953731536865,2.5795081970600875,1.0537464484814347,0.8735378080908939,0.13514316082000732,1.264911064067352,0.1,0.001,1.0,1.0,128,300,3,3000,-1.0,0,0,0,0,0,0.0,1.0,0,10,3.2490788990307586,35.225006103515625,12.65788722038269,3000,dfa,mnist,div255,mlp,tanh,sigmoid_bce,none
0.7251800894737244,0.9178303480148317,0.9505248714230836,0.8439329862594604,0.8785468339920044,0.9100360319678188,0.9143692255020142,0.8281890749931335,0.9531076182061852,530,270.0,450.0,1460.0,1190.0,0.12800678453947367,1.247653603553772,1.2337116735307811,g0.1,2,2,E2_master/g0.1/seed2_fb2.csv,3,0.922479212284088,0.7202131152153015,0.4126372337341308,0.9858370423316956,15.55845069885254,0.2688618898391723,0.8902174830436707,0.8338713645935059,0.3982468843460083,0.9923094511032104,11.637540817260742,0.1711010187864303,0.8522279858589172,0.90334814786911,0.3910796046257019,0.993703842163086,9.466567993164062,0.1597159504890442,0.1591796875,0.2822265625,0.43408203125,0.69873046875,0.69873046875,3000,2.067998170852661,2.067998170852661,2.371988889542653,1.0842361481867695,0.8274976220576836,0.1247653603553772,1.264911064067352,0.1,0.001,1.0,1.0,128,300,3,3000,-1.0,0,0,0,0,0,0.0,1.0,0,10,3.2490788990307586,35.225006103515625,12.79266881942749,3000,dfa,mnist,div255,mlp,tanh,sigmoid_bce,none
0.8117247819900513,0.8558474779129028,1.4769976264640776,0.9359115362167358,0.7080217003822327,1.8573185785758743,0.9823039770126344,0.55330491065979,2.2839556247839616,580,130.0,320.0,870.0,740.0,0.1287109375,1.2692182064056396,1.273114531555396,g0.3,0,0,E2_master/g0.3/seed0_fb0.csv,3,0.8558474779129028,0.8117247819900513,0.3541161119937897,0.9909001588821412,12.757408142089844,0.3154067993164062,0.7080217003822327,0.9359115362167358,0.3507662415504455,0.9935280680656432,10.161163330078123,0.2117858678102493,0.55330491065979,0.9823039770126344,0.3540035486221313,0.9948840141296388,8.370211601257324,0.1402902752161026,0.21435546875,0.4375,0.69384765625,,0.69384765625,1500,2.06343936920166,2.06343936920166,8.085950414975265,3.07085441911684,2.4913346598910118,0.38076546192169186,1.264911064067352,0.3,0.001,1.0,1.0,128,300,3,1500,-1.0,0,0,0,0,0,0.0,1.0,0,10,3.2490788990307586,35.225006103515625,7.939671993255615,1500,dfa,mnist,div255,mlp,tanh,sigmoid_bce,none
0.8216791749000549,0.8437633514404297,1.6093915680852058,0.953441858291626,0.6425368785858154,2.028094737314072,0.9875794053077698,0.4968739748001098,2.978918778614636,690,140.0,520.0,960.0,820.0,0.12141927083333333,1.3514316082000732,1.3906154346575033,g0.3,1,1,E2_master/g0.3/seed1_fb1.csv,3,0.8437633514404297,0.8216791749000549,0.3873637318611145,0.9887229204177856,13.798158645629885,0.2655132710933685,0.6425368785858154,0.953441858291626,0.3898089230060577,0.992600440979004,11.267420768737791,0.1833171397447586,0.4968739748001098,0.9875794053077698,0.387746512889862,0.9939010739326476,9.42509651184082,0.1295941472053527,0.12548828125,0.28857421875,0.57568359375,,0.57568359375,1500,2.2404861450195312,2.2404861450195312,7.738524591180262,3.1612393454443044,2.6206134242726815,0.405429482460022,1.264911064067352,0.3,0.001,1.0,1.0,128,300,3,1500,-1.0,0,0,0,0,0,0.0,1.0,0,10,3.2490788990307586,35.225006103515625,7.285922288894653,1500,dfa,mnist,div255,mlp,tanh,sigmoid_bce,none
0.8238804936408997,0.849364161491394,1.5445352952919684,0.9468785524368286,0.6785609126091003,2.038439067390164,0.9840518832206726,0.5219823122024536,2.5636836764687057,610,150.0,460.0,900.0,750.0,0.12359619140625,1.247653603553772,1.2198680985338384,g0.3,2,2,E2_master/g0.3/seed2_fb2.csv,3,0.849364161491394,0.8238804936408997,0.4126372337341308,0.9858370423316956,15.55845069885254,0.2985519468784332,0.6785609126091003,0.9468785524368286,0.3982468843460083,0.9923094511032104,11.637540817260742,0.1922887563705444,0.5219823122024536,0.9840518832206726,0.3910796046257019,0.993703842163086,9.466567993164062,0.1493299901485443,0.1611328125,0.3955078125,0.6083984375,,0.6083984375,1500,2.1588404178619385,2.1588404178619385,7.115966668627958,3.2527084445603083,2.4824928661730508,0.3742960810661316,1.264911064067352,0.3,0.001,1.0,1.0,128,300,3,1500,-1.0,0,0,0,0,0,0.0,1.0,0,10,3.2490788990307586,35.225006103515625,8.135634660720825,1500,dfa,mnist,div255,mlp,tanh,sigmoid_bce,none
0.894025981426239,0.7242494821548462,4.458145080768104,0.985094428062439,0.4069302082061767,8.482435049713773,0.9980725646018982,0.2263269871473312,10.99276343240507,310,90.0,310.0,520.0,430.0,0.12240998641304347,1.2692182064056396,1.2055869975267264,g1.0,0,0,E2_master/g1.0/seed0_fb0.csv,3,0.7242494821548462,0.894025981426239,0.3541161119937897,0.9909001588821412,12.757408142089844,0.5391277074813843,0.4069302082061767,0.985094428062439,0.3507662415504455,0.9935280680656432,10.161163330078123,0.3970779776573181,0.2263269871473312,0.9980725646018982,0.3540035486221313,0.9948840141296388,8.370211601257324,0.2208365648984909,0.26953125,0.7802734375,0.85693359375,,0.85693359375,1500,1.258267164230347,1.258267164230347,26.953168049917554,10.236181397056136,8.304448866303373,1.2692182064056396,1.264911064067352,1.0,0.001,1.0,1.0,128,300,3,1500,-1.0,0,0,0,0,0,0.0,1.0,0,10,3.2490788990307586,35.225006103515625,8.108581781387329,1500,dfa,mnist,div255,mlp,tanh,sigmoid_bce,none
0.9021816849708556,0.6914756894111633,4.855665284808131,0.9889762997627258,0.3020907640457153,9.144838168636683,0.9989032745361328,0.1923276931047439,14.995635237558703,360,100.0,270.0,590.0,490.0,0.08824327256944445,1.3514316082000732,1.445871314672747,g1.0,1,1,E2_master/g1.0/seed1_fb1.csv,3,0.6914756894111633,0.9021816849708556,0.3873637318611145,0.9887229204177856,13.798158645629885,0.506930947303772,0.3020907640457153,0.9889762997627258,0.3898089230060577,0.992600440979004,11.267420768737791,0.363749235868454,0.1923276931047439,0.9989032745361328,0.387746512889862,0.9939010739326476,9.42509651184082,0.2138387560844421,0.17529296875,0.75244140625,0.845703125,,0.845703125,1500,1.286377191543579,1.286377191543579,25.795081970600872,10.537464484814349,8.735378080908937,1.3514316082000732,1.264911064067352,1.0,0.001,1.0,1.0,128,300,3,1500,-1.0,0,0,0,0,0,0.0,1.0,0,10,3.2490788990307586,35.225006103515625,7.050057411193848,1500,dfa,mnist,div255,mlp,tanh,sigmoid_bce,none
0.9032276272773744,0.7118026614189148,4.638836688949543,0.9876881837844848,0.3464583456516266,8.889208458302605,0.9982762932777404,0.2242631614208221,11.991215389942887,310,100.0,240.0,500.0,400.0,0.0916015625,1.247653603553772,1.2040565680969142,g1.0,2,2,E2_master/g1.0/seed2_fb2.csv,3,0.7118026614189148,0.9032276272773744,0.4126372337341308,0.9858370423316956,15.55845069885254,0.5149432420730591,0.3464583456516266,0.9876881837844848,0.3982468843460083,0.9923094511032104,11.637540817260742,0.3751315474510193,0.2242631614208221,0.9982762932777404,0.3910796046257019,0.993703842163086,9.466567993164062,0.2344442754983902,0.3076171875,0.73828125,0.849609375,,0.849609375,1500,1.2883106470108032,1.2883106470108032,23.719888895426525,10.842361481867695,8.274976220576836,1.247653603553772,1.264911064067352,1.0,0.001,1.0,1.0,128,300,3,1500,-1.0,0,0,0,0,0,0.0,1.0,0,10,3.2490788990307586,35.225006103515625,7.031130075454712,1500,dfa,mnist,div255,mlp,tanh,sigmoid_bce,none
0.9642109870910645,0.3556729853153229,49.379097503006406,0.9990530610084534,0.05875900760293,163.7976200217597,0.9999797344207764,0.0281185172498226,168.04549035478016,110,,,,,,1.2692182064056396,0.9466340440053974,g10.0,0,0,E2_master/g10.0/seed0_fb0.csv,3,0.3556729853153229,0.9642109870910645,0.3541161119937897,0.9909001588821412,12.757408142089844,0.6454551219940186,0.05875900760293,0.9990530610084534,0.3507662415504455,0.9935280680656432,10.161163330078123,0.5695203542709351,0.0281185172498226,0.9999797344207764,0.3540035486221313,0.9948840141296388,8.370211601257324,0.2847325205802917,0.86865234375,0.91162109375,0.92041015625,,0.92041015625,1500,0.640047550201416,0.640047550201416,269.53168049917554,102.36181397056136,83.04448866303372,12.692182064056396,1.264911064067352,10.0,0.001,1.0,1.0,128,300,3,1500,-1.0,0,0,0,0,0,0.0,1.0,0,10,3.2490788990307586,35.225006103515625,8.147111177444458,1500,dfa,mnist,div255,mlp,tanh,sigmoid_bce,none
0.9678379893302916,0.3509112596511841,52.78336447331659,0.99913090467453,0.030074443668127,175.2914589203228,0.9999796748161316,0.0164483282715082,229.90174891200135,130,60.0,150.0,290.0,230.0,0.116015625,1.3514316082000732,1.2405442531760933,g10.0,1,1,E2_master/g10.0/seed1_fb1.csv,3,0.3509112596511841,0.9678379893302916,0.3873637318611145,0.9887229204177856,13.798158645629885,0.617367148399353,0.030074443668127,0.99913090467453,0.3898089230060577,0.992600440979004,11.267420768737791,0.5181463956832886,0.0164483282715082,0.9999796748161316,0.387746512889862,0.9939010739326476,9.42509651184082,0.2820444107055664,0.81982421875,0.908203125,0.92333984375,,0.92333984375,1500,0.6574569940567017,0.6574569940567017,257.9508197060087,105.37464484814348,87.35378080908939,13.514316082000732,1.264911064067352,10.0,0.001,1.0,1.0,128,300,3,1500,-1.0,0,0,0,0,0,0.0,1.0,0,10,3.2490788990307586,35.225006103515625,9.033789873123169,1500,dfa,mnist,div255,mlp,tanh,sigmoid_bce,none
0.9662773013114928,0.3591062724590301,50.61542871911183,0.9991806149482728,0.0587881170213222,163.46931866286417,0.9999841451644896,0.0181143227964639,170.44289251575657,110,,,,,,1.247653603553772,1.2488398288468776,g10.0,2,2,E2_master/g10.0/seed2_fb2.csv,3,0.3591062724590301,0.9662773013114928,0.4126372337341308,0.9858370423316956,15.55845069885254,0.6132386326789856,0.0587881170213222,0.9991806149482728,0.3982468843460083,0.9923094511032104,11.637540817260742,0.5571317672729492,0.0181143227964639,0.9999841451644896,0.3910796046257019,0.993703842163086,9.466567993164062,0.3000190258026123,0.85400390625,0.9111328125,0.92236328125,,0.92236328125,1500,0.6313471794128418,0.6313471794128418,237.19888895426524,108.42361481867694,82.74976220576836,12.47653603553772,1.264911064067352,10.0,0.001,1.0,1.0,128,300,3,1500,-1.0,0,0,0,0,0,0.0,1.0,0,10,3.2490788990307586,35.225006103515625,7.150905609130859,1500,dfa,mnist,div255,mlp,tanh,sigmoid_bce,none
0.9422847628593444,0.5469479560852051,14.03747217159668,0.9953317046165466,0.1631406992673874,36.65894022292296,0.999739706516266,0.0927138328552246,42.869538715581726,190,70.0,220.0,350.0,280.0,0.0943603515625,1.2692182064056396,1.1817949107583945,g3.0,0,0,E2_master/g3.0/seed0_fb0.csv,3,0.5469479560852051,0.9422847628593444,0.3541161119937897,0.9909001588821412,12.757408142089844,0.6415589451789856,0.1631406992673874,0.9953317046165466,0.3507662415504455,0.9935280680656432,10.161163330078123,0.5157270431518555,0.0927138328552246,0.999739706516266,0.3540035486221313,0.9948840141296388,8.370211601257324,0.2692010700702667,0.70556640625,0.87841796875,0.90087890625,,0.90087890625,1500,0.8438858389854431,0.8438858389854431,80.85950414975267,30.708544191168407,24.913346598910117,3.807654619216919,1.264911064067352,3.0,0.001,1.0,1.0,128,300,3,1500,-1.0,0,0,0,0,0,0.0,1.0,0,10,3.2490788990307586,35.225006103515625,8.630495309829712,1500,dfa,mnist,div255,mlp,tanh,sigmoid_bce,none
0.9444581270217896,0.5212137699127197,14.857974991702822,0.9972555041313172,0.1182561814785003,38.276065070357895,0.999873161315918,0.0775673985481262,58.04925319248646,210,70.0,130.0,420.0,350.0,0.08747209821428571,1.3514316082000732,1.3452767127687335,g3.0,1,1,E2_master/g3.0/seed1_fb1.csv,3,0.5212137699127197,0.9444581270217896,0.3873637318611145,0.9887229204177856,13.798158645629885,0.6174336671829224,0.1182561814785003,0.9972555041313172,0.3898089230060577,0.992600440979004,11.267420768737791,0.478135734796524,0.0775673985481262,0.999873161315918,0.387746512889862,0.9939010739326476,9.42509651184082,0.2605271637439728,0.412109375,0.87841796875,0.8984375,,0.8984375,1500,0.8655687570571899,0.8655687570571899,77.38524591180261,31.61239345444304,26.206134242726815,4.05429482460022,1.264911064067352,3.0,0.001,1.0,1.0,128,300,3,1500,-1.0,0,0,0,0,0,0.0,1.0,0,10,3.2490788990307586,35.225006103515625,7.188961744308472,1500,dfa,mnist,div255,mlp,tanh,sigmoid_bce,none
0.9460177421569824,0.5405383110046387,14.077537030862471,0.9965739250183104,0.1470443606376648,35.94848986886486,0.999828279018402,0.0678131356835365,43.497417794131614,180,100.0,190.0,300.0,200.0,0.11591796875,1.247653603553772,1.276165818690656,g3.0,2,2,E2_master/g3.0/seed2_fb2.csv,3,0.5405383110046387,0.9460177421569824,0.4126372337341308,0.9858370423316956,15.55845069885254,0.6148131489753723,0.1470443606376648,0.9965739250183104,0.3982468843460083,0.9923094511032104,11.637540817260742,0.4946508407592773,0.0678131356835365,0.999828279018402,0.3910796046257019,0.993703842163086,9.466567993164062,0.2779686152935028,0.63037109375,0.88134765625,0.90234375,,0.90234375,1500,0.8324888944625854,0.8324888944625854,71.15966668627958,32.52708444560308,24.824928661730507,3.742960810661316,1.264911064067352,3.0,0.001,1.0,1.0,128,300,3,1500,-1.0,0,0,0,0,0,0.0,1.0,0,10,3.2490788990307586,35.225006103515625,10.555091142654419,1500,dfa,mnist,div255,mlp,tanh,sigmoid_bce,none
0.7970988750457764,0.869854748249054,2.3806696100651057,0.9233625531196594,0.7456506490707397,3.086520687154328,0.976465344429016,0.6099697351455688,3.5440779199462304,630,150.0,330.0,940.0,790.0,0.12862356085526316,1.2692182064056396,1.2744489383650224,hidlr0.25,0,0,E2_master/hidlr0.25/seed0_fb0.csv,3,0.869854748249054,0.7970988750457764,0.3541161119937897,0.9909001588821412,12.757408142089844,0.5565468668937683,0.7456506490707397,0.9233625531196594,0.3507662415504455,0.9935280680656432,10.161163330078123,0.4578314423561096,0.6099697351455688,0.976465344429016,0.3540035486221313,0.9948840141296388,8.370211601257324,0.3610275983810425,0.20751953125,0.41259765625,0.65283203125,0.82763671875,0.8876953125,6000,0.8649228811264038,0.8649228811264038,6.738292012479389,2.559045349264034,2.076112216575843,1.2692182064056396,1.264911064067352,1.0,0.001,1.0,0.25,128,300,3,6000,-1.0,0,0,0,0,0,0.0,1.0,0,10,3.2490788990307586,35.225006103515625,25.367327213287354,6000,dfa,mnist,div255,mlp,tanh,sigmoid_bce,none
0.8071798086166382,0.8600757122039795,2.414730094550624,0.9433059692382812,0.688044548034668,2.892353471860868,0.98320335149765,0.5553353428840637,4.198343729289037,750,150.0,550.0,1040.0,890.0,0.12777486661585366,1.3514316082000732,1.379052004100814,hidlr0.25,1,1,E2_master/hidlr0.25/seed1_fb1.csv,3,0.8600757122039795,0.8071798086166382,0.3873637318611145,0.9887229204177856,13.798158645629885,0.5464022755622864,0.688044548034668,0.9433059692382812,0.3898089230060577,0.992600440979004,11.267420768737791,0.4582694470882416,0.5553353428840637,0.98320335149765,0.387746512889862,0.9939010739326476,9.42509651184082,0.3630003929138183,0.12939453125,0.27978515625,0.525390625,0.81298828125,0.87939453125,6000,0.8289886116981506,0.8289886116981506,6.448770492650218,2.634366121203587,2.1838445202272343,1.3514316082000732,1.264911064067352,1.0,0.001,1.0,0.25,128,300,3,6000,-1.0,0,0,0,0,0,0.0,1.0,0,10,3.2490788990307586,35.225006103515625,25.15666651725769,6000,dfa,mnist,div255,mlp,tanh,sigmoid_bce,none
0.8090404868125916,0.8634706139564514,2.469024427968089,0.9352153539657592,0.7219496965408325,3.1897084550377004,0.9784262776374816,0.5756192803382874,3.782575538343119,670,160.0,360.0,990.0,830.0,0.11037481398809523,1.247653603553772,1.2227894836452158,hidlr0.25,2,2,E2_master/hidlr0.25/seed2_fb2.csv,3,0.8634706139564514,0.8090404868125916,0.4126372337341308,0.9858370423316956,15.55845069885254,0.5565834641456604,0.7219496965408325,0.9352153539657592,0.3982468843460083,0.9923094511032104,11.637540817260742,0.451211929321289,0.5756192803382874,0.9784262776374816,0.3910796046257019,0.993703842163086,9.466567993164062,0.3737320601940155,0.17236328125,0.37109375,0.55859375,0.81298828125,0.8935546875,6000,0.8359262943267822,0.8359262943267822,5.929972223856631,2.7105903704669236,2.068744055144209,1.247653603553772,1.264911064067352,1.0,0.001,1.0,0.25,128,300,3,6000,-1.0,0,0,0,0,0,0.0,1.0,0,10,3.2490788990307586,35.225006103515625,24.9771249294281,6000,dfa,mnist,div255,mlp,tanh,sigmoid_bce,none
0.894025981426239,0.7242494821548462,4.458145080768104,0.985094428062439,0.4069302082061767,8.482435049713773,0.9980725646018982,0.2263269871473312,10.99276343240507,310,90.0,310.0,520.0,430.0,0.12240998641304347,1.2692182064056396,1.2055869975267264,hidlr1.0,0,0,E2_master/hidlr1.0/seed0_fb0.csv,3,0.7242494821548462,0.894025981426239,0.3541161119937897,0.9909001588821412,12.757408142089844,0.5391277074813843,0.4069302082061767,0.985094428062439,0.3507662415504455,0.9935280680656432,10.161163330078123,0.3970779776573181,0.2263269871473312,0.9980725646018982,0.3540035486221313,0.9948840141296388,8.370211601257324,0.2208365648984909,0.26953125,0.7802734375,0.85693359375,,0.85693359375,1500,1.258267164230347,1.258267164230347,26.953168049917554,10.236181397056136,8.304448866303373,1.2692182064056396,1.264911064067352,1.0,0.001,1.0,1.0,128,300,3,1500,-1.0,0,0,0,0,0,0.0,1.0,0,10,3.2490788990307586,35.225006103515625,7.024301767349243,1500,dfa,mnist,div255,mlp,tanh,sigmoid_bce,none
0.9021816849708556,0.6914756894111633,4.855665284808131,0.9889762997627258,0.3020907640457153,9.144838168636683,0.9989032745361328,0.1923276931047439,14.995635237558703,360,100.0,270.0,590.0,490.0,0.08824327256944445,1.3514316082000732,1.445871314672747,hidlr1.0,1,1,E2_master/hidlr1.0/seed1_fb1.csv,3,0.6914756894111633,0.9021816849708556,0.3873637318611145,0.9887229204177856,13.798158645629885,0.506930947303772,0.3020907640457153,0.9889762997627258,0.3898089230060577,0.992600440979004,11.267420768737791,0.363749235868454,0.1923276931047439,0.9989032745361328,0.387746512889862,0.9939010739326476,9.42509651184082,0.2138387560844421,0.17529296875,0.75244140625,0.845703125,,0.845703125,1500,1.286377191543579,1.286377191543579,25.795081970600872,10.537464484814349,8.735378080908937,1.3514316082000732,1.264911064067352,1.0,0.001,1.0,1.0,128,300,3,1500,-1.0,0,0,0,0,0,0.0,1.0,0,10,3.2490788990307586,35.225006103515625,7.956847190856934,1500,dfa,mnist,div255,mlp,tanh,sigmoid_bce,none
0.9032276272773744,0.7118026614189148,4.638836688949543,0.9876881837844848,0.3464583456516266,8.889208458302605,0.9982762932777404,0.2242631614208221,11.991215389942887,310,100.0,240.0,500.0,400.0,0.0916015625,1.247653603553772,1.2040565680969142,hidlr1.0,2,2,E2_master/hidlr1.0/seed2_fb2.csv,3,0.7118026614189148,0.9032276272773744,0.4126372337341308,0.9858370423316956,15.55845069885254,0.5149432420730591,0.3464583456516266,0.9876881837844848,0.3982468843460083,0.9923094511032104,11.637540817260742,0.3751315474510193,0.2242631614208221,0.9982762932777404,0.3910796046257019,0.993703842163086,9.466567993164062,0.2344442754983902,0.3076171875,0.73828125,0.849609375,,0.849609375,1500,1.2883106470108032,1.2883106470108032,23.719888895426525,10.842361481867695,8.274976220576836,1.247653603553772,1.264911064067352,1.0,0.001,1.0,1.0,128,300,3,1500,-1.0,0,0,0,0,0,0.0,1.0,0,10,3.2490788990307586,35.225006103515625,7.134466648101807,1500,dfa,mnist,div255,mlp,tanh,sigmoid_bce,none
0.950940728187561,0.5001664757728577,18.727156086945264,0.9967496395111084,0.1250737458467483,52.05485304662687,0.999871015548706,0.0611307173967361,59.30927559314892,170,70.0,170.0,310.0,240.0,0.107421875,1.2692182064056396,1.1279570935267769,hidlr4.0,0,0,E2_master/hidlr4.0/seed0_fb0.csv,3,0.5001664757728577,0.950940728187561,0.3541161119937897,0.9909001588821412,12.757408142089844,0.6550718545913696,0.1250737458467483,0.9967496395111084,0.3507662415504455,0.9935280680656432,10.161163330078123,0.538534939289093,0.0611307173967361,0.999871015548706,0.3540035486221313,0.9948840141296388,8.370211601257324,0.2739478349685669,0.72998046875,0.8896484375,0.91064453125,,0.91064453125,1500,0.763839602470398,0.763839602470398,107.81267219967022,40.94472558822454,33.21779546521349,1.2692182064056396,1.264911064067352,1.0,0.001,1.0,4.0,128,300,3,1500,-1.0,0,0,0,0,0,0.0,1.0,0,10,3.2490788990307586,35.225006103515625,8.477273941040039,1500,dfa,mnist,div255,mlp,tanh,sigmoid_bce,none
0.952536642551422,0.4759351909160614,20.7206380032594,0.9981088042259216,0.0853378325700759,58.23729644661318,0.9999347925186156,0.0494306161999702,84.58300298234826,190,70.0,170.0,380.0,310.0,0.0927734375,1.3514316082000732,1.3454166707726674,hidlr4.0,1,1,E2_master/hidlr4.0/seed1_fb1.csv,3,0.4759351909160614,0.952536642551422,0.3873637318611145,0.9887229204177856,13.798158645629885,0.6280150413513184,0.0853378325700759,0.9981088042259216,0.3898089230060577,0.992600440979004,11.267420768737791,0.4945714473724365,0.0494306161999702,0.9999347925186156,0.387746512889862,0.9939010739326476,9.42509651184082,0.2721306979656219,0.66796875,0.890625,0.9072265625,,0.9072265625,1500,0.7952139377593994,0.7952139377593994,103.18032788240349,42.149857939257394,34.94151232363575,1.3514316082000732,1.264911064067352,1.0,0.001,1.0,4.0,128,300,3,1500,-1.0,0,0,0,0,0,0.0,1.0,0,10,3.2490788990307586,35.225006103515625,7.960891246795654,1500,dfa,mnist,div255,mlp,tanh,sigmoid_bce,none
0.9524536728858948,0.4940738677978515,19.047188236621675,0.99760103225708,0.1175294145941734,51.98685764966686,0.9999070167541504,0.0500781238079071,60.43710507705706,160,130.0,180.0,280.0,150.0,0.11726888020833333,1.247653603553772,1.3132607773436418,hidlr4.0,2,2,E2_master/hidlr4.0/seed2_fb2.csv,3,0.4940738677978515,0.9524536728858948,0.4126372337341308,0.9858370423316956,15.55845069885254,0.6240801811218262,0.1175294145941734,0.99760103225708,0.3982468843460083,0.9923094511032104,11.637540817260742,0.5153059959411621,0.0500781238079071,0.9999070167541504,0.3910796046257019,0.993703842163086,9.466567993164062,0.2876509726047516,0.67578125,0.89208984375,0.90380859375,,0.90380859375,1500,0.7661491632461548,0.7661491632461548,94.8795555817061,43.36944592747078,33.09990488230734,1.247653603553772,1.264911064067352,1.0,0.001,1.0,4.0,128,300,3,1500,-1.0,0,0,0,0,0,0.0,1.0,0,10,3.2490788990307586,35.225006103515625,7.826231002807617,1500,dfa,mnist,div255,mlp,tanh,sigmoid_bce,none
0.8911833167076111,0.7298582196235657,4.449067104066038,0.9841934442520142,0.4131034612655639,8.421523830494227,0.9979288578033448,0.2313883155584335,10.932550193839305,1040,490.0,1040.0,1690.0,1200.0,0.12154715401785714,1.2692182064056396,1.2968301241085858,lr0.0003,0,0,E2_master/lr0.0003/seed0_fb0.csv,3,0.7302307486534119,0.8911833167076111,0.3541161119937897,0.9909001588821412,12.757408142089844,0.5408990979194641,0.4144470989704132,0.9841934442520142,0.3507662415504455,0.9935280680656432,10.161163330078123,0.3985819220542907,0.235919713973999,0.9979288578033448,0.3540035486221313,0.9948840141296388,8.370211601257324,0.2214070111513137,0.166015625,0.14111328125,0.29248046875,0.75927734375,0.85595703125,5000,1.256122350692749,1.256122350692749,26.953168049917554,10.236181397056136,8.304448866303373,1.2692182064056396,1.264911064067352,1.0,0.0003,1.0,1.0,128,300,3,5000,-1.0,0,0,0,0,0,0.0,1.0,0,10,3.2490788990307586,35.225006103515625,21.130568027496338,5000,dfa,mnist,div255,mlp,tanh,sigmoid_bce,none
0.9003897309303284,0.6964966058731079,4.845659132270738,0.9886981248855592,0.3102277815341949,9.03936671303842,0.9988974332809448,0.1980242133140564,14.895148369047448,1190,290.0,1450.0,1910.0,1620.0,0.11213358039529915,1.3514316082000732,1.4153393698408292,lr0.0003,1,1,E2_master/lr0.0003/seed1_fb1.csv,3,0.6971785426139832,0.9003897309303284,0.3873637318611145,0.9887229204177856,13.798158645629885,0.5094252228736877,0.3102277815341949,0.9886981248855592,0.3898089230060577,0.992600440979004,11.267420768737791,0.3659299910068512,0.2005013078451156,0.9988974332809448,0.387746512889862,0.9939010739326476,9.42509651184082,0.2146310955286026,0.11181640625,0.10595703125,0.158203125,0.685546875,0.8466796875,5000,1.2809240818023682,1.2809240818023682,25.795081970600872,10.537464484814349,8.735378080908937,1.3514316082000732,1.264911064067352,1.0,0.0003,1.0,1.0,128,300,3,5000,-1.0,0,0,0,0,0,0.0,1.0,0,10,3.2490788990307586,35.225006103515625,22.461573362350464,5000,dfa,mnist,div255,mlp,tanh,sigmoid_bce,none
0.9012696743011476,0.7171403169631958,4.6338455579135,0.98714679479599,0.3529540002346039,8.819802817846666,0.9981885552406312,0.228907898068428,11.94513946015102,1030,290.0,740.0,1630.0,1340.0,0.09203040081521739,1.247653603553772,1.243619149235381,lr0.0003,2,2,E2_master/lr0.0003/seed2_fb2.csv,3,0.7189536690711975,0.9012696743011476,0.4126372337341308,0.9858370423316956,15.55845069885254,0.5164457559585571,0.3563956022262573,0.98714679479599,0.3982468843460083,0.9923094511032104,11.637540817260742,0.3763074874877929,0.2426715344190597,0.9981885552406312,0.3910796046257019,0.993703842163086,9.466567993164062,0.2349319756031036,0.080078125,0.16162109375,0.306640625,0.6689453125,0.85400390625,5000,1.2834272384643557,1.2834272384643557,23.719888895426525,10.842361481867695,8.274976220576836,1.247653603553772,1.264911064067352,1.0,0.0003,1.0,1.0,128,300,3,5000,-1.0,0,0,0,0,0,0.0,1.0,0,10,3.2490788990307586,35.225006103515625,21.158394813537598,5000,dfa,mnist,div255,mlp,tanh,sigmoid_bce,none
0.894025981426239,0.7242494821548462,4.458145080768104,0.985094428062439,0.4069302082061767,8.482435049713773,0.9980725646018982,0.2263269871473312,10.99276343240507,310,90.0,310.0,520.0,430.0,0.12240998641304347,1.2692182064056396,1.2055869975267264,lr0.001,0,0,E2_master/lr0.001/seed0_fb0.csv,3,0.7242494821548462,0.894025981426239,0.3541161119937897,0.9909001588821412,12.757408142089844,0.5391277074813843,0.4069302082061767,0.985094428062439,0.3507662415504455,0.9935280680656432,10.161163330078123,0.3970779776573181,0.2263269871473312,0.9980725646018982,0.3540035486221313,0.9948840141296388,8.370211601257324,0.2208365648984909,0.26953125,0.7802734375,0.85693359375,,0.85693359375,1500,1.258267164230347,1.258267164230347,26.953168049917554,10.236181397056136,8.304448866303373,1.2692182064056396,1.264911064067352,1.0,0.001,1.0,1.0,128,300,3,1500,-1.0,0,0,0,0,0,0.0,1.0,0,10,3.2490788990307586,35.225006103515625,7.837114572525024,1500,dfa,mnist,div255,mlp,tanh,sigmoid_bce,none
0.9021816849708556,0.6914756894111633,4.855665284808131,0.9889762997627258,0.3020907640457153,9.144838168636683,0.9989032745361328,0.1923276931047439,14.995635237558703,360,100.0,270.0,590.0,490.0,0.08824327256944445,1.3514316082000732,1.445871314672747,lr0.001,1,1,E2_master/lr0.001/seed1_fb1.csv,3,0.6914756894111633,0.9021816849708556,0.3873637318611145,0.9887229204177856,13.798158645629885,0.506930947303772,0.3020907640457153,0.9889762997627258,0.3898089230060577,0.992600440979004,11.267420768737791,0.363749235868454,0.1923276931047439,0.9989032745361328,0.387746512889862,0.9939010739326476,9.42509651184082,0.2138387560844421,0.17529296875,0.75244140625,0.845703125,,0.845703125,1500,1.286377191543579,1.286377191543579,25.795081970600872,10.537464484814349,8.735378080908937,1.3514316082000732,1.264911064067352,1.0,0.001,1.0,1.0,128,300,3,1500,-1.0,0,0,0,0,0,0.0,1.0,0,10,3.2490788990307586,35.225006103515625,7.130696773529053,1500,dfa,mnist,div255,mlp,tanh,sigmoid_bce,none
0.9032276272773744,0.7118026614189148,4.638836688949543,0.9876881837844848,0.3464583456516266,8.889208458302605,0.9982762932777404,0.2242631614208221,11.991215389942887,310,100.0,240.0,500.0,400.0,0.0916015625,1.247653603553772,1.2040565680969142,lr0.001,2,2,E2_master/lr0.001/seed2_fb2.csv,3,0.7118026614189148,0.9032276272773744,0.4126372337341308,0.9858370423316956,15.55845069885254,0.5149432420730591,0.3464583456516266,0.9876881837844848,0.3982468843460083,0.9923094511032104,11.637540817260742,0.3751315474510193,0.2242631614208221,0.9982762932777404,0.3910796046257019,0.993703842163086,9.466567993164062,0.2344442754983902,0.3076171875,0.73828125,0.849609375,,0.849609375,1500,1.2883106470108032,1.2883106470108032,23.719888895426525,10.842361481867695,8.274976220576836,1.247653603553772,1.264911064067352,1.0,0.001,1.0,1.0,128,300,3,1500,-1.0,0,0,0,0,0,0.0,1.0,0,10,3.2490788990307586,35.225006103515625,8.364554643630981,1500,dfa,mnist,div255,mlp,tanh,sigmoid_bce,none
0.8995459079742432,0.7078695297241211,4.472626956493866,0.986640989780426,0.3864337205886841,8.641172658110673,0.9983356595039368,0.2167649567127227,11.13600698889506,110,50.0,120.0,180.0,130.0,0.11663818359375,1.2692182064056396,0.7726412828048961,lr0.003,0,0,E2_master/lr0.003/seed0_fb0.csv,3,0.7078695297241211,0.8995459079742432,0.3541161119937897,0.9909001588821412,12.757408142089844,0.5342172980308533,0.3864337205886841,0.986640989780426,0.3507662415504455,0.9935280680656432,10.161163330078123,0.393869012594223,0.2167649567127227,0.9983356595039368,0.3540035486221313,0.9948840141296388,8.370211601257324,0.2193605601787567,0.841796875,,,,0.8544921875,500,1.270856499671936,1.270856499671936,26.953168049917554,10.236181397056136,8.304448866303373,1.2692182064056396,1.264911064067352,1.0,0.003,1.0,1.0,128,300,3,500,-1.0,0,0,0,0,0,0.0,1.0,0,10,3.2490788990307586,35.225006103515625,4.176382541656494,500,dfa,mnist,div255,mlp,tanh,sigmoid_bce,none
0.9061434864997864,0.6771581172943115,4.924356943556441,0.9897798299789428,0.2858313918113708,9.516715281267537,0.9989855885505676,0.1819096058607101,15.385274427352776,120,40.0,140.0,200.0,160.0,0.10324928977272728,1.3514316082000732,0.8847846559842697,lr0.003,1,1,E2_master/lr0.003/seed1_fb1.csv,3,0.6771581172943115,0.9061434864997864,0.3873637318611145,0.9887229204177856,13.798158645629885,0.497457891702652,0.2858313918113708,0.9897798299789428,0.3898089230060577,0.992600440979004,11.267420768737791,0.3583784699440002,0.1819096058607101,0.9989855885505676,0.387746512889862,0.9939010739326476,9.42509651184082,0.2129162847995758,0.81982421875,,,,0.83984375,500,1.3031044006347656,1.3031044006347656,25.795081970600872,10.537464484814349,8.735378080908937,1.3514316082000732,1.264911064067352,1.0,0.003,1.0,1.0,128,300,3,500,-1.0,0,0,0,0,0,0.0,1.0,0,10,3.2490788990307586,35.225006103515625,4.4409990310668945,500,dfa,mnist,div255,mlp,tanh,sigmoid_bce,none
0.907342255115509,0.6984499096870422,4.616664772914882,0.9888805150985718,0.3303250670433044,9.033309548528951,0.9985268115997314,0.223393052816391,12.15467659427858,110,40.0,90.0,170.0,130.0,0.10343424479166667,1.247653603553772,0.8840116204773645,lr0.003,2,2,E2_master/lr0.003/seed2_fb2.csv,3,0.6984499096870422,0.907342255115509,0.4126372337341308,0.9858370423316956,15.55845069885254,0.508224368095398,0.3303250670433044,0.9888805150985718,0.3982468843460083,0.9923094511032104,11.637540817260742,0.3705586493015289,0.223393052816391,0.9985268115997314,0.3910796046257019,0.993703842163086,9.466567993164062,0.2319790720939636,0.82275390625,,,,0.85205078125,500,1.2995480298995972,1.2995480298995972,23.719888895426525,10.842361481867695,8.274976220576836,1.247653603553772,1.264911064067352,1.0,0.003,1.0,1.0,128,300,3,500,-1.0,0,0,0,0,0,0.0,1.0,0,10,3.2490788990307586,35.225006103515625,3.5295586585998535,500,dfa,mnist,div255,mlp,tanh,sigmoid_bce,none
0.9435275793075562,0.5391786694526672,7.840368344463473,0.995585322380066,0.1573321372270584,22.314968061273525,0.999769926071167,0.0814026966691017,30.776892693488367,570,200.0,720.0,1090.0,890.0,0.11396300117924528,1.2692182064056396,1.2530556319377153,outlr0.3,0,0,E2_master/outlr0.3/seed0_fb0.csv,3,0.5391786694526672,0.9435275793075562,0.3541161119937897,0.9909001588821412,12.757408142089844,0.4110465943813324,0.1573321372270584,0.995585322380066,0.3507662415504455,0.9935280680656432,10.161163330078123,0.2511065602302551,0.0814026966691017,0.999769926071167,0.3540035486221313,0.9948840141296388,8.370211601257324,0.1162560284137725,0.10546875,0.3818359375,0.7265625,,0.7265625,1500,2.1982991695404053,2.1982991695404053,89.84389349972518,34.120604656853786,27.681496221011244,1.2692182064056396,1.264911064067352,1.0,0.001,0.3,1.0,128,300,3,1500,-1.0,0,0,0,0,0,0.0,1.0,0,10,3.2490788990307586,35.225006103515625,8.118279933929443,1500,dfa,mnist,div255,mlp,tanh,sigmoid_bce,none
0.9460439682006836,0.5120370388031006,9.016036514091368,0.99748694896698,0.1089216470718383,27.02250796149025,0.9998674392700196,0.0668705329298973,43.66483659140112,650,200.0,550.0,1340.0,1140.0,0.08919270833333333,1.3514316082000732,1.5010468868854805,outlr0.3,1,1,E2_master/outlr0.3/seed1_fb1.csv,3,0.5120370388031006,0.9460439682006836,0.3873637318611145,0.9887229204177856,13.798158645629885,0.2916858494281769,0.1089216470718383,0.99748694896698,0.3898089230060577,0.992600440979004,11.267420768737791,0.1763124167919159,0.0668705329298973,0.9998674392700196,0.387746512889862,0.9939010739326476,9.42509651184082,0.0945116654038429,0.04736328125,0.12060546875,0.47607421875,,0.47607421875,1500,2.6014180183410645,2.6014180183410645,85.98360656866959,35.12488161604783,29.11792693636313,1.3514316082000732,1.264911064067352,1.0,0.001,0.3,1.0,128,300,3,1500,-1.0,0,0,0,0,0,0.0,1.0,0,10,3.2490788990307586,35.225006103515625,8.901578187942505,1500,dfa,mnist,div255,mlp,tanh,sigmoid_bce,none
0.9460482597351074,0.5405681729316711,7.469163927710479,0.9966291785240172,0.1503396183252334,20.88936301494304,0.9998505115509032,0.0670423582196235,29.503083867629524,550,330.0,600.0,910.0,580.0,0.12623814174107142,1.247653603553772,1.2465078486804317,outlr0.3,2,2,E2_master/outlr0.3/seed2_fb2.csv,3,0.5405681729316711,0.9460482597351074,0.4126372337341308,0.9858370423316956,15.55845069885254,0.3681659996509552,0.1503396183252334,0.9966291785240172,0.3982468843460083,0.9923094511032104,11.637540817260742,0.230021134018898,0.0670423582196235,0.9998505115509032,0.3910796046257019,0.993703842163086,9.466567993164062,0.1164146587252616,0.15185546875,0.43798828125,0.685546875,,0.685546875,1500,2.1843647956848145,2.1843647956848145,79.06629631808843,36.14120493955898,27.583254068589454,1.247653603553772,1.264911064067352,1.0,0.001,0.3,1.0,128,300,3,1500,-1.0,0,0,0,0,0,0.0,1.0,0,10,3.2490788990307586,35.225006103515625,7.075729608535767,1500,dfa,mnist,div255,mlp,tanh,sigmoid_bce,none
0.894025981426239,0.7242494821548462,4.458145080768104,0.985094428062439,0.4069302082061767,8.482435049713773,0.9980725646018982,0.2263269871473312,10.99276343240507,310,90.0,310.0,520.0,430.0,0.12240998641304347,1.2692182064056396,1.2055869975267264,outlr1.0,0,0,E2_master/outlr1.0/seed0_fb0.csv,3,0.7242494821548462,0.894025981426239,0.3541161119937897,0.9909001588821412,12.757408142089844,0.5391277074813843,0.4069302082061767,0.985094428062439,0.3507662415504455,0.9935280680656432,10.161163330078123,0.3970779776573181,0.2263269871473312,0.9980725646018982,0.3540035486221313,0.9948840141296388,8.370211601257324,0.2208365648984909,0.26953125,0.7802734375,0.85693359375,,0.85693359375,1500,1.258267164230347,1.258267164230347,26.953168049917554,10.236181397056136,8.304448866303373,1.2692182064056396,1.264911064067352,1.0,0.001,1.0,1.0,128,300,3,1500,-1.0,0,0,0,0,0,0.0,1.0,0,10,3.2490788990307586,35.225006103515625,7.042537212371826,1500,dfa,mnist,div255,mlp,tanh,sigmoid_bce,none
0.9021816849708556,0.6914756894111633,4.855665284808131,0.9889762997627258,0.3020907640457153,9.144838168636683,0.9989032745361328,0.1923276931047439,14.995635237558703,360,100.0,270.0,590.0,490.0,0.08824327256944445,1.3514316082000732,1.445871314672747,outlr1.0,1,1,E2_master/outlr1.0/seed1_fb1.csv,3,0.6914756894111633,0.9021816849708556,0.3873637318611145,0.9887229204177856,13.798158645629885,0.506930947303772,0.3020907640457153,0.9889762997627258,0.3898089230060577,0.992600440979004,11.267420768737791,0.363749235868454,0.1923276931047439,0.9989032745361328,0.387746512889862,0.9939010739326476,9.42509651184082,0.2138387560844421,0.17529296875,0.75244140625,0.845703125,,0.845703125,1500,1.286377191543579,1.286377191543579,25.795081970600872,10.537464484814349,8.735378080908937,1.3514316082000732,1.264911064067352,1.0,0.001,1.0,1.0,128,300,3,1500,-1.0,0,0,0,0,0,0.0,1.0,0,10,3.2490788990307586,35.225006103515625,8.44389271736145,1500,dfa,mnist,div255,mlp,tanh,sigmoid_bce,none
0.9032276272773744,0.7118026614189148,4.638836688949543,0.9876881837844848,0.3464583456516266,8.889208458302605,0.9982762932777404,0.2242631614208221,11.991215389942887,310,100.0,240.0,500.0,400.0,0.0916015625,1.247653603553772,1.2040565680969142,outlr1.0,2,2,E2_master/outlr1.0/seed2_fb2.csv,3,0.7118026614189148,0.9032276272773744,0.4126372337341308,0.9858370423316956,15.55845069885254,0.5149432420730591,0.3464583456516266,0.9876881837844848,0.3982468843460083,0.9923094511032104,11.637540817260742,0.3751315474510193,0.2242631614208221,0.9982762932777404,0.3910796046257019,0.993703842163086,9.466567993164062,0.2344442754983902,0.3076171875,0.73828125,0.849609375,,0.849609375,1500,1.2883106470108032,1.2883106470108032,23.719888895426525,10.842361481867695,8.274976220576836,1.247653603553772,1.264911064067352,1.0,0.001,1.0,1.0,128,300,3,1500,-1.0,0,0,0,0,0,0.0,1.0,0,10,3.2490788990307586,35.225006103515625,7.1891608238220215,1500,dfa,mnist,div255,mlp,tanh,sigmoid_bce,none
0.7254881262779236,0.905881404876709,1.68760772285807,0.8412323594093323,0.8764843344688416,1.7870405381349173,0.91960209608078,0.8440855145454407,1.8692208143190867,60,,,,,,1.2692182064056396,0.7742799266525586,outlr10.0,0,0,E2_master/outlr10.0/seed0_fb0.csv,3,0.9193956851959229,0.7254881262779236,0.3541161119937897,0.9909001588821412,12.757408142089844,0.5216364860534668,0.8764843344688416,0.8412323594093323,0.3507662415504455,0.9935280680656432,10.161163330078123,0.4404648840427398,0.8440855145454407,0.91960209608078,0.3540035486221313,0.9948840141296388,8.370211601257324,0.4204488098621368,0.8046875,0.87939453125,0.8916015625,,0.8916015625,1500,0.7848937511444092,0.7848937511444092,2.6953168049917555,1.0236181397056137,0.8304448866303373,1.2692182064056396,1.264911064067352,1.0,0.001,10.0,1.0,128,300,3,1500,-1.0,0,0,0,0,0,0.0,1.0,0,10,3.2490788990307586,35.225006103515625,7.435375690460205,1500,dfa,mnist,div255,mlp,tanh,sigmoid_bce,none
0.7349727749824524,0.9154727458953856,1.6296652441714476,0.8724134564399719,0.8439598083496094,1.5523343932815823,0.9378601312637328,0.7829656004905701,1.9686834118178296,90,,,,,,1.3514316082000732,0.9203401015620783,outlr10.0,1,1,E2_master/outlr10.0/seed1_fb1.csv,3,0.9154727458953856,0.7349727749824524,0.3873637318611145,0.9887229204177856,13.798158645629885,0.518632709980011,0.8439598083496094,0.8724134564399719,0.3898089230060577,0.992600440979004,11.267420768737791,0.4452771544456482,0.7829656004905701,0.9378601312637328,0.387746512889862,0.9939010739326476,9.42509651184082,0.421170562505722,0.81396484375,0.87548828125,0.89599609375,,0.89599609375,1500,0.7420241832733154,0.7420241832733154,2.579508197060087,1.0537464484814347,0.8735378080908937,1.3514316082000732,1.264911064067352,1.0,0.001,10.0,1.0,128,300,3,1500,-1.0,0,0,0,0,0,0.0,1.0,0,10,3.2490788990307586,35.225006103515625,8.055891752243042,1500,dfa,mnist,div255,mlp,tanh,sigmoid_bce,none
0.7324819564819336,0.9061633944511414,1.7021458467964543,0.849495530128479,0.8732209801673889,1.7885855263689374,0.9180731177330016,0.8230535984039307,1.869775523135636,60,,,,,,1.247653603553772,0.8007163222744369,outlr10.0,2,2,E2_master/outlr10.0/seed2_fb2.csv,3,0.913754105567932,0.7324819564819336,0.4126372337341308,0.9858370423316956,15.55845069885254,0.5289179682731628,0.8732209801673889,0.849495530128479,0.3982468843460083,0.9923094511032104,11.637540817260742,0.4362221956253052,0.8230535984039307,0.9180731177330016,0.3910796046257019,0.993703842163086,9.466567993164062,0.4274632930755615,0.7900390625,0.8857421875,0.90185546875,,0.90185546875,1500,0.7385746240615845,0.7385746240615845,2.3719888895426524,1.0842361481867693,0.8274976220576835,1.247653603553772,1.264911064067352,1.0,0.001,10.0,1.0,128,300,3,1500,-1.0,0,0,0,0,0,0.0,1.0,0,10,3.2490788990307586,35.225006103515625,7.17458438873291,1500,dfa,mnist,div255,mlp,tanh,sigmoid_bce,none
0.8247042894363403,0.8416397571563721,2.7040912845059024,0.9447860717773438,0.6764801740646362,3.783428182820072,0.9857845902442932,0.515372633934021,4.450057435507882,190,50.0,110.0,280.0,230.0,0.14013671875,1.2692182064056396,1.08247802432461,outlr3.0,0,0,E2_master/outlr3.0/seed0_fb0.csv,3,0.8416397571563721,0.8247042894363403,0.3541161119937897,0.9909001588821412,12.757408142089844,0.559397280216217,0.6764801740646362,0.9447860717773438,0.3507662415504455,0.9935280680656432,10.161163330078123,0.4524806439876556,0.515372633934021,0.9857845902442932,0.3540035486221313,0.9948840141296388,8.370211601257324,0.3338952362537384,0.6630859375,0.85107421875,0.88671875,,0.88671875,1500,0.9140554070472716,0.9140554070472716,8.984389349972519,3.4120604656853786,2.7681496221011246,1.2692182064056396,1.264911064067352,1.0,0.001,3.0,1.0,128,300,3,1500,-1.0,0,0,0,0,0,0.0,1.0,0,10,3.2490788990307586,35.225006103515625,7.171603441238403,1500,dfa,mnist,div255,mlp,tanh,sigmoid_bce,none
0.8342118263244629,0.8282915353775024,2.7895564252870897,0.960326075553894,0.6046156287193298,3.677780450070096,0.990065336227417,0.4587076008319855,5.506068581509675,220,50.0,190.0,310.0,260.0,0.13359375,1.3514316082000732,1.2999078492535447,outlr3.0,1,1,E2_master/outlr3.0/seed1_fb1.csv,3,0.8282915353775024,0.8342118263244629,0.3873637318611145,0.9887229204177856,13.798158645629885,0.5445045232772827,0.6046156287193298,0.960326075553894,0.3898089230060577,0.992600440979004,11.267420768737791,0.4481483995914459,0.4587076008319855,0.990065336227417,0.387746512889862,0.9939010739326476,9.42509651184082,0.3341135084629059,0.5390625,0.8408203125,0.876953125,,0.876953125,1500,0.8859838247299194,0.8859838247299194,8.598360656866957,3.5124881616047827,2.9117926936363125,1.3514316082000732,1.264911064067352,1.0,0.001,3.0,1.0,128,300,3,1500,-1.0,0,0,0,0,0,0.0,1.0,0,10,3.2490788990307586,35.225006103515625,7.098327159881592,1500,dfa,mnist,div255,mlp,tanh,sigmoid_bce,none
0.8357130289077759,0.8357816338539124,2.8024119284124387,0.954663634300232,0.6446343660354614,3.922430652952337,0.987303614616394,0.4866886138916015,4.803759158707834,200,60.0,160.0,290.0,230.0,0.11678799715909091,1.247653603553772,1.0924809142553076,outlr3.0,2,2,E2_master/outlr3.0/seed2_fb2.csv,3,0.8357816338539124,0.8357130289077759,0.4126372337341308,0.9858370423316956,15.55845069885254,0.5559440851211548,0.6446343660354614,0.954663634300232,0.3982468843460083,0.9923094511032104,11.637540817260742,0.444314956665039,0.4866886138916015,0.987303614616394,0.3910796046257019,0.993703842163086,9.466567993164062,0.3466810584068298,0.59033203125,0.84765625,0.88330078125,,0.88330078125,1500,0.8935250043869019,0.8935250043869019,7.906629631808842,3.614120493955898,2.7583254068589453,1.247653603553772,1.264911064067352,1.0,0.001,3.0,1.0,128,300,3,1500,-1.0,0,0,0,0,0,0.0,1.0,0,10,3.2490788990307586,35.225006103515625,9.746707677841187,1500,dfa,mnist,div255,mlp,tanh,sigmoid_bce,none
0.894025981426239,0.7242494821548462,4.458145080768104,0.985094428062439,0.4069302082061767,8.482435049713773,0.9980725646018982,0.2263269871473312,10.99276343240507,310,90.0,310.0,520.0,430.0,0.12240998641304347,1.2692182064056396,1.2055869975267264,pre_div255,0,0,E2_master/pre_div255/seed0_fb0.csv,3,0.7242494821548462,0.894025981426239,0.3541161119937897,0.9909001588821412,12.757408142089844,0.5391277074813843,0.4069302082061767,0.985094428062439,0.3507662415504455,0.9935280680656432,10.161163330078123,0.3970779776573181,0.2263269871473312,0.9980725646018982,0.3540035486221313,0.9948840141296388,8.370211601257324,0.2208365648984909,0.26953125,0.7802734375,0.85693359375,,0.85693359375,1500,1.258267164230347,1.258267164230347,26.953168049917554,10.236181397056136,8.304448866303373,1.2692182064056396,1.264911064067352,1.0,0.001,1.0,1.0,128,300,3,1500,-1.0,0,0,0,0,0,0.0,1.0,0,10,3.2490788990307586,35.225006103515625,7.0305962562561035,1500,dfa,mnist,div255,mlp,tanh,sigmoid_bce,none
0.9021816849708556,0.6914756894111633,4.855665284808131,0.9889762997627258,0.3020907640457153,9.144838168636683,0.9989032745361328,0.1923276931047439,14.995635237558703,360,100.0,270.0,590.0,490.0,0.08824327256944445,1.3514316082000732,1.445871314672747,pre_div255,1,1,E2_master/pre_div255/seed1_fb1.csv,3,0.6914756894111633,0.9021816849708556,0.3873637318611145,0.9887229204177856,13.798158645629885,0.506930947303772,0.3020907640457153,0.9889762997627258,0.3898089230060577,0.992600440979004,11.267420768737791,0.363749235868454,0.1923276931047439,0.9989032745361328,0.387746512889862,0.9939010739326476,9.42509651184082,0.2138387560844421,0.17529296875,0.75244140625,0.845703125,,0.845703125,1500,1.286377191543579,1.286377191543579,25.795081970600872,10.537464484814349,8.735378080908937,1.3514316082000732,1.264911064067352,1.0,0.001,1.0,1.0,128,300,3,1500,-1.0,0,0,0,0,0,0.0,1.0,0,10,3.2490788990307586,35.225006103515625,8.047304153442383,1500,dfa,mnist,div255,mlp,tanh,sigmoid_bce,none
0.9032276272773744,0.7118026614189148,4.638836688949543,0.9876881837844848,0.3464583456516266,8.889208458302605,0.9982762932777404,0.2242631614208221,11.991215389942887,310,100.0,240.0,500.0,400.0,0.0916015625,1.247653603553772,1.2040565680969142,pre_div255,2,2,E2_master/pre_div255/seed2_fb2.csv,3,0.7118026614189148,0.9032276272773744,0.4126372337341308,0.9858370423316956,15.55845069885254,0.5149432420730591,0.3464583456516266,0.9876881837844848,0.3982468843460083,0.9923094511032104,11.637540817260742,0.3751315474510193,0.2242631614208221,0.9982762932777404,0.3910796046257019,0.993703842163086,9.466567993164062,0.2344442754983902,0.3076171875,0.73828125,0.849609375,,0.849609375,1500,1.2883106470108032,1.2883106470108032,23.719888895426525,10.842361481867695,8.274976220576836,1.247653603553772,1.264911064067352,1.0,0.001,1.0,1.0,128,300,3,1500,-1.0,0,0,0,0,0,0.0,1.0,0,10,3.2490788990307586,35.225006103515625,7.180734634399414,1500,dfa,mnist,div255,mlp,tanh,sigmoid_bce,none
0.1026625633239746,0.9844170808792114,0.3264230078423284,0.4320771098136902,0.9509732127189636,0.957160470199114,0.8697566390037537,0.7239618897438049,3.206592858622741,0,,,,,,1.2690526247024536,1.293211181422395,pre_pixcenter,0,0,E2_master/pre_pixcenter/seed0_fb0.csv,3,0.9922178983688354,0.1026625633239746,0.0022947217803448,0.998843789100647,0.0331843346357345,0.5937145352363586,0.9696125984191896,0.4320771098136902,0.0019919914193451,0.9991624355316162,0.0291326120495796,0.4538348615169525,0.7239618897438049,0.8697566390037537,0.0017817952902987,0.999336838722229,0.0232651866972446,0.26092529296875,0.53662109375,0.833984375,0.87109375,,0.87109375,1500,1.1123005151748655,1.1123005151748655,6.812490186267706,7.038558140310259,7.010955819954603,1.2690526247024536,1.264911064067352,1.0,0.001,1.0,1.0,128,300,3,1500,-1.0,0,0,0,0,0,0.0,1.0,0,10,3.2490788990307586,1.7229292536939667e-13,7.195587396621704,1500,dfa,mnist,pixcenter,mlp,tanh,sigmoid_bce,none
0.0994040071964263,0.981809377670288,0.3440548143343465,0.4846461117267608,0.9567499160766602,0.9621297846758896,0.8918196558952332,0.669984757900238,4.155197727849883,0,,,,,,1.2642813920974731,1.2512493279805081,pre_pixcenter,1,1,E2_master/pre_pixcenter/seed1_fb1.csv,3,0.9899504780769348,0.0994040071964263,0.0030832327902317,0.9989427924156188,0.0267769750207662,0.5673017501831055,0.9679453372955322,0.4846461117267608,0.0030713810119777,0.9992337822914124,0.0231515243649482,0.4534290730953216,0.669984757900238,0.8918196558952332,0.002933605806902,0.9991592168807985,0.0239618811756372,0.2564575672149658,0.43212890625,0.8330078125,0.87255859375,,0.87255859375,1500,1.1137568950653076,1.1137568950653076,6.782259668193176,6.9638680659115355,6.939279318149561,1.2642813920974731,1.264911064067352,1.0,0.001,1.0,1.0,128,300,3,1500,-1.0,0,0,0,0,0,0.0,1.0,0,10,3.2490788990307586,1.7229292536939667e-13,8.196533203125,1500,dfa,mnist,pixcenter,mlp,tanh,sigmoid_bce,none
0.0995348542928695,0.9829166531562804,0.3490378540250461,0.4004206359386444,0.9531023502349854,1.020951996373396,0.8103895783424377,0.7344874739646912,3.5468179438532936,0,,,,,,1.2689590454101562,1.282024673876958,pre_pixcenter,2,2,E2_master/pre_pixcenter/seed2_fb2.csv,3,0.9897700548171996,0.0995348542928695,0.0022891883272677,0.9988387227058412,0.0297175049781799,0.5921996235847473,0.9556148052215576,0.4004206359386444,0.0024208326358348,0.9990846514701844,0.027212269604206,0.4350044727325439,0.7344874739646912,0.8103895783424377,0.0022677946835756,0.9993002414703368,0.0236584804952144,0.2772511839866638,0.47509765625,0.82666015625,0.87353515625,,0.87353515625,1500,1.1179715394973757,1.1179715394973757,6.809370642980321,7.011728148960152,6.994669072750861,1.2689590454101562,1.264911064067352,1.0,0.001,1.0,1.0,128,300,3,1500,-1.0,0,0,0,0,0,0.0,1.0,0,10,3.2490788990307586,1.7229292536939667e-13,7.182511568069458,1500,dfa,mnist,pixcenter,mlp,tanh,sigmoid_bce,none
0.0228453818708658,0.9717420935630798,1.921837418497517,0.0992126762866973,0.9574084281921388,1.2524549715545423,0.3674255907535553,0.8984010815620422,2.92018402393145,0,,,,,,1.2691925764083862,1.248840113287553,pre_pixstd,0,0,E2_master/pre_pixstd/seed0_fb0.csv,3,0.975129008293152,0.0228453818708658,0.0059664878062903,0.9930242300033568,0.3323559761047363,0.610390841960907,0.9625849723815918,0.0992126762866973,0.0058723501861095,0.99640953540802,0.2560425996780395,0.4832416772842407,0.9064587354660034,0.3674255907535553,0.0049045193009078,0.9979636669158936,0.1683829724788665,0.2840060591697693,0.77099609375,0.8916015625,0.90673828125,,0.90673828125,1500,0.8548091650009155,0.8548091650009155,5.9670099358430155,7.95018134748739,7.4948186721121,1.2691925764083862,1.264911064067352,1.0,0.001,1.0,1.0,128,300,3,1500,-1.0,0,0,0,0,0,0.0,1.0,0,10,3.2490788990307586,1.1812741540148664e-12,8.184670686721802,1500,dfa,mnist,pixstd,mlp,tanh,sigmoid_bce,none
0.034666109830141,0.9666932225227356,2.039826605181856,0.1455547213554382,0.9579960703849792,1.4753779835904852,0.4371045231819153,0.905517578125,4.091324313146343,0,,,,,,1.2651108503341677,1.1992431089856175,pre_pixstd,1,1,E2_master/pre_pixstd/seed1_fb1.csv,3,0.976563036441803,0.034666109830141,0.0063896998763084,0.9934576153755188,0.2714872360229492,0.5779733061790466,0.9618246555328368,0.1455547213554382,0.0052414899691939,0.9969251155853271,0.1938859820365905,0.5034111738204956,0.905517578125,0.4371045231819153,0.0055435919202864,0.9976007342338562,0.1722782999277115,0.2849957942962646,0.78466796875,0.888671875,0.904296875,,0.904296875,1500,0.8359682559967041,0.8359682559967041,5.9280561910590075,7.537447781349446,7.077423187222214,1.2651108503341677,1.264911064067352,1.0,0.001,1.0,1.0,128,300,3,1500,-1.0,0,0,0,0,0,0.0,1.0,0,10,3.2490788990307586,1.1812741540148664e-12,7.190798759460449,1500,dfa,mnist,pixstd,mlp,tanh,sigmoid_bce,none
0.0296431761234998,0.969992697238922,2.0522666771773137,0.1098842248320579,0.951651930809021,1.4885734094614276,0.382927268743515,0.9067202806472778,3.3815808229261304,0,,,,,,1.267487645149231,1.230824002899069,pre_pixstd,2,2,E2_master/pre_pixstd/seed2_fb2.csv,3,0.9738808870315552,0.0296431761234998,0.0051634991541504,0.9930807948112488,0.3040974140167236,0.6096058487892151,0.951651930809021,0.1098842248320579,0.0057772486470639,0.9963918328285216,0.2678204178810119,0.4700440168380737,0.9067202806472778,0.382927268743515,0.0058377608656883,0.9977253079414368,0.2108256816864013,0.3050981760025024,0.7138671875,0.896484375,0.9052734375,,0.9052734375,1500,0.8391757011413574,0.8391757011413574,5.750115494569761,7.4987107467570615,7.290113829180905,1.267487645149231,1.264911064067352,1.0,0.001,1.0,1.0,128,300,3,1500,-1.0,0,0,0,0,0,0.0,1.0,0,10,3.2490788990307586,1.1812741540148664e-12,7.067680835723877,1500,dfa,mnist,pixstd,mlp,tanh,sigmoid_bce,none
0.7911115288734436,0.5990545153617859,33.529406791287194,0.9640437960624696,0.3889516294002533,13.830627754245262,0.9945297837257384,0.2365965545177459,12.674293864767264,170,80.0,170.0,360.0,280.0,0.115380859375,1.3344237804412842,1.1696427561004252,pre_standardize,0,0,E2_master/pre_standardize/seed0_fb0.csv,3,0.5990545153617859,0.7911115288734436,0.256587266921997,0.9692347049713136,35.380516052246094,0.5775149464607239,0.3889516294002533,0.9640437960624696,0.2585932910442352,0.98144268989563,20.170337677001957,0.4446619749069214,0.2365965545177459,0.9945297837257384,0.248533010482788,0.990676999092102,12.935033798217772,0.2659050524234772,0.60107421875,0.88623046875,0.908203125,,0.908203125,1500,0.9081974029541016,0.9081974029541016,120.90113938027208,19.13678856321293,11.135968367100567,1.3344237804412842,1.264911064067352,1.0,0.001,1.0,1.0,128,300,3,1500,-1.0,0,0,0,0,0,0.0,1.0,0,10,3.2490788990307586,228.84242248535156,7.135469436645508,1500,dfa,mnist,standardize,mlp,tanh,sigmoid_bce,none
0.8015830516815186,0.5791772603988647,34.82572472499512,0.969978928565979,0.3111692667007446,13.931385887707629,0.9961391687393188,0.2183072566986084,15.971687570411808,190,100.0,170.0,420.0,320.0,0.06671142578125,1.4163100719451904,1.3977158275413704,pre_standardize,1,1,E2_master/pre_standardize/seed1_fb1.csv,3,0.5791772603988647,0.8015830516815186,0.258268654346466,0.964604914188385,34.37712478637695,0.5658000111579895,0.3111692667007446,0.969978928565979,0.2395227700471878,0.9820687770843506,18.234130859375,0.4356429278850555,0.2183072566986084,0.9961391687393188,0.2424884587526321,0.9901525378227234,12.683675765991213,0.2564013600349426,0.29052734375,0.88720703125,0.9072265625,,0.9072265625,1500,0.9058660864830016,0.9058660864830016,130.6773190000232,20.113727357305606,10.93559938509144,1.4163100719451904,1.264911064067352,1.0,0.001,1.0,1.0,128,300,3,1500,-1.0,0,0,0,0,0,0.0,1.0,0,10,3.2490788990307586,228.84242248535156,8.973055601119995,1500,dfa,mnist,standardize,mlp,tanh,sigmoid_bce,none
0.7956956624984741,0.5947746634483337,35.359286287529414,0.9672723412513732,0.3458840847015381,15.058339109532678,0.994931936264038,0.2535209357738495,14.352162344516373,160,90.0,150.0,330.0,240.0,0.08921595982142858,1.2349748611450195,1.1618493585644478,pre_standardize,2,2,E2_master/pre_standardize/seed2_fb2.csv,3,0.5947746634483337,0.7956956624984741,0.276034951210022,0.95871901512146,38.42317199707031,0.5678936839103699,0.3458840847015381,0.9672723412513732,0.2524372637271881,0.982099711894989,19.25482940673828,0.4299440681934356,0.2535209357738495,0.994931936264038,0.2565577924251556,0.9886656999588012,13.666104316711426,0.2736793756484985,0.4892578125,0.8896484375,0.90771484375,,0.90771484375,1500,0.8719189763069153,0.8719189763069153,106.31339690272952,18.23515122390526,9.368852340793978,1.2349748611450195,1.264911064067352,1.0,0.001,1.0,1.0,128,300,3,1500,-1.0,0,0,0,0,0,0.0,1.0,0,10,3.2490788990307586,228.84242248535156,7.325531959533691,1500,dfa,mnist,standardize,mlp,tanh,sigmoid_bce,none
0.511138379573822,0.8840245604515076,-0.0586225160049116,0.3880596160888672,0.9050477743148804,0.1481854126778994,0.3622415363788605,0.9190012216567992,0.10878794168937,0,0.0,110.0,320.0,320.0,0.11104329427083333,0.0415895916521549,0.04624307192141759,q0.1,0,0,E2_master/q0.1/seed0_fb0.csv,3,0.974346160888672,0.3870576620101928,0.3541161119937897,0.9909001588821412,12.757408142089844,0.5641698241233826,0.9627934098243712,0.3880596160888672,0.3507662415504455,0.9935280680656432,10.161163330078123,0.3979313373565674,0.9254024028778076,0.3622415363788605,0.3540035486221313,0.9948840141296388,8.370211601257324,0.2142764627933502,0.595703125,0.8330078125,0.87109375,,0.87109375,1500,1.1522210836410522,1.1522210836410522,0.8831982138851537,0.3354179779587012,0.27211919550370495,0.0415895916521549,1.264911064067352,1.0,0.001,1.0,1.0,128,300,3,1500,0.1,0,0,0,0,0,0.0,1.0,0,10,3.2490788990307586,35.225006103515625,7.99341344833374,1500,dfa,mnist,div255,mlp,tanh,sigmoid_bce,none
0.7308942079544067,0.8869994282722473,1.835659212043182,0.8639369606971741,0.7818918228149414,2.1261938419149597,0.935681700706482,0.6921672224998474,2.3422837253301285,90,150.0,220.0,330.0,180.0,0.12005615234375,0.1067334040999412,0.12831066316130876,q0.1,1,1,E2_master/q0.1/seed1_fb1.csv,3,0.8869994282722473,0.7308942079544067,0.3873637318611145,0.9887229204177856,13.798158645629885,0.5420520901679993,0.7818918228149414,0.8639369606971741,0.3898089230060577,0.992600440979004,11.267420768737791,0.3778741061687469,0.6921672224998474,0.935681700706482,0.387746512889862,0.9939010739326476,9.42509651184082,0.2066886723041534,0.52880859375,0.81787109375,0.85986328125,,0.85986328125,1500,1.1915466785430908,1.1915466785430908,2.0372447196393026,0.8322281706466953,0.6899029392373006,0.1067334040999412,1.264911064067352,1.0,0.001,1.0,1.0,128,300,3,1500,0.1,0,0,0,0,0,0.0,1.0,0,10,3.2490788990307586,35.225006103515625,8.98337697982788,1500,dfa,mnist,div255,mlp,tanh,sigmoid_bce,none
0.503494143486023,0.8809595704078674,0.457650190525978,0.4397422075271606,0.8960840106010437,0.3577311849382,0.4454432725906372,0.9188328981399536,0.2809906895224937,0,20.0,130.0,280.0,260.0,0.0853271484375,0.0941637977957725,0.09752500224795428,q0.1,2,2,E2_master/q0.1/seed2_fb2.csv,3,0.9774681329727172,0.449330061674118,0.4126372337341308,0.9858370423316956,15.55845069885254,0.5580896139144897,0.9738572239875792,0.4397422075271606,0.3982468843460083,0.9923094511032104,11.637540817260742,0.3913204669952392,0.9460355043411256,0.4454432725906372,0.3910796046257019,0.993703842163086,9.466567993164062,0.2296960949897766,0.55517578125,0.82568359375,0.8759765625,,0.8759765625,1500,1.1517329216003418,1.1517329216003418,1.790204280519172,0.8183023968345073,0.6245348752087666,0.0941637977957725,1.264911064067352,1.0,0.001,1.0,1.0,128,300,3,1500,0.1,0,0,0,0,0,0.0,1.0,0,10,3.2490788990307586,35.225006103515625,7.119401931762695,1500,dfa,mnist,div255,mlp,tanh,sigmoid_bce,none
0.7658880352973938,0.8731167912483215,3.830539474641699,0.9122721552848816,0.7332111597061157,5.228496244754791,0.9733937978744508,0.5749066472053528,5.478860788246792,160,110.0,190.0,380.0,270.0,0.14762369791666666,0.3375361859798431,0.3583740305582106,q0.2,0,0,E2_master/q0.2/seed0_fb0.csv,3,0.8779088854789734,0.7658880352973938,0.3541161119937897,0.9909001588821412,12.757408142089844,0.5756457448005676,0.7332111597061157,0.9122721552848816,0.3507662415504455,0.9935280680656432,10.161163330078123,0.4154666066169739,0.5749066472053528,0.9733937978744508,0.3540035486221313,0.9948840141296388,8.370211601257324,0.2234516888856887,0.4560546875,0.82373046875,0.86767578125,,0.86767578125,1500,1.1619399785995483,1.1619399785995483,7.167931800637391,2.722212469315865,2.2084870693233833,0.3375361859798431,1.264911064067352,1.0,0.001,1.0,1.0,128,300,3,1500,0.2,0,0,0,0,0,0.0,1.0,0,10,3.2490788990307586,35.225006103515625,7.157649993896484,1500,dfa,mnist,div255,mlp,tanh,sigmoid_bce,none
0.8301078677177429,0.81703120470047,4.066598026445621,0.956954538822174,0.5696970224380493,5.987408973976081,0.9906718730926514,0.3997758328914642,8.580081032558946,240,120.0,280.0,460.0,340.0,0.0915383731617647,0.4227300584316253,0.5137369835464773,q0.2,1,1,E2_master/q0.2/seed1_fb1.csv,3,0.81703120470047,0.8301078677177429,0.3873637318611145,0.9887229204177856,13.798158645629885,0.5307645797729492,0.5696970224380493,0.956954538822174,0.3898089230060577,0.992600440979004,11.267420768737791,0.3773669004440307,0.3997758328914642,0.9906718730926514,0.387746512889862,0.9939010739326476,9.42509651184082,0.2134921848773956,0.265625,0.80810546875,0.8564453125,,0.8564453125,1500,1.2010481357574463,1.2010481357574463,8.068744613132012,3.2961364454983775,2.732440816212052,0.4227300584316253,1.264911064067352,1.0,0.001,1.0,1.0,128,300,3,1500,0.2,0,0,0,0,0,0.0,1.0,0,10,3.2490788990307586,35.225006103515625,7.367572784423828,1500,dfa,mnist,div255,mlp,tanh,sigmoid_bce,none
0.8092035055160522,0.8361285328865051,3.3208781445754423,0.9470687508583068,0.6239793300628662,4.93374474771908,0.987937033176422,0.4430702626705169,5.673564234254006,180,,,,,,0.3513990342617035,0.3598066540856127,q0.2,2,2,E2_master/q0.2/seed2_fb2.csv,3,0.8361285328865051,0.8092035055160522,0.4126372337341308,0.9858370423316956,15.55845069885254,0.5494827628135681,0.6239793300628662,0.9470687508583068,0.3982468843460083,0.9923094511032104,11.637540817260742,0.3902370929718017,0.4430702626705169,0.987937033176422,0.3910796046257019,0.993703842163086,9.466567993164062,0.232613205909729,0.46142578125,0.79736328125,0.8603515625,,0.8603515625,1500,1.1876115798950195,1.1876115798950195,6.680657216799802,3.0537284892155525,2.330629787119385,0.3513990342617035,1.264911064067352,1.0,0.001,1.0,1.0,128,300,3,1500,0.2,0,0,0,0,0,0.0,1.0,0,10,3.2490788990307586,35.225006103515625,7.03890323638916,1500,dfa,mnist,div255,mlp,tanh,sigmoid_bce,none
0.8598575592041016,0.7854679226875305,4.2195749641214855,0.9715256094932556,0.5148524045944214,7.079201738011821,0.9953556060791016,0.3189187943935394,8.613322238193184,260,100.0,350.0,460.0,360.0,0.12349759615384616,0.8063870668411255,0.8153971478208455,q0.35,0,0,E2_master/q0.35/seed0_fb0.csv,3,0.7854679226875305,0.8598575592041016,0.3541161119937897,0.9909001588821412,12.757408142089844,0.5566970109939575,0.5148524045944214,0.9715256094932556,0.3507662415504455,0.9935280680656432,10.161163330078123,0.400048166513443,0.3189187943935394,0.9953556060791016,0.3540035486221313,0.9948840141296388,8.370211601257324,0.2245140671730041,0.3876953125,0.79052734375,0.85986328125,,0.85986328125,1500,1.2424557209014893,1.2424557209014893,17.124467657456997,6.503471389526952,5.276161442715916,0.8063870668411255,1.264911064067352,1.0,0.001,1.0,1.0,128,300,3,1500,0.35,0,0,0,0,0,0.0,1.0,0,10,3.2490788990307586,35.225006103515625,7.2221293449401855,1500,dfa,mnist,div255,mlp,tanh,sigmoid_bce,none
0.8785964846611023,0.7409867644309998,4.510201964698856,0.9817349314689636,0.3918812274932861,7.644170393760019,0.9975744485855104,0.2501308619976043,12.203442984087884,310,100.0,400.0,510.0,410.0,0.09800277217741936,0.899205207824707,1.0300493449611732,q0.35,1,1,E2_master/q0.35/seed1_fb1.csv,3,0.7409867644309998,0.8785964846611023,0.3873637318611145,0.9887229204177856,13.798158645629885,0.5172734260559082,0.3918812274932861,0.9817349314689636,0.3898089230060577,0.992600440979004,11.267420768737791,0.3671394884586334,0.2501308619976043,0.9975744485855104,0.387746512889862,0.9939010739326476,9.42509651184082,0.2141191214323043,0.25830078125,0.77294921875,0.8583984375,,0.8583984375,1500,1.2444605827331543,1.2444605827331543,17.16333398115666,7.011337373285836,5.812278930735377,0.899205207824707,1.264911064067352,1.0,0.001,1.0,1.0,128,300,3,1500,0.35,0,0,0,0,0,0.0,1.0,0,10,3.2490788990307586,35.225006103515625,7.334061861038208,1500,dfa,mnist,div255,mlp,tanh,sigmoid_bce,none
0.873877227306366,0.7599325180053711,4.270989442539766,0.979820191860199,0.4475278556346893,7.403199061231757,0.9964187741279602,0.2906955480575561,9.680522972730106,260,110.0,290.0,450.0,340.0,0.07989823190789473,0.8009306788444519,0.7919265230501035,q0.35,2,2,E2_master/q0.35/seed2_fb2.csv,3,0.7599325180053711,0.873877227306366,0.4126372337341308,0.9858370423316956,15.55845069885254,0.5324215292930603,0.4475278556346893,0.979820191860199,0.3982468843460083,0.9923094511032104,11.637540817260742,0.3803037106990814,0.2906955480575561,0.9964187741279602,0.3910796046257019,0.993703842163086,9.466567993164062,0.2322513908147812,0.31103515625,0.767578125,0.84912109375,,0.84912109375,1500,1.2390305995941162,1.2390305995941162,15.226972182836452,6.9602491566682385,5.3121173239833945,0.8009306788444519,1.264911064067352,1.0,0.001,1.0,1.0,128,300,3,1500,0.35,0,0,0,0,0,0.0,1.0,0,10,3.2490788990307586,35.225006103515625,7.37914252281189,1500,dfa,mnist,div255,mlp,tanh,sigmoid_bce,none
0.894025981426239,0.7242494821548462,4.458145080768104,0.985094428062439,0.4069302082061767,8.482435049713773,0.9980725646018982,0.2263269871473312,10.99276343240507,310,90.0,310.0,520.0,430.0,0.12240998641304347,1.2692182064056396,1.2055869975267264,q0.5,0,0,E2_master/q0.5/seed0_fb0.csv,3,0.7242494821548462,0.894025981426239,0.3541161119937897,0.9909001588821412,12.757408142089844,0.5391277074813843,0.4069302082061767,0.985094428062439,0.3507662415504455,0.9935280680656432,10.161163330078123,0.3970779776573181,0.2263269871473312,0.9980725646018982,0.3540035486221313,0.9948840141296388,8.370211601257324,0.2208365648984909,0.26953125,0.7802734375,0.85693359375,,0.85693359375,1500,1.258267164230347,1.258267164230347,26.953168049917554,10.236181397056136,8.304448866303373,1.2692182064056396,1.264911064067352,1.0,0.001,1.0,1.0,128,300,3,1500,0.5,0,0,0,0,0,0.0,1.0,0,10,3.2490788990307586,35.225006103515625,7.153343915939331,1500,dfa,mnist,div255,mlp,tanh,sigmoid_bce,none
0.9021816849708556,0.6914756894111633,4.855665284808131,0.9889762997627258,0.3020907640457153,9.144838168636683,0.9989032745361328,0.1923276931047439,14.995635237558703,360,100.0,270.0,590.0,490.0,0.08824327256944445,1.3514316082000732,1.445871314672747,q0.5,1,1,E2_master/q0.5/seed1_fb1.csv,3,0.6914756894111633,0.9021816849708556,0.3873637318611145,0.9887229204177856,13.798158645629885,0.506930947303772,0.3020907640457153,0.9889762997627258,0.3898089230060577,0.992600440979004,11.267420768737791,0.363749235868454,0.1923276931047439,0.9989032745361328,0.387746512889862,0.9939010739326476,9.42509651184082,0.2138387560844421,0.17529296875,0.75244140625,0.845703125,,0.845703125,1500,1.286377191543579,1.286377191543579,25.795081970600872,10.537464484814349,8.735378080908937,1.3514316082000732,1.264911064067352,1.0,0.001,1.0,1.0,128,300,3,1500,0.5,0,0,0,0,0,0.0,1.0,0,10,3.2490788990307586,35.225006103515625,10.073469400405884,1500,dfa,mnist,div255,mlp,tanh,sigmoid_bce,none
0.9032276272773744,0.7118026614189148,4.638836688949543,0.9876881837844848,0.3464583456516266,8.889208458302605,0.9982762932777404,0.2242631614208221,11.991215389942887,310,100.0,240.0,500.0,400.0,0.0916015625,1.247653603553772,1.2040565680969142,q0.5,2,2,E2_master/q0.5/seed2_fb2.csv,3,0.7118026614189148,0.9032276272773744,0.4126372337341308,0.9858370423316956,15.55845069885254,0.5149432420730591,0.3464583456516266,0.9876881837844848,0.3982468843460083,0.9923094511032104,11.637540817260742,0.3751315474510193,0.2242631614208221,0.9982762932777404,0.3910796046257019,0.993703842163086,9.466567993164062,0.2344442754983902,0.3076171875,0.73828125,0.849609375,,0.849609375,1500,1.2883106470108032,1.2883106470108032,23.719888895426525,10.842361481867695,8.274976220576836,1.247653603553772,1.264911064067352,1.0,0.001,1.0,1.0,128,300,3,1500,0.5,0,0,0,0,0,0.0,1.0,0,10,3.2490788990307586,35.225006103515625,7.1010422706604,1500,dfa,mnist,div255,mlp,tanh,sigmoid_bce,none
0.9198316931724548,0.6599774956703186,4.851716479769422,0.99126136302948,0.2959163784980774,10.378191708672349,0.9991304874420166,0.1689222007989883,14.103577093478629,380,80.0,210.0,570.0,490.0,0.12297712053571429,1.886669874191284,1.6915473351282537,q0.7,0,0,E2_master/q0.7/seed0_fb0.csv,3,0.6599774956703186,0.9198316931724548,0.3541161119937897,0.9909001588821412,12.757408142089844,0.5195930600166321,0.2959163784980774,0.99126136302948,0.3507662415504455,0.9935280680656432,10.161163330078123,0.3890405893325805,0.1689222007989883,0.9991304874420166,0.3540035486221313,0.9948840141296388,8.370211601257324,0.2221834361553192,0.23828125,0.744140625,0.85595703125,,0.85595703125,1500,1.2952556610107422,1.2952556610107422,40.06539609749529,15.215898236501413,12.344412819436936,1.886669874191284,1.264911064067352,1.0,0.001,1.0,1.0,128,300,3,1500,0.7,0,0,0,0,0,0.0,1.0,0,10,3.2490788990307586,35.225006103515625,8.095697164535522,1500,dfa,mnist,div255,mlp,tanh,sigmoid_bce,none
0.921895444393158,0.6420184969902039,5.388255600524321,0.992994785308838,0.2324306964874267,11.474281555959504,0.9994917511940002,0.1545282453298568,18.9083411612101,430,260.0,460.0,650.0,390.0,0.11962890625,1.9380141496658323,1.9494689983590907,q0.7,1,1,E2_master/q0.7/seed1_fb1.csv,3,0.6420184969902039,0.921895444393158,0.3873637318611145,0.9887229204177856,13.798158645629885,0.487646609544754,0.2324306964874267,0.992994785308838,0.3898089230060577,0.992600440979004,11.267420768737791,0.3569257259368896,0.1545282453298568,0.9994917511940002,0.387746512889862,0.9939010739326476,9.42509651184082,0.2184500396251678,0.1396484375,0.6806640625,0.83984375,,0.83984375,1500,1.377847671508789,1.377847671508789,36.99131613282018,15.111201446864515,12.526927904276146,1.9380141496658323,1.264911064067352,1.0,0.001,1.0,1.0,128,300,3,1500,0.7,0,0,0,0,0,0.0,1.0,0,10,3.2490788990307586,35.225006103515625,7.106243371963501,1500,dfa,mnist,div255,mlp,tanh,sigmoid_bce,none
0.924914300441742,0.6614247560501099,5.024695845230849,0.9926108121871948,0.2637644708156585,10.773791223941693,0.9993239641189576,0.1743522137403488,15.125764696142594,380,90.0,280.0,550.0,460.0,0.1140380859375,1.8523463010787964,1.7682080361411832,q0.7,2,2,E2_master/q0.7/seed2_fb2.csv,3,0.6614247560501099,0.924914300441742,0.4126372337341308,0.9858370423316956,15.55845069885254,0.4943922460079193,0.2637644708156585,0.9926108121871948,0.3982468843460083,0.9923094511032104,11.637540817260742,0.3692259490489959,0.1743522137403488,0.9993239641189576,0.3910796046257019,0.993703842163086,9.466567993164062,0.2349967062473297,0.3037109375,0.712890625,0.8427734375,,0.8427734375,1500,1.3503482341766355,1.3503482341766355,35.21606344284462,16.097262997270107,12.28555870799429,1.8523463010787964,1.264911064067352,1.0,0.001,1.0,1.0,128,300,3,1500,0.7,0,0,0,0,0,0.0,1.0,0,10,3.2490788990307586,35.225006103515625,7.279016733169556,1500,dfa,mnist,div255,mlp,tanh,sigmoid_bce,none
0.9375962615013124,0.6013057231903076,5.298356043888911,0.9943195581436156,0.2281852513551712,12.753117647823457,0.999577522277832,0.1361946165561676,17.618221225601204,440,200.0,450.0,630.0,430.0,0.12218299278846154,2.3583805561065674,2.1318976804970298,q0.85,0,0,E2_master/q0.85/seed0_fb0.csv,3,0.6013057231903076,0.9375962615013124,0.3541161119937897,0.9909001588821412,12.757408142089844,0.49256232380867,0.2281852513551712,0.9943195581436156,0.3507662415504455,0.9935280680656432,10.161163330078123,0.3766025900840759,0.1361946165561676,0.999577522277832,0.3540035486221313,0.9948840141296388,8.370211601257324,0.2234136462211609,0.15673828125,0.72705078125,0.84912109375,,0.84912109375,1500,1.364692449569702,1.364692449569702,50.082662802650354,19.020221309275477,15.430798767798134,2.3583805561065674,1.264911064067352,1.0,0.001,1.0,1.0,128,300,3,1500,0.85,0,0,0,0,0,0.0,1.0,0,10,3.2490788990307586,35.225006103515625,9.7465980052948,1500,dfa,mnist,div255,mlp,tanh,sigmoid_bce,none
0.9354498386383056,0.599600613117218,5.809156892835822,0.9948065280914308,0.1822955012321472,13.58017896758179,0.999714732170105,0.1131213381886482,22.387643131286477,470,340.0,580.0,710.0,370.0,0.116015625,2.3819692134857178,2.3641105940240954,q0.85,1,1,E2_master/q0.85/seed1_fb1.csv,3,0.599600613117218,0.9354498386383056,0.3873637318611145,0.9887229204177856,13.798158645629885,0.466513991355896,0.1822955012321472,0.9948065280914308,0.3898089230060577,0.992600440979004,11.267420768737791,0.3497147858142853,0.1131213381886482,0.999714732170105,0.387746512889862,0.9939010739326476,9.42509651184082,0.2239354997873306,0.10986328125,0.5986328125,0.83251953125,,0.83251953125,1500,1.4526695013046265,1.4526695013046265,45.465187243286245,18.572834791437696,15.396562823179583,2.3819692134857178,1.264911064067352,1.0,0.001,1.0,1.0,128,300,3,1500,0.85,0,0,0,0,0,0.0,1.0,0,10,3.2490788990307586,35.225006103515625,7.095207214355469,1500,dfa,mnist,div255,mlp,tanh,sigmoid_bce,none
0.938539743423462,0.6141194105148315,5.47291290411922,0.995246171951294,0.2092257291078567,13.059349630117282,0.9996138215065002,0.1296930909156799,18.789316323717287,430,90.0,350.0,600.0,510.0,0.11329933449074074,2.3288259506225586,2.2507612865736824,q0.85,2,2,E2_master/q0.85/seed2_fb2.csv,3,0.6141194105148315,0.938539743423462,0.4126372337341308,0.9858370423316956,15.55845069885254,0.4721331894397735,0.2092257291078567,0.995246171951294,0.3982468843460083,0.9923094511032104,11.637540817260742,0.3588456809520721,0.1296930909156799,0.9996138215065002,0.3910796046257019,0.993703842163086,9.466567993164062,0.2369333207607269,0.2587890625,0.6650390625,0.83447265625,,0.83447265625,1500,1.4109891653060913,1.4109891653060913,44.27470304915639,20.237967263576063,15.44577702366518,2.3288259506225586,1.264911064067352,1.0,0.001,1.0,1.0,128,300,3,1500,0.85,0,0,0,0,0,0.0,1.0,0,10,3.2490788990307586,35.225006103515625,8.029088973999023,1500,dfa,mnist,div255,mlp,tanh,sigmoid_bce,none
0.2673662304878235,0.9597577452659608,0.762473392697192,0.2783972918987274,0.9485542178153992,0.1153674537172642,0.2709206938743591,0.9245048761367798,0.073059668569246,0,,,,,,0.0904107093811035,0.09369894512280039,smimb0.0,0,0,E2_master/smimb0.0/seed0_fb0.csv,3,0.9613423347473145,0.2673662304878235,0.256587266921997,0.9692347049713136,35.380516052246094,0.5213841199874878,0.9491608142852784,0.2783972918987274,0.2585932910442352,0.98144268989563,20.170337677001957,0.3563507199287414,0.9329913258552552,0.2709206938743591,0.248533010482788,0.990676999092102,12.935033798217772,0.1910364329814911,0.7861328125,0.8955078125,0.91455078125,,0.91455078125,1500,0.3582981824874878,0.3582981824874878,,,,0.0904107093811035,,1.0,0.001,1.0,1.0,128,300,3,1500,-1.0,0,0,0,0,0,0.0,1.0,0,10,2.30101181725015,228.84242248535156,7.326452970504761,1500,dfa,mnist,standardize,mlp,tanh,softmax_ce,none
0.2783247530460357,0.9566736817359924,4.453862282208911,0.2935353815555572,0.950953722000122,0.5736353629173171,0.3001135885715484,0.9390146136283876,0.3813048838757694,0,,,,,,0.0930543094873428,0.10142148713741228,smimb0.0,1,1,E2_master/smimb0.0/seed1_fb1.csv,3,0.9566736817359924,0.2783247530460357,0.258268654346466,0.964604914188385,34.37712478637695,0.52370285987854,0.9520570039749146,0.2935353815555572,0.2395227700471878,0.9820687770843506,18.234130859375,0.346628338098526,0.9390146136283876,0.3001135885715484,0.2424884587526321,0.9901525378227234,12.683675765991213,0.1842023283243179,0.767578125,0.89453125,0.90771484375,,0.90771484375,1500,0.3417524993419647,0.3417524993419647,,,,0.0930543094873428,,1.0,0.001,1.0,1.0,128,300,3,1500,-1.0,0,0,0,0,0,0.0,1.0,0,10,2.30101181725015,228.84242248535156,9.329108953475952,1500,dfa,mnist,standardize,mlp,tanh,softmax_ce,none
0.283080130815506,0.9458945393562316,-2.7071554876723707,0.2901892364025116,0.9379161596298218,-0.0885479229538057,0.3184877038002014,0.9172561764717102,-0.0380325957226186,0,,,,,,0.0889791846275329,0.09793291745427647,smimb0.0,2,2,E2_master/smimb0.0/seed2_fb2.csv,3,0.9458945393562316,0.283080130815506,0.276034951210022,0.95871901512146,38.42317199707031,0.5246257185935974,0.9379161596298218,0.2901892364025116,0.2524372637271881,0.982099711894989,19.25482940673828,0.3446269929409027,0.9172561764717102,0.3184877038002014,0.2565577924251556,0.9886656999588012,13.666104316711426,0.2081999033689499,0.78173828125,0.89794921875,0.9140625,,0.9140625,1500,0.3454702496528625,0.3454702496528625,,,,0.0889791846275329,,1.0,0.001,1.0,1.0,128,300,3,1500,-1.0,0,0,0,0,0,0.0,1.0,0,10,2.30101181725015,228.84242248535156,8.054625988006592,1500,dfa,mnist,standardize,mlp,tanh,softmax_ce,none
0.535287618637085,0.8673450350761414,5.338727683692063,0.6943237781524658,0.829470157623291,2.3032543320392627,0.7899079322814941,0.7668554782867432,1.987863521554866,0,,,,,,0.3266763389110565,0.37828075984919934,smimb0.3,0,0,E2_master/smimb0.3/seed0_fb0.csv,3,0.8673450350761414,0.535287618637085,0.2540208995342254,0.9656714200973512,36.91371154785156,0.4953319430351257,0.829470157623291,0.6943237781524658,0.2472866177558899,0.9803327322006226,19.792579650878903,0.3275835812091827,0.7668554782867432,0.7899079322814941,0.2338244915008545,0.9904112219810486,12.405673027038574,0.1754297465085983,0.685546875,0.90673828125,0.92578125,,0.92578125,1500,0.3146187663078308,0.3146187663078308,,,,0.3266763389110565,,1.0,0.001,1.0,1.0,128,300,3,1500,-1.0,0,0,0,0,0,0.3,1.0,0,10,2.0436962361363884,228.84242248535156,7.231189250946045,1500,dfa,mnist,standardize,mlp,tanh,softmax_ce,none
0.4154246747493744,0.9229405522346495,7.432149058296815,0.463482528924942,0.8960359692573547,1.762047400618448,0.5107192397117615,0.8781306147575378,1.263905536616655,0,,,,,,0.285228431224823,0.2977112023018517,smimb0.3,1,1,E2_master/smimb0.3/seed1_fb1.csv,3,0.9229405522346495,0.4154246747493744,0.24939526617527,0.9619828462600708,34.49742126464844,0.4786834716796875,0.8960359692573547,0.463482528924942,0.2301163673400879,0.9820410013198853,18.028526306152344,0.3103812634944916,0.8781306147575378,0.5107192397117615,0.2300497144460678,0.9904165863990784,12.48069953918457,0.1648488938808441,0.72607421875,0.91064453125,0.92578125,,0.92578125,1500,0.3068339228630066,0.3068339228630066,,,,0.285228431224823,,1.0,0.001,1.0,1.0,128,300,3,1500,-1.0,0,0,0,0,0,0.3,1.0,0,10,2.0436962361363884,228.84242248535156,8.002732515335083,1500,dfa,mnist,standardize,mlp,tanh,softmax_ce,none
0.4574989676475525,0.9079675078392028,5.924982919541924,0.5572342276573181,0.8732611536979675,2.0747515547396618,0.6358307003974915,0.8471211194992065,1.647884835149787,0,,,,,,0.2560378909111023,0.31645959841570603,smimb0.3,2,2,E2_master/smimb0.3/seed2_fb2.csv,3,0.9079675078392028,0.4574989676475525,0.2772326171398163,0.9542096257209778,39.86423873901367,0.4750761985778808,0.8732611536979675,0.5572342276573181,0.2503319084644317,0.9798755645751952,19.48491859436035,0.3064655661582947,0.8471211194992065,0.6358307003974915,0.2502550184726715,0.9884304404258728,13.433807373046877,0.1896410882472992,0.697265625,0.8994140625,0.9208984375,,0.9208984375,1500,0.3355427980422973,0.3355427980422973,,,,0.2560378909111023,,1.0,0.001,1.0,1.0,128,300,3,1500,-1.0,0,0,0,0,0,0.3,1.0,0,10,2.0436962361363884,228.84242248535156,7.289511680603027,1500,dfa,mnist,standardize,mlp,tanh,softmax_ce,none
0.6817396283149719,0.79203861951828,8.999242625722687,0.8483405113220215,0.6699520349502563,3.804493590699614,0.92973393201828,0.5617207288742065,3.352404247547175,30,,,,,,0.5237895250320435,0.6617304476645389,smimb0.5,0,0,E2_master/smimb0.5/seed0_fb0.csv,3,0.79203861951828,0.6817396283149719,0.2865401804447174,0.9528796672821044,42.88052749633789,0.4446123242378235,0.6699520349502563,0.8483405113220215,0.2746171653270721,0.974706530570984,22.090131759643555,0.2817176878452301,0.5617207288742065,0.92973393201828,0.256947249174118,0.9879869222640992,13.731389999389648,0.1538080424070358,0.68115234375,0.9130859375,0.9462890625,,0.9462890625,1500,0.2817776501178741,0.2817776501178741,,,,0.5237895250320435,,1.0,0.001,1.0,1.0,128,300,3,1500,-1.0,0,0,0,0,0,0.5,1.0,0,10,1.6777380289973078,228.84242248535156,9.125295877456665,1500,dfa,mnist,standardize,mlp,tanh,softmax_ce,none
0.6178629398345947,0.8495794534683228,9.48206741692498,0.7504560947418213,0.7453987002372742,3.141504910152424,0.8341997265815735,0.6729760766029358,2.594979162078232,0,,,,,,0.4821561276912689,0.554795840037867,smimb0.5,1,1,E2_master/smimb0.5/seed1_fb1.csv,3,0.8495794534683228,0.6178629398345947,0.2661905884742737,0.954423189163208,37.60215759277344,0.4085310697555542,0.7453987002372742,0.7504560947418213,0.2464100569486618,0.9793850779533386,19.556062698364254,0.2587481737136841,0.6729760766029358,0.8341997265815735,0.2441156208515167,0.9889739155769348,13.369081497192385,0.1387351155281067,0.7568359375,0.90478515625,0.94091796875,,0.94091796875,1500,0.3013517260551452,0.3013517260551452,,,,0.4821561276912689,,1.0,0.001,1.0,1.0,128,300,3,1500,-1.0,0,0,0,0,0,0.5,1.0,0,10,1.6777380289973078,228.84242248535156,8.462457656860352,1500,dfa,mnist,standardize,mlp,tanh,softmax_ce,none
0.6280475854873657,0.8356136679649353,10.389465439540878,0.770868718624115,0.7228366732597351,3.7956090194714944,0.8619690537452698,0.6449952125549316,3.2503286958526125,0,,,,,,0.4553234577178955,0.6060984946734095,smimb0.5,2,2,E2_master/smimb0.5/seed2_fb2.csv,3,0.8356136679649353,0.6280475854873657,0.3035275936126709,0.9434836506843568,44.19789123535156,0.4100705981254577,0.7228366732597351,0.770868718624115,0.2750143706798553,0.9751947522163392,21.52028083801269,0.2589088082313537,0.6449952125549316,0.8619690537452698,0.2681594491004944,0.9866251945495604,14.345687866210938,0.1643301248550415,0.70361328125,0.89697265625,0.9296875,,0.9296875,1500,0.3167026340961456,0.3167026340961456,,,,0.4553234577178955,,1.0,0.001,1.0,1.0,128,300,3,1500,-1.0,0,0,0,0,0,0.5,1.0,0,10,1.6777380289973078,228.84242248535156,7.262931823730469,1500,dfa,mnist,standardize,mlp,tanh,softmax_ce,none
0.7959622144699097,0.6730430126190186,13.8931450389498,0.9272775053977966,0.4732853472232818,5.637038182740594,0.977142870426178,0.3948386013507843,4.950661822918785,60,,,,,,0.7122783064842224,1.0880631559502836,smimb0.7,0,0,E2_master/smimb0.7/seed0_fb0.csv,3,0.6730430126190186,0.7959622144699097,0.343285322189331,0.9333581924438475,51.84599685668945,0.3360623717308044,0.4732853472232818,0.9272775053977966,0.3247358798980713,0.9660046100616456,26.01041030883789,0.2010797709226608,0.3948386013507843,0.977142870426178,0.3026342391967773,0.9843869209289552,16.102903366088867,0.1153542846441268,0.7939453125,0.8583984375,0.93701171875,,0.93701171875,1500,0.2970085740089416,0.2970085740089416,,,,0.7122783064842224,,1.0,0.001,1.0,1.0,128,300,3,1500,-1.0,0,0,0,0,0,0.7,1.0,0,10,1.1773424399502437,228.84242248535156,7.428042411804199,1500,dfa,mnist,standardize,mlp,tanh,softmax_ce,none
0.7578212022781372,0.7327632308006287,13.708492097357716,0.895730197429657,0.5583686828613281,4.921492012122123,0.954731285572052,0.4653670787811279,4.256516004976185,40,,,,,,0.6788398027420044,0.9521881426087431,smimb0.7,1,1,E2_master/smimb0.7/seed1_fb1.csv,3,0.7327632308006287,0.7578212022781372,0.3017348051071167,0.9421020150184632,43.353912353515625,0.2669950723648071,0.5583686828613281,0.895730197429657,0.2832854092121124,0.974327564239502,22.630786895751957,0.1658066511154174,0.4653670787811279,0.954731285572052,0.2795757055282593,0.9860410690307616,15.33056640625,0.0928085595369339,0.7783203125,0.88330078125,0.9111328125,,0.9111328125,1500,0.3240096271038055,0.3240096271038055,,,,0.6788398027420044,,1.0,0.001,1.0,1.0,128,300,3,1500,-1.0,0,0,0,0,0,0.7,1.0,0,10,1.1773424399502437,228.84242248535156,7.808823823928833,1500,dfa,mnist,standardize,mlp,tanh,softmax_ce,none
0.756110429763794,0.7265956401824951,15.751704928977052,0.8873019218444824,0.5393660664558411,5.948939522650327,0.9464222192764282,0.4311050474643707,5.238551182362372,50,,,,,,0.6453593969345093,1.006692156347369,smimb0.7,2,2,E2_master/smimb0.7/seed2_fb2.csv,3,0.7265956401824951,0.756110429763794,0.3414881229400635,0.9274925589561462,50.55706024169922,0.2918171882629394,0.5393660664558411,0.8873019218444824,0.3136190474033355,0.9682846069335938,24.66092300415039,0.1759027391672134,0.4311050474643707,0.9464222192764282,0.3017204999923706,0.9838593006134032,15.988388061523438,0.1202364489436149,0.794921875,0.861328125,0.9150390625,,0.9150390625,1500,0.3177317976951599,0.3177317976951599,,,,0.6453593969345093,,1.0,0.001,1.0,1.0,128,300,3,1500,-1.0,0,0,0,0,0,0.7,1.0,0,10,1.1773424399502437,228.84242248535156,7.585335731506348,1500,dfa,mnist,standardize,mlp,tanh,softmax_ce,none
0.9053364396095276,0.4548607468605041,21.38844001829777,0.9797320365905762,0.2666231393814087,8.581887704077847,0.9958658218383788,0.2606160044670105,7.530732458112464,380,,,,,,0.8996421694755554,2.259279726006482,smimb0.9,0,0,E2_master/smimb0.9/seed0_fb0.csv,3,0.4548607468605041,0.9053364396095276,0.4218361377716064,0.9069004654884338,63.4573860168457,0.135261669754982,0.2666231393814087,0.9797320365905762,0.3951972723007202,0.9545193910598756,31.360788345336918,0.0936666801571846,0.2606160044670105,0.9958658218383788,0.370086133480072,0.9792011976242064,19.47785758972168,0.0528297238051891,0.923828125,0.93359375,0.9365234375,,0.9365234375,1500,0.2136290371417999,0.2136290371417999,,,,0.8996421694755554,,1.0,0.001,1.0,1.0,128,300,3,1500,-1.0,0,0,0,0,0,0.9,1.0,0,10,0.5007451032342808,228.84242248535156,7.218945503234863,1500,dfa,mnist,standardize,mlp,tanh,softmax_ce,none
0.8756266832351685,0.5298134684562683,19.87600731288577,0.9693425893783568,0.3299740552902221,7.466320591538227,0.9914958477020264,0.2798287272453308,6.609100545006114,200,,,,,,0.8892183899879456,2.0608420898528435,smimb0.9,1,1,E2_master/smimb0.9/seed1_fb1.csv,3,0.5298134684562683,0.8756266832351685,0.3609799742698669,0.9235068559646606,51.94120788574219,0.0883051678538322,0.3299740552902221,0.9693425893783568,0.3436337113380432,0.9664331674575806,27.336048126220703,0.0621286667883396,0.2798287272453308,0.9914958477020264,0.3366022408008575,0.9816368222236632,18.263397216796875,0.033672846853733,0.91357421875,0.916015625,0.93359375,,0.93359375,1500,0.2058948427438736,0.2058948427438736,,,,0.8892183899879456,,1.0,0.001,1.0,1.0,128,300,3,1500,-1.0,0,0,0,0,0,0.9,1.0,0,10,0.5007451032342808,228.84242248535156,7.047725439071655,1500,dfa,mnist,standardize,mlp,tanh,softmax_ce,none
0.8776198625564575,0.5027544498443604,22.13626049025266,0.9661656022071838,0.3202757835388183,8.692733881539507,0.9876720309257508,0.2495361715555191,7.739077937805777,200,,,,,,0.8526653051376343,2.1408972973138476,smimb0.9,2,2,E2_master/smimb0.9/seed2_fb2.csv,3,0.5027544498443604,0.8776198625564575,0.4036779701709747,0.9033952355384828,60.63427734375,0.1353980004787445,0.3202757835388183,0.9661656022071838,0.3738352954387665,0.9580148458480836,29.66299819946289,0.0645127072930336,0.2495361715555191,0.9876720309257508,0.3526541888713836,0.9795074462890624,18.69068717956543,0.0593750476837158,0.92138671875,0.9345703125,0.94091796875,,0.94091796875,1500,0.1941284239292144,0.1941284239292144,,,,0.8526653051376343,,1.0,0.001,1.0,1.0,128,300,3,1500,-1.0,0,0,0,0,0,0.9,1.0,0,10,0.5007451032342808,228.84242248535156,7.177302837371826,1500,dfa,mnist,standardize,mlp,tanh,softmax_ce,none
0.9551441669464112,0.46567302942276,7.941938601022711,0.9964836239814758,0.2000617533922195,8.989982793251686,0.9995160102844238,0.196100577712059,10.876016214236346,870,250.0,1030.0,1460.0,1210.0,0.06628881526898735,1.3024075031280518,1.348453231833807,w100,0,0,E2_master/w100/seed0_fb0.csv,3,0.46567302942276,0.9551441669464112,0.4006094634532928,0.9858123660087584,5.793726444244385,0.2812497019767761,0.2000617533922195,0.9964836239814758,0.4090607166290283,0.9900816082954408,4.553762912750244,0.1906228214502334,0.2048351913690567,0.9995160102844238,0.4140097498893738,0.9867794513702391,3.776633262634277,0.1438378691673278,0.03369140625,0.13427734375,0.2939453125,,0.2939453125,1500,2.88399600982666,2.88399600982666,54.25601783040002,10.175306583537356,8.318150692892447,1.3024075031280518,1.264911064067352,1.0,0.001,1.0,1.0,128,100,3,1500,-1.0,0,0,0,0,0,0.0,1.0,0,10,3.2490788990307586,35.225006103515625,6.097670793533325,1500,dfa,mnist,div255,mlp,tanh,sigmoid_bce,none
0.966860055923462,0.4480301141738891,7.876214684343747,0.9973797798156738,0.174260601401329,9.901233893090655,0.999770998954773,0.1454847753047943,11.818052163587724,880,250.0,850.0,1280.0,1030.0,0.058865906762295084,1.2406100034713743,1.3444641862645426,w100,1,1,E2_master/w100/seed1_fb1.csv,3,0.4480301141738891,0.966860055923462,0.4244731664657593,0.986634075641632,6.21676778793335,0.2584392130374908,0.174260601401329,0.9973797798156738,0.3943302929401397,0.989997386932373,4.434203147888184,0.1888030767440796,0.1454847753047943,0.999770998954773,0.3531966507434845,0.9936619400978088,3.16255521774292,0.1092570126056671,0.076171875,0.1923828125,0.50146484375,,0.50146484375,1500,2.736813545227051,2.736813545227051,59.30594019697383,11.814965541305604,8.896631403896059,1.2406100034713743,1.264911064067352,1.0,0.001,1.0,1.0,128,100,3,1500,-1.0,0,0,0,0,0,0.0,1.0,0,10,3.2490788990307586,35.225006103515625,5.090500116348267,1500,dfa,mnist,div255,mlp,tanh,sigmoid_bce,none
0.9529518485069276,0.5002915263175964,7.153649632151922,0.9937487244606018,0.2619123756885528,7.392675281953926,0.9989967942237854,0.2480090409517288,8.159965124818925,730,220.0,390.0,970.0,750.0,0.13875325520833334,1.2441259622573853,1.3227361664085737,w100,2,2,E2_master/w100/seed2_fb2.csv,3,0.5002915263175964,0.9529518485069276,0.3319633305072784,0.9906905889511108,4.267670631408691,0.3506751656532287,0.2619123756885528,0.9937487244606018,0.3443090915679931,0.9934262037277222,3.6647539138793945,0.2121727764606475,0.2480090409517288,0.9989967942237854,0.3852001428604126,0.9929839372634888,3.678302764892578,0.1476507186889648,0.14208984375,0.35302734375,0.6162109375,,0.6162109375,1500,2.477468013763428,2.477468013763428,52.917455426545914,7.695008388480067,6.814268204900649,1.2441259622573853,1.264911064067352,1.0,0.001,1.0,1.0,128,100,3,1500,-1.0,0,0,0,0,0,0.0,1.0,0,10,3.2490788990307586,35.225006103515625,5.046702861785889,1500,dfa,mnist,div255,mlp,tanh,sigmoid_bce,none
0.7682828903198242,0.8816807866096497,1.3372546921467927,0.9627329111099244,0.6929188370704651,8.060532606781626,0.9955174922943116,0.3102079331874847,16.02570717767891,80,,,,,,1.307459592819214,0.43676595246537575,w2000,0,0,E2_master/w2000/seed0_fb0.csv,3,0.937188446521759,0.7682828903198242,0.3989495635032654,0.996696412563324,44.58903503417969,0.5929160714149475,0.6929188370704651,0.9627329111099244,0.4041902124881744,0.9971601366996764,41.26825714111328,0.4701905846595764,0.3102079331874847,0.9955174922943116,0.4019179940223694,0.9975107312202454,37.07218551635742,0.2001666724681854,0.859375,0.9072265625,0.91796875,,0.91796875,1500,0.5482844114303589,0.5482844114303589,6.833503041359027,8.599938083335642,7.973504901596446,1.307459592819214,1.264911064067352,1.0,0.001,1.0,1.0,128,2000,3,1500,-1.0,0,0,0,0,0,0.0,1.0,0,10,3.2490788990307586,35.225006103515625,36.27976369857788,1500,dfa,mnist,div255,mlp,tanh,sigmoid_bce,none
0.7959744930267334,0.8867117166519165,1.3299579844667844,0.9720757603645324,0.62850022315979,8.10941891312239,0.9969070553779602,0.2720822393894195,16.48152245081394,80,,,,,,1.2969131469726562,0.5205014887521026,w2000,1,1,E2_master/w2000/seed1_fb1.csv,3,0.938468337059021,0.7959744930267334,0.4115925431251526,0.996496081352234,46.11197662353516,0.5828158855438232,0.62850022315979,0.9720757603645324,0.4131366014480591,0.9968329071998596,42.03461456298828,0.4705434143543243,0.2720822393894195,0.9969070553779602,0.4099610447883606,0.9976758360862732,37.48454666137695,0.196524366736412,0.8544921875,0.9033203125,0.91259765625,,0.91259765625,1500,0.5365554690361023,0.5330630540847778,6.705751292093313,8.721080604198457,7.966304308848407,1.2969131469726562,1.264911064067352,1.0,0.001,1.0,1.0,128,2000,3,1500,-1.0,0,0,0,0,0,0.0,1.0,0,10,3.2490788990307586,35.225006103515625,36.664369344711304,1500,dfa,mnist,div255,mlp,tanh,sigmoid_bce,none
0.8027698993682861,0.8997108936309814,1.331642967326122,0.9777249097824096,0.5730934143066406,7.773582938124913,0.9978361129760742,0.2127914130687713,18.220992255716176,100,,,,,,1.2322776317596436,0.5238655482502659,w2000,2,2,E2_master/w2000/seed2_fb2.csv,3,0.9411906599998474,0.8027698993682861,0.3895925283432007,0.9970906972885132,42.61415100097656,0.5926206111907959,0.5730934143066406,0.9777249097824096,0.3905145823955536,0.9972683787345886,38.3716049194336,0.4495792984962463,0.2127914130687713,0.9978361129760742,0.4041641652584076,0.9977337718009948,36.9238510131836,0.1919465661048889,0.8564453125,0.89697265625,0.90869140625,,0.90869140625,1500,0.5308970212936401,0.5308970212936401,6.465752222041862,7.784630675870768,7.027384378231381,1.2322776317596436,1.264911064067352,1.0,0.001,1.0,1.0,128,2000,3,1500,-1.0,0,0,0,0,0,0.0,1.0,0,10,3.2490788990307586,35.225006103515625,35.727927446365356,1500,dfa,mnist,div255,mlp,tanh,sigmoid_bce,none
0.894025981426239,0.7242494821548462,4.458145080768104,0.985094428062439,0.4069302082061767,8.482435049713773,0.9980725646018982,0.2263269871473312,10.99276343240507,310,90.0,310.0,520.0,430.0,0.12240998641304347,1.2692182064056396,1.2055869975267264,w300,0,0,E2_master/w300/seed0_fb0.csv,3,0.7242494821548462,0.894025981426239,0.3541161119937897,0.9909001588821412,12.757408142089844,0.5391277074813843,0.4069302082061767,0.985094428062439,0.3507662415504455,0.9935280680656432,10.161163330078123,0.3970779776573181,0.2263269871473312,0.9980725646018982,0.3540035486221313,0.9948840141296388,8.370211601257324,0.2208365648984909,0.26953125,0.7802734375,0.85693359375,,0.85693359375,1500,1.258267164230347,1.258267164230347,26.953168049917554,10.236181397056136,8.304448866303373,1.2692182064056396,1.264911064067352,1.0,0.001,1.0,1.0,128,300,3,1500,-1.0,0,0,0,0,0,0.0,1.0,0,10,3.2490788990307586,35.225006103515625,7.108706951141357,1500,dfa,mnist,div255,mlp,tanh,sigmoid_bce,none
0.9021816849708556,0.6914756894111633,4.855665284808131,0.9889762997627258,0.3020907640457153,9.144838168636683,0.9989032745361328,0.1923276931047439,14.995635237558703,360,100.0,270.0,590.0,490.0,0.08824327256944445,1.3514316082000732,1.445871314672747,w300,1,1,E2_master/w300/seed1_fb1.csv,3,0.6914756894111633,0.9021816849708556,0.3873637318611145,0.9887229204177856,13.798158645629885,0.506930947303772,0.3020907640457153,0.9889762997627258,0.3898089230060577,0.992600440979004,11.267420768737791,0.363749235868454,0.1923276931047439,0.9989032745361328,0.387746512889862,0.9939010739326476,9.42509651184082,0.2138387560844421,0.17529296875,0.75244140625,0.845703125,,0.845703125,1500,1.286377191543579,1.286377191543579,25.795081970600872,10.537464484814349,8.735378080908937,1.3514316082000732,1.264911064067352,1.0,0.001,1.0,1.0,128,300,3,1500,-1.0,0,0,0,0,0,0.0,1.0,0,10,3.2490788990307586,35.225006103515625,8.571844816207886,1500,dfa,mnist,div255,mlp,tanh,sigmoid_bce,none
0.9032276272773744,0.7118026614189148,4.638836688949543,0.9876881837844848,0.3464583456516266,8.889208458302605,0.9982762932777404,0.2242631614208221,11.991215389942887,310,100.0,240.0,500.0,400.0,0.0916015625,1.247653603553772,1.2040565680969142,w300,2,2,E2_master/w300/seed2_fb2.csv,3,0.7118026614189148,0.9032276272773744,0.4126372337341308,0.9858370423316956,15.55845069885254,0.5149432420730591,0.3464583456516266,0.9876881837844848,0.3982468843460083,0.9923094511032104,11.637540817260742,0.3751315474510193,0.2242631614208221,0.9982762932777404,0.3910796046257019,0.993703842163086,9.466567993164062,0.2344442754983902,0.3076171875,0.73828125,0.849609375,,0.849609375,1500,1.2883106470108032,1.2883106470108032,23.719888895426525,10.842361481867695,8.274976220576836,1.247653603553772,1.264911064067352,1.0,0.001,1.0,1.0,128,300,3,1500,-1.0,0,0,0,0,0,0.0,1.0,0,10,3.2490788990307586,35.225006103515625,7.175090789794922,1500,dfa,mnist,div255,mlp,tanh,sigmoid_bce,none
0.8257927894592285,0.8535885214805603,2.354481556103424,0.9696851372718812,0.5677915811538696,9.199354120413265,0.9963070154190063,0.2868401408195495,14.119588650260091,150,,,,,,1.3030184507369995,0.8709429317023777,w900,0,0,E2_master/w900/seed0_fb0.csv,3,0.8901435136795044,0.8257927894592285,0.3805399239063263,0.9938247203826904,29.180160522460938,0.5770457983016968,0.5677915811538696,0.9696851372718812,0.3772028982639313,0.9952653050422668,24.88883209228516,0.4479677081108093,0.2868401408195495,0.9963070154190063,0.3708519637584686,0.9965551495552064,21.68017196655273,0.218535229563713,0.8173828125,0.88427734375,0.9033203125,,0.9033203125,1500,0.6927342414855957,0.6927342414855957,11.432129790843728,9.524456979119378,8.17017084183848,1.3030184507369995,1.264911064067352,1.0,0.001,1.0,1.0,128,900,3,1500,-1.0,0,0,0,0,0,0.0,1.0,0,10,3.2490788990307586,35.225006103515625,21.37947154045105,1500,dfa,mnist,div255,mlp,tanh,sigmoid_bce,none
0.8486711382865906,0.8709345459938049,2.375092202208583,0.9798881411552428,0.477881520986557,9.1297189832533,0.9977247714996338,0.2202210277318954,16.40375474155931,160,,,,,,1.2544859647750854,1.1668524988184592,w900,1,1,E2_master/w900/seed1_fb1.csv,3,0.8777108788490295,0.8486711382865906,0.3975439667701721,0.9939097762107848,30.059738159179688,0.5940781235694885,0.477881520986557,0.9798881411552428,0.396464467048645,0.9948725700378418,26.04766845703125,0.4427830874919891,0.2202210277318954,0.9977247714996338,0.3931567668914795,0.9959777593612672,22.301856994628903,0.2164981812238693,0.7783203125,0.8837890625,0.8994140625,,0.8994140625,1500,0.6862964630126953,0.6862964630126953,10.712681631386213,9.185176822405504,7.998702891131948,1.2544859647750854,1.264911064067352,1.0,0.001,1.0,1.0,128,900,3,1500,-1.0,0,0,0,0,0,0.0,1.0,0,10,3.2490788990307586,35.225006103515625,19.569886445999146,1500,dfa,mnist,div255,mlp,tanh,sigmoid_bce,none
0.8474748134613037,0.8661481142044067,2.367128344814941,0.9822783470153807,0.4436826109886169,9.242794130371212,0.9981799721717834,0.2064004838466644,16.917299560166683,160,40.0,90.0,200.0,160.0,0.13045247395833334,1.29091215133667,1.296418209664739,w900,2,2,E2_master/w900/seed2_fb2.csv,3,0.8713403940200806,0.8474748134613037,0.3971752226352691,0.993005633354187,31.30204391479492,0.5877867341041565,0.4436826109886169,0.9822783470153807,0.3884741961956024,0.994592010974884,25.654773712158203,0.4286378026008606,0.2064004838466644,0.9981799721717834,0.3651570081710815,0.9967522025108336,20.349609375,0.2087626308202743,0.72998046875,0.8798828125,0.8974609375,,0.8974609375,1500,0.6933555603027344,0.6933555603027344,12.031774388212947,10.728801633610795,8.853117174283446,1.29091215133667,1.264911064067352,1.0,0.001,1.0,1.0,128,900,3,1500,-1.0,0,0,0,0,0,0.0,1.0,0,10,3.2490788990307586,35.225006103515625,19.504486083984375,1500,dfa,mnist,div255,mlp,tanh,sigmoid_bce,none
