maxcos_l1,minp_l1,kappa_l1,maxcos_l2,minp_l2,kappa_l2,maxcos_l3,minp_l3,kappa_l3,steps_cos_gt_0.9,ebar0,ebar_ratio_10,tag,seed,fb_seed,plateau_onset,plateau_band_end,plateau_exit,plateau_duration,plateau_band_acc,maxcos_l4,minp_l4,kappa_l4,maxcos_l5,minp_l5,kappa_l5,maxcos_l6,minp_l6,kappa_l6,csv,n_layers,minp_w300_l1,maxcos_w300_l1,cos0_l1,p0_l1,H0_l1,wa_end_l1,minp_w300_l2,maxcos_w300_l2,cos0_l2,p0_l2,H0_l2,wa_end_l2,minp_w300_l3,maxcos_w300_l3,cos0_l3,p0_l3,H0_l3,wa_end_l3,acc_450,acc_1000,acc_1500,acc_3000,acc_final,step_final,loss_final,loss_min,kappa_cf_l1,kappa_cf_l2,kappa_cf_l3,drive,ebar0_pred,fb_scale,lr,out_lr_mult,hid_lr_mult,batch,width,depth,steps,out_bias_q,freeze_bias,freeze_out,muon,whiten,batchnorm,p0,target_scale,classes,C,prior_loss,xbar2,wall,final_step,rule,dataset,preprocess,arch,act,head,center,minp_w300_l4,maxcos_w300_l4,cos0_l4,p0_l4,H0_l4,wa_end_l4,minp_w300_l5,maxcos_w300_l5,cos0_l5,p0_l5,H0_l5,wa_end_l5,minp_w300_l6,maxcos_w300_l6,cos0_l6,p0_l6,H0_l6,wa_end_l6,kappa_cf_l4,kappa_cf_l5,kappa_cf_l6
0.7441952228546143,0.8313310146331787,2.1120298302696634,0.7478619813919067,0.7407009601593018,2.6919608017991905,0.7685266137123108,0.7803297638893127,3.62324919876809,0,1.2692182064056396,0.22209689504608385,base__aligned,0,0,,,,,,,,,,,,,,,E4_cures/base__aligned/seed0_fb0.csv,3,0.9575956463813782,0.5439220070838928,0.3541161119937897,0.9909001588821412,12.757408142089844,0.8403302431106567,0.9154147505760192,0.6554175019264221,0.3507662415504455,0.9935280680656432,10.161163330078123,0.915458083152771,0.8860039114952087,0.7685266137123108,0.3540035486221313,0.9948840141296388,8.370211601257324,0.996700882911682,0.87353515625,0.89306640625,0.90087890625,0.91259765625,0.91259765625,3000,0.6464349031448364,0.6449748873710632,26.953168049917554,10.236181397056136,8.304448866303373,1.2692182064056396,1.264911064067352,1.0,0.001,1.0,1.0,128,300,3,3000,-1.0,0,0,0,0,0,0.0,1.0,0,10,3.2490788990307586,35.225006103515625,13.588164806365967,3000,aligned,mnist,div255,mlp,tanh,sigmoid_bce,none,,,,,,,,,,,,,,,,,,,,,
0.7494087815284729,0.8251547813415527,2.064754382980276,0.7666122913360596,0.726725161075592,2.593569395443541,0.7667833566665649,0.7673478722572327,3.6353067529407688,0,1.3514316082000732,0.19490076235944825,base__aligned,1,1,,,,,,,,,,,,,,,E4_cures/base__aligned/seed1_fb1.csv,3,0.9580079913139344,0.5498480200767517,0.3873637318611145,0.9887229204177856,13.798158645629885,0.8238682746887207,0.9154163002967834,0.6524580717086792,0.3898089230060577,0.992600440979004,11.267420768737791,0.9141860008239746,0.875990629196167,0.7667833566665649,0.387746512889862,0.9939010739326476,9.42509651184082,0.9965866208076476,0.88037109375,0.89453125,0.9033203125,0.912109375,0.912109375,3000,0.6228113770484924,0.6201461553573608,25.795081970600872,10.537464484814349,8.735378080908937,1.3514316082000732,1.264911064067352,1.0,0.001,1.0,1.0,128,300,3,3000,-1.0,0,0,0,0,0,0.0,1.0,0,10,3.2490788990307586,35.225006103515625,12.53372573852539,3000,aligned,mnist,div255,mlp,tanh,sigmoid_bce,none,,,,,,,,,,,,,,,,,,,,,
0.736443042755127,0.8391385078430176,2.319856061538049,0.7441409230232239,0.7361141443252563,2.9436088490898427,0.7830854654312134,0.770229160785675,3.9062240313081538,0,1.247653603553772,0.2758826312097743,base__aligned,2,2,,,,,,,,,,,,,,,E4_cures/base__aligned/seed2_fb2.csv,3,0.956760585308075,0.5655347108840942,0.4126372337341308,0.9858370423316956,15.55845069885254,0.829268217086792,0.91004741191864,0.6558845043182373,0.3982468843460083,0.9923094511032104,11.637540817260742,0.9129730463027954,0.8717716932296753,0.7830854654312134,0.3910796046257019,0.993703842163086,9.466567993164062,0.9956333637237548,0.87109375,0.89404296875,0.90576171875,0.91796875,0.91796875,3000,0.6215774416923523,0.6215774416923523,23.719888895426525,10.842361481867695,8.274976220576836,1.247653603553772,1.264911064067352,1.0,0.001,1.0,1.0,128,300,3,3000,-1.0,0,0,0,0,0,0.0,1.0,0,10,3.2490788990307586,35.225006103515625,13.630250930786133,3000,aligned,mnist,div255,mlp,tanh,sigmoid_bce,none,,,,,,,,,,,,,,,,,,,,,
0.1699966490268707,0.9866761565208436,28.79227912248104,0.12578085064888,0.986366331577301,8.964477863538315,0.1283321380615234,0.9825466871261596,7.004586901462637,0,1.2651962041854858,1.1571993798770177,base__bn,0,0,,,,,,,,,,,,,,,E4_cures/base__bn/seed0_fb0.csv,3,0.9969738721847534,0.0632292926311492,0.0010159417288377,0.9992515444755554,0.0688636749982833,0.4582037925720215,0.9960379004478456,0.0445766560733318,-0.0001069706268026,0.9994186162948608,0.0381180718541145,0.3320294320583343,0.995750367641449,0.0494726337492466,-0.0003814540978055,0.9995861649513244,0.0304327756166458,0.3889604806900024,0.78662109375,0.88330078125,0.89990234375,0.9150390625,0.9150390625,3000,0.6817736029624939,0.6817736029624939,244.32119303098963,7.208999427545284,7.00163431574447,1.2651962041854858,1.264911064067352,1.0,0.001,1.0,1.0,128,300,3,3000,-1.0,0,0,0,0,1,0.0,1.0,0,10,3.2490788990307586,35.225006103515625,17.02077603340149,3000,dfa,mnist,div255,mlp,tanh,sigmoid_bce,none,,,,,,,,,,,,,,,,,,,,,
0.1639047265052795,0.9832208156585692,30.65983218960895,0.1722968071699142,0.9832351207733154,9.320370228126515,0.1326889097690582,0.9814258813858032,9.978722647078875,0,1.265556573867798,1.0820458074712314,base__bn,1,1,,,,,,,,,,,,,,,E4_cures/base__bn/seed1_fb1.csv,3,0.9960710406303406,0.0697768554091453,0.0017438232898712,0.9991571307182312,0.0705547779798507,0.4440673887729645,0.9955323338508606,0.0723631232976913,0.0005808839923702,0.999543070793152,0.0446834750473499,0.3427785336971283,0.9950915575027466,0.055266086012125,5.9832796978298575e-05,0.9995322227478028,0.0289762299507856,0.3939881324768066,0.79248046875,0.89111328125,0.90234375,0.9228515625,0.9228515625,3000,0.6595734357833862,0.6595734357833862,244.73672601451884,7.232685361964959,7.057898421713331,1.265556573867798,1.264911064067352,1.0,0.001,1.0,1.0,128,300,3,3000,-1.0,0,0,0,0,1,0.0,1.0,0,10,3.2490788990307586,35.225006103515625,13.854028940200806,3000,dfa,mnist,div255,mlp,tanh,sigmoid_bce,none,,,,,,,,,,,,,,,,,,,,,
0.1642850786447525,0.9804108738899232,29.708259006619052,0.1327583491802215,0.98464697599411,9.211944896886946,0.1259784400463104,0.9827017188072203,7.649885848712508,0,1.263188123703003,1.1451620609983724,base__bn,2,2,,,,,,,,,,,,,,,E4_cures/base__bn/seed2_fb2.csv,3,0.9963122606277466,0.0640696138143539,0.0006203343509696,0.9991254806518556,0.0758590623736381,0.4395028352737427,0.9962791800498962,0.0495573431253433,-8.637354767415673e-05,0.9994433522224426,0.0448309332132339,0.3379151225090027,0.9962007403373718,0.0440085232257843,-0.0003642065275926,0.9996443390846252,0.0293204374611377,0.4018274545669555,0.79443359375,0.89404296875,0.9052734375,0.92333984375,0.92333984375,3000,0.6723455786705017,0.6723455786705017,244.19702131230858,7.252492315191041,7.043328051803134,1.263188123703003,1.264911064067352,1.0,0.001,1.0,1.0,128,300,3,3000,-1.0,0,0,0,0,1,0.0,1.0,0,10,3.2490788990307586,35.225006103515625,14.723864555358887,3000,dfa,mnist,div255,mlp,tanh,sigmoid_bce,none,,,,,,,,,,,,,,,,,,,,,
0.5753377079963684,0.5737099647521973,38.1590001599436,0.5518574118614197,0.3731048107147217,88.20538513235692,0.5288453698158264,0.4261295199394226,99.6320630268113,0,1.2692182064056396,1.2810047118912287,base__center_delta,0,0,,,,,,,,,,,,,,,E4_cures/base__center_delta/seed0_fb0.csv,3,0.9392639398574828,0.4492890834808349,0.3541161119937897,0.9909001588821412,12.757408142089844,0.2098981887102127,0.9030365943908693,0.4079594612121582,0.3507662415504455,0.9935280680656432,10.161163330078123,0.2796752452850342,0.8552682399749756,0.3623339533805847,0.3540035486221313,0.9948840141296388,8.370211601257324,0.1751129478216171,0.3671875,0.66015625,0.79150390625,0.85791015625,0.85791015625,3000,1.7182412147521973,1.7182412147521973,26.953168049917554,10.236181397056136,8.304448866303373,1.2692182064056396,1.264911064067352,1.0,0.001,1.0,1.0,128,300,3,3000,-1.0,0,0,0,0,0,0.0,1.0,0,10,3.2490788990307586,35.225006103515625,15.936304092407227,3000,dfa,mnist,div255,mlp,tanh,sigmoid_bce,delta,,,,,,,,,,,,,,,,,,,,,
0.5117236375808716,0.6146546602249146,40.37938546177909,0.5363620519638062,0.3580712378025055,90.8322167260324,0.5516651272773743,0.3010100424289703,117.20522444461278,0,1.3514316082000732,1.3135930595657874,base__center_delta,1,1,,,,,,,,,,,,,,,E4_cures/base__center_delta/seed1_fb1.csv,3,0.9091067910194396,0.4813874363899231,0.3873637318611145,0.9887229204177856,13.798158645629885,0.1766854673624038,0.7588978409767151,0.5083007216453552,0.3898089230060577,0.992600440979004,11.267420768737791,0.1703454703092575,0.5274276733398438,0.5235124826431274,0.387746512889862,0.9939010739326476,9.42509651184082,0.1312372833490371,0.33837890625,0.57861328125,0.7099609375,0.8515625,0.8515625,3000,1.8740772008895876,1.8740772008895876,25.795081970600872,10.537464484814349,8.735378080908937,1.3514316082000732,1.264911064067352,1.0,0.001,1.0,1.0,128,300,3,3000,-1.0,0,0,0,0,0,0.0,1.0,0,10,3.2490788990307586,35.225006103515625,14.6614248752594,3000,dfa,mnist,div255,mlp,tanh,sigmoid_bce,delta,,,,,,,,,,,,,,,,,,,,,
0.5293197631835938,0.6209704875946045,40.17235633426933,0.4827861487865448,0.3822182118892669,86.4912875507452,0.4560545682907104,0.4495942592620849,100.72287779825749,0,1.247653603553772,1.2436617058266544,base__center_delta,2,2,,,,,,,,,,,,,,,E4_cures/base__center_delta/seed2_fb2.csv,3,0.9395528435707092,0.4395371079444885,0.4126372337341308,0.9858370423316956,15.55845069885254,0.2178188115358352,0.8965786099433899,0.3982468843460083,0.3982468843460083,0.9923094511032104,11.637540817260742,0.2606116235256195,0.8119069337844849,0.3910796046257019,0.3910796046257019,0.993703842163086,9.466567993164062,0.1890017986297607,0.34619140625,0.6611328125,0.8037109375,0.8740234375,0.8740234375,3000,1.6839550733566284,1.6839550733566284,23.719888895426525,10.842361481867695,8.274976220576836,1.247653603553772,1.264911064067352,1.0,0.001,1.0,1.0,128,300,3,3000,-1.0,0,0,0,0,0,0.0,1.0,0,10,3.2490788990307586,35.225006103515625,14.071884155273438,3000,dfa,mnist,div255,mlp,tanh,sigmoid_bce,delta,,,,,,,,,,,,,,,,,,,,,
0.3549448549747467,0.9182031154632568,70.70890387737745,0.3523772358894348,0.7737982869148254,34.17119625244025,0.3545146286487579,0.6661513447761536,47.06930894006229,0,1.2692182064056396,1.2817336053736839,base__center_e,0,0,,,,,,,,,,,,,,,E4_cures/base__center_e/seed0_fb0.csv,3,0.9904417991638184,0.3549448549747467,0.3541161119937897,0.9909001588821412,12.757408142089844,0.4976148605346679,0.9755921959877014,0.3523772358894348,0.3507662415504455,0.9935280680656432,10.161163330078123,0.3818426132202148,0.937033712863922,0.3545146286487579,0.3540035486221313,0.9948840141296388,8.370211601257324,0.2135581970214843,0.669921875,0.74951171875,0.8115234375,0.88330078125,0.88330078125,3000,1.949425220489502,1.949425220489502,26.953168049917554,10.236181397056136,8.304448866303373,1.2692182064056396,1.264911064067352,1.0,0.001,1.0,1.0,128,300,3,3000,-1.0,0,0,0,0,0,0.0,1.0,0,10,3.2490788990307586,35.225006103515625,13.800674200057983,3000,dfa,mnist,div255,mlp,tanh,sigmoid_bce,e,,,,,,,,,,,,,,,,,,,,,
0.3879089951515198,0.9229350090026855,72.0666427828564,0.3924527764320373,0.7412492036819458,32.90069554356689,0.391764372587204,0.5533952713012695,51.17829088425214,0,1.3514316082000732,1.318017834031864,base__center_e,1,1,,,,,,,,,,,,,,,E4_cures/base__center_e/seed1_fb1.csv,3,0.988448441028595,0.3879089951515198,0.3873637318611145,0.9887229204177856,13.798158645629885,0.4225793480873108,0.974984049797058,0.3924527764320373,0.3898089230060577,0.992600440979004,11.267420768737791,0.345664381980896,0.9543123841285706,0.391764372587204,0.387746512889862,0.9939010739326476,9.42509651184082,0.2068604528903961,0.5732421875,0.75390625,0.8408203125,0.88623046875,0.88623046875,3000,2.1277244091033936,2.1277244091033936,25.795081970600872,10.537464484814349,8.735378080908937,1.3514316082000732,1.264911064067352,1.0,0.001,1.0,1.0,128,300,3,3000,-1.0,0,0,0,0,0,0.0,1.0,0,10,3.2490788990307586,35.225006103515625,12.689873695373535,3000,dfa,mnist,div255,mlp,tanh,sigmoid_bce,e,,,,,,,,,,,,,,,,,,,,,
0.4126372337341308,0.942221462726593,68.987005192698,0.3982468843460083,0.8669981360435486,27.77405789156229,0.3910796046257019,0.8177911043167114,31.85360842520975,0,1.247653603553772,1.2413323752939196,base__center_e,2,2,,,,,,,,,,,,,,,E4_cures/base__center_e/seed2_fb2.csv,3,0.9858370423316956,0.4126372337341308,0.4126372337341308,0.9858370423316956,15.55845069885254,0.5096134543418884,0.9704949855804444,0.3982468843460083,0.3982468843460083,0.9923094511032104,11.637540817260742,0.3779823780059814,0.9347896575927734,0.3910796046257019,0.3910796046257019,0.993703842163086,9.466567993164062,0.2309599369764328,0.595703125,0.783203125,0.81591796875,0.88720703125,0.88720703125,3000,2.029778003692627,2.029778003692627,23.719888895426525,10.842361481867695,8.274976220576836,1.247653603553772,1.264911064067352,1.0,0.001,1.0,1.0,128,300,3,3000,-1.0,0,0,0,0,0,0.0,1.0,0,10,3.2490788990307586,35.225006103515625,12.9747314453125,3000,dfa,mnist,div255,mlp,tanh,sigmoid_bce,e,,,,,,,,,,,,,,,,,,,,,
0.3547937870025635,0.9490907788276672,20.96535624098986,0.3519677221775055,0.7245006561279297,11.338546329391685,0.401246428489685,0.4652542769908905,19.60867249524614,0,1.2692182064056396,1.0511669542694537,base__center_outlr10,0,0,,,,,,,,,,,,,,,E4_cures/base__center_outlr10/seed0_fb0.csv,3,0.9891115427017212,0.3547937870025635,0.3541161119937897,0.9909001588821412,12.757408142089844,0.4104937613010406,0.9858677983283995,0.3519677221775055,0.3507662415504455,0.9935280680656432,10.161163330078123,0.341512531042099,0.9808186888694764,0.354077011346817,0.3540035486221313,0.9948840141296388,8.370211601257324,0.3002587556838989,0.8173828125,0.8447265625,0.87158203125,0.89990234375,0.89990234375,3000,0.8744850754737854,0.8744850754737854,2.6953168049917555,1.0236181397056137,0.8304448866303373,1.2692182064056396,1.264911064067352,1.0,0.001,10.0,1.0,128,300,3,3000,-1.0,0,0,0,0,0,0.0,1.0,0,10,3.2490788990307586,35.225006103515625,12.938001871109009,3000,dfa,mnist,div255,mlp,tanh,sigmoid_bce,e,,,,,,,,,,,,,,,,,,,,,
0.38833749294281,0.942295789718628,21.069396140455023,0.3932024538516998,0.7372977137565613,10.710424846073376,0.3929111063480377,0.4825597405433655,19.835398939631137,0,1.3514316082000732,1.0547791973104275,base__center_outlr10,1,1,,,,,,,,,,,,,,,E4_cures/base__center_outlr10/seed1_fb1.csv,3,0.9870972633361816,0.38833749294281,0.3873637318611145,0.9887229204177856,13.798158645629885,0.3891599476337433,0.980500340461731,0.3932024538516998,0.3898089230060577,0.992600440979004,11.267420768737791,0.3275309205055237,0.962808072566986,0.3929111063480377,0.387746512889862,0.9939010739326476,9.42509651184082,0.298032283782959,0.82177734375,0.84765625,0.8720703125,0.900390625,0.900390625,3000,0.839368462562561,0.839368462562561,2.579508197060087,1.0537464484814347,0.8735378080908937,1.3514316082000732,1.264911064067352,1.0,0.001,10.0,1.0,128,300,3,3000,-1.0,0,0,0,0,0,0.0,1.0,0,10,3.2490788990307586,35.225006103515625,13.13601803779602,3000,dfa,mnist,div255,mlp,tanh,sigmoid_bce,e,,,,,,,,,,,,,,,,,,,,,
0.4126372337341308,0.9659517407417296,19.765181988872865,0.3982468843460083,0.8332488536834717,9.449813125031326,0.3910796046257019,0.6256556510925293,11.519986116094117,0,1.247653603553772,0.9968485633149076,base__center_outlr10,2,2,,,,,,,,,,,,,,,E4_cures/base__center_outlr10/seed2_fb2.csv,3,0.9858370423316956,0.4126372337341308,0.4126372337341308,0.9858370423316956,15.55845069885254,0.4232872426509857,0.987848937511444,0.3982468843460083,0.3982468843460083,0.9923094511032104,11.637540817260742,0.3266360163688659,0.9837693572044371,0.3910796046257019,0.3910796046257019,0.993703842163086,9.466567993164062,0.3024784326553345,0.8154296875,0.84326171875,0.87158203125,0.904296875,0.904296875,3000,0.8361996412277222,0.8361996412277222,2.3719888895426524,1.0842361481867693,0.8274976220576835,1.247653603553772,1.264911064067352,1.0,0.001,10.0,1.0,128,300,3,3000,-1.0,0,0,0,0,0,0.0,1.0,0,10,3.2490788990307586,35.225006103515625,13.706108808517456,3000,dfa,mnist,div255,mlp,tanh,sigmoid_bce,e,,,,,,,,,,,,,,,,,,,,,
0.3552050590515136,0.969077169895172,2.375833183510223,0.3526060581207275,0.9455702900886536,1.1571606811982886,0.3547801673412323,0.9185591340065002,1.0263569032089883,0,0.0415895916521549,0.04521221405249236,base__center_priorbias,0,0,0.0,100.0,310.0,310.0,0.11949573863636363,,,,,,,,,,E4_cures/base__center_priorbias/seed0_fb0.csv,3,0.9904580116271972,0.3552050590515136,0.3541161119937897,0.9909001588821412,12.757408142089844,0.6061927676200867,0.9750931859016418,0.3526060581207275,0.3507662415504455,0.9935280680656432,10.161163330078123,0.4444611668586731,0.9424627423286438,0.3547801673412323,0.3540035486221313,0.9948840141296388,8.370211601257324,0.2417165488004684,0.63037109375,0.84033203125,0.87158203125,0.904296875,0.904296875,3000,0.9905645847320556,0.9905645847320556,0.8831982138851537,0.3354179779587012,0.27211919550370495,0.0415895916521549,1.264911064067352,1.0,0.001,1.0,1.0,128,300,3,3000,0.1,0,0,0,0,0,0.0,1.0,0,10,3.2490788990307586,35.225006103515625,12.84929609298706,3000,dfa,mnist,div255,mlp,tanh,sigmoid_bce,e,,,,,,,,,,,,,,,,,,,,,
0.3874728679656982,0.9692445993423462,5.94791961777783,0.3912939429283142,0.9522472023963928,2.420936783819156,0.3900531232357025,0.9248528480529784,2.0828286335201724,0,0.1067334040999412,0.11107709023850042,base__center_priorbias,1,1,,,,,,,,,,,,,,,E4_cures/base__center_priorbias/seed1_fb1.csv,3,0.9887152910232544,0.3874728679656982,0.3873637318611145,0.9887229204177856,13.798158645629885,0.5957562923431396,0.97459477186203,0.3912939429283142,0.3898089230060577,0.992600440979004,11.267420768737791,0.4405159056186676,0.9520016312599182,0.3900531232357025,0.387746512889862,0.9939010739326476,9.42509651184082,0.2456337064504623,0.53759765625,0.82373046875,0.87646484375,0.90185546875,0.90185546875,3000,0.9514657855033876,0.9514657855033876,2.0372447196393026,0.8322281706466953,0.6899029392373006,0.1067334040999412,1.264911064067352,1.0,0.001,1.0,1.0,128,300,3,3000,0.1,0,0,0,0,0,0.0,1.0,0,10,3.2490788990307586,35.225006103515625,17.16724467277527,3000,dfa,mnist,div255,mlp,tanh,sigmoid_bce,e,,,,,,,,,,,,,,,,,,,,,
0.4126372337341308,0.9672662615776062,0.0788619738340134,0.3982468843460083,0.9423258900642396,0.0265375273202598,0.3910796046257019,0.9253878593444824,-0.0037801135498232,0,0.0941637977957725,0.09904713586483635,base__center_priorbias,2,2,10.0,170.0,280.0,270.0,0.0803366268382353,,,,,,,,,,E4_cures/base__center_priorbias/seed2_fb2.csv,3,0.9858370423316956,0.4126372337341308,0.4126372337341308,0.9858370423316956,15.55845069885254,0.6147645115852356,0.9749652147293092,0.3982468843460083,0.3982468843460083,0.9923094511032104,11.637540817260742,0.436676949262619,0.9450451135635376,0.3910796046257019,0.3910796046257019,0.993703842163086,9.466567993164062,0.2611021101474762,0.54248046875,0.8232421875,0.8779296875,0.90185546875,0.90185546875,3000,0.9416618347167968,0.9416618347167968,1.790204280519172,0.8183023968345073,0.6245348752087666,0.0941637977957725,1.264911064067352,1.0,0.001,1.0,1.0,128,300,3,3000,0.1,0,0,0,0,0,0.0,1.0,0,10,3.2490788990307586,35.225006103515625,13.124714136123657,3000,dfa,mnist,div255,mlp,tanh,sigmoid_bce,e,,,,,,,,,,,,,,,,,,,,,
0.3549448549747467,0.9182031154632568,70.70890387737745,0.3523772358894348,0.7737982869148254,34.17119625244025,0.3545146286487579,0.6661513447761536,47.06930894006229,0,1.2692182064056396,1.2817336053736839,base__gated,0,0,,,,,,,,,,,,,,,E4_cures/base__gated/seed0_fb0.csv,3,0.9904417991638184,0.3549448549747467,0.3541161119937897,0.9909001588821412,12.757408142089844,0.4976148605346679,0.9755921959877014,0.3523772358894348,0.3507662415504455,0.9935280680656432,10.161163330078123,0.3818426132202148,0.937033712863922,0.3545146286487579,0.3540035486221313,0.9948840141296388,8.370211601257324,0.2135581970214843,0.669921875,0.74951171875,0.8115234375,0.88330078125,0.88330078125,3000,1.949425220489502,1.949425220489502,26.953168049917554,10.236181397056136,8.304448866303373,1.2692182064056396,1.264911064067352,1.0,0.001,1.0,1.0,128,300,3,3000,-1.0,0,0,0,0,0,0.0,1.0,0,10,3.2490788990307586,35.225006103515625,13.228978395462036,3000,dfa,mnist,div255,mlp,tanh,sigmoid_bce,gated,,,,,,,,,,,,,,,,,,,,,
0.3879089951515198,0.9229350090026855,72.0666427828564,0.3924527764320373,0.7412492036819458,32.90069554356689,0.391764372587204,0.5533952713012695,51.17829088425214,0,1.3514316082000732,1.318017834031864,base__gated,1,1,,,,,,,,,,,,,,,E4_cures/base__gated/seed1_fb1.csv,3,0.988448441028595,0.3879089951515198,0.3873637318611145,0.9887229204177856,13.798158645629885,0.4225793480873108,0.974984049797058,0.3924527764320373,0.3898089230060577,0.992600440979004,11.267420768737791,0.345664381980896,0.9543123841285706,0.391764372587204,0.387746512889862,0.9939010739326476,9.42509651184082,0.2068604528903961,0.5732421875,0.75390625,0.8408203125,0.88623046875,0.88623046875,3000,2.1277244091033936,2.1277244091033936,25.795081970600872,10.537464484814349,8.735378080908937,1.3514316082000732,1.264911064067352,1.0,0.001,1.0,1.0,128,300,3,3000,-1.0,0,0,0,0,0,0.0,1.0,0,10,3.2490788990307586,35.225006103515625,13.279988765716553,3000,dfa,mnist,div255,mlp,tanh,sigmoid_bce,gated,,,,,,,,,,,,,,,,,,,,,
0.4126372337341308,0.942221462726593,68.987005192698,0.3982468843460083,0.8669981360435486,27.77405789156229,0.3910796046257019,0.8177911043167114,31.85360842520975,0,1.247653603553772,1.2413323752939196,base__gated,2,2,,,,,,,,,,,,,,,E4_cures/base__gated/seed2_fb2.csv,3,0.9858370423316956,0.4126372337341308,0.4126372337341308,0.9858370423316956,15.55845069885254,0.5096134543418884,0.9704949855804444,0.3982468843460083,0.3982468843460083,0.9923094511032104,11.637540817260742,0.3779823780059814,0.9347896575927734,0.3910796046257019,0.3910796046257019,0.993703842163086,9.466567993164062,0.2309599369764328,0.595703125,0.783203125,0.81591796875,0.88720703125,0.88720703125,3000,2.029778003692627,2.029778003692627,23.719888895426525,10.842361481867695,8.274976220576836,1.247653603553772,1.264911064067352,1.0,0.001,1.0,1.0,128,300,3,3000,-1.0,0,0,0,0,0,0.0,1.0,0,10,3.2490788990307586,35.225006103515625,13.195691108703613,3000,dfa,mnist,div255,mlp,tanh,sigmoid_bce,gated,,,,,,,,,,,,,,,,,,,,,
0.6153811812400818,0.8520841002464294,10.244078951071025,0.6803405284881592,0.8673838376998901,12.663543840207256,0.7397050261497498,0.8733563423156738,12.57753645306252,0,1.2692182064056396,1.2734681677975987,base__muon,0,0,,,,,,,,,,,,,,,E4_cures/base__muon/seed0_fb0.csv,3,0.9292308688163756,0.6153811812400818,0.3541161119937897,0.9909001588821412,12.757408142089844,0.593165397644043,0.8987311124801636,0.6803405284881592,0.3507662415504455,0.9935280680656432,10.161163330078123,0.4755375385284424,0.8733563423156738,0.7397050261497498,0.3540035486221313,0.9948840141296388,8.370211601257324,0.3624123334884643,0.59326171875,0.8095703125,0.86572265625,0.9033203125,0.9033203125,3000,0.7975401282310486,0.7975401282310486,26.953168049917554,10.236181397056136,8.304448866303373,1.2692182064056396,1.264911064067352,1.0,0.001,1.0,1.0,128,300,3,3000,-1.0,0,0,1,0,0,0.0,1.0,0,10,3.2490788990307586,35.225006103515625,16.711050271987915,3000,dfa,mnist,div255,mlp,tanh,sigmoid_bce,none,,,,,,,,,,,,,,,,,,,,,
0.6076653003692627,0.8636047840118408,10.89993768929507,0.7046710848808289,0.851229190826416,12.552139885025523,0.7596815228462219,0.8214425444602966,15.406846072977002,0,1.3514316082000732,1.3506053870024384,base__muon,1,1,,,,,,,,,,,,,,,E4_cures/base__muon/seed1_fb1.csv,3,0.9264784455299376,0.6076653003692627,0.3873637318611145,0.9887229204177856,13.798158645629885,0.5976810455322266,0.8734156489372253,0.7046710848808289,0.3898089230060577,0.992600440979004,11.267420768737791,0.4963941574096679,0.8214425444602966,0.7596815228462219,0.387746512889862,0.9939010739326476,9.42509651184082,0.3659918308258056,0.50146484375,0.822265625,0.87255859375,0.904296875,0.904296875,3000,0.7467784881591797,0.7467784881591797,25.795081970600872,10.537464484814349,8.735378080908937,1.3514316082000732,1.264911064067352,1.0,0.001,1.0,1.0,128,300,3,3000,-1.0,0,0,1,0,0,0.0,1.0,0,10,3.2490788990307586,35.225006103515625,16.69257378578186,3000,dfa,mnist,div255,mlp,tanh,sigmoid_bce,none,,,,,,,,,,,,,,,,,,,,,
0.6276233196258545,0.8553309440612793,10.660228039935555,0.7069984674453735,0.8513306975364685,13.41793573835656,0.7459882497787476,0.8504014015197754,13.828984804325952,0,1.247653603553772,1.22977972160704,base__muon,2,2,,,,,,,,,,,,,,,E4_cures/base__muon/seed2_fb2.csv,3,0.9194089770317078,0.6276233196258545,0.4126372337341308,0.9858370423316956,15.55845069885254,0.5870811343193054,0.8857739567756653,0.7069984674453735,0.3982468843460083,0.9923094511032104,11.637540817260742,0.4805186986923218,0.8504014015197754,0.7459882497787476,0.3910796046257019,0.993703842163086,9.466567993164062,0.3836012184619903,0.5048828125,0.830078125,0.87060546875,0.900390625,0.900390625,3000,0.7628692984580994,0.7628692984580994,23.719888895426525,10.842361481867695,8.274976220576836,1.247653603553772,1.264911064067352,1.0,0.001,1.0,1.0,128,300,3,3000,-1.0,0,0,1,0,0,0.0,1.0,0,10,3.2490788990307586,35.225006103515625,16.512994289398193,3000,dfa,mnist,div255,mlp,tanh,sigmoid_bce,none,,,,,,,,,,,,,,,,,,,,,
0.894025981426239,0.7242494821548462,6.049121339708996,0.985094428062439,0.4069302082061767,11.819006799257505,0.9980725646018982,0.2263269871473312,14.0534719159783,310,1.2692182064056396,1.2055869975267264,base__none,0,0,90.0,310.0,520.0,430.0,0.12240998641304347,,,,,,,,,,E4_cures/base__none/seed0_fb0.csv,3,0.7242494821548462,0.894025981426239,0.3541161119937897,0.9909001588821412,12.757408142089844,0.6348215937614441,0.4069302082061767,0.985094428062439,0.3507662415504455,0.9935280680656432,10.161163330078123,0.522038459777832,0.2263269871473312,0.9980725646018982,0.3540035486221313,0.9948840141296388,8.370211601257324,0.3206211924552917,0.26953125,0.7802734375,0.85693359375,0.8994140625,0.8994140625,3000,0.7642165422439575,0.7642165422439575,26.953168049917554,10.236181397056136,8.304448866303373,1.2692182064056396,1.264911064067352,1.0,0.001,1.0,1.0,128,300,3,3000,-1.0,0,0,0,0,0,0.0,1.0,0,10,3.2490788990307586,35.225006103515625,14.493633508682251,3000,dfa,mnist,div255,mlp,tanh,sigmoid_bce,none,,,,,,,,,,,,,,,,,,,,,
0.9021816849708556,0.6914756894111633,6.2802761209420055,0.9889762997627258,0.3020907640457153,11.519414696752216,0.9989032745361328,0.1923276931047439,18.5263183818089,360,1.3514316082000732,1.445871314672747,base__none,1,1,100.0,270.0,590.0,490.0,0.08824327256944445,,,,,,,,,,E4_cures/base__none/seed1_fb1.csv,3,0.6914756894111633,0.9021816849708556,0.3873637318611145,0.9887229204177856,13.798158645629885,0.6187688112258911,0.3020907640457153,0.9889762997627258,0.3898089230060577,0.992600440979004,11.267420768737791,0.4999555945396423,0.1923276931047439,0.9989032745361328,0.387746512889862,0.9939010739326476,9.42509651184082,0.3144909143447876,0.17529296875,0.75244140625,0.845703125,0.8994140625,0.8994140625,3000,0.7381333708763123,0.7381333708763123,25.795081970600872,10.537464484814349,8.735378080908937,1.3514316082000732,1.264911064067352,1.0,0.001,1.0,1.0,128,300,3,3000,-1.0,0,0,0,0,0,0.0,1.0,0,10,3.2490788990307586,35.225006103515625,13.459083318710327,3000,dfa,mnist,div255,mlp,tanh,sigmoid_bce,none,,,,,,,,,,,,,,,,,,,,,
0.9032276272773744,0.7118026614189148,6.29257669752383,0.9876881837844848,0.3464583456516266,12.101274484293825,0.9982762932777404,0.2242631614208221,15.4016151386935,310,1.247653603553772,1.2040565680969142,base__none,2,2,100.0,240.0,500.0,400.0,0.0916015625,,,,,,,,,,E4_cures/base__none/seed2_fb2.csv,3,0.7118026614189148,0.9032276272773744,0.4126372337341308,0.9858370423316956,15.55845069885254,0.6208291053771973,0.3464583456516266,0.9876881837844848,0.3982468843460083,0.9923094511032104,11.637540817260742,0.5079580545425415,0.2242631614208221,0.9982762932777404,0.3910796046257019,0.993703842163086,9.466567993164062,0.3368300497531891,0.3076171875,0.73828125,0.849609375,0.90771484375,0.90771484375,3000,0.7375267744064331,0.7375267744064331,23.719888895426525,10.842361481867695,8.274976220576836,1.247653603553772,1.264911064067352,1.0,0.001,1.0,1.0,128,300,3,3000,-1.0,0,0,0,0,0,0.0,1.0,0,10,3.2490788990307586,35.225006103515625,13.429086685180664,3000,dfa,mnist,div255,mlp,tanh,sigmoid_bce,none,,,,,,,,,,,,,,,,,,,,,
0.7254881262779236,0.8898559212684631,1.9347116903404544,0.8412323594093323,0.8683238625526428,2.1561903405917544,0.91960209608078,0.8440855145454407,2.2475548985292493,60,1.2692182064056396,0.7742799266525586,base__outlr10,0,0,,,,,,,,,,,,,,,E4_cures/base__outlr10/seed0_fb0.csv,3,0.9193956851959229,0.7254881262779236,0.3541161119937897,0.9909001588821412,12.757408142089844,0.574917197227478,0.8764843344688416,0.8412323594093323,0.3507662415504455,0.9935280680656432,10.161163330078123,0.502129316329956,0.8440855145454407,0.91960209608078,0.3540035486221313,0.9948840141296388,8.370211601257324,0.4977312386035919,0.8046875,0.87939453125,0.8916015625,0.91162109375,0.91162109375,3000,0.6067522764205933,0.6057654619216919,2.6953168049917555,1.0236181397056137,0.8304448866303373,1.2692182064056396,1.264911064067352,1.0,0.001,10.0,1.0,128,300,3,3000,-1.0,0,0,0,0,0,0.0,1.0,0,10,3.2490788990307586,35.225006103515625,14.047088861465454,3000,dfa,mnist,div255,mlp,tanh,sigmoid_bce,none,,,,,,,,,,,,,,,,,,,,,
0.7349727749824524,0.9099273085594176,1.8470869271590116,0.8724134564399719,0.8439598083496094,1.815872767868804,0.9378601312637328,0.7829656004905701,2.328092644323659,90,1.3514316082000732,0.9203401015620783,base__outlr10,1,1,,,,,,,,,,,,,,,E4_cures/base__outlr10/seed1_fb1.csv,3,0.9154727458953856,0.7349727749824524,0.3873637318611145,0.9887229204177856,13.798158645629885,0.5660749077796936,0.8439598083496094,0.8724134564399719,0.3898089230060577,0.992600440979004,11.267420768737791,0.5033603310585022,0.7829656004905701,0.9378601312637328,0.387746512889862,0.9939010739326476,9.42509651184082,0.4932054877281189,0.81396484375,0.87548828125,0.89599609375,0.91552734375,0.91552734375,3000,0.5689308643341064,0.5669458508491516,2.579508197060087,1.0537464484814347,0.8735378080908937,1.3514316082000732,1.264911064067352,1.0,0.001,10.0,1.0,128,300,3,3000,-1.0,0,0,0,0,0,0.0,1.0,0,10,3.2490788990307586,35.225006103515625,13.473347902297974,3000,dfa,mnist,div255,mlp,tanh,sigmoid_bce,none,,,,,,,,,,,,,,,,,,,,,
0.7324819564819336,0.8938945531845093,1.9454059034668167,0.849495530128479,0.8719466328620911,2.1175018909566607,0.9180731177330016,0.8230535984039307,2.218065316439298,60,1.247653603553772,0.8007163222744369,base__outlr10,2,2,,,,,,,,,,,,,,,E4_cures/base__outlr10/seed2_fb2.csv,3,0.913754105567932,0.7324819564819336,0.4126372337341308,0.9858370423316956,15.55845069885254,0.5747495889663696,0.8732209801673889,0.849495530128479,0.3982468843460083,0.9923094511032104,11.637540817260742,0.4964564740657806,0.8230535984039307,0.9180731177330016,0.3910796046257019,0.993703842163086,9.466567993164062,0.4992620944976806,0.7900390625,0.8857421875,0.90185546875,0.9208984375,0.9208984375,3000,0.5578048825263977,0.5578048825263977,2.3719888895426524,1.0842361481867693,0.8274976220576835,1.247653603553772,1.264911064067352,1.0,0.001,10.0,1.0,128,300,3,3000,-1.0,0,0,0,0,0,0.0,1.0,0,10,3.2490788990307586,35.225006103515625,12.904609441757202,3000,dfa,mnist,div255,mlp,tanh,sigmoid_bce,none,,,,,,,,,,,,,,,,,,,,,
0.5814120769500732,0.8328860402107239,0.2311654547355539,0.3880596160888672,0.8612636923789978,0.7427704852609486,0.3622415363788605,0.8924824595451355,0.6007547349220089,0,0.0415895916521549,0.04624307192141759,base__priorbias,0,0,0.0,110.0,320.0,320.0,0.11104329427083333,,,,,,,,,,E4_cures/base__priorbias/seed0_fb0.csv,3,0.974346160888672,0.3870576620101928,0.3541161119937897,0.9909001588821412,12.757408142089844,0.6662523746490479,0.9627934098243712,0.3880596160888672,0.3507662415504455,0.9935280680656432,10.161163330078123,0.5442553758621216,0.9254024028778076,0.3622415363788605,0.3540035486221313,0.9948840141296388,8.370211601257324,0.3089735507965088,0.595703125,0.8330078125,0.87109375,0.9033203125,0.9033203125,3000,0.7424277067184448,0.7424277067184448,0.8831982138851537,0.3354179779587012,0.27211919550370495,0.0415895916521549,1.264911064067352,1.0,0.001,1.0,1.0,128,300,3,3000,0.1,0,0,0,0,0,0.0,1.0,0,10,3.2490788990307586,35.225006103515625,12.697198152542114,3000,dfa,mnist,div255,mlp,tanh,sigmoid_bce,none,,,,,,,,,,,,,,,,,,,,,
0.7308942079544067,0.8483404517173767,2.7036957209153734,0.8639369606971741,0.7818918228149414,3.6865663977622343,0.935681700706482,0.6921672224998474,4.0646696602964205,90,0.1067334040999412,0.12831066316130876,base__priorbias,1,1,150.0,220.0,330.0,180.0,0.12005615234375,,,,,,,,,,E4_cures/base__priorbias/seed1_fb1.csv,3,0.8869994282722473,0.7308942079544067,0.3873637318611145,0.9887229204177856,13.798158645629885,0.6612887978553772,0.7818918228149414,0.8639369606971741,0.3898089230060577,0.992600440979004,11.267420768737791,0.5417091250419617,0.6921672224998474,0.935681700706482,0.387746512889862,0.9939010739326476,9.42509651184082,0.30905681848526,0.52880859375,0.81787109375,0.85986328125,0.90087890625,0.90087890625,3000,0.7115218639373779,0.7115218639373779,2.0372447196393026,0.8322281706466953,0.6899029392373006,0.1067334040999412,1.264911064067352,1.0,0.001,1.0,1.0,128,300,3,3000,0.1,0,0,0,0,0,0.0,1.0,0,10,3.2490788990307586,35.225006103515625,12.621256828308105,3000,dfa,mnist,div255,mlp,tanh,sigmoid_bce,none,,,,,,,,,,,,,,,,,,,,,
0.5726544260978699,0.8293393850326538,0.6775911989683034,0.4397422075271606,0.8556540608406067,0.8043778014433113,0.4454432725906372,0.8954586386680603,0.6380329314542065,0,0.0941637977957725,0.09752500224795428,base__priorbias,2,2,20.0,130.0,280.0,260.0,0.0853271484375,,,,,,,,,,E4_cures/base__priorbias/seed2_fb2.csv,3,0.9774681329727172,0.449330061674118,0.4126372337341308,0.9858370423316956,15.55845069885254,0.6617339849472046,0.9738572239875792,0.4397422075271606,0.3982468843460083,0.9923094511032104,11.637540817260742,0.5348867774009705,0.9460355043411256,0.4454432725906372,0.3910796046257019,0.993703842163086,9.466567993164062,0.3262999951839447,0.55517578125,0.82568359375,0.8759765625,0.90673828125,0.90673828125,3000,0.7058500051498413,0.7058500051498413,1.790204280519172,0.8183023968345073,0.6245348752087666,0.0941637977957725,1.264911064067352,1.0,0.001,1.0,1.0,128,300,3,3000,0.1,0,0,0,0,0,0.0,1.0,0,10,3.2490788990307586,35.225006103515625,12.754641056060791,3000,dfa,mnist,div255,mlp,tanh,sigmoid_bce,none,,,,,,,,,,,,,,,,,,,,,
0.8444090485572815,0.6842122077941895,7.527113202325476,0.943475902080536,0.5169979333877563,5.971170859928853,0.9726796746253968,0.4614647030830383,7.3300573746314015,2790,1.2692182064056396,1.2712110530756662,base__whiten,0,0,290.0,710.0,1940.0,1650.0,0.10284565770348837,,,,,,,,,,E4_cures/base__whiten/seed0_fb0.csv,3,0.8863316178321838,0.7378888726234436,0.3541161119937897,0.9909001588821412,12.757408142089844,0.2223424911499023,0.8233041167259216,0.8714529275894165,0.3507662415504455,0.9935280680656432,10.161163330078123,0.154831975698471,0.7874165773391724,0.9376235008239746,0.3540035486221313,0.9948840141296388,8.370211601257324,0.1213211119174957,0.09912109375,0.28857421875,0.38916015625,0.6318359375,0.6318359375,3000,2.429391860961914,2.429391860961914,26.953168049917554,10.236181397056136,8.304448866303373,1.2692182064056396,1.264911064067352,1.0,0.001,1.0,1.0,128,300,3,3000,-1.0,0,0,0,1,0,0.0,1.0,0,10,3.2490788990307586,35.225006103515625,22.463452100753784,3000,dfa,mnist,div255,mlp,tanh,sigmoid_bce,none,,,,,,,,,,,,,,,,,,,,,
0.8308194875717163,0.6872937083244324,7.362413679572108,0.9380144476890564,0.5442212820053101,6.027228039291668,0.9720731973648072,0.4349208474159241,6.949576570621704,2680,1.3514316082000732,1.310444535948284,base__whiten,1,1,330.0,600.0,1810.0,1480.0,0.10334123883928571,,,,,,,,,,E4_cures/base__whiten/seed1_fb1.csv,3,0.8834254145622253,0.731381893157959,0.3873637318611145,0.9887229204177856,13.798158645629885,0.2061595469713211,0.8479341864585876,0.8481539487838745,0.3898089230060577,0.992600440979004,11.267420768737791,0.1601140946149826,0.8105502724647522,0.9261661171913148,0.387746512889862,0.9939010739326476,9.42509651184082,0.1004188507795333,0.08154296875,0.16259765625,0.27783203125,0.54931640625,0.54931640625,3000,2.338588237762451,2.338588237762451,25.795081970600872,10.537464484814349,8.735378080908937,1.3514316082000732,1.264911064067352,1.0,0.001,1.0,1.0,128,300,3,3000,-1.0,0,0,0,1,0,0.0,1.0,0,10,3.2490788990307586,35.225006103515625,24.44872212409973,3000,dfa,mnist,div255,mlp,tanh,sigmoid_bce,none,,,,,,,,,,,,,,,,,,,,,
0.8296051621437073,0.6747962236404419,6.2052977890585295,0.9466419219970704,0.4865038096904754,5.493075139858688,0.9745476841926576,0.448578417301178,6.34904217182574,2810,1.247653603553772,1.2444594921166823,base__whiten,2,2,250.0,360.0,1920.0,1670.0,0.13321940104166666,,,,,,,,,,E4_cures/base__whiten/seed2_fb2.csv,3,0.8636904954910278,0.7423216700553894,0.4126372337341308,0.9858370423316956,15.55845069885254,0.1877087205648422,0.7949355840682983,0.8823105692863464,0.3982468843460083,0.9923094511032104,11.637540817260742,0.1471448689699173,0.7402129769325256,0.9435967206954956,0.3910796046257019,0.993703842163086,9.466567993164062,0.1217645555734634,0.203125,0.2421875,0.39306640625,0.56396484375,0.56396484375,3000,2.4233241081237797,2.4233241081237797,23.719888895426525,10.842361481867695,8.274976220576836,1.247653603553772,1.264911064067352,1.0,0.001,1.0,1.0,128,300,3,3000,-1.0,0,0,0,1,0,0.0,1.0,0,10,3.2490788990307586,35.225006103515625,25.03477907180786,3000,dfa,mnist,div255,mlp,tanh,sigmoid_bce,none,,,,,,,,,,,,,,,,,,,,,
0.7969850301742554,0.7206703424453735,6.261220069125902,0.92452073097229,0.5219392776489258,5.463494617534885,0.9560832381248474,0.4846799671649933,7.543382505588687,1100,1.2692182064056396,1.2707687228451712,base__whiten_lam0.3,0,0,270.0,550.0,1240.0,970.0,0.10765759698275862,,,,,,,,,,E4_cures/base__whiten_lam0.3/seed0_fb0.csv,3,0.8636239171028137,0.7433524131774902,0.3541161119937897,0.9909001588821412,12.757408142089844,0.3179792761802673,0.7597914338111877,0.8918104767799377,0.3507662415504455,0.9935280680656432,10.161163330078123,0.2612075507640838,0.742855429649353,0.9392557740211488,0.3540035486221313,0.9948840141296388,8.370211601257324,0.1812289953231811,0.140625,0.39404296875,0.52392578125,0.7099609375,0.7099609375,3000,1.7874735593795776,1.7874735593795776,26.953168049917554,10.236181397056136,8.304448866303373,1.2692182064056396,1.264911064067352,1.0,0.001,1.0,1.0,128,300,3,3000,-1.0,0,0,0,1,0,0.0,1.0,0,10,3.2490788990307586,35.225006103515625,23.104031324386597,3000,dfa,mnist,div255,mlp,tanh,sigmoid_bce,none,,,,,,,,,,,,,,,,,,,,,
0.779413640499115,0.7279287576675415,7.2221060498852285,0.8980934023857117,0.5857257843017578,6.294355068628231,0.9465426802635192,0.5001872777938843,8.20739004967175,1010,1.3514316082000732,1.3132520263822067,base__whiten_lam0.3,1,1,280.0,380.0,1090.0,810.0,0.13716264204545456,,,,,,,,,,E4_cures/base__whiten_lam0.3/seed1_fb1.csv,3,0.892250657081604,0.7242721915245056,0.3873637318611145,0.9887229204177856,13.798158645629885,0.316079318523407,0.8302669525146484,0.8663414716720581,0.3898089230060577,0.992600440979004,11.267420768737791,0.2367642223834991,0.7293752431869507,0.945021152496338,0.387746512889862,0.9939010739326476,9.42509651184082,0.1623350381851196,0.193359375,0.36865234375,0.466796875,0.7099609375,0.7099609375,3000,1.744351148605347,1.744351148605347,25.795081970600872,10.537464484814349,8.735378080908937,1.3514316082000732,1.264911064067352,1.0,0.001,1.0,1.0,128,300,3,3000,-1.0,0,0,0,1,0,0.0,1.0,0,10,3.2490788990307586,35.225006103515625,26.099661350250244,3000,dfa,mnist,div255,mlp,tanh,sigmoid_bce,none,,,,,,,,,,,,,,,,,,,,,
0.7946052551269531,0.7104029059410095,6.401018867331258,0.9183682799339294,0.5350454449653625,6.446830811765172,0.955777645111084,0.4976321458816528,8.105387403608091,1140,1.247653603553772,1.2442577308124474,base__whiten_lam0.3,2,2,240.0,300.0,1120.0,880.0,0.14739118303571427,,,,,,,,,,E4_cures/base__whiten_lam0.3/seed2_fb2.csv,3,0.8609173893928528,0.764137327671051,0.4126372337341308,0.9858370423316956,15.55845069885254,0.3201274275779724,0.772643506526947,0.8964418768882751,0.3982468843460083,0.9923094511032104,11.637540817260742,0.2381523251533508,0.7126129269599915,0.9528792500495912,0.3910796046257019,0.993703842163086,9.466567993164062,0.1852240562438964,0.294921875,0.30712890625,0.4716796875,0.7177734375,0.7177734375,3000,1.7396416664123535,1.7396416664123535,23.719888895426525,10.842361481867695,8.274976220576836,1.247653603553772,1.264911064067352,1.0,0.001,1.0,1.0,128,300,3,3000,-1.0,0,0,0,1,0,0.0,1.0,0,10,3.2490788990307586,35.225006103515625,22.738104581832886,3000,dfa,mnist,div255,mlp,tanh,sigmoid_bce,none,,,,,,,,,,,,,,,,,,,,,
0.7302787899971008,0.7518706917762756,6.120476779530192,0.8774999380111694,0.5980478525161743,6.687367259046582,0.9499114155769348,0.5183454751968384,9.139459623227932,370,1.2692182064056396,1.2703734853670048,base__whiten_lam1.0,0,0,210.0,480.0,700.0,490.0,0.10123116629464286,,,,,,,,,,E4_cures/base__whiten_lam1.0/seed0_fb0.csv,3,0.8675928115844727,0.7302787899971008,0.3541161119937897,0.9909001588821412,12.757408142089844,0.397179514169693,0.7449677586555481,0.8774999380111694,0.3507662415504455,0.9935280680656432,10.161163330078123,0.3322628438472748,0.6632229089736938,0.9499114155769348,0.3540035486221313,0.9948840141296388,8.370211601257324,0.2347026914358139,0.134765625,0.56787109375,0.67431640625,0.8251953125,0.8251953125,3000,1.3047189712524414,1.3047189712524414,26.953168049917554,10.236181397056136,8.304448866303373,1.2692182064056396,1.264911064067352,1.0,0.001,1.0,1.0,128,300,3,3000,-1.0,0,0,0,1,0,0.0,1.0,0,10,3.2490788990307586,35.225006103515625,21.528650999069214,3000,dfa,mnist,div255,mlp,tanh,sigmoid_bce,none,,,,,,,,,,,,,,,,,,,,,
0.7060867547988892,0.771690845489502,7.734209898345132,0.8572035431861877,0.6137403249740601,7.752228470329794,0.9386664628982544,0.5613998174667358,10.777354917103528,300,1.3514316082000732,1.317975733849784,base__whiten_lam1.0,1,1,270.0,440.0,650.0,380.0,0.08338758680555555,,,,,,,,,,E4_cures/base__whiten_lam1.0/seed1_fb1.csv,3,0.8923990726470947,0.7034663558006287,0.3873637318611145,0.9887229204177856,13.798158645629885,0.4178266823291778,0.7974755167961121,0.8572035431861877,0.3898089230060577,0.992600440979004,11.267420768737791,0.3521786630153656,0.6859422326087952,0.9386664628982544,0.387746512889862,0.9939010739326476,9.42509651184082,0.2360109537839889,0.17333984375,0.54345703125,0.66845703125,0.81884765625,0.81884765625,3000,1.2196431159973145,1.2196431159973145,25.795081970600872,10.537464484814349,8.735378080908937,1.3514316082000732,1.264911064067352,1.0,0.001,1.0,1.0,128,300,3,3000,-1.0,0,0,0,1,0,0.0,1.0,0,10,3.2490788990307586,35.225006103515625,28.06993055343628,3000,dfa,mnist,div255,mlp,tanh,sigmoid_bce,none,,,,,,,,,,,,,,,,,,,,,
0.7421120405197144,0.7346205115318298,6.642820674262725,0.8818275928497314,0.5765016674995422,7.747075494697911,0.9480860233306884,0.5313520431518555,9.948440724077749,370,1.247653603553772,1.2426602091890995,base__whiten_lam1.0,2,2,200.0,390.0,680.0,480.0,0.1306884765625,,,,,,,,,,E4_cures/base__whiten_lam1.0/seed2_fb2.csv,3,0.8643494844436646,0.740835428237915,0.4126372337341308,0.9858370423316956,15.55845069885254,0.4094164669513702,0.7572126984596252,0.8818275928497314,0.3982468843460083,0.9923094511032104,11.637540817260742,0.321183830499649,0.6627200841903687,0.9480860233306884,0.3910796046257019,0.993703842163086,9.466567993164062,0.2373866140842437,0.24609375,0.49462890625,0.6552734375,0.8134765625,0.8134765625,3000,1.296403169631958,1.296403169631958,23.719888895426525,10.842361481867695,8.274976220576836,1.247653603553772,1.264911064067352,1.0,0.001,1.0,1.0,128,300,3,3000,-1.0,0,0,0,1,0,0.0,1.0,0,10,3.2490788990307586,35.225006103515625,21.815448760986328,3000,dfa,mnist,div255,mlp,tanh,sigmoid_bce,none,,,,,,,,,,,,,,,,,,,,,
0.7378458380699158,0.817574679851532,8.417943716365993,0.8746863603591919,0.7724542617797852,11.471811077666136,0.9461261630058287,0.6999862194061279,13.446753594358112,100,1.2692182064056396,1.2752950920446746,base__whiten_lam10.0,0,0,180.0,230.0,400.0,220.0,0.10978190104166667,,,,,,,,,,E4_cures/base__whiten_lam10.0/seed0_fb0.csv,3,0.8835760951042175,0.7378458380699158,0.3541161119937897,0.9909001588821412,12.757408142089844,0.6020352244377136,0.79200279712677,0.8746863603591919,0.3507662415504455,0.9935280680656432,10.161163330078123,0.5038403272628784,0.6999862194061279,0.9461261630058287,0.3540035486221313,0.9948840141296388,8.370211601257324,0.3161792457103729,0.439453125,0.77392578125,0.8447265625,0.8857421875,0.8857421875,3000,0.8022104501724243,0.8022104501724243,26.953168049917554,10.236181397056136,8.304448866303373,1.2692182064056396,1.264911064067352,1.0,0.001,1.0,1.0,128,300,3,3000,-1.0,0,0,0,1,0,0.0,1.0,0,10,3.2490788990307586,35.225006103515625,26.676372051239014,3000,dfa,mnist,div255,mlp,tanh,sigmoid_bce,none,,,,,,,,,,,,,,,,,,,,,
0.7463997006416321,0.8331676125526428,8.909847574306072,0.9013918042182922,0.7374802231788635,11.75185544983268,0.9657521843910216,0.6232910752296448,16.54055726093865,140,1.3514316082000732,1.3498193689257532,base__whiten_lam10.0,1,1,,,,,,,,,,,,,,,E4_cures/base__whiten_lam10.0/seed1_fb1.csv,3,0.8737983107566833,0.7463997006416321,0.3873637318611145,0.9887229204177856,13.798158645629885,0.5666943192481995,0.7527186870574951,0.9013918042182922,0.3898089230060577,0.992600440979004,11.267420768737791,0.4806084930896759,0.6232910752296448,0.9657521843910216,0.387746512889862,0.9939010739326476,9.42509651184082,0.3114094138145447,0.3701171875,0.79296875,0.84912109375,0.89453125,0.89453125,3000,0.781103253364563,0.781103253364563,25.795081970600872,10.537464484814349,8.735378080908937,1.3514316082000732,1.264911064067352,1.0,0.001,1.0,1.0,128,300,3,3000,-1.0,0,0,0,1,0,0.0,1.0,0,10,3.2490788990307586,35.225006103515625,22.15310788154602,3000,dfa,mnist,div255,mlp,tanh,sigmoid_bce,none,,,,,,,,,,,,,,,,,,,,,
0.7514301538467407,0.7928319573402405,8.591995121034177,0.8948721289634705,0.7410615682601929,12.637746104974523,0.9611669778823853,0.6584864854812622,14.909630700545453,120,1.247653603553772,1.2334201805882092,base__whiten_lam10.0,2,2,,,,,,,,,,,,,,,E4_cures/base__whiten_lam10.0/seed2_fb2.csv,3,0.8549509048461914,0.7514301538467407,0.4126372337341308,0.9858370423316956,15.55845069885254,0.5584705471992493,0.7591086030006409,0.8948721289634705,0.3982468843460083,0.9923094511032104,11.637540817260742,0.4714653491973877,0.6584864854812622,0.9611669778823853,0.3910796046257019,0.993703842163086,9.466567993164062,0.3244692683219909,0.490234375,0.74072265625,0.8046875,0.8984375,0.8984375,3000,0.7994881272315979,0.7994881272315979,23.719888895426525,10.842361481867695,8.274976220576836,1.247653603553772,1.264911064067352,1.0,0.001,1.0,1.0,128,300,3,3000,-1.0,0,0,0,1,0,0.0,1.0,0,10,3.2490788990307586,35.225006103515625,22.379569053649902,3000,dfa,mnist,div255,mlp,tanh,sigmoid_bce,none,,,,,,,,,,,,,,,,,,,,,
0.6907416582107544,0.8259873390197754,7.479021961259294,0.8500417470932007,0.7057137489318848,8.224518129677428,0.9265815019607544,0.65370112657547,11.47084519380052,110,1.2692182064056396,1.2726647139066516,base__whiten_lam3.0,0,0,,,,,,,,,,,,,,,E4_cures/base__whiten_lam3.0/seed0_fb0.csv,3,0.8902784585952759,0.6907416582107544,0.3541161119937897,0.9909001588821412,12.757408142089844,0.5025083422660828,0.7708010673522949,0.8500417470932007,0.3507662415504455,0.9935280680656432,10.161163330078123,0.4216796457767486,0.6926858425140381,0.9265815019607544,0.3540035486221313,0.9948840141296388,8.370211601257324,0.2758134603500366,0.380859375,0.70166015625,0.765625,0.86669921875,0.86669921875,3000,0.959210991859436,0.959210991859436,26.953168049917554,10.236181397056136,8.304448866303373,1.2692182064056396,1.264911064067352,1.0,0.001,1.0,1.0,128,300,3,3000,-1.0,0,0,0,1,0,0.0,1.0,0,10,3.2490788990307586,35.225006103515625,23.150168418884277,3000,dfa,mnist,div255,mlp,tanh,sigmoid_bce,none,,,,,,,,,,,,,,,,,,,,,
0.6862106919288635,0.8240337371826172,8.875990263670662,0.8304349184036255,0.6966174244880676,9.681151577343734,0.9241461753845216,0.66339510679245,12.971657688602113,90,1.3514316082000732,1.3292866189248336,base__whiten_lam3.0,1,1,260.0,330.0,450.0,190.0,0.1077880859375,,,,,,,,,,E4_cures/base__whiten_lam3.0/seed1_fb1.csv,3,0.8942318558692932,0.6862106919288635,0.3873637318611145,0.9887229204177856,13.798158645629885,0.4840198755264282,0.8111950159072876,0.8304349184036255,0.3898089230060577,0.992600440979004,11.267420768737791,0.4228091239929199,0.7101830840110779,0.9241461753845216,0.387746512889862,0.9939010739326476,9.42509651184082,0.2881127893924713,0.2802734375,0.67578125,0.78759765625,0.861328125,0.861328125,3000,0.9540607333183287,0.9540607333183287,25.795081970600872,10.537464484814349,8.735378080908937,1.3514316082000732,1.264911064067352,1.0,0.001,1.0,1.0,128,300,3,3000,-1.0,0,0,0,1,0,0.0,1.0,0,10,3.2490788990307586,35.225006103515625,23.509197235107422,3000,dfa,mnist,div255,mlp,tanh,sigmoid_bce,none,,,,,,,,,,,,,,,,,,,,,
0.7091019153594971,0.7980145812034607,7.616349127267975,0.8633087277412415,0.6782967448234558,8.763453900208551,0.9454769492149352,0.628449022769928,11.172406921254792,130,1.247653603553772,1.2393189048122155,base__whiten_lam3.0,2,2,,,,,,,,,,,,,,,E4_cures/base__whiten_lam3.0/seed2_fb2.csv,3,0.8782073259353638,0.7091019153594971,0.4126372337341308,0.9858370423316956,15.55845069885254,0.5013420581817627,0.7880955338478088,0.8633087277412415,0.3982468843460083,0.9923094511032104,11.637540817260742,0.4113961458206177,0.6874983310699463,0.9454769492149352,0.3910796046257019,0.993703842163086,9.466567993164062,0.2873812913894653,0.345703125,0.681640625,0.7626953125,0.87060546875,0.87060546875,3000,0.9592508673667908,0.9592508673667908,23.719888895426525,10.842361481867695,8.274976220576836,1.247653603553772,1.264911064067352,1.0,0.001,1.0,1.0,128,300,3,3000,-1.0,0,0,0,1,0,0.0,1.0,0,10,3.2490788990307586,35.225006103515625,27.77959680557251,3000,dfa,mnist,div255,mlp,tanh,sigmoid_bce,none,,,,,,,,,,,,,,,,,,,,,
0.574296236038208,0.8937934637069702,7.667075205361279,0.6984631419181824,0.737873911857605,104.76292862383885,0.7307156324386597,0.4601781666278839,130.76468423433556,0,1.2574265003204346,1.3066860043653872,cnn__center_delta,0,0,,,,,,,,,,,,,,,E4_cures/cnn__center_delta/seed0_fb0.csv,3,0.9413387775421144,0.5594467520713806,0.4050407409667969,0.998178482055664,59.3372802734375,,0.8139775395393372,0.6984631419181824,0.4101015329360962,0.999281883239746,18.055389404296875,,0.5560559630393982,0.7307156324386597,0.4195513427257538,0.9996638298034668,0.7305046916007996,,0.376953125,0.67138671875,0.72998046875,,0.72998046875,1500,1.9495878219604488,1.9495878219604488,144.58816700467625,240.82968355765362,76.05751169936242,1.2574265003204346,1.264911064067352,1.0,0.001,1.0,1.0,128,300,3,1500,-1.0,0,0,0,0,0,0.0,1.0,0,10,3.2490788990307586,35.225006103515625,7.816356420516968,1500,dfa,mnist,div255,cnn,tanh,sigmoid_bce,delta,,,,,,,,,,,,,,,,,,,,,
0.5574524998664856,0.908996284008026,10.188129243319237,0.6624906063079834,0.7607210278511047,123.23467133385635,0.6826733350753784,0.5221682786941528,146.00217894555647,0,1.294652223587036,1.350453275271667,cnn__center_delta,1,1,,,,,,,,,,,,,,,E4_cures/cnn__center_delta/seed1_fb1.csv,3,0.9458287358283995,0.55229651927948,0.3427505493164062,0.9995183944702148,27.02548217773437,,0.8422212600708008,0.6602622866630554,0.3694139719009399,0.9998496770858764,8.981473922729492,,0.5936634540557861,0.6826733350753784,0.4111493825912475,0.9999010562896729,0.4139966368675232,,0.29541015625,0.75830078125,0.83740234375,,0.83740234375,1500,1.8306316137313845,1.8306316137313845,182.19131450930294,140.95234168153615,50.201174556763604,1.294652223587036,1.264911064067352,1.0,0.001,1.0,1.0,128,300,3,1500,-1.0,0,0,0,0,0,0.0,1.0,0,10,3.2490788990307586,35.225006103515625,7.067757606506348,1500,dfa,mnist,div255,cnn,tanh,sigmoid_bce,delta,,,,,,,,,,,,,,,,,,,,,
0.5529224872589111,0.905098557472229,8.10746113917989,0.641035258769989,0.759731113910675,124.57658253666956,0.6912060976028442,0.5109995007514954,142.42741979612748,0,1.2303248643875122,1.2447056773172949,cnn__center_delta,2,2,,,,,,,,,,,,,,,E4_cures/cnn__center_delta/seed2_fb2.csv,3,0.9491510391235352,0.5480418801307678,0.3942291736602783,0.9976626634597778,68.11146545410156,,0.8417019844055176,0.641035258769989,0.4301620423793793,0.9989073872566224,24.722881317138672,,0.5922359228134155,0.6912060976028442,0.4631057977676391,0.9991185069084167,1.095656156539917,,0.40478515625,0.70556640625,0.80126953125,,0.80126953125,1500,1.866755723953247,1.866755723953247,116.82147830627858,222.87652731348737,82.95333376005867,1.2303248643875122,1.264911064067352,1.0,0.001,1.0,1.0,128,300,3,1500,-1.0,0,0,0,0,0,0.0,1.0,0,10,3.2490788990307586,35.225006103515625,6.760030031204224,1500,dfa,mnist,div255,cnn,tanh,sigmoid_bce,delta,,,,,,,,,,,,,,,,,,,,,
0.4976402819156647,0.9382275938987732,37.18188647013037,0.5764389634132385,0.4977602362632751,619.4213006901593,0.4840227663516998,0.9012362957000732,1326.2676849797408,0,1.2574265003204346,1.3090913226749599,cnn__center_e,0,0,,,,,,,,,,,,,,,E4_cures/cnn__center_e/seed0_fb0.csv,3,0.9754135012626648,0.4495291113853454,0.4050407409667969,0.998178482055664,59.3372802734375,,0.8027889132499695,0.5038973093032837,0.4101015329360962,0.999281883239746,18.055389404296875,,0.9262751936912536,0.4840227663516998,0.4195513427257538,0.9996638298034668,0.7305046916007996,,0.62158203125,0.8603515625,0.896484375,,0.896484375,1500,1.6327242851257324,1.6309425830841064,144.58816700467625,240.82968355765362,76.05751169936242,1.2574265003204346,1.264911064067352,1.0,0.001,1.0,1.0,128,300,3,1500,-1.0,0,0,0,0,0,0.0,1.0,0,10,3.2490788990307586,35.225006103515625,5.194504737854004,1500,dfa,mnist,div255,cnn,tanh,sigmoid_bce,e,,,,,,,,,,,,,,,,,,,,,
0.4991967380046844,0.91843444108963,37.023589050349,0.5866641998291016,0.5221906900405884,609.5418849271884,0.4505928754806518,0.9238954782485962,1399.8817367959784,0,1.294652223587036,1.353947890557268,cnn__center_e,1,1,,,,,,,,,,,,,,,E4_cures/cnn__center_e/seed1_fb1.csv,3,0.9709953665733336,0.4408372342586517,0.3427505493164062,0.9995183944702148,27.02548217773437,,0.8113638758659363,0.518964946269989,0.3694139719009399,0.9998496770858764,8.981473922729492,,0.93911874294281,0.4505928754806518,0.4111493825912475,0.9999010562896729,0.4139966368675232,,0.658203125,0.890625,0.91162109375,,0.91162109375,1500,1.753967046737671,1.749399185180664,182.19131450930294,140.95234168153615,50.201174556763604,1.294652223587036,1.264911064067352,1.0,0.001,1.0,1.0,128,300,3,1500,-1.0,0,0,0,0,0,0.0,1.0,0,10,3.2490788990307586,35.225006103515625,7.424194812774658,1500,dfa,mnist,div255,cnn,tanh,sigmoid_bce,e,,,,,,,,,,,,,,,,,,,,,
0.5395419597625732,0.8516080975532532,40.66526871296529,0.5938167572021484,0.4080221951007843,1286.467108535574,0.4864279627799988,0.9265755414962769,2042.47262335112,0,1.2303248643875122,1.244922564306453,cnn__center_e,2,2,,,,,,,,,,,,,,,E4_cures/cnn__center_e/seed2_fb2.csv,3,0.9581239223480223,0.4440011978149414,0.3942291736602783,0.9976626634597778,68.11146545410156,,0.6558136343955994,0.542986273765564,0.4301620423793793,0.9989073872566224,24.722881317138672,,0.9265755414962769,0.4864279627799988,0.4631057977676391,0.9991185069084167,1.095656156539917,,0.59814453125,0.859375,0.904296875,,0.904296875,1500,2.011746406555176,2.011746406555176,116.82147830627858,222.87652731348737,82.95333376005867,1.2303248643875122,1.264911064067352,1.0,0.001,1.0,1.0,128,300,3,1500,-1.0,0,0,0,0,0,0.0,1.0,0,10,3.2490788990307586,35.225006103515625,4.952850341796875,1500,dfa,mnist,div255,cnn,tanh,sigmoid_bce,e,,,,,,,,,,,,,,,,,,,,,
0.4976402819156647,0.9382275938987732,37.1818892658215,0.576438844203949,0.4977601766586303,619.4213954365318,0.4840227663516998,0.901236355304718,1326.2673789329192,0,1.2574265003204346,1.3090913226749599,cnn__gated,0,0,,,,,,,,,,,,,,,E4_cures/cnn__gated/seed0_fb0.csv,3,0.9754135012626648,0.4495291113853454,0.4050407409667969,0.998178482055664,59.3372802734375,,0.8027887344360352,0.5038972496986389,0.4101015329360962,0.999281883239746,18.055389404296875,,0.9262752532958984,0.4840227663516998,0.4195513427257538,0.9996638298034668,0.7305046916007996,,0.62158203125,0.8603515625,0.896484375,,0.896484375,1500,1.6327242851257324,1.6309428215026855,144.58816700467625,240.82968355765362,76.05751169936242,1.2574265003204346,1.264911064067352,1.0,0.001,1.0,1.0,128,300,3,1500,-1.0,0,0,0,0,0,0.0,1.0,0,10,3.2490788990307586,35.225006103515625,10.400715112686157,1500,dfa,mnist,div255,cnn,tanh,sigmoid_bce,gated,,,,,,,,,,,,,,,,,,,,,
0.499196857213974,0.9184342622756958,37.02358973808259,0.5866642594337463,0.5221907496452332,609.541985904922,0.4505928456783294,0.9238956570625304,1399.8820495058656,0,1.294652223587036,1.353947890557268,cnn__gated,1,1,,,,,,,,,,,,,,,E4_cures/cnn__gated/seed1_fb1.csv,3,0.9709953665733336,0.4408372342586517,0.3427505493164062,0.9995183944702148,27.02548217773437,,0.8113638162612915,0.518964946269989,0.3694139719009399,0.9998496770858764,8.981473922729492,,0.9391186237335204,0.4505928456783294,0.4111493825912475,0.9999010562896729,0.4139966368675232,,0.658203125,0.890625,0.91162109375,,0.91162109375,1500,1.753967046737671,1.7493990659713743,182.19131450930294,140.95234168153615,50.201174556763604,1.294652223587036,1.264911064067352,1.0,0.001,1.0,1.0,128,300,3,1500,-1.0,0,0,0,0,0,0.0,1.0,0,10,3.2490788990307586,35.225006103515625,9.924637079238892,1500,dfa,mnist,div255,cnn,tanh,sigmoid_bce,gated,,,,,,,,,,,,,,,,,,,,,
0.5395419597625732,0.8516079783439636,40.66526978975987,0.5938167572021484,0.4080219864845276,1286.4672376239218,0.486427903175354,0.9265756011009216,2042.473020506586,0,1.2303248643875122,1.244922564306453,cnn__gated,2,2,,,,,,,,,,,,,,,E4_cures/cnn__gated/seed2_fb2.csv,3,0.9581239223480223,0.4440011978149414,0.3942291736602783,0.9976626634597778,68.11146545410156,,0.6558135151863098,0.5429863333702087,0.4301620423793793,0.9989073872566224,24.722881317138672,,0.9265756011009216,0.486427903175354,0.4631057977676391,0.9991185069084167,1.095656156539917,,0.59814453125,0.859375,0.904296875,,0.904296875,1500,2.011747360229492,2.011747360229492,116.82147830627858,222.87652731348737,82.95333376005867,1.2303248643875122,1.264911064067352,1.0,0.001,1.0,1.0,128,300,3,1500,-1.0,0,0,0,0,0,0.0,1.0,0,10,3.2490788990307586,35.225006103515625,6.837576150894165,1500,dfa,mnist,div255,cnn,tanh,sigmoid_bce,gated,,,,,,,,,,,,,,,,,,,,,
0.979682683944702,0.3252618312835693,5.25804174117865,0.9953823685646056,0.129442349076271,885.2249840715357,0.99996817111969,0.0090826014056801,678.0632862894295,500,1.2574265003204346,1.6515924436301845,cnn__none,0,0,210.0,350.0,770.0,560.0,0.10491536458333334,,,,,,,,,,E4_cures/cnn__none/seed0_fb0.csv,3,0.4040539860725403,0.979682683944702,0.4050407409667969,0.998178482055664,59.3372802734375,,0.1319727450609207,0.9953823685646056,0.4101015329360962,0.999281883239746,18.055389404296875,,0.0090826014056801,0.99996817111969,0.4195513427257538,0.9996638298034668,0.7305046916007996,,0.177734375,0.5625,0.78955078125,,0.78955078125,1500,1.953798770904541,1.953798770904541,144.58816700467625,240.82968355765362,76.05751169936242,1.2574265003204346,1.264911064067352,1.0,0.001,1.0,1.0,128,300,3,1500,-1.0,0,0,0,0,0,0.0,1.0,0,10,3.2490788990307586,35.225006103515625,7.98430871963501,1500,dfa,mnist,div255,cnn,tanh,sigmoid_bce,none,,,,,,,,,,,,,,,,,,,,,
0.958547055721283,0.4455749094486236,5.786633205085461,0.993411421775818,0.1499707251787185,850.219133260283,0.9998632669448853,0.0265289116650819,692.809535232216,310,1.294652223587036,1.189022177576083,cnn__none,1,1,,,,,,,,,,,,,,,E4_cures/cnn__none/seed1_fb1.csv,3,0.5424765944480896,0.958547055721283,0.3427505493164062,0.9995183944702148,27.02548217773437,,0.1499707251787185,0.993411421775818,0.3694139719009399,0.9998496770858764,8.981473922729492,,0.0265289116650819,0.9998632669448853,0.4111493825912475,0.9999010562896729,0.4139966368675232,,0.22216796875,0.63916015625,0.8662109375,,0.8662109375,1500,1.6882085800170898,1.6882085800170898,182.19131450930294,140.95234168153615,50.201174556763604,1.294652223587036,1.264911064067352,1.0,0.001,1.0,1.0,128,300,3,1500,-1.0,0,0,0,0,0,0.0,1.0,0,10,3.2490788990307586,35.225006103515625,6.825117826461792,1500,dfa,mnist,div255,cnn,tanh,sigmoid_bce,none,,,,,,,,,,,,,,,,,,,,,
0.9155853986740112,0.4696477949619293,6.077621878730014,0.9798609614372252,0.1791398823261261,936.5157118427932,0.9990542531013488,0.028780560940504,710.9516841903513,260,1.2303248643875122,1.4413004296802487,cnn__none,2,2,,,,,,,,,,,,,,,E4_cures/cnn__none/seed2_fb2.csv,3,0.4913923442363739,0.9155853986740112,0.3942291736602783,0.9976626634597778,68.11146545410156,,0.1823519170284271,0.9798609614372252,0.4301620423793793,0.9989073872566224,24.722881317138672,,0.028780560940504,0.9990542531013488,0.4631057977676391,0.9991185069084167,1.095656156539917,,0.30126953125,0.7236328125,0.865234375,,0.865234375,1500,1.5754249095916748,1.5754249095916748,116.82147830627858,222.87652731348737,82.95333376005867,1.2303248643875122,1.264911064067352,1.0,0.001,1.0,1.0,128,300,3,1500,-1.0,0,0,0,0,0,0.0,1.0,0,10,3.2490788990307586,35.225006103515625,6.753231048583984,1500,dfa,mnist,div255,cnn,tanh,sigmoid_bce,none,,,,,,,,,,,,,,,,,,,,,
0.9523205757141112,0.773751437664032,1.2702292085513058,0.996651828289032,0.398878663778305,71.74909059198406,0.9999372363090516,0.0457151010632514,86.74200941591995,230,1.2574265003204346,0.5892110245974999,cnn__outlr10,0,0,60.0,160.0,250.0,190.0,0.10102982954545454,,,,,,,,,,E4_cures/cnn__outlr10/seed0_fb0.csv,3,0.8922815322875977,0.9523205757141112,0.4050407409667969,0.998178482055664,59.3372802734375,,0.4727148115634918,0.996651828289032,0.4101015329360962,0.999281883239746,18.055389404296875,,0.0457151010632514,0.9999372363090516,0.4195513427257538,0.9996638298034668,0.7305046916007996,,0.826171875,0.9111328125,0.91748046875,,0.91748046875,1500,0.6375844478607178,0.6375844478607178,14.458816700467624,24.082968355765363,7.605751169936243,1.2574265003204346,1.264911064067352,1.0,0.001,10.0,1.0,128,300,3,1500,-1.0,0,0,0,0,0,0.0,1.0,0,10,3.2490788990307586,35.225006103515625,4.992572546005249,1500,dfa,mnist,div255,cnn,tanh,sigmoid_bce,none,,,,,,,,,,,,,,,,,,,,,
0.925853967666626,0.789835512638092,1.3487632120866409,0.9918086528778076,0.4127864241600036,65.48132081835686,0.9996125102043152,0.0822342559695243,86.02883885619666,160,1.294652223587036,0.43864679367937964,cnn__outlr10,1,1,40.0,90.0,210.0,170.0,0.108154296875,,,,,,,,,,E4_cures/cnn__outlr10/seed1_fb1.csv,3,0.916984498500824,0.925853967666626,0.3427505493164062,0.9995183944702148,27.02548217773437,,0.560297429561615,0.9918086528778076,0.3694139719009399,0.9998496770858764,8.981473922729492,,0.0822342559695243,0.9996125102043152,0.4111493825912475,0.9999010562896729,0.4139966368675232,,0.86083984375,0.9111328125,0.92626953125,,0.92626953125,1500,0.6152833700180054,0.6086509227752686,18.219131450930295,14.095234168153615,5.02011745567636,1.294652223587036,1.264911064067352,1.0,0.001,10.0,1.0,128,300,3,1500,-1.0,0,0,0,0,0,0.0,1.0,0,10,3.2490788990307586,35.225006103515625,5.037868499755859,1500,dfa,mnist,div255,cnn,tanh,sigmoid_bce,none,,,,,,,,,,,,,,,,,,,,,
0.8903318643569946,0.7393447756767273,1.386317257542658,0.9777371883392334,0.3882975876331329,82.92692831328216,0.9987108111381532,0.0733545422554016,91.28926030278345,140,1.2303248643875122,0.4110547457589542,cnn__outlr10,2,2,40.0,90.0,180.0,140.0,0.129150390625,,,,,,,,,,E4_cures/cnn__outlr10/seed2_fb2.csv,3,0.8806784152984619,0.8903318643569946,0.3942291736602783,0.9976626634597778,68.11146545410156,,0.5336093902587891,0.9777371883392334,0.4301620423793793,0.9989073872566224,24.722881317138672,,0.0733545422554016,0.9987108111381532,0.4631057977676391,0.9991185069084167,1.095656156539917,,0.87109375,0.90869140625,0.91552734375,,0.91552734375,1500,0.5692537426948547,0.5692537426948547,11.682147830627857,22.287652731348736,8.295333376005866,1.2303248643875122,1.264911064067352,1.0,0.001,10.0,1.0,128,300,3,1500,-1.0,0,0,0,0,0,0.0,1.0,0,10,3.2490788990307586,35.225006103515625,5.107539653778076,1500,dfa,mnist,div255,cnn,tanh,sigmoid_bce,none,,,,,,,,,,,,,,,,,,,,,
0.9639515280723572,0.2782885730266571,1.3794654404557904,0.8863102793693542,0.33652263879776,203.49896908894144,0.6634556651115417,0.902333915233612,120.88564964175174,0,0.0400339737534523,0.04415168079866136,cnn__priorbias,0,0,0.0,70.0,350.0,350.0,0.08819580078125,,,,,,,,,,E4_cures/cnn__priorbias/seed0_fb0.csv,3,0.7789852023124695,0.9201497435569764,0.4050407409667969,0.998178482055664,59.3372802734375,,0.4842296242713928,0.8863102793693542,0.4101015329360962,0.999281883239746,18.055389404296875,,0.902333915233612,0.6634556651115417,0.4195513427257538,0.9996638298034668,0.7305046916007996,,0.57275390625,0.853515625,0.8955078125,,0.8955078125,1500,1.2100411653518677,1.2100411653518677,4.603401376899483,7.667540987996024,2.4215208016923673,0.0400339737534523,1.264911064067352,1.0,0.001,1.0,1.0,128,300,3,1500,0.1,0,0,0,0,0,0.0,1.0,0,10,3.2490788990307586,35.225006103515625,6.50782322883606,1500,dfa,mnist,div255,cnn,tanh,sigmoid_bce,none,,,,,,,,,,,,,,,,,,,,,
0.9002071022987366,0.4946874380111694,1.651993907319053,0.8393033742904663,0.3480437994003296,163.7859384671178,0.938457190990448,0.6157478094100952,133.5197961943689,10,0.041793692857027,0.04435631367125923,cnn__priorbias,1,1,0.0,60.0,330.0,330.0,0.10407366071428571,,,,,,,,,,E4_cures/cnn__priorbias/seed1_fb1.csv,3,0.9700136780738832,0.7495119571685791,0.3427505493164062,0.9995183944702148,27.02548217773437,,0.6303026080131531,0.8393033742904663,0.3694139719009399,0.9998496770858764,8.981473922729492,,0.6157478094100952,0.938457190990448,0.4111493825912475,0.9999010562896729,0.4139966368675232,,0.607421875,0.869140625,0.9091796875,,0.9091796875,1500,1.212780475616455,1.2037112712860107,5.881461987314863,4.550194074046494,1.6205838388585037,0.041793692857027,1.264911064067352,1.0,0.001,1.0,1.0,128,300,3,1500,0.1,0,0,0,0,0,0.0,1.0,0,10,3.2490788990307586,35.225006103515625,7.8079047203063965,1500,dfa,mnist,div255,cnn,tanh,sigmoid_bce,none,,,,,,,,,,,,,,,,,,,,,
0.8325340747833252,0.5672966837882996,0.1553020872133482,0.8560639023780823,0.3529091775417328,-10.01579721763846,0.7106074690818787,0.8574605584144592,-0.4119074351442049,0,0.0536720938980579,0.05768609627862236,cnn__priorbias,2,2,0.0,50.0,370.0,370.0,0.07316080729166667,,,,,,,,,,E4_cures/cnn__priorbias/seed2_fb2.csv,3,0.7966618537902832,0.8182508945465088,0.3942291736602783,0.9976626634597778,68.11146545410156,,0.4524950385093689,0.8560639023780823,0.4301620423793793,0.9989073872566224,24.722881317138672,,0.8574605584144592,0.7106074690818787,0.4631057977676391,0.9991185069084167,1.095656156539917,,0.4892578125,0.880859375,0.91259765625,,0.91259765625,1500,1.1398550271987915,1.1398550271987915,5.096258341560799,9.722838453401234,3.6187833373125122,0.0536720938980579,1.264911064067352,1.0,0.001,1.0,1.0,128,300,3,1500,0.1,0,0,0,0,0,0.0,1.0,0,10,3.2490788990307586,35.225006103515625,5.264499187469482,1500,dfa,mnist,div255,cnn,tanh,sigmoid_bce,none,,,,,,,,,,,,,,,,,,,,,
0.7911849617958069,0.8244554400444031,1.8536624157370267,0.8767082691192627,0.636638879776001,2.5033670818496923,0.8831758499145508,0.6144334673881531,3.7250818757054778,0,1.268113374710083,0.13222914043948086,depth6__aligned,0,0,,,,,,0.8460100889205933,0.6275525093078613,4.148637713543943,0.8320748805999756,0.710188627243042,4.071269637741618,0.8803386092185974,0.7808249592781067,3.839390495268965,E4_cures/depth6__aligned/seed0_fb0.csv,6,0.967496693134308,0.5323258638381958,0.3761306405067444,0.9893821477890016,13.984066009521484,0.762204647064209,0.9278271198272704,0.6482194662094116,0.3800201714038849,0.9920334219932556,11.566617965698242,0.8120083212852478,0.8990652561187744,0.6889095902442932,0.3536507487297058,0.994549036026001,8.627571105957031,0.8448929190635681,0.88232421875,0.89892578125,0.9013671875,0.91015625,0.91015625,3000,0.5883090496063232,0.5799684524536133,33.84983310085365,14.00160243300144,11.742659740774805,1.268113374710083,1.264911064067352,1.0,0.001,1.0,1.0,128,300,6,3000,-1.0,0,0,0,0,0,0.0,1.0,0,10,3.2490788990307586,35.225006103515625,21.789283990859985,3000,aligned,mnist,div255,mlp,tanh,sigmoid_bce,none,0.8751466274261475,0.7668278813362122,0.3894586265087127,0.994669497013092,8.58588981628418,0.8728563785552979,0.8773102164268494,0.8320748805999756,0.3769061267375946,0.99579656124115,6.992161750793457,0.923590898513794,0.8641713261604309,0.8803386092185974,0.3797813057899475,0.9969165325164796,6.454602241516113,0.996833324432373,8.996318017779956,8.95736965446367,7.46813791021362
0.7798500061035156,0.8384305238723755,1.7252226758705789,0.8730923533439636,0.6483520865440369,2.115650522150497,0.87446129322052,0.6206234097480774,3.2841304067559483,0,1.277761459350586,0.09291532507516387,depth6__aligned,1,1,,,,,,0.8461626172065735,0.6373992562294006,3.6673485359509184,0.8364204168319702,0.7125562429428101,3.718413279204091,0.8940490484237671,0.7706430554389954,3.502663207109899,E4_cures/depth6__aligned/seed1_fb1.csv,6,0.9682371020317078,0.5228027701377869,0.3875109553337097,0.9866976141929626,13.712690353393556,0.7445183396339417,0.9365887641906738,0.6526227593421936,0.3620741665363312,0.9935430884361268,10.005876541137695,0.8137144446372986,0.9062111377716064,0.7021172046661377,0.3915127217769623,0.9941805005073548,9.439598083496094,0.8517940640449524,0.87646484375,0.9033203125,0.91455078125,0.919921875,0.919921875,3000,0.559305727481842,0.551347017288208,42.836466977783495,17.397917689138286,13.014569705490059,1.277761459350586,1.264911064067352,1.0,0.001,1.0,1.0,128,300,6,3000,-1.0,0,0,0,0,0,0.0,1.0,0,10,3.2490788990307586,35.225006103515625,21.00064969062805,3000,aligned,mnist,div255,mlp,tanh,sigmoid_bce,none,0.8818910717964172,0.7663538455963135,0.3989361226558685,0.9956934452056884,8.181721687316895,0.8797735571861267,0.858025074005127,0.8364204168319702,0.3609684705734253,0.9969204664230348,6.11955451965332,0.9315235614776612,0.8582931160926819,0.8940490484237671,0.3332803547382355,0.9978035688400269,4.935523986816406,0.9972829222679138,12.344939219254185,10.857486586310825,8.41895129585805
0.7781930565834045,0.8290121555328369,1.8737746756824816,0.8750606775283813,0.6348544955253601,2.469540579765056,0.8744245171546936,0.5899409651756287,3.752687705797993,0,1.2086238861083984,0.11073655938047022,depth6__aligned,2,2,,,,,,0.8523898124694824,0.61375492811203,4.23480523257573,0.8401930928230286,0.6803421974182129,4.306673126932227,0.8956935405731201,0.7768714427947998,4.146832307163322,E4_cures/depth6__aligned/seed2_fb2.csv,6,0.968748927116394,0.5202569961547852,0.3762656152248382,0.9880829453468324,13.667789459228516,0.7395520210266113,0.93794983625412,0.6275777816772461,0.3832592368125915,0.992002546787262,11.445853233337402,0.8144222497940063,0.900496244430542,0.6873095631599426,0.3911609947681427,0.9935991764068604,9.981972694396973,0.8426693081855774,0.87744140625,0.90380859375,0.916015625,0.92578125,0.92578125,3000,0.556911826133728,0.556911826133728,26.56916884691263,10.758065123290246,9.128389793931406,1.2086238861083984,1.264911064067352,1.0,0.001,1.0,1.0,128,300,6,3000,-1.0,0,0,0,0,0,0.0,1.0,0,10,3.2490788990307586,35.225006103515625,22.185346364974976,3000,aligned,mnist,div255,mlp,tanh,sigmoid_bce,none,0.885057806968689,0.7591201066970825,0.4044045805931091,0.9938236474990844,8.904194831848145,0.879132091999054,0.8624692559242249,0.8401930928230286,0.3984022438526153,0.9961759448051452,7.665379047393799,0.9240593910217284,0.8493313789367676,0.8956935405731201,0.4371293783187866,0.9955268502235411,8.051824569702148,0.996775448322296,8.054709113252567,7.2642147810309,6.3556074600733
0.178859993815422,0.9867931008338928,29.34719561274032,0.1350273191928863,0.9853188991546632,9.577990069008576,0.136340856552124,0.9817349314689636,7.486436078427169,0,1.2647415399551392,1.186620397578419,depth6__bn,0,0,,,,,,0.1150764003396034,0.9818099737167358,7.955258739689033,0.1382718682289123,0.9745718240737916,6.992027310704298,0.1287786811590194,0.973382532596588,8.636248129602178,E4_cures/depth6__bn/seed0_fb0.csv,6,0.996852695941925,0.0690816342830658,0.0004463694931473,0.999323308467865,0.0622889995574951,0.4018982946872711,0.9963504076004028,0.047450877726078,-0.0003696717321872,0.999436855316162,0.0415953211486339,0.3468764424324035,0.9950178265571594,0.0470140352845191,-0.0006237659836187,0.9995434880256652,0.0237719230353832,0.3427194356918335,0.8076171875,0.88818359375,0.90234375,0.91552734375,0.91552734375,3000,0.5931109189987183,0.5905040502548218,247.46607594317618,7.256879115131005,7.115513137771683,1.2647415399551392,1.264911064067352,1.0,0.001,1.0,1.0,128,300,6,3000,-1.0,0,0,0,0,1,0.0,1.0,0,10,3.2490788990307586,35.225006103515625,24.174522399902344,3000,dfa,mnist,div255,mlp,tanh,sigmoid_bce,none,0.9951339960098268,0.0401079431176185,-0.0006977280136197,0.9996572732925416,0.0239359177649021,0.3413585126399994,0.9930018186569214,0.0517583712935447,-0.0005332884611561,0.9996640086174012,0.0183507800102233,0.3156782388687134,0.9926447868347168,0.0474053882062435,-0.0006516867433674,0.999645471572876,0.016972092911601,0.402214378118515,6.993755079858447,6.994875386976504,6.956721297511263
0.1511709988117218,0.9827479720115662,28.227657699643967,0.1566969603300094,0.9846662282943726,7.864408269750355,0.1202859133481979,0.981727123260498,8.127891076392642,0,1.2621005773544312,1.0916069051102977,depth6__bn,1,1,,,,,,0.1338548809289932,0.976037323474884,6.837633840614453,0.1123162508010864,0.977619767189026,7.691882095788965,0.1360588520765304,0.9686717987060548,6.602732938516622,E4_cures/depth6__bn/seed1_fb1.csv,6,0.995294153690338,0.0669849216938018,0.0021652705036103,0.999298095703125,0.0747067481279373,0.4400400817394256,0.99556702375412,0.0635612607002258,0.0010575914056971,0.9994977712631226,0.0379912108182907,0.3553526997566223,0.9953579306602478,0.0514675080776214,0.000385833584005,0.9995710849761964,0.0322051793336868,0.3508890867233276,0.77587890625,0.9013671875,0.90869140625,0.9228515625,0.9228515625,3000,0.5672706365585327,0.5672706365585327,247.54921669437758,7.344175813662962,7.093274475632983,1.2621005773544312,1.264911064067352,1.0,0.001,1.0,1.0,128,300,6,3000,-1.0,0,0,0,0,1,0.0,1.0,0,10,3.2490788990307586,35.225006103515625,24.637576818466187,3000,dfa,mnist,div255,mlp,tanh,sigmoid_bce,none,0.993501365184784,0.0540147013962268,2.8567304980242625e-05,0.9996160864830016,0.0239236205816268,0.332250714302063,0.9914634227752686,0.0438658706843853,-3.268807404310792e-06,0.9996846318244934,0.0175460577011108,0.3110562264919281,0.9887650012969972,0.0546615868806839,-5.38961285201367e-05,0.9997297525405884,0.0145076662302017,0.3921628296375274,7.053734729036676,6.997141408493882,6.953559340047035
0.159955233335495,0.9813162088394164,29.00375068776131,0.1312836706638336,0.984577178955078,8.551159973447572,0.1265130937099456,0.9834681153297424,7.224319759004185,0,1.265867829322815,1.1294108589110845,depth6__bn,2,2,,,,,,0.1358274519443512,0.9798442721366882,7.148287496883283,0.1183849871158599,0.978595495223999,7.879245967402675,0.1312881112098693,0.9712949395179749,7.241057928934657,E4_cures/depth6__bn/seed2_fb2.csv,6,0.9959646463394164,0.0623510554432868,0.0007884963997639,0.9992291927337646,0.0727543756365776,0.4071466624736786,0.9959620237350464,0.0482591465115547,-0.000238041699049,0.9994292259216307,0.0433575548231601,0.3333521485328674,0.9957478046417236,0.0480819791555404,-0.0005397320492193,0.999573051929474,0.0306073930114507,0.3518236577510834,0.78955078125,0.8984375,0.91259765625,0.92431640625,0.92431640625,3000,0.566486120223999,0.566486120223999,247.24582038495376,7.321849302602978,7.12120776073675,1.265867829322815,1.264911064067352,1.0,0.001,1.0,1.0,128,300,6,3000,-1.0,0,0,0,0,1,0.0,1.0,0,10,3.2490788990307586,35.225006103515625,23.639535188674927,3000,dfa,mnist,div255,mlp,tanh,sigmoid_bce,none,0.994331419467926,0.0499075204133987,-0.0003278302028775,0.9996294379234314,0.0220957063138484,0.3482736647129059,0.9933314323425292,0.0499699562788009,-0.0006279266672208,0.9995981454849244,0.0200921166688203,0.3395721912384033,0.99273681640625,0.0500264912843704,-0.0006624651723541,0.9996883273124696,0.0187844987958669,0.3982369601726532,7.034184332551018,6.976089685047173,6.962414624121464
0.5390726923942566,0.5971706509590149,60.693767144417706,0.4723114669322967,0.4345901012420654,135.60979627903012,0.4295166432857513,0.5177320241928101,136.63082829405744,0,1.268113374710083,1.3090931031993367,depth6__center_delta,0,0,,,,,,0.4134990870952606,0.5326229929924011,113.88104739562058,0.3971364796161651,0.416360855102539,99.9534612436922,0.4017360806465149,0.321704089641571,84.21951571796386,E4_cures/depth6__center_delta/seed0_fb0.csv,6,0.9304619431495668,0.4680964052677154,0.3761306405067444,0.9893821477890016,13.984066009521484,0.1619450151920318,0.8700143098831177,0.4447664320468902,0.3800201714038849,0.9920334219932556,11.566617965698242,0.2161944061517715,0.7566922307014465,0.4267904162406921,0.3536507487297058,0.994549036026001,8.627571105957031,0.3009296655654907,0.2822265625,0.662109375,0.8154296875,0.86181640625,0.86181640625,3000,1.990434169769287,1.990434169769287,33.84983310085365,14.00160243300144,11.742659740774805,1.268113374710083,1.264911064067352,1.0,0.001,1.0,1.0,128,300,6,3000,-1.0,0,0,0,0,0,0.0,1.0,0,10,3.2490788990307586,35.225006103515625,22.379000663757324,3000,dfa,mnist,div255,mlp,tanh,sigmoid_bce,delta,0.6875642538070679,0.4134990870952606,0.3894586265087127,0.994669497013092,8.58588981628418,0.3772152662277221,0.5580309629440308,0.3971364796161651,0.3769061267375946,0.99579656124115,6.992161750793457,0.3444138169288635,0.480323851108551,0.4017360806465149,0.3797813057899475,0.9969165325164796,6.454602241516113,0.2242207378149032,8.996318017779956,8.95736965446367,7.46813791021362
0.4940283596515655,0.6010348200798035,51.866722929653456,0.5107071995735168,0.3312972486019134,115.14467712380548,0.5263628363609314,0.3451563715934753,147.1570540906851,0,1.277761459350586,1.2766918825263407,depth6__center_delta,1,1,,,,,,0.5333348512649536,0.3194526135921478,140.9450796605425,0.5336359739303589,0.2619963884353637,136.73929026344587,0.5343064665794373,0.1924521476030349,133.01005501198333,E4_cures/depth6__center_delta/seed1_fb1.csv,6,0.9125038385391236,0.4676275253295898,0.3875109553337097,0.9866976141929626,13.712690353393556,0.1199803203344345,0.7901239395141602,0.4603655338287353,0.3620741665363312,0.9935430884361268,10.005876541137695,0.1302378624677658,0.6512349247932434,0.452986866235733,0.3915127217769623,0.9941805005073548,9.439598083496094,0.1949043720960617,0.29443359375,0.37451171875,0.54931640625,0.837890625,0.837890625,3000,2.256797790527344,2.256797790527344,42.836466977783495,17.397917689138286,13.014569705490059,1.277761459350586,1.264911064067352,1.0,0.001,1.0,1.0,128,300,6,3000,-1.0,0,0,0,0,0,0.0,1.0,0,10,3.2490788990307586,35.225006103515625,27.202265739440918,3000,dfa,mnist,div255,mlp,tanh,sigmoid_bce,delta,0.6309986710548401,0.4333110451698303,0.3989361226558685,0.9956934452056884,8.181721687316895,0.2476881742477417,0.6652007102966309,0.384979784488678,0.3609684705734253,0.9969204664230348,6.11955451965332,0.2284246385097503,0.6081826686859131,0.3410996794700622,0.3332803547382355,0.9978035688400269,4.935523986816406,0.1166810393333435,12.344939219254185,10.857486586310825,8.41895129585805
0.5350050330162048,0.588132381439209,47.57261215065169,0.5079030394554138,0.3393985033035278,112.64488412675848,0.4839314520359039,0.4253610670566559,130.31627419202974,0,1.2086238861083984,1.2228160437967437,depth6__center_delta,2,2,,,,,,0.4937735795974731,0.4871554672718048,114.3993415349526,0.5190173387527466,0.4398192167282104,107.18204029525783,0.523564875125885,0.3866332471370697,103.84096944712569,E4_cures/depth6__center_delta/seed2_fb2.csv,6,0.9288789629936218,0.4722127616405487,0.3762656152248382,0.9880829453468324,13.667789459228516,0.1278462707996368,0.8924790024757385,0.4461791515350342,0.3832592368125915,0.992002546787262,11.445853233337402,0.2047198861837387,0.8469433188438416,0.4186200797557831,0.3911609947681427,0.9935991764068604,9.981972694396973,0.2664179801940918,0.2978515625,0.60302734375,0.7392578125,0.873046875,0.873046875,3000,1.803005337715149,1.803005337715149,26.56916884691263,10.758065123290246,9.128389793931406,1.2086238861083984,1.264911064067352,1.0,0.001,1.0,1.0,128,300,6,3000,-1.0,0,0,0,0,0,0.0,1.0,0,10,3.2490788990307586,35.225006103515625,24.474307775497437,3000,dfa,mnist,div255,mlp,tanh,sigmoid_bce,delta,0.7809251546859741,0.4088391065597534,0.4044045805931091,0.9938236474990844,8.904194831848145,0.2888753712177276,0.7554335594177246,0.4046639204025268,0.3984022438526153,0.9961759448051452,7.665379047393799,0.2850331366062164,0.740953803062439,0.4395388960838318,0.4371293783187866,0.9955268502235411,8.051824569702148,0.1538355350494384,8.054709113252567,7.2642147810309,6.3556074600733
0.3765544593334198,0.9606353640556335,82.60425808457681,0.3801815807819366,0.8930203318595886,32.383412392606175,0.3538742363452911,0.7779005765914917,37.62276735016184,0,1.268113374710083,1.3088248513337728,depth6__center_e,0,0,,,,,,0.3894586265087127,0.6996455788612366,38.52447016099804,0.3769061267375946,0.6403929591178894,37.80425665175317,0.3797813057899475,0.5751009583473206,40.64786511150247,E4_cures/depth6__center_e/seed0_fb0.csv,6,0.9893821477890016,0.3765544593334198,0.3761306405067444,0.9893821477890016,13.984066009521484,0.4236784875392914,0.9778298735618592,0.3801815807819366,0.3800201714038849,0.9920334219932556,11.566617965698242,0.4262807369232178,0.9599656462669371,0.3538742363452911,0.3536507487297058,0.994549036026001,8.627571105957031,0.4725235998630523,0.54833984375,0.76220703125,0.830078125,0.8759765625,0.8759765625,3000,2.297041416168213,2.2958827018737797,33.84983310085365,14.00160243300144,11.742659740774805,1.268113374710083,1.264911064067352,1.0,0.001,1.0,1.0,128,300,6,3000,-1.0,0,0,0,0,0,0.0,1.0,0,10,3.2490788990307586,35.225006103515625,21.143466234207153,3000,dfa,mnist,div255,mlp,tanh,sigmoid_bce,e,0.935297667980194,0.3894586265087127,0.3894586265087127,0.994669497013092,8.58588981628418,0.4751708507537842,0.8922860622406006,0.3769061267375946,0.3769061267375946,0.99579656124115,6.992161750793457,0.382018506526947,0.8499965667724609,0.3797813057899475,0.3797813057899475,0.9969165325164796,6.454602241516113,0.230516567826271,8.996318017779956,8.95736965446367,7.46813791021362
0.3876262009143829,0.9584236145019532,82.8053686876521,0.3620741665363312,0.8503626585006714,26.034423493277156,0.3915127217769623,0.7241249084472656,28.48082270582378,0,1.277761459350586,1.278090359017639,depth6__center_e,1,1,,,,,,0.3989361226558685,0.6100404858589172,30.992156360733127,0.3609684705734253,0.5594410300254822,37.21657564902544,0.3332803547382355,0.4843588769435882,38.7769609728805,E4_cures/depth6__center_e/seed1_fb1.csv,6,0.9864993691444396,0.3876262009143829,0.3875109553337097,0.9866976141929626,13.712690353393556,0.389892041683197,0.968930721282959,0.3620741665363312,0.3620741665363312,0.9935430884361268,10.005876541137695,0.4129625260829925,0.930022954940796,0.3915127217769623,0.3915127217769623,0.9941805005073548,9.439598083496094,0.4666478633880615,0.49365234375,0.771484375,0.822265625,0.87060546875,0.87060546875,3000,2.3238601684570312,2.3238601684570312,42.836466977783495,17.397917689138286,13.014569705490059,1.277761459350586,1.264911064067352,1.0,0.001,1.0,1.0,128,300,6,3000,-1.0,0,0,0,0,0,0.0,1.0,0,10,3.2490788990307586,35.225006103515625,21.93621039390564,3000,dfa,mnist,div255,mlp,tanh,sigmoid_bce,e,0.8824352622032166,0.3989361226558685,0.3989361226558685,0.9956934452056884,8.181721687316895,0.4684384167194366,0.7964853644371033,0.3609684705734253,0.3609684705734253,0.9969204664230348,6.11955451965332,0.3662826716899872,0.7524625062942505,0.3332803547382355,0.3332803547382355,0.9978035688400269,4.935523986816406,0.1921207308769226,12.344939219254185,10.857486586310825,8.41895129585805
0.3772227168083191,0.941131353378296,78.73917132730503,0.3839306235313415,0.796344518661499,31.008512923616188,0.3919251263141632,0.6407361626625061,41.27010515136831,0,1.2086238861083984,1.218909734065145,depth6__center_e,2,2,,,,,,0.4052098095417022,0.566604495048523,48.17643173224714,0.4009620249271393,0.4947050213813782,53.91013687805455,0.439984530210495,0.4556327760219574,57.7563211239951,E4_cures/depth6__center_e/seed2_fb2.csv,6,0.9878299832344056,0.3772227168083191,0.3762656152248382,0.9880829453468324,13.667789459228516,0.2824432551860809,0.97942852973938,0.3839306235313415,0.3832592368125915,0.992002546787262,11.445853233337402,0.3270643055438995,0.9573405981063844,0.3919251263141632,0.3911609947681427,0.9935991764068604,9.981972694396973,0.413603276014328,0.6015625,0.74951171875,0.8125,0.88134765625,0.88134765625,3000,2.419243097305298,2.419243097305298,26.56916884691263,10.758065123290246,9.128389793931406,1.2086238861083984,1.264911064067352,1.0,0.001,1.0,1.0,128,300,6,3000,-1.0,0,0,0,0,0,0.0,1.0,0,10,3.2490788990307586,35.225006103515625,21.163034677505493,3000,dfa,mnist,div255,mlp,tanh,sigmoid_bce,e,0.936663806438446,0.4052098095417022,0.4044045805931091,0.9938236474990844,8.904194831848145,0.4227707386016845,0.9128738045692444,0.4009620249271393,0.3984022438526153,0.9961759448051452,7.665379047393799,0.3704510629177093,0.8642608523368835,0.439984530210495,0.4371293783187866,0.9955268502235411,8.051824569702148,0.1956446319818496,8.054709113252567,7.2642147810309,6.3556074600733
0.3765191733837127,0.966816544532776,27.070403420686635,0.3800227344036102,0.8671513795852661,10.769052238307674,0.3536507487297058,0.7008452415466309,14.237345300275084,0,1.268113374710083,1.1157368232020641,depth6__center_outlr10,0,0,,,,,,0.3894586265087127,0.5741711854934692,19.481921918570787,0.3769061267375946,0.4712840914726257,23.775057520307943,0.4020361602306366,0.2847621142864227,28.958970820610308,E4_cures/depth6__center_outlr10/seed0_fb0.csv,6,0.98928564786911,0.3765191733837127,0.3761306405067444,0.9893821477890016,13.984066009521484,0.2337048202753067,0.9811211824417114,0.3800227344036102,0.3800201714038849,0.9920334219932556,11.566617965698242,0.2781379222869873,0.9638893604278564,0.3536507487297058,0.3536507487297058,0.994549036026001,8.627571105957031,0.3305778503417969,0.68505859375,0.78515625,0.86279296875,0.89453125,0.89453125,3000,0.8348302245140076,0.8330550193786621,3.3849833100853646,1.4001602433001439,1.1742659740774803,1.268113374710083,1.264911064067352,1.0,0.001,10.0,1.0,128,300,6,3000,-1.0,0,0,0,0,0,0.0,1.0,0,10,3.2490788990307586,35.225006103515625,21.37439799308777,3000,dfa,mnist,div255,mlp,tanh,sigmoid_bce,e,0.9280056953430176,0.3894586265087127,0.3894586265087127,0.994669497013092,8.58588981628418,0.3224316835403442,0.871766984462738,0.3769061267375946,0.3769061267375946,0.99579656124115,6.992161750793457,0.2961382269859314,0.7959750890731812,0.3797813057899475,0.3797813057899475,0.9969165325164796,6.454602241516113,0.2390525639057159,0.8996318017779955,0.895736965446367,0.746813791021362
0.3875364363193512,0.9585425853729248,27.520804220592765,0.3620741665363312,0.8573490381240845,10.52337687421443,0.3915127217769623,0.7081627249717712,13.976201476314298,0,1.277761459350586,1.127742562197087,depth6__center_outlr10,1,1,,,,,,0.3989361226558685,0.5436631441116333,17.14538613494317,0.3609684705734253,0.4649485945701599,22.19811778839969,0.3396317064762115,0.3139731585979461,25.18973729247852,E4_cures/depth6__center_outlr10/seed1_fb1.csv,6,0.984549045562744,0.3875364363193512,0.3875109553337097,0.9866976141929626,13.712690353393556,0.2264290153980255,0.9666854739189148,0.3620741665363312,0.3620741665363312,0.9935430884361268,10.005876541137695,0.2590161859989166,0.9178010821342468,0.3915127217769623,0.3915127217769623,0.9941805005073548,9.439598083496094,0.3119314610958099,0.5859375,0.77880859375,0.86962890625,0.9072265625,0.9072265625,3000,0.7948557138442993,0.7948557138442993,4.28364669777835,1.7397917689138287,1.3014569705490058,1.277761459350586,1.264911064067352,1.0,0.001,10.0,1.0,128,300,6,3000,-1.0,0,0,0,0,0,0.0,1.0,0,10,3.2490788990307586,35.225006103515625,22.87325167655945,3000,dfa,mnist,div255,mlp,tanh,sigmoid_bce,e,0.8233618140220642,0.3989361226558685,0.3989361226558685,0.9956934452056884,8.181721687316895,0.3074591159820556,0.7276666760444641,0.3609684705734253,0.3609684705734253,0.9969204664230348,6.11955451965332,0.2782232761383056,0.606242299079895,0.3338444232940674,0.3332803547382355,0.9978035688400269,4.935523986816406,0.2043582499027252,1.2344939219254185,1.0857486586310827,0.8418951295858051
0.3776425421237945,0.9702428579330444,27.479785629745894,0.3843803703784942,0.9012409448623656,11.315401855614452,0.3920331597328186,0.8044880628585815,11.986031653192574,0,1.2086238861083984,1.0052529423717886,depth6__center_outlr10,2,2,,,,,,0.4051572680473327,0.6790220141410828,13.094232130082167,0.402423620223999,0.5273573994636536,15.461495028166484,0.4402120113372803,0.3914329707622528,18.95973568783841,E4_cures/depth6__center_outlr10/seed2_fb2.csv,6,0.9860209226608276,0.3776425421237945,0.3762656152248382,0.9880829453468324,13.667789459228516,0.3684335350990295,0.9877426028251648,0.3843803703784942,0.3832592368125915,0.992002546787262,11.445853233337402,0.3413986563682556,0.9873340725898744,0.3920331597328186,0.3911609947681427,0.9935991764068604,9.981972694396973,0.3938649296760559,0.73193359375,0.822265625,0.87255859375,0.91162109375,0.91162109375,3000,0.7933299541473389,0.7933299541473389,2.6569168846912627,1.0758065123290244,0.9128389793931405,1.2086238861083984,1.264911064067352,1.0,0.001,10.0,1.0,128,300,6,3000,-1.0,0,0,0,0,0,0.0,1.0,0,10,3.2490788990307586,35.225006103515625,21.913017511367798,3000,dfa,mnist,div255,mlp,tanh,sigmoid_bce,e,0.9845423698425292,0.4051572680473327,0.4044045805931091,0.9938236474990844,8.904194831848145,0.368241012096405,0.9767935872077942,0.402423620223999,0.3984022438526153,0.9961759448051452,7.665379047393799,0.3267182409763336,0.9612406492233276,0.4402120113372803,0.4371293783187866,0.9955268502235411,8.051824569702148,0.26364666223526,0.8054709113252567,0.72642147810309,0.63556074600733
0.3765544593334198,0.9606353640556335,82.60425808457681,0.3801815807819366,0.8930203318595886,32.383412392606175,0.3538742363452911,0.7779005765914917,37.62276735016184,0,1.268113374710083,1.3088248513337728,depth6__gated,0,0,,,,,,0.3894586265087127,0.6996455788612366,38.52447016099804,0.3769061267375946,0.6403929591178894,37.80425665175317,0.3797813057899475,0.5751009583473206,40.64786511150247,E4_cures/depth6__gated/seed0_fb0.csv,6,0.9893821477890016,0.3765544593334198,0.3761306405067444,0.9893821477890016,13.984066009521484,0.4236784875392914,0.9778298735618592,0.3801815807819366,0.3800201714038849,0.9920334219932556,11.566617965698242,0.4262807369232178,0.9599656462669371,0.3538742363452911,0.3536507487297058,0.994549036026001,8.627571105957031,0.4725235998630523,0.54833984375,0.76220703125,0.830078125,0.8759765625,0.8759765625,3000,2.297041416168213,2.2958827018737797,33.84983310085365,14.00160243300144,11.742659740774805,1.268113374710083,1.264911064067352,1.0,0.001,1.0,1.0,128,300,6,3000,-1.0,0,0,0,0,0,0.0,1.0,0,10,3.2490788990307586,35.225006103515625,23.07497787475586,3000,dfa,mnist,div255,mlp,tanh,sigmoid_bce,gated,0.935297667980194,0.3894586265087127,0.3894586265087127,0.994669497013092,8.58588981628418,0.4751708507537842,0.8922860622406006,0.3769061267375946,0.3769061267375946,0.99579656124115,6.992161750793457,0.382018506526947,0.8499965667724609,0.3797813057899475,0.3797813057899475,0.9969165325164796,6.454602241516113,0.230516567826271,8.996318017779956,8.95736965446367,7.46813791021362
0.3876262009143829,0.9584236145019532,82.8053686876521,0.3620741665363312,0.8503626585006714,26.034423493277156,0.3915127217769623,0.7241249084472656,28.48082270582378,0,1.277761459350586,1.278090359017639,depth6__gated,1,1,,,,,,0.3989361226558685,0.6100404858589172,30.992156360733127,0.3609684705734253,0.5594410300254822,37.21657564902544,0.3332803547382355,0.4843588769435882,38.7769609728805,E4_cures/depth6__gated/seed1_fb1.csv,6,0.9864993691444396,0.3876262009143829,0.3875109553337097,0.9866976141929626,13.712690353393556,0.389892041683197,0.968930721282959,0.3620741665363312,0.3620741665363312,0.9935430884361268,10.005876541137695,0.4129625260829925,0.930022954940796,0.3915127217769623,0.3915127217769623,0.9941805005073548,9.439598083496094,0.4666478633880615,0.49365234375,0.771484375,0.822265625,0.87060546875,0.87060546875,3000,2.3238601684570312,2.3238601684570312,42.836466977783495,17.397917689138286,13.014569705490059,1.277761459350586,1.264911064067352,1.0,0.001,1.0,1.0,128,300,6,3000,-1.0,0,0,0,0,0,0.0,1.0,0,10,3.2490788990307586,35.225006103515625,22.97317123413086,3000,dfa,mnist,div255,mlp,tanh,sigmoid_bce,gated,0.8824352622032166,0.3989361226558685,0.3989361226558685,0.9956934452056884,8.181721687316895,0.4684384167194366,0.7964853644371033,0.3609684705734253,0.3609684705734253,0.9969204664230348,6.11955451965332,0.3662826716899872,0.7524625062942505,0.3332803547382355,0.3332803547382355,0.9978035688400269,4.935523986816406,0.1921207308769226,12.344939219254185,10.857486586310825,8.41895129585805
0.3772227168083191,0.941131353378296,78.73917132730503,0.3839306235313415,0.796344518661499,31.008512923616188,0.3919251263141632,0.6407361626625061,41.27010515136831,0,1.2086238861083984,1.218909734065145,depth6__gated,2,2,,,,,,0.4052098095417022,0.566604495048523,48.17643173224714,0.4009620249271393,0.4947050213813782,53.91013687805455,0.439984530210495,0.4556327760219574,57.7563211239951,E4_cures/depth6__gated/seed2_fb2.csv,6,0.9878299832344056,0.3772227168083191,0.3762656152248382,0.9880829453468324,13.667789459228516,0.2824432551860809,0.97942852973938,0.3839306235313415,0.3832592368125915,0.992002546787262,11.445853233337402,0.3270643055438995,0.9573405981063844,0.3919251263141632,0.3911609947681427,0.9935991764068604,9.981972694396973,0.413603276014328,0.6015625,0.74951171875,0.8125,0.88134765625,0.88134765625,3000,2.419243097305298,2.419243097305298,26.56916884691263,10.758065123290246,9.128389793931406,1.2086238861083984,1.264911064067352,1.0,0.001,1.0,1.0,128,300,6,3000,-1.0,0,0,0,0,0,0.0,1.0,0,10,3.2490788990307586,35.225006103515625,22.88080883026123,3000,dfa,mnist,div255,mlp,tanh,sigmoid_bce,gated,0.936663806438446,0.4052098095417022,0.4044045805931091,0.9938236474990844,8.904194831848145,0.4227707386016845,0.9128738045692444,0.4009620249271393,0.3984022438526153,0.9961759448051452,7.665379047393799,0.3704510629177093,0.8642608523368835,0.439984530210495,0.4371293783187866,0.9955268502235411,8.051824569702148,0.1956446319818496,8.054709113252567,7.2642147810309,6.3556074600733
0.6911139488220215,0.8215106129646301,10.202153814103092,0.6952131390571594,0.7663528919219971,14.053054839831702,0.7202544212341309,0.7992323637008667,16.07227821565705,0,1.268113374710083,1.2907291923513244,depth6__muon,0,0,,,,,,0.7496381998062134,0.8377121090888977,16.180047546894627,0.7537544369697571,0.8317935466766357,15.21673163626797,0.7787461280822754,0.8210386633872986,14.721487098093954,E4_cures/depth6__muon/seed0_fb0.csv,6,0.9283527731895448,0.617935299873352,0.3761306405067444,0.9893821477890016,13.984066009521484,0.5303512811660767,0.8907226920127869,0.6952131390571594,0.3800201714038849,0.9920334219932556,11.566617965698242,0.4645550549030304,0.8589665293693542,0.7202544212341309,0.3536507487297058,0.994549036026001,8.627571105957031,0.4985145032405853,0.67919921875,0.8603515625,0.8916015625,0.90869140625,0.90869140625,3000,0.6085505485534668,0.6078025698661804,33.84983310085365,14.00160243300144,11.742659740774805,1.268113374710083,1.264911064067352,1.0,0.001,1.0,1.0,128,300,6,3000,-1.0,0,0,1,0,0,0.0,1.0,0,10,3.2490788990307586,35.225006103515625,30.464788675308228,3000,dfa,mnist,div255,mlp,tanh,sigmoid_bce,none,0.8458503484725952,0.7496381998062134,0.3894586265087127,0.994669497013092,8.58588981628418,0.4737385213375091,0.8317935466766357,0.7537544369697571,0.3769061267375946,0.99579656124115,6.992161750793457,0.4824421405792236,0.8210386633872986,0.7787461280822754,0.3797813057899475,0.9969165325164796,6.454602241516113,0.3757912814617157,8.996318017779956,8.95736965446367,7.46813791021362
0.6561861038208008,0.8292453289031982,10.74082948947454,0.6748575568199158,0.7647417783737183,14.118331654636703,0.7312463521957397,0.8019405007362366,17.517371612640503,0,1.277761459350586,1.3032829785078082,depth6__muon,1,1,,,,,,0.7340842485427856,0.8307533860206604,17.269223595830265,0.7399774193763733,0.8326346278190613,16.72021252347072,0.7393786907196045,0.8351947069168091,15.003554076341148,E4_cures/depth6__muon/seed1_fb1.csv,6,0.9219326972961426,0.6173637509346008,0.3875109553337097,0.9866976141929626,13.712690353393556,0.5459839701652527,0.8782593011856079,0.6748575568199158,0.3620741665363312,0.9935430884361268,10.005876541137695,0.485303670167923,0.8325098156929016,0.7312463521957397,0.3915127217769623,0.9941805005073548,9.439598083496094,0.4361410737037658,0.63916015625,0.86962890625,0.8857421875,0.91064453125,0.91064453125,3000,0.6058398485183716,0.6053411364555359,42.836466977783495,17.397917689138286,13.014569705490059,1.277761459350586,1.264911064067352,1.0,0.001,1.0,1.0,128,300,6,3000,-1.0,0,0,1,0,0,0.0,1.0,0,10,3.2490788990307586,35.225006103515625,40.27271866798401,3000,dfa,mnist,div255,mlp,tanh,sigmoid_bce,none,0.8434578776359558,0.7340842485427856,0.3989361226558685,0.9956934452056884,8.181721687316895,0.4867244958877563,0.8326346278190613,0.7399774193763733,0.3609684705734253,0.9969204664230348,6.11955451965332,0.4498204588890075,0.8351947069168091,0.7393786907196045,0.3332803547382355,0.9978035688400269,4.935523986816406,0.3535716235637665,12.344939219254185,10.857486586310825,8.41895129585805
0.6559642553329468,0.833881139755249,10.325703923288904,0.6624891757965088,0.7945784330368042,13.270967792335576,0.7302624583244324,0.8188297152519226,14.933594010134785,0,1.2086238861083984,1.184981532550916,depth6__muon,2,2,,,,,,0.7743515968322754,0.8423951268196106,15.698728383239338,0.7961909770965576,0.8399695158004761,15.913326833394835,0.8300676345825195,0.8179441690444946,14.59787863324491,E4_cures/depth6__muon/seed2_fb2.csv,6,0.9351739883422852,0.5926845073699951,0.3762656152248382,0.9880829453468324,13.667789459228516,0.5485272407531738,0.9089982509613036,0.6624891757965088,0.3832592368125915,0.992002546787262,11.445853233337402,0.4806943833827972,0.8746247887611389,0.7302624583244324,0.3911609947681427,0.9935991764068604,9.981972694396973,0.4794136583805084,0.60595703125,0.8466796875,0.88720703125,0.9150390625,0.9150390625,3000,0.5997775197029114,0.5997775197029114,26.56916884691263,10.758065123290246,9.128389793931406,1.2086238861083984,1.264911064067352,1.0,0.001,1.0,1.0,128,300,6,3000,-1.0,0,0,1,0,0,0.0,1.0,0,10,3.2490788990307586,35.225006103515625,29.13711643218994,3000,dfa,mnist,div255,mlp,tanh,sigmoid_bce,none,0.8524392247200012,0.7743515968322754,0.4044045805931091,0.9938236474990844,8.904194831848145,0.4855457544326782,0.8399695158004761,0.7961909770965576,0.3984022438526153,0.9961759448051452,7.665379047393799,0.4345337450504303,0.8179441690444946,0.8300676345825195,0.4371293783187866,0.9955268502235411,8.051824569702148,0.362016499042511,8.054709113252567,7.2642147810309,6.3556074600733
0.9043447971343994,0.7101897597312927,6.565700723124696,0.986476480960846,0.3745161890983581,12.087848714608128,0.9980774521827698,0.2478863596916198,15.243867809272023,440,1.268113374710083,1.129141954028307,depth6__none,0,0,80.0,510.0,600.0,520.0,0.10797674005681818,0.9997681379318236,0.1889392584562301,14.529320484702298,0.9999762773513794,0.1850023418664932,14.884531346322868,0.999998152256012,0.1344820857048034,15.46309990483488,E4_cures/depth6__none/seed0_fb0.csv,6,0.7101897597312927,0.9043447971343994,0.3761306405067444,0.9893821477890016,13.984066009521484,0.559917151927948,0.3745161890983581,0.986476480960846,0.3800201714038849,0.9920334219932556,11.566617965698242,0.5178090929985046,0.2478863596916198,0.9980774521827698,0.3536507487297058,0.994549036026001,8.627571105957031,0.5485069155693054,0.1171875,0.7177734375,0.84765625,0.89501953125,0.89501953125,3000,0.7156233191490173,0.7154931426048279,33.84983310085365,14.00160243300144,11.742659740774805,1.268113374710083,1.264911064067352,1.0,0.001,1.0,1.0,128,300,6,3000,-1.0,0,0,0,0,0,0.0,1.0,0,10,3.2490788990307586,35.225006103515625,21.546249389648438,3000,dfa,mnist,div255,mlp,tanh,sigmoid_bce,none,0.1889392584562301,0.9997681379318236,0.3894586265087127,0.994669497013092,8.58588981628418,0.5333136916160583,0.1850023418664932,0.9999762773513794,0.3769061267375946,0.99579656124115,6.992161750793457,0.5104090571403503,0.1344820857048034,0.999998152256012,0.3797813057899475,0.9969165325164796,6.454602241516113,0.3265789151191711,8.996318017779956,8.95736965446367,7.46813791021362
0.899269163608551,0.7233515977859497,6.9037437143494005,0.9869640469551086,0.3475123345851898,11.806447392327314,0.9982362389564514,0.2358588427305221,15.90042460262054,440,1.277761459350586,1.321501013696234,depth6__none,1,1,90.0,380.0,660.0,570.0,0.09060872395833333,0.9997655749320984,0.2173080146312713,15.230127705205955,0.9999733567237854,0.1841642260551452,15.359591923666096,0.9999972581863404,0.1712379306554794,16.23547211359166,E4_cures/depth6__none/seed1_fb1.csv,6,0.7233515977859497,0.899269163608551,0.3875109553337097,0.9866976141929626,13.712690353393556,0.5921347737312317,0.3475123345851898,0.9869640469551086,0.3620741665363312,0.9935430884361268,10.005876541137695,0.5430800318717957,0.2358588427305221,0.9982362389564514,0.3915127217769623,0.9941805005073548,9.439598083496094,0.5256027579307556,0.2265625,0.7109375,0.85693359375,0.90087890625,0.90087890625,3000,0.706366240978241,0.706366240978241,42.836466977783495,17.397917689138286,13.014569705490059,1.277761459350586,1.264911064067352,1.0,0.001,1.0,1.0,128,300,6,3000,-1.0,0,0,0,0,0,0.0,1.0,0,10,3.2490788990307586,35.225006103515625,22.04084610939026,3000,dfa,mnist,div255,mlp,tanh,sigmoid_bce,none,0.2173080146312713,0.9997655749320984,0.3989361226558685,0.9956934452056884,8.181721687316895,0.5472745895385742,0.1841642260551452,0.9999733567237854,0.3609684705734253,0.9969204664230348,6.11955451965332,0.4813600778579712,0.1712379306554794,0.9999972581863404,0.3332803547382355,0.9978035688400269,4.935523986816406,0.302804172039032,12.344939219254185,10.857486586310825,8.41895129585805
0.8814882636070251,0.7449429035186768,6.723470282553856,0.9793006777763368,0.4394678771495819,12.27242914130948,0.9970396161079408,0.2713919579982757,13.74556617237412,410,1.2086238861083984,1.1365667578587488,depth6__none,2,2,80.0,440.0,550.0,470.0,0.10529719172297297,0.9995830059051514,0.2131905555725097,13.966721847562052,0.9999408721923828,0.1814582794904709,14.955813164977604,0.9999919533729552,0.2039322704076767,16.6115808020876,E4_cures/depth6__none/seed2_fb2.csv,6,0.7449429035186768,0.8814882636070251,0.3762656152248382,0.9880829453468324,13.667789459228516,0.5795584321022034,0.4394678771495819,0.9793006777763368,0.3832592368125915,0.992002546787262,11.445853233337402,0.5252270102500916,0.2713919579982757,0.9970396161079408,0.3911609947681427,0.9935991764068604,9.981972694396973,0.5334543585777283,0.16796875,0.67431640625,0.84765625,0.90478515625,0.90478515625,3000,0.6995433568954468,0.6995433568954468,26.56916884691263,10.758065123290246,9.128389793931406,1.2086238861083984,1.264911064067352,1.0,0.001,1.0,1.0,128,300,6,3000,-1.0,0,0,0,0,0,0.0,1.0,0,10,3.2490788990307586,35.225006103515625,21.1731915473938,3000,dfa,mnist,div255,mlp,tanh,sigmoid_bce,none,0.2131905555725097,0.9995830059051514,0.4044045805931091,0.9938236474990844,8.904194831848145,0.5442127585411072,0.1814582794904709,0.9999408721923828,0.3984022438526153,0.9961759448051452,7.665379047393799,0.4872384667396545,0.2039322704076767,0.9999919533729552,0.4371293783187866,0.9955268502235411,8.051824569702148,0.3199042081832886,8.054709113252567,7.2642147810309,6.3556074600733
0.7332561016082764,0.8958756327629089,1.843625276304193,0.850875973701477,0.8694504499435425,2.0295079896898023,0.91602623462677,0.8230078220367432,2.09678491315047,160,1.268113374710083,0.8118750235554772,depth6__outlr10,0,0,,,,,,0.9525266289711,0.7997720241546631,2.0452525957378973,0.9741712808609008,0.7779093384742737,2.0933760597052204,0.9859344363212584,0.7495288848876953,2.1893796552621043,E4_cures/depth6__outlr10/seed0_fb0.csv,6,0.9164259433746338,0.7332561016082764,0.3761306405067444,0.9893821477890016,13.984066009521484,0.480678379535675,0.872976541519165,0.850875973701477,0.3800201714038849,0.9920334219932556,11.566617965698242,0.4138935506343841,0.8230078220367432,0.91602623462677,0.3536507487297058,0.994549036026001,8.627571105957031,0.4577099084854126,0.7685546875,0.8662109375,0.88671875,0.91015625,0.91015625,3000,0.5278878211975098,0.5236726403236389,3.3849833100853646,1.4001602433001439,1.1742659740774803,1.268113374710083,1.264911064067352,1.0,0.001,10.0,1.0,128,300,6,3000,-1.0,0,0,0,0,0,0.0,1.0,0,10,3.2490788990307586,35.225006103515625,20.913069009780884,3000,dfa,mnist,div255,mlp,tanh,sigmoid_bce,none,0.7997720241546631,0.9525266289711,0.3894586265087127,0.994669497013092,8.58588981628418,0.4372851550579071,0.7779093384742737,0.9741712808609008,0.3769061267375946,0.99579656124115,6.992161750793457,0.4608945846557617,0.7495288848876953,0.9859344363212584,0.3797813057899475,0.9969165325164796,6.454602241516113,0.4645189642906189,0.8996318017779955,0.895736965446367,0.746813791021362
0.7422930002212524,0.9057567715644836,1.865214673933106,0.8644034266471863,0.8529664874076843,1.9037272670778933,0.9321905374526978,0.7921445369720459,2.165407086947545,160,1.277761459350586,0.916233538307307,depth6__outlr10,1,1,40.0,110.0,200.0,160.0,0.137451171875,0.9650710225105286,0.7745228409767151,2.253061565374378,0.9794234037399292,0.7589924335479736,2.2767143282360265,0.9883415699005128,0.7651429176330566,2.2678870364125894,E4_cures/depth6__outlr10/seed1_fb1.csv,6,0.9151294827461244,0.7422930002212524,0.3875109553337097,0.9866976141929626,13.712690353393556,0.5231271982192993,0.8607460260391235,0.8644034266471863,0.3620741665363312,0.9935430884361268,10.005876541137695,0.4449787139892578,0.7921445369720459,0.9321905374526978,0.3915127217769623,0.9941805005073548,9.439598083496094,0.4164348840713501,0.76513671875,0.87109375,0.89697265625,0.91845703125,0.91845703125,3000,0.4995145201683044,0.4929502010345459,4.28364669777835,1.7397917689138287,1.3014569705490058,1.277761459350586,1.264911064067352,1.0,0.001,10.0,1.0,128,300,6,3000,-1.0,0,0,0,0,0,0.0,1.0,0,10,3.2490788990307586,35.225006103515625,21.372255325317383,3000,dfa,mnist,div255,mlp,tanh,sigmoid_bce,none,0.7745228409767151,0.9650710225105286,0.3989361226558685,0.9956934452056884,8.181721687316895,0.4461680650711059,0.7589924335479736,0.9794234037399292,0.3609684705734253,0.9969204664230348,6.11955451965332,0.4391685128211975,0.7651429176330566,0.9883415699005128,0.3332803547382355,0.9978035688400269,4.935523986816406,0.4468753039836883,1.2344939219254185,1.0857486586310827,0.8418951295858051
0.6922337412834167,0.904023051261902,1.841027751903872,0.7978651523590088,0.8832509517669678,1.8425996024645548,0.8799114227294922,0.8769760131835938,1.8214204855886815,120,1.2086238861083984,0.7551040015521221,depth6__outlr10,2,2,40.0,110.0,170.0,130.0,0.13470458984375,0.931361973285675,0.8463928699493408,1.7837761693744223,0.9618117809295654,0.8018984794616699,2.000996366530841,0.9789897799491882,0.7875370979309082,2.122381364862949,E4_cures/depth6__outlr10/seed2_fb2.csv,6,0.9346160888671876,0.6922337412834167,0.3762656152248382,0.9880829453468324,13.667789459228516,0.5063487887382507,0.9053146243095398,0.7978651523590088,0.3832592368125915,0.992002546787262,11.445853233337402,0.4317040145397186,0.8769760131835938,0.8799114227294922,0.3911609947681427,0.9935991764068604,9.981972694396973,0.4340013265609741,0.77587890625,0.87353515625,0.8994140625,0.919921875,0.919921875,3000,0.4789698719978332,0.4789698719978332,2.6569168846912627,1.0758065123290244,0.9128389793931405,1.2086238861083984,1.264911064067352,1.0,0.001,10.0,1.0,128,300,6,3000,-1.0,0,0,0,0,0,0.0,1.0,0,10,3.2490788990307586,35.225006103515625,21.875298023223877,3000,dfa,mnist,div255,mlp,tanh,sigmoid_bce,none,0.8463928699493408,0.931361973285675,0.4044045805931091,0.9938236474990844,8.904194831848145,0.4565241038799286,0.8018984794616699,0.9618117809295654,0.3984022438526153,0.9961759448051452,7.665379047393799,0.4347523152828216,0.7875370979309082,0.9789897799491882,0.4371293783187866,0.9955268502235411,8.051824569702148,0.4503869712352752,0.8054709113252567,0.72642147810309,0.63556074600733
0.6676495671272278,0.7824854254722595,0.794328818495737,0.5602230429649353,0.7784244418144226,1.1552630734169658,0.470388799905777,0.8289748430252075,1.142818595084987,0,0.0655139684677124,0.06692011334165726,depth6__priorbias,0,0,0.0,90.0,250.0,250.0,0.105322265625,0.5054629445075989,0.8516741394996643,0.9596998615701976,0.5044283270835876,0.8720270395278931,0.7581721597220962,0.4931021928787231,0.8754618167877197,0.6436544359155669,E4_cures/depth6__priorbias/seed0_fb0.csv,6,0.9765896797180176,0.4435562789440155,0.3761306405067444,0.9893821477890016,13.984066009521484,0.5932572484016418,0.976983606815338,0.4623240828514099,0.3800201714038849,0.9920334219932556,11.566617965698242,0.5504903197288513,0.9666054844856262,0.470388799905777,0.3536507487297058,0.994549036026001,8.627571105957031,0.5835111141204834,0.5654296875,0.8359375,0.87353515625,0.90087890625,0.90087890625,3000,0.655646800994873,0.653488278388977,1.748768637436421,0.7233584619378496,0.6066557259993226,0.0655139684677124,1.264911064067352,1.0,0.001,1.0,1.0,128,300,6,3000,0.1,0,0,0,0,0,0.0,1.0,0,10,3.2490788990307586,35.225006103515625,21.47209072113037,3000,dfa,mnist,div255,mlp,tanh,sigmoid_bce,none,0.9378259778022766,0.5054629445075989,0.3894586265087127,0.994669497013092,8.58588981628418,0.5818449854850769,0.9179956912994384,0.5044283270835876,0.3769061267375946,0.99579656124115,6.992161750793457,0.5262293815612793,0.8821150660514832,0.4931021928787231,0.3797813057899475,0.9969165325164796,6.454602241516113,0.3165653645992279,0.46477271409356,0.46276054239262243,0.3858230354790788
0.6198586821556091,0.8014485239982605,1.4479773529674982,0.5650197267532349,0.7610998749732971,2.3115853558643664,0.5334272384643555,0.8311291933059692,2.707616846896252,0,0.0598718039691448,0.06927956902209759,depth6__priorbias,1,1,80.0,170.0,300.0,220.0,0.13046875,0.5467177033424377,0.8461187481880188,2.0239722267958125,0.5549992322921753,0.861023485660553,1.8005795131432747,0.5718829035758972,0.8348991274833679,1.3902233511339506,E4_cures/depth6__priorbias/seed1_fb1.csv,6,0.9731175303459167,0.45449298620224,0.3875109553337097,0.9866976141929626,13.712690353393556,0.6311655640602112,0.9693520069122314,0.4754919409751892,0.3620741665363312,0.9935430884361268,10.005876541137695,0.5827564597129822,0.9458537101745604,0.5334272384643555,0.3915127217769623,0.9941805005073548,9.439598083496094,0.5804837942123413,0.60498046875,0.8291015625,0.86572265625,0.90771484375,0.90771484375,3000,0.6573796272277832,0.6551711559295654,2.0071794581502624,0.8152106245909259,0.6098209962803994,0.0598718039691448,1.264911064067352,1.0,0.001,1.0,1.0,128,300,6,3000,0.1,0,0,0,0,0,0.0,1.0,0,10,3.2490788990307586,35.225006103515625,21.73511576652527,3000,dfa,mnist,div255,mlp,tanh,sigmoid_bce,none,0.9190378785133362,0.5467177033424377,0.3989361226558685,0.9956934452056884,8.181721687316895,0.5887021422386169,0.8643000721931458,0.5549992322921753,0.3609684705734253,0.9969204664230348,6.11955451965332,0.500537633895874,0.8385041356086731,0.5718829035758972,0.3332803547382355,0.9978035688400269,4.935523986816406,0.2918759286403656,0.5784442593235234,0.5087469994779842,0.39448505659857275
0.6360525488853455,0.7969934344291687,0.4068348583990908,0.5253775119781494,0.7866794466972351,0.1711494051424419,0.3995985686779022,0.8438007831573486,0.1271374503596359,0,0.0585674196481704,0.06275576278573122,depth6__priorbias,2,2,0.0,110.0,250.0,250.0,0.11161295572916667,0.4044045805931091,0.8703863024711609,0.1093254655070519,0.3984022438526153,0.8864481449127197,0.0695301917680532,0.4371293783187866,0.8682965040206909,0.0477333179674636,E4_cures/depth6__priorbias/seed2_fb2.csv,6,0.9828758835792542,0.3762656152248382,0.3762656152248382,0.9880829453468324,13.667789459228516,0.6135286688804626,0.9780486822128296,0.3832592368125915,0.3832592368125915,0.992002546787262,11.445853233337402,0.5632314682006836,0.9586472511291504,0.3911609947681427,0.3911609947681427,0.9935991764068604,9.981972694396973,0.5916160345077515,0.5869140625,0.82666015625,0.87109375,0.9130859375,0.9130859375,3000,0.634437620639801,0.634437620639801,1.2874870995398033,0.5213136376998396,0.44234293390864454,0.0585674196481704,1.264911064067352,1.0,0.001,1.0,1.0,128,300,6,3000,0.1,0,0,0,0,0,0.0,1.0,0,10,3.2490788990307586,35.225006103515625,21.449726581573486,3000,dfa,mnist,div255,mlp,tanh,sigmoid_bce,none,0.9369905591011048,0.4044045805931091,0.4044045805931091,0.9938236474990844,8.904194831848145,0.5769593119621277,0.9115148186683656,0.3984022438526153,0.3984022438526153,0.9961759448051452,7.665379047393799,0.5036482810974121,0.8830581307411194,0.4371293783187866,0.4371293783187866,0.9955268502235411,8.051824569702148,0.2954675555229187,0.39031458355399085,0.35200885931930176,0.3079796233646262
0.8405237197875977,0.6856920719146729,7.2841027355218335,0.9491294026374816,0.4979131817817688,6.47549340659697,0.9790632724761964,0.4069028496742248,7.736829854271531,2920,1.268113374710083,1.299532283535888,depth6__whiten,0,0,300.0,850.0,2630.0,2330.0,0.09654017857142858,0.9907379746437072,0.3526681661605835,8.286467953848764,0.9963836073875428,0.3439846634864807,8.920345071322787,0.99858558177948,0.3108450174331665,9.520858124059874,E4_cures/depth6__whiten/seed0_fb0.csv,6,0.8756800293922424,0.7498847246170044,0.3761306405067444,0.9893821477890016,13.984066009521484,0.1416342407464981,0.8220798373222351,0.8808764219284058,0.3800201714038849,0.9920334219932556,11.566617965698242,0.138116717338562,0.8011422753334045,0.937398374080658,0.3536507487297058,0.994549036026001,8.627571105957031,0.1562374234199524,0.10693359375,0.11328125,0.17138671875,0.36669921875,0.36669921875,3000,2.738671064376831,2.738671064376831,33.84983310085365,14.00160243300144,11.742659740774805,1.268113374710083,1.264911064067352,1.0,0.001,1.0,1.0,128,300,6,3000,-1.0,0,0,0,1,0,0.0,1.0,0,10,3.2490788990307586,35.225006103515625,48.60896182060242,3000,dfa,mnist,div255,mlp,tanh,sigmoid_bce,none,0.7998292446136475,0.9641485810279846,0.3894586265087127,0.994669497013092,8.58588981628418,0.158256858587265,0.7878862023353577,0.9823768734931946,0.3769061267375946,0.99579656124115,6.992161750793457,0.130425214767456,0.7924948930740356,0.9906984567642212,0.3797813057899475,0.9969165325164796,6.454602241516113,0.0875502452254295,8.996318017779956,8.95736965446367,7.46813791021362
0.8323089480400085,0.685595691204071,7.940780335513145,0.9269921779632568,0.5820001363754272,7.053700823395939,0.9681518077850342,0.4738051891326904,8.037130982090401,2920,1.277761459350586,1.2845257267454735,depth6__whiten,1,1,300.0,760.0,2530.0,2230.0,0.0941863364361702,0.9843358993530272,0.3720048666000366,10.055394495144329,0.9924054145812988,0.3627961575984955,11.168597992234458,0.9964730739593506,0.3514406979084015,11.467871708306197,E4_cures/depth6__whiten/seed1_fb1.csv,6,0.8836138844490051,0.7526922821998596,0.3875109553337097,0.9866976141929626,13.712690353393556,0.1472265422344207,0.8386582136154175,0.875958263874054,0.3620741665363312,0.9935430884361268,10.005876541137695,0.1778578758239746,0.7828748226165771,0.9417994618415833,0.3915127217769623,0.9941805005073548,9.439598083496094,0.1443711668252945,0.1357421875,0.09814453125,0.14892578125,0.3916015625,0.3916015625,3000,2.727694272994995,2.727694272994995,42.836466977783495,17.397917689138286,13.014569705490059,1.277761459350586,1.264911064067352,1.0,0.001,1.0,1.0,128,300,6,3000,-1.0,0,0,0,1,0,0.0,1.0,0,10,3.2490788990307586,35.225006103515625,48.670899629592896,3000,dfa,mnist,div255,mlp,tanh,sigmoid_bce,none,0.7790573835372925,0.9717894196510316,0.3989361226558685,0.9956934452056884,8.181721687316895,0.1852443367242813,0.7837574481964111,0.9845614433288574,0.3609684705734253,0.9969204664230348,6.11955451965332,0.1176513731479644,0.7897896766662598,0.9914379715919496,0.3332803547382355,0.9978035688400269,4.935523986816406,0.0488882213830947,12.344939219254185,10.857486586310825,8.41895129585805
0.8391845226287842,0.6733872890472412,5.8044338629262064,0.9348391890525818,0.5344635248184204,4.725027652507581,0.9747651815414428,0.4327327907085418,5.5200854314514,2910,1.2086238861083984,1.2160326050317163,depth6__whiten,2,2,240.0,620.0,2530.0,2290.0,0.10278946314102565,0.9892631769180298,0.3710557520389557,6.333294471148094,0.9941062927246094,0.3639270067214966,7.239831073965613,0.9974968433380128,0.3345098793506622,7.249498993130445,E4_cures/depth6__whiten/seed2_fb2.csv,6,0.8685768246650696,0.7287585139274597,0.3762656152248382,0.9880829453468324,13.667789459228516,0.1125049367547035,0.8204154968261719,0.8506531715393066,0.3832592368125915,0.992002546787262,11.445853233337402,0.1334082633256912,0.7504920959472656,0.933281421661377,0.3911609947681427,0.9935991764068604,9.981972694396973,0.1539918184280395,0.1396484375,0.1982421875,0.17919921875,0.37548828125,0.37548828125,3000,2.7125842571258545,2.7125842571258545,26.56916884691263,10.758065123290246,9.128389793931406,1.2086238861083984,1.264911064067352,1.0,0.001,1.0,1.0,128,300,6,3000,-1.0,0,0,0,1,0,0.0,1.0,0,10,3.2490788990307586,35.225006103515625,49.412423849105835,3000,dfa,mnist,div255,mlp,tanh,sigmoid_bce,none,0.7222487926483154,0.9681000709533693,0.4044045805931091,0.9938236474990844,8.904194831848145,0.1741337180137634,0.7178153991699219,0.9824788570404052,0.3984022438526153,0.9961759448051452,7.665379047393799,0.1408654302358627,0.7249618768692017,0.991834282875061,0.4371293783187866,0.9955268502235411,8.051824569702148,0.0567373931407928,8.054709113252567,7.2642147810309,6.3556074600733
