family,exp,tag,seed,fb_seed,variant,horizon,onset_network,exit_network,onset_model,exit_model,cov_log_mae_l1,cov_log_mae_l2,cov_log_mae_l3,cov_log_mae_l4,cov_log_mae_l5,cov_log_mae_l6,cov_log_mae_l7
fresh,E18_fresh,w450_d2,10,10,full,3000,70.0,360.0,59.0,315.0,0.1569201403683528,0.24132780077791607,,,,,
fresh,E18_fresh,w450_d2,10,10,no_local,3000,70.0,360.0,59.0,,0.5023045137724841,0.926147369581037,,,,,
fresh,E18_fresh,w450_d2,10,10,no_participation,3000,70.0,360.0,59.0,397.0,0.09054611489930205,0.23158352288654455,,,,,
fresh,E18_fresh,w450_d2,10,10,measured_init,3000,70.0,360.0,59.0,317.0,0.15419456244104124,0.2296231919997795,,,,,
fresh,E18_fresh,w450_d2,11,11,full,3000,70.0,350.0,59.0,314.0,0.11917417459031106,0.20193695170438478,,,,,
fresh,E18_fresh,w450_d2,11,11,no_local,3000,70.0,350.0,60.0,,0.519697371487593,0.9322073349356855,,,,,
fresh,E18_fresh,w450_d2,11,11,no_participation,3000,70.0,350.0,59.0,394.0,0.05585569898800133,0.23254382503439577,,,,,
fresh,E18_fresh,w450_d2,11,11,measured_init,3000,70.0,350.0,59.0,314.0,0.1213522138927885,0.20184683492019329,,,,,
fresh,E18_fresh,w450_d2,12,12,full,3000,70.0,340.0,60.0,281.0,0.13815481968200538,0.22220108557140705,,,,,
fresh,E18_fresh,w450_d2,12,12,no_local,3000,70.0,340.0,62.0,,0.5127134662518169,0.9376791163393416,,,,,
fresh,E18_fresh,w450_d2,12,12,no_participation,3000,70.0,340.0,60.0,347.0,0.07826157881920968,0.199264573691111,,,,,
fresh,E18_fresh,w450_d2,12,12,measured_init,3000,70.0,340.0,60.0,283.0,0.13317451477744474,0.2131626753610395,,,,,
fresh,E18_fresh,w450_d4,10,10,full,3000,60.0,400.0,55.0,437.0,0.11360847632805564,0.12657206790865724,0.31401251482615894,0.6547425626405625,,,
fresh,E18_fresh,w450_d4,10,10,no_local,3000,60.0,400.0,56.0,,0.5901591160885684,1.1601126970973872,1.622111890464737,2.0126118094994228,,,
fresh,E18_fresh,w450_d4,10,10,no_participation,3000,60.0,400.0,55.0,652.0,0.049800705951045986,0.25801945802307047,0.5869099527350787,0.9680151668120422,,,
fresh,E18_fresh,w450_d4,10,10,measured_init,3000,60.0,400.0,56.0,440.0,0.10589613504591905,0.12320547935963341,0.31387170722977875,0.6548985364365804,,,
fresh,E18_fresh,w450_d4,11,11,full,3000,60.0,310.0,56.0,483.0,0.03854376402656343,0.16737633765479915,0.5149800341394378,0.7864949659574227,,,
fresh,E18_fresh,w450_d4,11,11,no_local,3000,60.0,310.0,57.0,,0.5530867844322239,1.179533033934312,1.8705136245877276,2.3408825498578976,,,
fresh,E18_fresh,w450_d4,11,11,no_participation,3000,60.0,310.0,56.0,741.0,0.05548565124649045,0.35000537993139536,0.7864033260140116,1.033147944653968,,,
fresh,E18_fresh,w450_d4,11,11,measured_init,3000,60.0,310.0,56.0,492.0,0.027763724234618738,0.18272757253904168,0.5458292190457541,0.812239998694358,,,
fresh,E18_fresh,w450_d4,12,12,full,3000,60.0,350.0,56.0,456.0,0.10084704985139475,0.12711839551499302,0.36565785336375567,0.6807399824944154,,,
fresh,E18_fresh,w450_d4,12,12,no_local,3000,60.0,350.0,57.0,,0.5573453485160123,1.1344275165265065,1.6233400398979754,1.9558505056025863,,,
fresh,E18_fresh,w450_d4,12,12,no_participation,3000,60.0,350.0,56.0,694.0,0.048881026792696,0.26911989684915605,0.6081541812457139,0.9187290351422077,,,
fresh,E18_fresh,w450_d4,12,12,measured_init,3000,60.0,350.0,56.0,464.0,0.0849609193712168,0.12487204919120273,0.3686268322232374,0.679382195482848,,,
fresh,E18_fresh,w450_d6,10,10,full,3000,60.0,490.0,57.0,584.0,0.08944432797171886,0.12163368409580375,0.406758398619379,0.7808552024762834,1.2060724149292634,1.6453500390602318,
fresh,E18_fresh,w450_d6,10,10,no_local,3000,60.0,490.0,58.0,,0.7010046698462804,1.406918993683058,2.030005602766236,2.5013505177416606,2.882282106653109,3.1871883375296064,
fresh,E18_fresh,w450_d6,10,10,no_participation,3000,60.0,490.0,57.0,962.0,0.04236187663909028,0.3329004683160929,0.8020206280876084,1.2390437661339153,1.631815370067451,1.962436940778649,
fresh,E18_fresh,w450_d6,10,10,measured_init,3000,60.0,490.0,57.0,586.0,0.08759068908688966,0.12001770699312676,0.4083609388425809,0.784304319067449,1.2065149244874454,1.6454537956666697,
fresh,E18_fresh,w450_d6,11,11,full,3000,60.0,390.0,58.0,593.0,0.036856057017594826,0.18570590857390784,0.5322099163561969,0.8689682965463696,1.1869979866233067,1.4814640265113852,
fresh,E18_fresh,w450_d6,11,11,no_local,3000,60.0,390.0,59.0,,0.6491164854878357,1.3710078277872477,2.085682533585094,2.638155035108622,2.989641164032943,3.3619049529009266,
fresh,E18_fresh,w450_d6,11,11,no_participation,3000,60.0,390.0,58.0,975.0,0.06135698489877106,0.4043881017217964,0.8527595719532195,1.1871557860569368,1.4302507860405484,1.6325853529331602,
fresh,E18_fresh,w450_d6,11,11,measured_init,3000,60.0,390.0,59.0,598.0,0.034650064377224996,0.18637270628186525,0.5413287142083065,0.8825252335993359,1.193212393732202,1.4840846935112422,
fresh,E18_fresh,w450_d6,12,12,full,3000,60.0,380.0,58.0,555.0,0.06980773589325022,0.12491910791380609,0.4268485123032434,0.7781444664615071,1.1216588227627748,1.430324364708316,
fresh,E18_fresh,w450_d6,12,12,no_local,3000,60.0,380.0,58.0,,0.621145534682039,1.2734547054966445,1.9886431961619309,2.4545772567846,2.8445970276633816,3.125927584289826,
fresh,E18_fresh,w450_d6,12,12,no_participation,3000,60.0,380.0,58.0,907.0,0.05330370977264449,0.311976010899451,0.7560867844228901,1.1114291515245596,1.3849808407923614,1.5905888479266308,
fresh,E18_fresh,w450_d6,12,12,measured_init,3000,60.0,380.0,58.0,561.0,0.06054483781472063,0.12752004534279018,0.4423747265763313,0.7903630382721001,1.1316932470638894,1.4283198862659374,
grid,E17_grid,w100_d1,0,0,full,3000,280.0,890.0,196.0,709.0,0.061203982428175915,,,,,,
grid,E17_grid,w100_d1,0,0,no_local,3000,280.0,890.0,206.0,,0.994513446389366,,,,,,
grid,E17_grid,w100_d1,0,0,no_participation,3000,280.0,890.0,198.0,954.0,0.21877000983117809,,,,,,
grid,E17_grid,w100_d1,0,0,measured_init,3000,280.0,890.0,197.0,721.0,0.05342217665695938,,,,,,
grid,E17_grid,w100_d1,1,1,full,3000,,,203.0,659.0,0.1646069111853918,,,,,,
grid,E17_grid,w100_d1,1,1,no_local,3000,,,215.0,,0.9461380506997924,,,,,,
grid,E17_grid,w100_d1,1,1,no_participation,3000,,,206.0,864.0,0.11029260913095998,,,,,,
grid,E17_grid,w100_d1,1,1,measured_init,3000,,,203.0,664.0,0.1570655225650904,,,,,,
grid,E17_grid,w100_d1,2,2,full,3000,290.0,980.0,198.0,697.0,0.10096690624354364,,,,,,
grid,E17_grid,w100_d1,2,2,no_local,3000,290.0,980.0,209.0,,0.9890104343846846,,,,,,
grid,E17_grid,w100_d1,2,2,no_participation,3000,290.0,980.0,201.0,928.0,0.17271840342106107,,,,,,
grid,E17_grid,w100_d1,2,2,measured_init,3000,290.0,980.0,199.0,698.0,0.09957253954846841,,,,,,
grid,E17_grid,w100_d3,0,0,full,3000,250.0,1460.0,208.0,1726.0,0.06203704943977105,0.30935622357543807,0.5900151908650804,,,,
grid,E17_grid,w100_d3,0,0,no_local,3000,250.0,1460.0,210.0,,1.074044682470575,1.5943565948740128,2.0080796010009023,,,,
grid,E17_grid,w100_d3,0,0,no_participation,3000,250.0,1460.0,209.0,,0.2719986856509916,0.645395322500868,0.9260553126697838,,,,
grid,E17_grid,w100_d3,0,0,measured_init,3000,250.0,1460.0,209.0,1751.0,0.06183901641619576,0.31403002365436794,0.6054537986793458,,,,
grid,E17_grid,w100_d3,1,1,full,3000,250.0,1280.0,211.0,1333.0,0.18573515723774653,0.2679254240568563,0.5394948869507158,,,,
grid,E17_grid,w100_d3,1,1,no_local,3000,250.0,1280.0,213.0,,0.9161056482733028,1.2874166014661186,1.5841121937989144,,,,
grid,E17_grid,w100_d3,1,1,no_participation,3000,250.0,1280.0,212.0,2382.0,0.16321734717405512,0.46491730635980755,0.7563236151838874,,,,
grid,E17_grid,w100_d3,1,1,measured_init,3000,250.0,1280.0,212.0,1343.0,0.18117374506115383,0.25640643489442805,0.5310369355645528,,,,
grid,E17_grid,w100_d3,2,2,full,3000,220.0,970.0,219.0,1343.0,0.0764830325398608,0.23499559720918045,0.4728670041137046,,,,
grid,E17_grid,w100_d3,2,2,no_local,3000,220.0,970.0,221.0,,1.0571652627770491,1.4578455036606648,1.8562968073469563,,,,
grid,E17_grid,w100_d3,2,2,no_participation,3000,220.0,970.0,219.0,2306.0,0.24412199033541152,0.5017955444987211,0.7822578311535054,,,,
grid,E17_grid,w100_d3,2,2,measured_init,3000,220.0,970.0,219.0,1354.0,0.07401761627026646,0.2341525606446986,0.47371017471277177,,,,
grid,E17_grid,w100_d5,0,0,full,3000,260.0,1600.0,221.0,2379.0,0.07773024497548896,0.34937585079282085,0.6449630074899583,0.7913688815478019,0.907476361472857,,
grid,E17_grid,w100_d5,0,0,no_local,3000,260.0,1600.0,221.0,,1.0201470752354451,1.7471042465568893,2.2492300009958237,2.492633604348882,2.647772462944092,,
grid,E17_grid,w100_d5,0,0,no_participation,3000,260.0,1600.0,221.0,,0.2299769576097551,0.7148154651002675,1.0129067228472635,1.0451496159638916,1.0148336764321468,,
grid,E17_grid,w100_d5,0,0,measured_init,3000,260.0,1600.0,221.0,2382.0,0.07277362103628308,0.3465465654675751,0.6419630312188676,0.7915181622646715,0.9065349976374844,,
grid,E17_grid,w100_d5,1,1,full,3000,180.0,1450.0,232.0,1913.0,0.05907609527371459,0.3196270389170784,0.6853235378840561,0.9475908306520312,1.1805996148842492,,
grid,E17_grid,w100_d5,1,1,no_local,3000,180.0,1450.0,233.0,,1.071201388499344,1.770744016364075,2.366991421315592,2.7548573116397375,2.9560939090313028,,
grid,E17_grid,w100_d5,1,1,no_participation,3000,180.0,1450.0,232.0,,0.24013230845444167,0.713661316323548,1.109069858583681,1.2668785461780594,1.366277670918486,,
grid,E17_grid,w100_d5,1,1,measured_init,3000,180.0,1450.0,233.0,1946.0,0.048589729770783685,0.3452079539960173,0.7145268511671905,0.9696041826327144,1.1871620540595949,,
grid,E17_grid,w100_d5,2,2,full,3000,210.0,1630.0,225.0,2198.0,0.07777928388130378,0.22215544252709127,0.5446919997639206,0.8751628571806738,1.1987374973298621,,
grid,E17_grid,w100_d5,2,2,no_local,3000,210.0,1630.0,226.0,,1.1349120885168642,1.5735728778684424,1.9242992807059383,2.1572850752867145,2.247191056358994,,
grid,E17_grid,w100_d5,2,2,no_participation,3000,210.0,1630.0,225.0,,0.2967988709826874,0.5589148891826856,0.8455441999306202,1.0502843511170608,1.2455839596244407,,
grid,E17_grid,w100_d5,2,2,measured_init,3000,210.0,1630.0,226.0,2240.0,0.08065998290643527,0.23394707477562582,0.5466411877841363,0.8574797940630283,1.122522541634626,,
grid,E17_grid,w100_d7,0,0,full,3000,240.0,1910.0,242.0,2809.0,0.0913982222906626,0.391821444976085,0.8373297455445969,0.8982465693262671,1.167182643834111,1.4512447115090374,2.046484504069993
grid,E17_grid,w100_d7,0,0,no_local,3000,240.0,1910.0,243.0,,1.1342985144764774,1.7810046117223006,2.475272800370346,2.6910392609771656,2.681312093115651,2.908320430698058,2.758370713553259
grid,E17_grid,w100_d7,0,0,no_participation,3000,240.0,1910.0,242.0,,0.33646681798203343,0.800138664110649,1.2179301425721305,1.104866836317946,1.2207454445666481,1.4523497460743529,2.0298971992997332
grid,E17_grid,w100_d7,0,0,measured_init,3000,240.0,1910.0,242.0,2803.0,0.09139758789159964,0.38368789100006423,0.8267610071009681,0.8920601548356905,1.182560358364728,1.4742188525688389,2.076386428991163
grid,E17_grid,w100_d7,1,1,full,3000,210.0,1740.0,246.0,2185.0,0.06939716567806886,0.2725446461186172,0.5867394192732533,0.91860377285872,1.1358886984115468,1.450236953024768,1.8135218318007604
grid,E17_grid,w100_d7,1,1,no_local,3000,210.0,1740.0,248.0,,1.0840731322473438,1.670133190028529,2.1460487415136944,2.4853450212669728,2.5147856394819725,2.3556693750767366,2.3419328005791287
grid,E17_grid,w100_d7,1,1,no_participation,3000,210.0,1740.0,246.0,,0.25714259713975224,0.6372088522816838,0.9621762979885958,1.1831667179032468,1.2620065114992858,1.4815971229142912,1.7974279879181612
grid,E17_grid,w100_d7,1,1,measured_init,3000,210.0,1740.0,246.0,2171.0,0.07009838810305645,0.27013970752693717,0.5805167903957753,0.9201274751049713,1.1517874209825902,1.4982338366836423,1.8968656779441146
grid,E17_grid,w100_d7,2,2,full,3000,220.0,1610.0,245.0,2508.0,0.07062187725028213,0.3264888886500649,0.6100287415472267,0.8960357545247482,1.1716086019516658,1.5058817132697793,1.9724200987070666
grid,E17_grid,w100_d7,2,2,no_local,3000,220.0,1610.0,246.0,,1.105751799184258,1.5982133413486757,1.9233085564927819,2.302068390761269,2.6335942877490184,2.6484358506261416,2.6275842382401398
grid,E17_grid,w100_d7,2,2,no_participation,3000,220.0,1610.0,245.0,,0.2851502955944195,0.6504512597801412,0.9135258198383436,1.0972177211893972,1.2386901013961151,1.510516446702912,1.9536273258599577
grid,E17_grid,w100_d7,2,2,measured_init,3000,220.0,1610.0,245.0,2529.0,0.0702416317640821,0.3282163238970021,0.6111500806307316,0.8871583476723491,1.1488583764191798,1.4519216804242185,1.8706641883055828
grid,E17_grid,w300_d1,0,0,full,3000,150.0,500.0,92.0,357.0,0.12024124675480735,,,,,,
grid,E17_grid,w300_d1,0,0,no_local,3000,150.0,500.0,95.0,1878.0,0.650848607347011,,,,,,
grid,E17_grid,w300_d1,0,0,no_participation,3000,150.0,500.0,92.0,408.0,0.07306932513636802,,,,,,
grid,E17_grid,w300_d1,0,0,measured_init,3000,150.0,500.0,92.0,356.0,0.12121526612516516,,,,,,
grid,E17_grid,w300_d1,1,1,full,3000,130.0,460.0,95.0,316.0,0.16932921535613257,,,,,,
grid,E17_grid,w300_d1,1,1,no_local,3000,130.0,460.0,99.0,1570.0,0.5928244164078369,,,,,,
grid,E17_grid,w300_d1,1,1,no_participation,3000,130.0,460.0,95.0,356.0,0.07257477928113612,,,,,,
grid,E17_grid,w300_d1,1,1,measured_init,3000,130.0,460.0,95.0,321.0,0.15719485689948973,,,,,,
grid,E17_grid,w300_d1,2,2,full,3000,130.0,480.0,97.0,325.0,0.15728898708162106,,,,,,
grid,E17_grid,w300_d1,2,2,no_local,3000,130.0,480.0,102.0,1645.0,0.6172449018947345,,,,,,
grid,E17_grid,w300_d1,2,2,no_participation,3000,130.0,480.0,98.0,367.0,0.06797416563773949,,,,,,
grid,E17_grid,w300_d1,2,2,measured_init,3000,130.0,480.0,98.0,326.0,0.15244688840001894,,,,,,
grid,E17_grid,w300_d3,0,0,full,3000,90.0,520.0,81.0,570.0,0.056116122805581224,0.13606038510249419,0.3901706063649083,,,,
grid,E17_grid,w300_d3,0,0,no_local,3000,90.0,520.0,82.0,,0.7307329447875707,1.3306769502947573,1.8358218997244393,,,,
grid,E17_grid,w300_d3,0,0,no_participation,3000,90.0,520.0,81.0,853.0,0.07898662737761658,0.3550602033828822,0.6963913622459627,,,,
grid,E17_grid,w300_d3,0,0,measured_init,3000,90.0,520.0,81.0,574.0,0.05353043937641492,0.136376992269617,0.39152050048643294,,,,
grid,E17_grid,w300_d3,1,1,full,3000,100.0,590.0,79.0,564.0,0.12294813498936735,0.12143943515848966,0.34681065257272276,,,,
grid,E17_grid,w300_d3,1,1,no_local,3000,100.0,590.0,80.0,,0.7425306126679821,1.4018417194451744,1.9255550864393272,,,,
grid,E17_grid,w300_d3,1,1,no_participation,3000,100.0,590.0,79.0,849.0,0.04306327093058362,0.3495265224923797,0.7310141326459497,,,,
grid,E17_grid,w300_d3,1,1,measured_init,3000,100.0,590.0,79.0,576.0,0.11395724709574931,0.11695979176313917,0.35524286033880037,,,,
grid,E17_grid,w300_d3,2,2,full,3000,100.0,500.0,81.0,511.0,0.09916039551129759,0.15362610164050922,0.36512541353603006,,,,
grid,E17_grid,w300_d3,2,2,no_local,3000,100.0,500.0,82.0,,0.6795998624691092,1.170880285925344,1.642966931099758,,,,
grid,E17_grid,w300_d3,2,2,no_participation,3000,100.0,500.0,82.0,731.0,0.06632820711504292,0.2985342015068306,0.6308887468444618,,,,
grid,E17_grid,w300_d3,2,2,measured_init,3000,100.0,500.0,82.0,522.0,0.09415654717144835,0.14341098563439542,0.36443204304070714,,,,
grid,E17_grid,w300_d5,0,0,full,3000,90.0,570.0,83.0,773.0,0.03443612420531697,0.1764696242196699,0.4540661984660758,0.7889639352002666,1.1616947686469246,,
grid,E17_grid,w300_d5,0,0,no_local,3000,90.0,570.0,83.0,,0.7952368079814287,1.4652499759511814,1.9640851362065104,2.3322301954524263,2.6049359887348857,,
grid,E17_grid,w300_d5,0,0,no_participation,3000,90.0,570.0,83.0,1308.0,0.10218550851271312,0.4349835574591793,0.799344054228214,1.129095694649766,1.435253589471071,,
grid,E17_grid,w300_d5,0,0,measured_init,3000,90.0,570.0,83.0,770.0,0.034888214038736556,0.17519284346882097,0.453586048284569,0.7864525879945993,1.1610885096038226,,
grid,E17_grid,w300_d5,1,1,full,3000,80.0,620.0,82.0,750.0,0.07175497502157886,0.1816677359708953,0.4567939656598934,0.8307062225548036,1.1836478753096538,,
grid,E17_grid,w300_d5,1,1,no_local,3000,80.0,620.0,83.0,,0.8228214883221872,1.5992189009822704,2.235914022315516,2.764057532621574,3.1508381279595667,,
grid,E17_grid,w300_d5,1,1,no_participation,3000,80.0,620.0,82.0,1290.0,0.07663854356532013,0.49659975462707745,0.9191294574311626,1.315731029305273,1.588138071592038,,
grid,E17_grid,w300_d5,1,1,measured_init,3000,80.0,620.0,82.0,756.0,0.0644414082671402,0.184345652174494,0.4658184520632124,0.8428270010096635,1.1911802176780546,,
grid,E17_grid,w300_d5,2,2,full,3000,80.0,570.0,83.0,684.0,0.0659313637714532,0.11811256753899402,0.33721726709294264,0.6676670113301738,1.0482064113943488,,
grid,E17_grid,w300_d5,2,2,no_local,3000,80.0,570.0,84.0,,0.7774701588470914,1.3840338634359588,1.9396880821303741,2.467038329402614,2.8193498072966166,,
grid,E17_grid,w300_d5,2,2,no_participation,3000,80.0,570.0,83.0,1123.0,0.08285832461745603,0.3368044064955098,0.7077606040883851,1.0888386923652167,1.394814717493985,,
grid,E17_grid,w300_d5,2,2,measured_init,3000,80.0,570.0,84.0,698.0,0.04892122077837189,0.11463009905756273,0.34841969701709535,0.68374334547491,1.0524920815522487,,
grid,E17_grid,w300_d7,0,0,full,3000,80.0,720.0,85.0,916.0,0.043773092813795954,0.16530382866804114,0.4189577825556301,0.7419024508670798,1.1587239835551313,1.5875378757166938,1.9550374421443384
grid,E17_grid,w300_d7,0,0,no_local,3000,80.0,720.0,86.0,,0.9155302620449427,1.665779136804579,2.346066929039926,2.883532786027177,3.406799353672833,3.842640236273267,4.175264995148224
grid,E17_grid,w300_d7,0,0,no_participation,3000,80.0,720.0,85.0,1645.0,0.12955180833060373,0.4895554159800063,0.9291560811516802,1.3020177614657344,1.6432959543863332,1.922117565341857,2.1399458768486608
grid,E17_grid,w300_d7,0,0,measured_init,3000,80.0,720.0,85.0,922.0,0.04175493569481523,0.1667571979000046,0.42775692506000607,0.7524639503378763,1.168072064735645,1.5948639296429714,1.9550504827760236
grid,E17_grid,w300_d7,1,1,full,3000,80.0,650.0,85.0,938.0,0.05342185063075567,0.2421708446039542,0.5710822586797591,0.9785924377017668,1.4058643710796959,1.7924192661663692,2.126306090219223
grid,E17_grid,w300_d7,1,1,no_local,3000,80.0,650.0,85.0,,0.8584881729230173,1.701878236504812,2.372849817512792,2.962250352386795,3.502740412886475,3.96101520426599,4.188486623673783
grid,E17_grid,w300_d7,1,1,no_participation,3000,80.0,650.0,85.0,1676.0,0.09973898901949983,0.5615118991375809,1.011000877614898,1.4231807245663184,1.7576230505081532,2.0097185795240913,2.238546740237307
grid,E17_grid,w300_d7,1,1,measured_init,3000,80.0,650.0,85.0,945.0,0.04884847965707123,0.2488151902236574,0.5795782016987521,0.9899729110795414,1.4195714997586568,1.8021370249960291,2.126161896596288
grid,E17_grid,w300_d7,2,2,full,3000,90.0,690.0,87.0,859.0,0.04396164000463113,0.14216045733812227,0.3653699065665749,0.7592175994072534,1.200917902977744,1.6061724470604013,1.9752490822451814
grid,E17_grid,w300_d7,2,2,no_local,3000,90.0,690.0,88.0,,0.8816010277112903,1.5923190027965697,2.2587444805713566,2.9158721648285986,3.4847127992148432,3.9274515391955047,4.25065306010271
grid,E17_grid,w300_d7,2,2,no_participation,3000,90.0,690.0,87.0,1527.0,0.09838372705610533,0.42716294232597635,0.8609349230579074,1.335729958056938,1.7000556470032038,1.9539161442995014,2.1663513591074115
grid,E17_grid,w300_d7,2,2,measured_init,3000,90.0,690.0,87.0,863.0,0.04216640054014473,0.14204135549461014,0.36878598472614926,0.7658125677725162,1.2055915654374971,1.6124051309889715,1.9728025908375428
grid,E17_grid,w600_d1,0,0,full,3000,,,,,0.2884062069687511,,,,,,
grid,E17_grid,w600_d1,0,0,no_local,3000,,,65.0,840.0,0.9206421375263791,,,,,,
grid,E17_grid,w600_d1,0,0,no_participation,3000,,,63.0,240.0,0.1732137992188394,,,,,,
grid,E17_grid,w600_d1,0,0,measured_init,3000,,,,,0.28286516977692877,,,,,,
grid,E17_grid,w600_d1,1,1,full,3000,100.0,300.0,,,0.12366416034902747,,,,,,
grid,E17_grid,w600_d1,1,1,no_local,3000,100.0,300.0,63.0,830.0,0.500859251624299,,,,,,
grid,E17_grid,w600_d1,1,1,no_participation,3000,100.0,300.0,61.0,239.0,0.057873422357769606,,,,,,
grid,E17_grid,w600_d1,1,1,measured_init,3000,100.0,300.0,61.0,223.0,0.11311367992315467,,,,,,
grid,E17_grid,w600_d1,2,2,full,3000,,,,,0.2552703491331713,,,,,,
grid,E17_grid,w600_d1,2,2,no_local,3000,,,65.0,815.0,0.964444069290321,,,,,,
grid,E17_grid,w600_d1,2,2,no_participation,3000,,,63.0,237.0,0.13321593069331483,,,,,,
grid,E17_grid,w600_d1,2,2,measured_init,3000,,,,,0.25022561590195797,,,,,,
grid,E17_grid,w600_d3,0,0,full,3000,50.0,260.0,43.0,283.0,0.10231182398210768,0.03784216141933187,0.17341312141975432,,,,
grid,E17_grid,w600_d3,0,0,no_local,3000,50.0,260.0,43.0,,0.45195308673073215,0.9915777171487037,1.5138320418254125,,,,
grid,E17_grid,w600_d3,0,0,no_participation,3000,50.0,260.0,43.0,384.0,0.05790918367920996,0.13805063355025002,0.4237204414179074,,,,
grid,E17_grid,w600_d3,0,0,measured_init,3000,50.0,260.0,43.0,282.0,0.10292509793854536,0.04209561818209142,0.17233948199812218,,,,
grid,E17_grid,w600_d3,1,1,full,3000,60.0,280.0,44.0,295.0,0.11839714576825439,0.15466444076371075,0.3544171693760632,,,,
grid,E17_grid,w600_d3,1,1,no_local,3000,60.0,280.0,44.0,,0.47254380170694266,0.9431824156292584,1.3529562233111363,,,,
grid,E17_grid,w600_d3,1,1,no_participation,3000,60.0,280.0,44.0,403.0,0.06811790131703463,0.19958026014470553,0.5088957617964183,,,,
grid,E17_grid,w600_d3,1,1,measured_init,3000,60.0,280.0,44.0,297.0,0.11320467238725555,0.14453715468841974,0.3491036131192628,,,,
grid,E17_grid,w600_d3,2,2,full,3000,60.0,280.0,44.0,285.0,0.1337405232096217,0.16043730183730548,0.27445213422555487,,,,
grid,E17_grid,w600_d3,2,2,no_local,3000,60.0,280.0,45.0,,0.4580664522785684,0.9406142057481971,1.373184554533218,,,,
grid,E17_grid,w600_d3,2,2,no_participation,3000,60.0,280.0,44.0,383.0,0.08770488202657374,0.15863875026748794,0.4356581105022136,,,,
grid,E17_grid,w600_d3,2,2,measured_init,3000,60.0,280.0,44.0,289.0,0.12010479155853052,0.13467782901958725,0.26863990864483644,,,,
grid,E17_grid,w600_d5,0,0,full,3000,60.0,370.0,44.0,370.0,0.13494129065640367,0.2142943411640151,0.33019339506307765,0.580350116258357,0.936063509864532,,
grid,E17_grid,w600_d5,0,0,no_local,3000,60.0,370.0,45.0,,0.561629869402077,1.1069044105844936,1.5863502097216322,1.9780147715970327,2.236313432470654,,
grid,E17_grid,w600_d5,0,0,no_participation,3000,60.0,370.0,44.0,564.0,0.0797437134768533,0.1736061116046347,0.5166048900963036,0.914058049140701,1.3080972626119107,,
grid,E17_grid,w600_d5,0,0,measured_init,3000,60.0,370.0,44.0,372.0,0.12912106356518613,0.20319727897814974,0.31976675479774497,0.5750148700938119,0.9342588243796672,,
grid,E17_grid,w600_d5,1,1,full,3000,50.0,350.0,44.0,381.0,0.11785555099691451,0.09600409370863924,0.24540724814134546,0.5239533861659283,0.8562707854502556,,
grid,E17_grid,w600_d5,1,1,no_local,3000,50.0,350.0,44.0,,0.5651997289096593,1.2099742668376714,1.8605467630179413,2.374607773142012,2.7232140186421145,,
grid,E17_grid,w600_d5,1,1,no_participation,3000,50.0,350.0,44.0,580.0,0.061705255442128154,0.20827212495950143,0.5822739644952251,0.9481054545432482,1.2575106428389669,,
grid,E17_grid,w600_d5,1,1,measured_init,3000,50.0,350.0,44.0,384.0,0.11655949456745586,0.09413787196331778,0.2466148375874599,0.5282374008630719,0.8578494437438349,,
grid,E17_grid,w600_d5,2,2,full,3000,50.0,290.0,44.0,389.0,0.10642455366400713,0.08949760114969998,0.3115870087839757,0.6612599852155643,1.0212296938972323,,
grid,E17_grid,w600_d5,2,2,no_local,3000,50.0,290.0,44.0,,0.4977282535142334,1.0548926891670207,1.640581193412476,2.0866037526661265,2.362508703201087,,
grid,E17_grid,w600_d5,2,2,no_participation,3000,50.0,290.0,44.0,595.0,0.05814808015692836,0.18191600911277947,0.5526605780550786,0.9357969713616527,1.2422506102679627,,
grid,E17_grid,w600_d5,2,2,measured_init,3000,50.0,290.0,44.0,393.0,0.10164725910707631,0.08215379236568418,0.31316104820067053,0.6626795746250378,1.016060496784599,,
grid,E17_grid,w600_d7,0,0,full,3000,50.0,390.0,44.0,466.0,0.10434140101528507,0.12045492575381896,0.29071921277470597,0.612363143648557,1.0240094039285228,1.527855136727108,2.0088198691538786
grid,E17_grid,w600_d7,0,0,no_local,3000,50.0,390.0,45.0,,0.612925197799931,1.2560199182612926,1.8531583789552084,2.3792314475348,2.7682837083307774,3.068165490319946,3.316638445836431
grid,E17_grid,w600_d7,0,0,no_participation,3000,50.0,390.0,44.0,757.0,0.04802230080523888,0.2365202022666068,0.6217373740079999,1.0676668521776365,1.4703576961256286,1.8767180830217007,2.22730262618765
grid,E17_grid,w600_d7,0,0,measured_init,3000,50.0,390.0,44.0,471.0,0.09280877808903229,0.11074782593095947,0.2898904307866005,0.6204769432520707,1.0324232612182223,1.525332972637149,1.9928295792673516
grid,E17_grid,w600_d7,1,1,full,3000,50.0,370.0,46.0,476.0,0.05359608199777589,0.137006199458014,0.40375620713043403,0.7725979563492618,1.1892984006312606,1.6066888473457859,1.999998578285162
grid,E17_grid,w600_d7,1,1,no_local,3000,50.0,370.0,46.0,,0.650904170916873,1.411261167920443,2.1222754864348534,2.734648599523544,3.248338177750842,3.74754796572498,4.0942885133282605
grid,E17_grid,w600_d7,1,1,no_participation,3000,50.0,370.0,46.0,787.0,0.04311507074601678,0.3542677862519775,0.7956069198904315,1.2299355363966087,1.5974497678549375,1.8973081672665635,2.1626888578574146
grid,E17_grid,w600_d7,1,1,measured_init,3000,50.0,370.0,46.0,484.0,0.04212388116763597,0.14504233914009781,0.42461094648401554,0.8020107347939255,1.2155504811558338,1.6294624736584145,2.0054446282417446
grid,E17_grid,w600_d7,2,2,full,3000,50.0,340.0,45.0,449.0,0.10495531657077503,0.09014922798955949,0.2966178450945831,0.6983545314811854,1.1266442780438726,1.5842230959199692,2.0251807889667632
grid,E17_grid,w600_d7,2,2,no_local,3000,50.0,340.0,46.0,,0.5660442541791582,1.2148855762451651,1.848103425010766,2.4428698575648657,2.8987088976771425,3.252158955450716,3.4289239391262054
grid,E17_grid,w600_d7,2,2,no_participation,3000,50.0,340.0,45.0,708.0,0.05310073280962405,0.21456773224675396,0.603439781758937,1.0789267765015929,1.472563812945969,1.8224501855243047,2.1630398133152346
grid,E17_grid,w600_d7,2,2,measured_init,3000,50.0,340.0,45.0,455.0,0.09196117349592726,0.0823438168744822,0.30701957915289624,0.7143219633915102,1.1385173884981634,1.5827174308437446,2.0153567852555914
grid,E17_grid,w900_d1,0,0,full,3000,130.0,310.0,,,0.12714454294285352,,,,,,
grid,E17_grid,w900_d1,0,0,no_local,3000,130.0,310.0,50.0,593.0,0.5449422432676669,,,,,,
grid,E17_grid,w900_d1,0,0,no_participation,3000,130.0,310.0,,,0.06762916894273897,,,,,,
grid,E17_grid,w900_d1,0,0,measured_init,3000,130.0,310.0,,,0.12831635307363498,,,,,,
grid,E17_grid,w900_d1,1,1,full,3000,90.0,280.0,,,0.11831443261798918,,,,,,
grid,E17_grid,w900_d1,1,1,no_local,3000,90.0,280.0,50.0,574.0,0.5221435554234364,,,,,,
grid,E17_grid,w900_d1,1,1,no_participation,3000,90.0,280.0,,,0.06191697031524803,,,,,,
grid,E17_grid,w900_d1,1,1,measured_init,3000,90.0,280.0,,,0.11499318194334186,,,,,,
grid,E17_grid,w900_d1,2,2,full,3000,90.0,280.0,,,0.1841120443641661,,,,,,
grid,E17_grid,w900_d1,2,2,no_local,3000,90.0,280.0,53.0,536.0,0.4616359234062443,,,,,,
grid,E17_grid,w900_d1,2,2,no_participation,3000,90.0,280.0,,,0.13383035083243344,,,,,,
grid,E17_grid,w900_d1,2,2,measured_init,3000,90.0,280.0,,,0.17367384206849187,,,,,,
grid,E17_grid,w900_d3,0,0,full,3000,,,31.0,208.0,0.4931080393475974,1.1662793729438041,2.2967070020425298,,,,
grid,E17_grid,w900_d3,0,0,no_local,3000,,,31.0,,0.8036071632157987,1.7450754806029976,2.7186222563181257,,,,
grid,E17_grid,w900_d3,0,0,no_participation,3000,,,31.0,270.0,0.433980193570493,0.8380715160479493,1.4542367550637056,,,,
grid,E17_grid,w900_d3,0,0,measured_init,3000,,,31.0,209.0,0.4929271732760749,1.1636126337128838,2.2942970896195716,,,,
grid,E17_grid,w900_d3,1,1,full,3000,,,31.0,197.0,0.4711580810523296,1.1985294185872315,2.4635928193004575,,,,
grid,E17_grid,w900_d3,1,1,no_local,3000,,,31.0,,0.8331048788774268,1.736229943657341,2.605419716169287,,,,
grid,E17_grid,w900_d3,1,1,no_participation,3000,,,31.0,255.0,0.4134532396230023,0.8526291816150842,1.5455864579590297,,,,
grid,E17_grid,w900_d3,1,1,measured_init,3000,,,31.0,199.0,0.46751964193016254,1.1918908267720072,2.4478792949037356,,,,
grid,E17_grid,w900_d3,2,2,full,3000,40.0,200.0,31.0,203.0,0.12999715104763587,0.2042328974746807,0.3228242921086248,,,,
grid,E17_grid,w900_d3,2,2,no_local,3000,40.0,200.0,31.0,,0.37640851804336417,0.8069821611638025,1.186282672417202,,,,
grid,E17_grid,w900_d3,2,2,no_participation,3000,40.0,200.0,31.0,262.0,0.10334722572810749,0.12373810784014247,0.40966931287609126,,,,
grid,E17_grid,w900_d3,2,2,measured_init,3000,40.0,200.0,31.0,204.0,0.1324213866488979,0.19656383962237908,0.31552285835289506,,,,
grid,E17_grid,w900_d5,0,0,full,3000,40.0,250.0,29.0,269.0,0.13745140719102242,0.15690271002499892,0.21997287629081824,0.4705481094944356,0.8594030871157223,,
grid,E17_grid,w900_d5,0,0,no_local,3000,40.0,250.0,30.0,,0.4455478158334587,1.0139535283748669,1.5587521359204932,1.9638214461566055,2.316257343054065,,
grid,E17_grid,w900_d5,0,0,no_participation,3000,40.0,250.0,29.0,392.0,0.10716337935928702,0.11418692511165882,0.41833010986684144,0.7886611934430268,1.190839653244876,,
grid,E17_grid,w900_d5,0,0,measured_init,3000,40.0,250.0,29.0,272.0,0.1321573419805724,0.14144639070149928,0.21091142815242822,0.4685486044643579,0.854505514252017,,
grid,E17_grid,w900_d5,1,1,full,3000,40.0,220.0,30.0,265.0,0.12898027430861284,0.1317020153168372,0.25399729376187585,0.5855783495605251,0.9645594772867522,,
grid,E17_grid,w900_d5,1,1,no_local,3000,40.0,220.0,30.0,,0.41393307124992945,0.9522442304303315,1.4670848541393338,1.8957386084512762,2.1641274558590387,,
grid,E17_grid,w900_d5,1,1,no_participation,3000,40.0,220.0,30.0,390.0,0.09910393337630813,0.1345998523130021,0.4491816309661433,0.8514811964044554,1.2107997774125079,,
grid,E17_grid,w900_d5,1,1,measured_init,3000,40.0,220.0,30.0,268.0,0.11983194375559174,0.10910102426849505,0.2523831502148862,0.5862971232644061,0.9631794726336255,,
grid,E17_grid,w900_d5,2,2,full,3000,50.0,210.0,30.0,254.0,0.12297157699086533,0.10183191668044632,0.21162564885011326,0.4976188967616349,0.8521078393665295,,
grid,E17_grid,w900_d5,2,2,no_local,3000,50.0,210.0,31.0,,0.4028954794542992,0.9526697846901087,1.5134181958873922,1.9276358278872265,2.2215610028523014,,
grid,E17_grid,w900_d5,2,2,no_participation,3000,50.0,210.0,30.0,367.0,0.09695561547427572,0.10425835947468508,0.40907390778955804,0.7520530547032773,1.0894556338048087,,
grid,E17_grid,w900_d5,2,2,measured_init,3000,50.0,210.0,30.0,256.0,0.12164954792818246,0.09870890971850121,0.20960402499914466,0.4955421879199484,0.847029577084492,,
grid,E17_grid,w900_d7,0,0,full,3000,50.0,260.0,30.0,323.0,0.12473690543328474,0.07685910968593673,0.22548038354313935,0.5284245380202381,0.9619807860157336,1.397645912799742,1.864821319174779
grid,E17_grid,w900_d7,0,0,no_local,3000,50.0,260.0,30.0,,0.4743263234215999,1.1290966730720269,1.782918177604935,2.3163348658061698,2.8020453376889267,3.1738271277348056,3.3949284300802804
grid,E17_grid,w900_d7,0,0,no_participation,3000,50.0,260.0,30.0,502.0,0.09190910841003797,0.1443663325198521,0.5158288100982868,0.9328248629819413,1.3681445930773952,1.716156312060637,2.05569904719378
grid,E17_grid,w900_d7,0,0,measured_init,3000,50.0,260.0,30.0,328.0,0.11321765753529417,0.06076627445592958,0.23199914325026322,0.5421906584602711,0.9768044701785924,1.4098031162834457,1.8571520181546362
grid,E17_grid,w900_d7,1,1,full,3000,40.0,260.0,31.0,321.0,0.10914227157306448,0.10480403849206438,0.2517843191473138,0.588257003823795,1.0225979033750068,1.5335548612172654,2.026501998471399
grid,E17_grid,w900_d7,1,1,no_local,3000,40.0,260.0,31.0,,0.49592040077259525,1.117939833919135,1.737923129225703,2.2788587899360215,2.6800087332470572,2.931708684095589,3.070404279512416
grid,E17_grid,w900_d7,1,1,no_participation,3000,40.0,260.0,31.0,500.0,0.07467860917045,0.16336174767240552,0.5231919164371089,0.9806562441747649,1.4096933028749936,1.8263092527245746,2.211628131190111
grid,E17_grid,w900_d7,1,1,measured_init,3000,40.0,260.0,31.0,323.0,0.10395384757245575,0.09882775144814183,0.2511720273269374,0.5918048150947679,1.0244038491120946,1.5282181549153702,2.0167458414654975
grid,E17_grid,w900_d7,2,2,full,3000,40.0,250.0,30.0,322.0,0.11970222333869932,0.09236714886697957,0.26594847997333826,0.6383205499930521,1.0922394592712057,1.5465991916169672,2.004378592569896
grid,E17_grid,w900_d7,2,2,no_local,3000,40.0,250.0,31.0,,0.4696852940538711,1.091671377865325,1.6997410231198193,2.2043497624623467,2.60914180783552,2.941532947628187,3.1178246385666144
grid,E17_grid,w900_d7,2,2,no_participation,3000,40.0,250.0,30.0,498.0,0.0880552531182886,0.14952492047426333,0.5192270522579626,0.981423036345186,1.425392241696763,1.8001209818606536,2.1502351571017764
grid,E17_grid,w900_d7,2,2,measured_init,3000,40.0,250.0,30.0,322.0,0.12153229265635652,0.09407476658211238,0.26414069817949226,0.6361954872996913,1.0891605649115241,1.5441595004071178,1.9991721681405656
sweeps,E1_headline,base,0,0,full,3000,90.0,520.0,81.0,570.0,0.05611611807834677,0.1360603906513829,0.39017061047703183,,,,
sweeps,E1_headline,base,0,0,no_local,3000,90.0,520.0,82.0,,0.7307329495148053,1.3306769497461945,1.835821896637982,,,,
sweeps,E1_headline,base,0,0,no_participation,3000,90.0,520.0,81.0,853.0,0.07898662518207782,0.355060205980617,0.6963913663580863,,,,
sweeps,E1_headline,base,0,0,measured_init,3000,90.0,520.0,81.0,574.0,0.05353043464918047,0.1363769978185057,0.39152050459855653,,,,
sweeps,E1_headline,base,1,1,full,3000,100.0,590.0,79.0,564.0,0.12294813585877602,0.12143943261593478,0.3468106420818765,,,,
sweeps,E1_headline,base,1,1,no_local,3000,100.0,590.0,80.0,,0.7425306117985734,1.4018417126327725,1.92555507564755,,,,
sweeps,E1_headline,base,1,1,no_participation,3000,100.0,590.0,79.0,849.0,0.043063265735442884,0.34952651809420804,0.7310141214245381,,,,
sweeps,E1_headline,base,1,1,measured_init,3000,100.0,590.0,79.0,576.0,0.11395724796515797,0.1169597871971316,0.3552428498479541,,,,
sweeps,E1_headline,base,2,2,full,3000,100.0,500.0,81.0,511.0,0.09916039915374383,0.1536260970329633,0.3651254238103301,,,,
sweeps,E1_headline,base,2,2,no_local,3000,100.0,500.0,82.0,,0.6795998588266629,1.1708802942574905,1.6429669304500831,,,,
sweeps,E1_headline,base,2,2,no_participation,3000,100.0,500.0,82.0,731.0,0.0663282027172951,0.2985342033488273,0.6308887571187618,,,,
sweeps,E1_headline,base,2,2,measured_init,3000,100.0,500.0,82.0,522.0,0.09415655081389458,0.14341098102684952,0.3644320533150072,,,,
sweeps,E1_headline,center_delta,0,0,full,3000,,,,,0.5489127093907646,1.4790732658149852,3.1058588155065943,,,,
sweeps,E1_headline,center_delta,0,0,no_local,3000,,,732.0,1221.0,0.6536718923894972,0.9396760998432173,1.1005017698562534,,,,
sweeps,E1_headline,center_delta,0,0,no_participation,3000,,,,,0.546465324295365,1.4735697434610944,3.0950930299961747,,,,
sweeps,E1_headline,center_delta,0,0,measured_init,3000,,,,,0.5471585381421513,1.4783675995370213,3.096089290452589,,,,
sweeps,E1_headline,center_delta,1,1,full,3000,,,,,0.49081411998420676,1.4239446163535439,3.1184908967890754,,,,
sweeps,E1_headline,center_delta,1,1,no_local,3000,,,684.0,1156.0,0.7246540230463658,1.0258088623330677,1.1481996066784783,,,,
sweeps,E1_headline,center_delta,1,1,no_participation,3000,,,,,0.4876036976733708,1.4169554074459352,3.1049914540490806,,,,
sweeps,E1_headline,center_delta,1,1,measured_init,3000,,,,,0.4843175587655393,1.402733382476113,3.0758068779867984,,,,
sweeps,E1_headline,center_delta,2,2,full,3000,,,,,0.5097563038409919,1.4418214073853175,3.097102919374986,,,,
sweeps,E1_headline,center_delta,2,2,no_local,3000,,,665.0,1155.0,0.69819184060469,0.9916186775247711,1.1343247693311405,,,,
sweeps,E1_headline,center_delta,2,2,no_participation,3000,,,,,0.5057851557329153,1.4336451678230369,3.081486233479846,,,,
sweeps,E1_headline,center_delta,2,2,measured_init,3000,,,,,0.5064106308913722,1.424034904976537,3.0591296737591276,,,,
sweeps,E1_headline,center_e,0,0,full,3000,,,,,0.5570800742505575,1.4543318325261219,3.054778086025014,,,,
sweeps,E1_headline,center_e,0,0,no_local,3000,,,732.0,1221.0,0.6455091411143309,0.9644175331320809,1.151589627262431,,,,
sweeps,E1_headline,center_e,0,0,no_participation,3000,,,,,0.5546326891551578,1.4488283101722312,3.0440123005145936,,,,
sweeps,E1_headline,center_e,0,0,measured_init,3000,,,,,0.5553259030019442,1.4536261662481578,3.045008560971008,,,,
sweeps,E1_headline,center_e,1,1,full,3000,,,,,0.5366243243575055,1.4606896578496578,3.1155554913905723,,,,
sweeps,E1_headline,center_e,1,1,no_local,3000,,,684.0,1156.0,0.6788699120069441,0.9890262303707638,1.1510646362828927,,,,
sweeps,E1_headline,center_e,1,1,no_participation,3000,,,,,0.5334139020466695,1.4537004489420493,3.1020560486505766,,,,
sweeps,E1_headline,center_e,1,1,measured_init,3000,,,,,0.5301277631388381,1.4394784239722271,3.0728714725882957,,,,
sweeps,E1_headline,center_e,2,2,full,3000,,,,,0.5523536287179385,1.4763364275923982,3.0933120373327525,,,,
sweeps,E1_headline,center_e,2,2,no_local,3000,,,665.0,1155.0,0.6555909267676366,0.9570775359673312,1.1380645300288672,,,,
sweeps,E1_headline,center_e,2,2,no_participation,3000,,,,,0.548382480609862,1.4681601880301178,3.0776953514376135,,,,
sweeps,E1_headline,center_e,2,2,measured_init,3000,,,,,0.5490079557683188,1.458549925183619,3.0553387917168955,,,,
sweeps,E1_headline,frzbias,0,0,full,3000,90.0,510.0,81.0,565.0,0.05787491133295263,0.13010867659485587,0.3816910569897178,,,,
sweeps,E1_headline,frzbias,0,0,no_local,3000,90.0,510.0,82.0,,0.7208931505971913,1.3150975326515246,1.8131691924049398,,,,
sweeps,E1_headline,frzbias,0,0,no_participation,3000,90.0,510.0,81.0,841.0,0.07401323339414084,0.3421520295671817,0.6769112977339719,,,,
sweeps,E1_headline,frzbias,0,0,measured_init,3000,90.0,510.0,82.0,569.0,0.0552681971662839,0.13043169964684062,0.38276950492127815,,,,
sweeps,E1_headline,frzbias,1,1,full,3000,100.0,580.0,80.0,559.0,0.12352578278165612,0.11702295849006987,0.3410693986685483,,,,
sweeps,E1_headline,frzbias,1,1,no_local,3000,100.0,580.0,81.0,,0.7342005821786505,1.3865765033978896,1.9044345387679582,,,,
sweeps,E1_headline,frzbias,1,1,no_participation,3000,100.0,580.0,80.0,837.0,0.041074389669248895,0.3380525238217479,0.7135921245219219,,,,
sweeps,E1_headline,frzbias,1,1,measured_init,3000,100.0,580.0,80.0,570.0,0.11446564793117901,0.11201737006138349,0.34888504013467825,,,,
sweeps,E1_headline,frzbias,2,2,full,3000,100.0,500.0,82.0,505.0,0.10114921314502688,0.14836425098547923,0.35267183878426345,,,,
sweeps,E1_headline,frzbias,2,2,no_local,3000,100.0,500.0,83.0,,0.6782447238944258,1.171610496381299,1.644469780933876,,,,
sweeps,E1_headline,frzbias,2,2,no_participation,3000,100.0,500.0,82.0,720.0,0.06193520243979045,0.28796404928311103,0.6177619651322828,,,,
sweeps,E1_headline,frzbias,2,2,measured_init,3000,100.0,500.0,82.0,516.0,0.09614814885017095,0.13714328141911972,0.35195446570349276,,,,
sweeps,E1_headline,frzout,0,0,full,1500,,,,,0.11858509823401531,0.5161418808210423,0.9086539962351626,,,,
sweeps,E1_headline,frzout,0,0,no_local,1500,,,,,1.293783498752236,1.8393326303101907,2.8025514026749834,,,,
sweeps,E1_headline,frzout,0,0,no_participation,1500,,,,,0.27240362375459665,0.5277400388388289,0.7660764357385925,,,,
sweeps,E1_headline,frzout,0,0,measured_init,1500,,,,,0.1171204533809329,0.5148436144749481,0.9029531327874178,,,,
sweeps,E1_headline,frzout,1,1,full,1500,,,,,0.21996085550570146,0.5086482639807705,0.880690153313497,,,,
sweeps,E1_headline,frzout,1,1,no_local,1500,,,,,1.1947527150555766,1.929143185136408,3.0951984679883067,,,,
sweeps,E1_headline,frzout,1,1,no_participation,1500,,,,,0.21008843506962677,0.5328047923665136,0.7883563673765983,,,,
sweeps,E1_headline,frzout,1,1,measured_init,1500,,,,,0.21446477310094236,0.48264998972990675,0.8334877944979912,,,,
sweeps,E1_headline,frzout,2,2,full,1500,,,,,0.144740083011345,0.4856358546791878,1.2950858421823077,,,,
sweeps,E1_headline,frzout,2,2,no_local,1500,,,,,1.2943111255742188,2.161064248974463,2.7051915381045135,,,,
sweeps,E1_headline,frzout,2,2,no_participation,1500,,,,,0.28089707284069515,0.6747461609060916,1.1363307140540413,,,,
sweeps,E1_headline,frzout,2,2,measured_init,1500,,,,,0.14197887790403282,0.4738834817554855,1.2383299286919123,,,,
sweeps,E1_headline,outlr10,0,0,full,3000,,,,,0.504805335109045,1.1005417899818493,2.0708813096918703,,,,
sweeps,E1_headline,outlr10,0,0,no_local,3000,,,,,0.6324336439041275,1.0332776147023872,1.3213962954706389,,,,
sweeps,E1_headline,outlr10,0,0,no_participation,3000,,,,,0.4476677546183785,0.9457246655869469,1.7632487626945612,,,,
sweeps,E1_headline,outlr10,0,0,measured_init,3000,,,,,0.5029505688556449,1.1002779332586996,2.0588366429140303,,,,
sweeps,E1_headline,outlr10,1,1,full,3000,,,,,0.5336440858659393,1.1919140559246246,2.2483132344653978,,,,
sweeps,E1_headline,outlr10,1,1,no_local,3000,,,,,0.6296590293344962,1.009689397252279,1.2846162623759787,,,,
sweeps,E1_headline,outlr10,1,1,no_participation,3000,,,,,0.4841079440708819,1.0455858265756743,1.9477696815838805,,,,
sweeps,E1_headline,outlr10,1,1,measured_init,3000,,,,,0.5268541032835783,1.1691244014331945,2.203454331062104,,,,
sweeps,E1_headline,outlr10,2,2,full,3000,,,,,0.5430690105134087,1.2246925601954453,2.292404704240709,,,,
sweeps,E1_headline,outlr10,2,2,no_local,3000,,,,,0.6145773745669749,0.9741359792451577,1.252578272861573,,,,
sweeps,E1_headline,outlr10,2,2,no_participation,3000,,,,,0.494914696121189,1.0905282823769822,2.018904094740831,,,,
sweeps,E1_headline,outlr10,2,2,measured_init,3000,,,,,0.5395777078969698,1.2050925154879955,2.2510448687172064,,,,
sweeps,E1_headline,pixcenter_frzbias,0,0,full,3000,,,,,0.5754487846922457,1.5260904228883512,3.189528373261381,,,,
sweeps,E1_headline,pixcenter_frzbias,0,0,no_local,3000,,,,,0.6462473400678649,0.9571653919794707,1.1702403780406232,,,,
sweeps,E1_headline,pixcenter_frzbias,0,0,no_participation,3000,,,,,0.5754481879118257,1.526023894931748,3.1824953071101465,,,,
sweeps,E1_headline,pixcenter_frzbias,0,0,measured_init,3000,,,,,0.5761720058807414,1.530888145793483,3.1908270769049945,,,,
sweeps,E1_headline,pixcenter_frzbias,1,1,full,3000,,,,,0.5887163686288613,1.5844953424058594,3.299521332532429,,,,
sweeps,E1_headline,pixcenter_frzbias,1,1,no_local,3000,,,,,0.6465864098342243,0.9337040212876994,1.1343774280141206,,,,
sweeps,E1_headline,pixcenter_frzbias,1,1,no_participation,3000,,,,,0.5887156661070002,1.5844338587628464,3.291989337098176,,,,
sweeps,E1_headline,pixcenter_frzbias,1,1,measured_init,3000,,,,,0.584715609926263,1.5689661633940393,3.267801215025602,,,,
sweeps,E1_headline,pixcenter_frzbias,2,2,full,3000,,,,,0.5838369735783894,1.5680646621051861,3.287912466163461,,,,
sweeps,E1_headline,pixcenter_frzbias,2,2,no_local,3000,,,,,0.6465354406926883,0.9400924466605016,1.126772291432227,,,,
sweeps,E1_headline,pixcenter_frzbias,2,2,no_participation,3000,,,,,0.5838361574869215,1.5679858309723076,3.281192091084528,,,,
sweeps,E1_headline,pixcenter_frzbias,2,2,measured_init,3000,,,,,0.5846203974962287,1.5621387890058018,3.2713690593541385,,,,
sweeps,E1_headline,pixcenter,0,0,full,3000,,,,,0.533157448528729,1.3484958401483345,2.5213690503165003,,,,
sweeps,E1_headline,pixcenter,0,0,no_local,3000,,,194.0,2914.0,0.6822525531723117,1.0733809058561004,1.5477893978461936,,,,
sweeps,E1_headline,pixcenter,0,0,no_participation,3000,,,,,0.5326140650532206,1.3252438995213085,2.3004863496477213,,,,
sweeps,E1_headline,pixcenter,0,0,measured_init,3000,,,,,0.5338838606383466,1.353424229104559,2.5223451423184944,,,,
sweeps,E1_headline,pixcenter,1,1,full,3000,,,,,0.5259200283994899,1.3919900184836234,2.618554226196549,,,,
sweeps,E1_headline,pixcenter,1,1,no_local,3000,,,191.0,2817.0,0.7039453039107667,1.0622500114865574,1.5136608518294967,,,,
sweeps,E1_headline,pixcenter,1,1,no_participation,3000,,,,,0.5253893035428391,1.3688645410659332,2.396354390067978,,,,
sweeps,E1_headline,pixcenter,1,1,measured_init,3000,,,,,0.5219050851756131,1.3761134434779492,2.5857651119470013,,,,
sweeps,E1_headline,pixcenter,2,2,full,3000,,,,,0.5322621036520823,1.3918089274549998,2.6050581368283687,,,,
sweeps,E1_headline,pixcenter,2,2,no_local,3000,,,196.0,2669.0,0.6923356805278916,1.0597019633560651,1.5310750813781508,,,,
sweeps,E1_headline,pixcenter,2,2,no_participation,3000,,,,,0.5316085928414609,1.3667796786036992,2.3837136064457773,,,,
sweeps,E1_headline,pixcenter,2,2,measured_init,3000,,,,,0.5330486631809155,1.385682724266121,2.5874784304034106,,,,
sweeps,E1_headline,priorbias,0,0,full,3000,0.0,320.0,0.0,132.0,0.28847865720112503,0.5744335007068411,0.9540154962716099,,,,
sweeps,E1_headline,priorbias,0,0,no_local,3000,0.0,320.0,0.0,1081.0,0.3262767672048945,0.4880152709991686,0.6205426616866152,,,,
sweeps,E1_headline,priorbias,0,0,no_participation,3000,0.0,320.0,0.0,132.0,0.28633652965006,0.570932517795345,0.9487385819425149,,,,
sweeps,E1_headline,priorbias,0,0,measured_init,3000,0.0,320.0,0.0,134.0,0.2853789411227003,0.5749293376244772,0.9346415485071767,,,,
sweeps,E1_headline,priorbias,1,1,full,3000,150.0,330.0,0.0,137.0,0.2741005977681757,0.6213446105155827,1.1010589763744778,,,,
sweeps,E1_headline,priorbias,1,1,no_local,3000,150.0,330.0,0.0,,0.3759787349539977,0.5085391884059487,0.5619647100079257,,,,
sweeps,E1_headline,priorbias,1,1,no_participation,3000,150.0,330.0,0.0,138.0,0.26548522180967804,0.605174084129934,1.077876141200429,,,,
sweeps,E1_headline,priorbias,1,1,measured_init,3000,150.0,330.0,0.0,144.0,0.2628303412237485,0.5874133997882873,1.0418698237776072,,,,
sweeps,E1_headline,priorbias,2,2,full,3000,20.0,280.0,0.0,139.0,0.22351833711797922,0.4726026635375593,0.7795822966562992,,,,
sweeps,E1_headline,priorbias,2,2,no_local,3000,20.0,280.0,0.0,,0.3496321873427456,0.5125458985686148,0.6489230725175282,,,,
sweeps,E1_headline,priorbias,2,2,no_participation,3000,20.0,280.0,0.0,139.0,0.21704362371689784,0.4616682498644798,0.765289092163881,,,,
sweeps,E1_headline,priorbias,2,2,measured_init,3000,20.0,280.0,0.0,145.0,0.21731222876527412,0.4403684146858301,0.7201612449391681,,,,
sweeps,E1_headline,softmax_imb07,0,0,full,3000,,,,,0.731503270911871,1.3986928985290803,2.4723980118978557,,,,
sweeps,E1_headline,softmax_imb07,0,0,no_local,3000,,,62.0,,0.9438820877887325,1.7885679036924242,2.5045221500156893,,,,
sweeps,E1_headline,softmax_imb07,0,0,no_participation,3000,,,,,0.45584387238578605,0.7326807074358452,1.138363437568487,,,,
sweeps,E1_headline,softmax_imb07,0,0,measured_init,3000,,,,,0.7148169774067945,1.3731005299396517,2.42156010466965,,,,
sweeps,E1_headline,softmax_imb07,1,1,full,3000,,,,,0.7767230071159295,1.5501910070852989,2.708862794275343,,,,
sweeps,E1_headline,softmax_imb07,1,1,no_local,3000,,,61.0,,0.9288986548307827,1.758606484847436,2.5676579927135257,,,,
sweeps,E1_headline,softmax_imb07,1,1,no_participation,3000,,,,,0.5266146859707528,0.9200333398839491,1.411355036849108,,,,
sweeps,E1_headline,softmax_imb07,1,1,measured_init,3000,,,,,0.7488685237776062,1.5145099082972842,2.6376112053375933,,,,
sweeps,E1_headline,softmax_imb07,2,2,full,3000,,,,,0.8037648541366531,1.6319372887163763,2.9782243821730536,,,,
sweeps,E1_headline,softmax_imb07,2,2,no_local,3000,,,60.0,,0.9241594774895537,1.7223643112969513,2.4386992140681807,,,,
sweeps,E1_headline,softmax_imb07,2,2,no_participation,3000,,,,,0.5472721822430503,0.9888922987108006,1.6107989565853782,,,,
sweeps,E1_headline,softmax_imb07,2,2,measured_init,3000,,,,,0.78089217360655,1.594407464065137,2.896665405604806,,,,
sweeps,E1_headline,softmax,0,0,full,3000,,,,,1.072133221292665,2.5453521535355286,5.10101026075821,,,,
sweeps,E1_headline,softmax,0,0,no_local,3000,,,0.0,324.0,0.7070936128079954,1.1327845002238746,1.4331936263480713,,,,
sweeps,E1_headline,softmax,0,0,no_participation,3000,,,,,1.0016692014828088,2.361838381689796,4.7256138856236936,,,,
sweeps,E1_headline,softmax,0,0,measured_init,3000,,,,,1.053943598966325,2.504952985939875,5.018629671742138,,,,
sweeps,E1_headline,softmax,1,1,full,3000,,,,,1.0634645871249975,2.5399020667670524,5.065816807965558,,,,
sweeps,E1_headline,softmax,1,1,no_local,3000,,,0.0,362.0,0.7226924385795043,1.1518806529280274,1.4646939166770956,,,,
sweeps,E1_headline,softmax,1,1,no_participation,3000,,,,,0.9865665904443592,2.328552910519859,4.62750141221716,,,,
sweeps,E1_headline,softmax,1,1,measured_init,3000,,,,,1.0427721975886783,2.487969252577896,4.961434738823207,,,,
sweeps,E1_headline,softmax,2,2,full,3000,,,,,1.1088778302297053,2.6326022958006887,5.246316055739234,,,,
sweeps,E1_headline,softmax,2,2,no_local,3000,,,0.0,305.0,0.6772677368334287,1.0841567143364137,1.377356030578168,,,,
sweeps,E1_headline,softmax,2,2,no_participation,3000,,,,,1.0389325132594938,2.4451958959219624,4.858455807825198,,,,
sweeps,E1_headline,softmax,2,2,measured_init,3000,,,,,1.0900913575724258,2.5845024951076705,5.149947723074733,,,,
sweeps,E2_master,C2,0,0,full,1500,,,,,1.401937883198921,4.239195098751853,9.893317598150219,,,,
sweeps,E2_master,C2,0,0,no_local,1500,,,,,1.0179787623763104,1.5113121759842678,1.7173310388173326,,,,
sweeps,E2_master,C2,0,0,no_participation,1500,,,,,1.389979211945349,4.211804219589598,9.840418641551839,,,,
sweeps,E2_master,C2,0,0,measured_init,1500,,,,,1.4016592115037807,4.238635471767261,9.889962646061123,,,,
sweeps,E2_master,C2,1,1,full,1500,,,,,1.4379571698899831,4.268078732191275,9.924066688423055,,,,
sweeps,E2_master,C2,1,1,no_local,1500,,,,,0.9756158347923782,1.4748990828277677,1.685283358097995,,,,
sweeps,E2_master,C2,1,1,no_participation,1500,,,,,1.4273203264951881,4.243235558996104,9.87474475258072,,,,
sweeps,E2_master,C2,1,1,measured_init,1500,,,,,1.4311822623888726,4.246771969640025,9.877680905757522,,,,
sweeps,E2_master,C2,2,2,full,1500,,,,,1.4060487501466012,4.1320216943292305,9.599391971317809,,,,
sweeps,E2_master,C2,2,2,no_local,1500,,,,,1.0035904624311311,1.5609002806042889,1.8210479071860264,,,,
sweeps,E2_master,C2,2,2,no_participation,1500,,,,,1.3844965820575166,4.072028704787121,9.475411692420465,,,,
sweeps,E2_master,C2,2,2,measured_init,1500,,,,,1.4036045130992816,4.121890075049362,9.579324227199963,,,,
sweeps,E2_master,C3,0,0,full,1500,,,,,1.0649037583565726,2.9027286097448113,6.305246985336129,,,,
sweeps,E2_master,C3,0,0,no_local,1500,,,,,0.9602140097190162,1.5735883211800228,2.0737491501809266,,,,
sweeps,E2_master,C3,0,0,no_participation,1500,,,,,0.9959340235396367,2.6535469440166803,5.7025383806415,,,,
sweeps,E2_master,C3,0,0,measured_init,1500,,,,,1.0600439735817027,2.8878541227714547,6.274088108469536,,,,
sweeps,E2_master,C3,1,1,full,1500,,,,,1.029531732862214,2.7589730815904163,6.045780389514739,,,,
sweeps,E2_master,C3,1,1,no_local,1500,,,,,0.9791800758035074,1.6686436847793067,2.1969956913297684,,,,
sweeps,E2_master,C3,1,1,no_participation,1500,,,,,0.9639328229042627,2.5081666955238737,5.427272699781161,,,,
sweeps,E2_master,C3,1,1,measured_init,1500,,,,,1.0292104813698582,2.7592664060819,6.04918729431163,,,,
sweeps,E2_master,C3,2,2,full,1500,,,,,1.1148513386110863,3.1030944497190074,6.952453747566515,,,,
sweeps,E2_master,C3,2,2,no_local,1500,,,0.0,200.0,0.939899844976764,1.515703860376557,1.8793258132940927,,,,
sweeps,E2_master,C3,2,2,no_participation,1500,,,,,1.073319726712245,2.9656997121002835,6.636343158846942,,,,
sweeps,E2_master,C3,2,2,measured_init,1500,,,,,1.102056042566486,3.0669745268848785,6.876914798966682,,,,
sweeps,E2_master,C5,0,0,full,1500,,,,,0.5295883626103589,1.2863704813746075,2.617868924176115,,,,
sweeps,E2_master,C5,0,0,no_local,1500,,,69.0,,1.0728680319582415,1.918494959632272,2.643033083960855,,,,
sweeps,E2_master,C5,0,0,no_participation,1500,,,,,0.41143168266695557,0.8401669812293872,1.5732074376221754,,,,
sweeps,E2_master,C5,0,0,measured_init,1500,,,,,0.5267691634137855,1.2826889588246526,2.6010726048112867,,,,
sweeps,E2_master,C5,1,1,full,1500,80.0,190.0,,,0.16306448525895484,0.32429391452981865,0.559395386350511,,,,
sweeps,E2_master,C5,1,1,no_local,1500,80.0,190.0,73.0,,0.5406845747315894,0.8799638325033257,1.138959404968854,,,,
sweeps,E2_master,C5,1,1,no_participation,1500,80.0,190.0,,,0.12732527840544872,0.22107099703672847,0.3877559215516108,,,,
sweeps,E2_master,C5,1,1,measured_init,1500,80.0,190.0,,,0.17213248827449923,0.337453627945576,0.582591100535422,,,,
sweeps,E2_master,C5,2,2,full,1500,,,,,0.6043343202262601,1.4816907667803079,3.0963139150477743,,,,
sweeps,E2_master,C5,2,2,no_local,1500,,,78.0,,1.016817531088548,1.8097573678078631,2.447590976705698,,,,
sweeps,E2_master,C5,2,2,no_participation,1500,,,,,0.5086202517415671,1.108709796282321,2.1895168135172995,,,,
sweeps,E2_master,C5,2,2,measured_init,1500,,,,,0.6064986239779336,1.4794491356319561,3.0962323076638754,,,,
sweeps,E2_master,b2048,0,0,full,1500,160.0,510.0,81.0,570.0,0.05448373989731758,0.13667247964550355,0.3886992424023715,,,,
sweeps,E2_master,b2048,0,0,no_local,1500,160.0,510.0,82.0,,0.7236668774330024,1.317758665194925,1.8177561486334533,,,,
sweeps,E2_master,b2048,0,0,no_participation,1500,160.0,510.0,81.0,853.0,0.07870397968404623,0.35211427958266805,0.6892671262671671,,,,
sweeps,E2_master,b2048,0,0,measured_init,1500,160.0,510.0,81.0,574.0,0.05187558212715308,0.13696951758446793,0.39048073424009444,,,,
sweeps,E2_master,b2048,1,1,full,1500,90.0,580.0,79.0,564.0,0.12118379598952818,0.1205793207598046,0.35159201004426105,,,,
sweeps,E2_master,b2048,1,1,no_local,1500,90.0,580.0,80.0,,0.7360167357835125,1.3919163327111483,1.9093079385363028,,,,
sweeps,E2_master,b2048,1,1,no_participation,1500,90.0,580.0,79.0,849.0,0.04347555245120801,0.351545764944582,0.7279105445405031,,,,
sweeps,E2_master,b2048,1,1,measured_init,1500,90.0,580.0,79.0,576.0,0.11211939794406063,0.11677147043271632,0.36019462047001266,,,,
sweeps,E2_master,b2048,2,2,full,1500,100.0,500.0,81.0,511.0,0.09744441609920505,0.153624795577136,0.36626687267542773,,,,
sweeps,E2_master,b2048,2,2,no_local,1500,100.0,500.0,82.0,,0.6813158418812018,1.1751196378489845,1.6517497404394443,,,,
sweeps,E2_master,b2048,2,2,no_participation,1500,100.0,500.0,82.0,731.0,0.06661510975090591,0.30035046086694017,0.6341114631814303,,,,
sweeps,E2_master,b2048,2,2,measured_init,1500,100.0,500.0,82.0,522.0,0.09244056775935582,0.14415300735094216,0.366297669813025,,,,
sweeps,E2_master,b32,0,0,full,1500,130.0,520.0,81.0,570.0,0.056870196534775055,0.13177720639132573,0.3822025489396561,,,,
sweeps,E2_master,b32,0,0,no_local,1500,130.0,520.0,82.0,,0.729978871058377,1.324741594553447,1.8159172020854224,,,,
sweeps,E2_master,b32,0,0,no_participation,1500,130.0,520.0,81.0,853.0,0.07799934624598752,0.3503557555688592,0.6850026296073229,,,,
sweeps,E2_master,b32,0,0,measured_init,1500,130.0,520.0,81.0,574.0,0.05428451310560875,0.13209381355844854,0.3834280678719176,,,,
sweeps,E2_master,b32,1,1,full,1500,90.0,580.0,79.0,564.0,0.11958180579430404,0.12285088451520866,0.35753864092008075,,,,
sweeps,E2_master,b32,1,1,no_local,1500,90.0,580.0,80.0,,0.7376907853359259,1.3950751402985755,1.9118587543109244,,,,
sweeps,E2_master,b32,1,1,no_participation,1500,90.0,580.0,79.0,849.0,0.04467513024592525,0.35603179626244996,0.7339353838719016,,,,
sweeps,E2_master,b32,1,1,measured_init,1500,90.0,580.0,79.0,576.0,0.11051740774883656,0.11958649605650803,0.3664089958487011,,,,
sweeps,E2_master,b32,2,2,full,1500,100.0,500.0,81.0,511.0,0.09979519273466966,0.15345750670366523,0.3634263972008855,,,,
sweeps,E2_master,b32,2,2,no_local,1500,100.0,500.0,82.0,,0.6789650652457371,1.16594086884451,1.6286716967699135,,,,
sweeps,E2_master,b32,2,2,no_participation,1500,100.0,500.0,82.0,731.0,0.06540228590793534,0.29481317557701525,0.6213381110620179,,,,
sweeps,E2_master,b32,2,2,measured_init,1500,100.0,500.0,82.0,522.0,0.09479134439482041,0.1431592461212104,0.3612084261183243,,,,
sweeps,E2_master,b512,0,0,full,1500,150.0,520.0,81.0,570.0,0.055160740830942204,0.13454736950983134,0.38675590769874957,,,,
sweeps,E2_master,b512,0,0,no_local,1500,150.0,520.0,82.0,,0.7316883267622097,1.332921363894159,1.8405822238951017,,,,
sweeps,E2_master,b512,0,0,no_participation,1500,150.0,520.0,81.0,853.0,0.07895229794485194,0.35519545186307394,0.6970665520303633,,,,
sweeps,E2_master,b512,0,0,measured_init,1500,150.0,520.0,81.0,574.0,0.0525750574017759,0.13486397667695416,0.38879702242226377,,,,
sweeps,E2_master,b512,1,1,full,1500,100.0,580.0,79.0,564.0,0.12110653796715536,0.12026447703037807,0.3512292759194835,,,,
sweeps,E2_master,b512,1,1,no_local,1500,100.0,580.0,80.0,,0.7360746559003734,1.3908419053497427,1.9073453532884677,,,,
sweeps,E2_master,b512,1,1,no_participation,1500,100.0,580.0,79.0,849.0,0.04346944896744643,0.35089618367749814,0.7271360288410361,,,,
sweeps,E2_master,b512,1,1,measured_init,1500,100.0,580.0,79.0,576.0,0.11204213992168781,0.11633253810543204,0.3597027716752455,,,,
sweeps,E2_master,b512,2,2,full,1500,100.0,500.0,81.0,511.0,0.09755535405268702,0.15499646071214138,0.3695413554449044,,,,
sweeps,E2_master,b512,2,2,no_local,1500,100.0,500.0,82.0,,0.6812049039277197,1.1748109243976586,1.650540677637287,,,,
sweeps,E2_master,b512,2,2,no_participation,1500,100.0,500.0,82.0,731.0,0.06749606339133625,0.3012706838478401,0.6358563951892346,,,,
sweeps,E2_master,b512,2,2,measured_init,1500,100.0,500.0,82.0,522.0,0.09255150571283777,0.1455346292835389,0.369295898579887,,,,
sweeps,E2_master,g0.03,0,0,full,3000,,,605.0,927.0,0.058682743565552926,0.11042979270837601,0.2096021968027268,,,,
sweeps,E2_master,g0.03,0,0,no_local,3000,,,640.0,1192.0,0.0301937644955891,0.025801382677489403,0.037398696650449814,,,,
sweeps,E2_master,g0.03,0,0,no_participation,3000,,,606.0,929.0,0.057518612489984834,0.10903207180024832,0.2080698793790464,,,,
sweeps,E2_master,g0.03,0,0,measured_init,3000,,,615.0,959.0,0.0533248397110589,0.11276779546590351,0.17913193195437135,,,,
sweeps,E2_master,g0.03,1,1,full,3000,,,565.0,876.0,0.08733678610085388,0.1733666903455651,0.25429650435282064,,,,
sweeps,E2_master,g0.03,1,1,no_local,3000,,,595.0,1122.0,0.01770362694001331,0.03948679043833381,0.07605122708543295,,,,
sweeps,E2_master,g0.03,1,1,no_participation,3000,,,565.0,877.0,0.0861956112658337,0.17191483115973952,0.25266804774260426,,,,
sweeps,E2_master,g0.03,1,1,measured_init,3000,,,583.0,943.0,0.06721280998472873,0.1263830216499812,0.1901874700559614,,,,
sweeps,E2_master,g0.03,2,2,full,3000,520.0,1860.0,555.0,882.0,0.07006211489511718,0.15866438799928756,0.24730645116856811,,,,
sweeps,E2_master,g0.03,2,2,no_local,3000,520.0,1860.0,584.0,1134.0,0.02089299023053842,0.028434143557296888,0.07150085174127492,,,,
sweeps,E2_master,g0.03,2,2,no_participation,3000,520.0,1860.0,555.0,883.0,0.06875873906681149,0.15708339588226494,0.24556629822504583,,,,
sweeps,E2_master,g0.03,2,2,measured_init,3000,520.0,1860.0,574.0,954.0,0.059784296798619754,0.11411852894091754,0.1803731698957683,,,,
sweeps,E2_master,g0.1,0,0,full,3000,240.0,1410.0,310.0,859.0,0.093878230914823,0.12351844656182136,0.25127832541765477,,,,
sweeps,E2_master,g0.1,0,0,no_local,3000,240.0,1410.0,320.0,,0.15526286147953275,0.2610167786260059,0.278852800646437,,,,
sweeps,E2_master,g0.1,0,0,no_participation,3000,240.0,1410.0,310.0,889.0,0.08153594246930035,0.10334886007006926,0.22593825264753592,,,,
sweeps,E2_master,g0.1,0,0,measured_init,3000,240.0,1410.0,312.0,895.0,0.08938913146289261,0.12547480748901838,0.2235457362433766,,,,
sweeps,E2_master,g0.1,1,1,full,3000,270.0,1550.0,295.0,808.0,0.12433641899248997,0.20661121712901015,0.3460845493045266,,,,
sweeps,E2_master,g0.1,1,1,no_local,3000,270.0,1550.0,305.0,2725.0,0.13392345767116104,0.20528783711029008,0.22004947616999856,,,,
sweeps,E2_master,g0.1,1,1,no_participation,3000,270.0,1550.0,295.0,835.0,0.11315421654769714,0.18671406852201566,0.3201308054520296,,,,
sweeps,E2_master,g0.1,1,1,measured_init,3000,270.0,1550.0,299.0,885.0,0.10756017870668157,0.16356805678592848,0.2832549211877643,,,,
sweeps,E2_master,g0.1,2,2,full,3000,270.0,1460.0,302.0,771.0,0.12390471815193242,0.2232015298382866,0.36049124462294957,,,,
sweeps,E2_master,g0.1,2,2,no_local,3000,270.0,1460.0,314.0,2480.0,0.1292009250458672,0.1782305875996911,0.18839328928077378,,,,
sweeps,E2_master,g0.1,2,2,no_participation,3000,270.0,1460.0,303.0,794.0,0.11291258185333891,0.20480119390111187,0.33676925951500647,,,,
sweeps,E2_master,g0.1,2,2,measured_init,3000,270.0,1460.0,307.0,848.0,0.11532204077919266,0.18266053497195364,0.29557200565280123,,,,
sweeps,E2_master,g0.3,0,0,full,1500,130.0,870.0,150.0,802.0,0.09389667457353022,0.05873176775531208,0.12263271595757551,,,,
sweeps,E2_master,g0.3,0,0,no_local,1500,130.0,870.0,153.0,,0.4116495738930182,0.7384336453084589,0.9468737032161993,,,,
sweeps,E2_master,g0.3,0,0,no_participation,1500,130.0,870.0,150.0,937.0,0.04896069226668958,0.06825771977825124,0.17346432969266606,,,,
sweeps,E2_master,g0.3,0,0,measured_init,1500,130.0,870.0,150.0,817.0,0.09046635919472222,0.060052419539577094,0.110848611457371,,,,
sweeps,E2_master,g0.3,1,1,full,1500,140.0,960.0,145.0,772.0,0.13074759991423943,0.15450091770000102,0.23399443108525753,,,,
sweeps,E2_master,g0.3,1,1,no_local,1500,140.0,960.0,148.0,,0.42392926827455246,0.7324204742959431,0.9375458624482021,,,,
sweeps,E2_master,g0.3,1,1,no_participation,1500,140.0,960.0,145.0,898.0,0.086748736991079,0.08323478643666107,0.19334884457101048,,,,
sweeps,E2_master,g0.3,1,1,measured_init,1500,140.0,960.0,146.0,807.0,0.11847922759259905,0.11795546723474218,0.17451367506213525,,,,
sweeps,E2_master,g0.3,2,2,full,1500,150.0,900.0,150.0,713.0,0.12993878202630313,0.20881427216081944,0.2750891079020019,,,,
sweeps,E2_master,g0.3,2,2,no_local,1500,150.0,900.0,154.0,,0.3960379176833313,0.6318841380928725,0.837204527523923,,,,
sweeps,E2_master,g0.3,2,2,no_participation,1500,150.0,900.0,150.0,815.0,0.09009023919194821,0.11660079534524624,0.1938284355734313,,,,
sweeps,E2_master,g0.3,2,2,measured_init,1500,150.0,900.0,152.0,748.0,0.12349084421577788,0.17452822437243032,0.21436138091848517,,,,
sweeps,E2_master,g10.0,0,0,full,1500,,,46.0,213.0,0.6071591199336035,1.8886831829892394,3.9682026232116394,,,,
sweeps,E2_master,g10.0,0,0,no_local,1500,,,46.0,,2.112155652811184,3.872506278699413,5.670087710685661,,,,
sweeps,E2_master,g10.0,0,0,no_participation,1500,,,46.0,709.0,0.270275121736368,0.7190955295903158,1.3797158930022848,,,,
sweeps,E2_master,g10.0,0,0,measured_init,1500,,,46.0,213.0,0.6069111006665296,1.8883379287620814,3.9673523061183538,,,,
sweeps,E2_master,g10.0,1,1,full,1500,60.0,290.0,46.0,217.0,0.28382433311199,0.3531794471040459,0.7123188863924095,,,,
sweeps,E2_master,g10.0,1,1,no_local,1500,60.0,290.0,46.0,,1.5996753695800627,3.2788340570613284,4.638849414943319,,,,
sweeps,E2_master,g10.0,1,1,no_participation,1500,60.0,290.0,46.0,758.0,0.210404396066551,1.247464039382474,1.9597464232940116,,,,
sweeps,E2_master,g10.0,1,1,measured_init,1500,60.0,290.0,46.0,218.0,0.28027999281953636,0.34874838397782065,0.7088498651358942,,,,
sweeps,E2_master,g10.0,2,2,full,1500,,,46.0,268.0,0.7382473141163397,1.9659464382799898,3.2612053820038605,,,,
sweeps,E2_master,g10.0,2,2,no_local,1500,,,46.0,,2.0235769595685507,3.956010409943539,6.212380229376419,,,,
sweeps,E2_master,g10.0,2,2,no_participation,1500,,,46.0,872.0,0.29724979588231387,0.7549646619906402,1.7959002587522497,,,,
sweeps,E2_master,g10.0,2,2,measured_init,1500,,,46.0,269.0,0.737589724415833,1.9641772872756535,3.261263853006613,,,,
sweeps,E2_master,g3.0,0,0,full,1500,70.0,350.0,56.0,360.0,0.0506816400297611,0.2087534860975466,0.5661812574414999,,,,
sweeps,E2_master,g3.0,0,0,no_local,1500,70.0,350.0,57.0,,1.1364656832208244,2.096664154641992,2.9283694134939418,,,,
sweeps,E2_master,g3.0,0,0,no_participation,1500,70.0,350.0,56.0,762.0,0.22228445412592712,0.7608935790891378,1.321302314236862,,,,
sweeps,E2_master,g3.0,0,0,measured_init,1500,70.0,350.0,56.0,361.0,0.049987453776049,0.20898405438255918,0.5702586189195519,,,,
sweeps,E2_master,g3.0,1,1,full,1500,70.0,420.0,56.0,362.0,0.15961157744074334,0.24688412280217953,0.5078423979190617,,,,
sweeps,E2_master,g3.0,1,1,no_local,1500,70.0,420.0,56.0,,1.1362569019630373,2.2602560959154983,3.173755608263136,,,,
sweeps,E2_master,g3.0,1,1,no_participation,1500,70.0,420.0,56.0,788.0,0.10748854894414299,0.7776566875993947,1.4031969380524183,,,,
sweeps,E2_master,g3.0,1,1,measured_init,1500,70.0,420.0,56.0,366.0,0.1536576121981731,0.24478053894556825,0.5106170749523024,,,,
sweeps,E2_master,g3.0,2,2,full,1500,100.0,300.0,57.0,366.0,0.07220430580667643,0.26875055939813586,0.738831554364364,,,,
sweeps,E2_master,g3.0,2,2,no_local,1500,100.0,300.0,57.0,,1.0230308370591008,1.8914121277607403,2.708300766299907,,,,
sweeps,E2_master,g3.0,2,2,no_participation,1500,100.0,300.0,57.0,724.0,0.1757172541124161,0.7016992835130434,1.2801733856634072,,,,
sweeps,E2_master,g3.0,2,2,measured_init,1500,100.0,300.0,57.0,370.0,0.06939111788557518,0.2703115317492299,0.7457373411928421,,,,
sweeps,E2_master,hidlr0.25,0,0,full,6000,150.0,940.0,167.0,829.0,0.09890307282708397,0.07714334405761937,0.1438051672379894,,,,
sweeps,E2_master,hidlr0.25,0,0,no_local,6000,150.0,940.0,171.0,,0.37129380785722593,0.6611380567264796,0.8331699447487961,,,,
sweeps,E2_master,hidlr0.25,0,0,no_participation,6000,150.0,940.0,167.0,943.0,0.060138654739878054,0.04444790512521505,0.130699311317956,,,,
sweeps,E2_master,hidlr0.25,0,0,measured_init,6000,150.0,940.0,168.0,846.0,0.09534589790569906,0.0785610438360809,0.11902622066107478,,,,
sweeps,E2_master,hidlr0.25,1,1,full,6000,150.0,1040.0,162.0,793.0,0.132904930790268,0.17194263377690502,0.27119219506102554,,,,
sweeps,E2_master,hidlr0.25,1,1,no_local,6000,150.0,1040.0,165.0,,0.37139725181156874,0.6299100419821166,0.7905915247223163,,,,
sweeps,E2_master,hidlr0.25,1,1,no_participation,6000,150.0,1040.0,162.0,899.0,0.0958710711187066,0.0849797894551768,0.1707874993000483,,,,
sweeps,E2_master,hidlr0.25,1,1,measured_init,6000,150.0,1040.0,163.0,834.0,0.11998500571370709,0.13432096882252806,0.2110617986998121,,,,
sweeps,E2_master,hidlr0.25,2,2,full,6000,160.0,990.0,168.0,737.0,0.13425359551216068,0.2205452577946378,0.3051183845837817,,,,
sweeps,E2_master,hidlr0.25,2,2,no_local,6000,160.0,990.0,172.0,,0.3615152108883229,0.5691447681966071,0.7413820241550967,,,,
sweeps,E2_master,hidlr0.25,2,2,no_participation,6000,160.0,990.0,168.0,821.0,0.09931889578950831,0.14234531221858762,0.19192397504067515,,,,
sweeps,E2_master,hidlr0.25,2,2,measured_init,6000,160.0,990.0,169.0,778.0,0.12760287632080755,0.18558514927401246,0.24390371797436297,,,,
sweeps,E2_master,hidlr4.0,0,0,full,1500,70.0,310.0,53.0,315.0,0.0556368787061103,0.2206970586064495,0.6001397786699427,,,,
sweeps,E2_master,hidlr4.0,0,0,no_local,1500,70.0,310.0,53.0,,1.2464151779480153,2.2852131177951542,3.168157325668929,,,,
sweeps,E2_master,hidlr4.0,0,0,no_participation,1500,70.0,310.0,53.0,740.0,0.26955529836700787,0.8661305350066213,1.4709954787910524,,,,
sweeps,E2_master,hidlr4.0,0,0,measured_init,1500,70.0,310.0,53.0,316.0,0.05514212755522166,0.22089007344777112,0.6036166504528688,,,,
sweeps,E2_master,hidlr4.0,1,1,full,1500,70.0,380.0,53.0,316.0,0.17775996781570286,0.281417427501201,0.5436326539895568,,,,
sweeps,E2_master,hidlr4.0,1,1,no_local,1500,70.0,380.0,53.0,,1.2416646611202171,2.4769704086223374,3.49163222576703,,,,
sweeps,E2_master,hidlr4.0,1,1,no_participation,1500,70.0,380.0,53.0,768.0,0.13475320860046944,0.8829036679142456,1.556240224644149,,,,
sweeps,E2_master,hidlr4.0,1,1,measured_init,1500,70.0,380.0,53.0,319.0,0.17244660558043862,0.2790175097330581,0.5457357354205659,,,,
sweeps,E2_master,hidlr4.0,2,2,full,1500,130.0,280.0,53.0,338.0,0.07582718926707206,0.2786850219834135,0.8456135179332867,,,,
sweeps,E2_master,hidlr4.0,2,2,no_local,1500,130.0,280.0,53.0,,1.154794560936061,2.1659638395064613,3.141770883776378,,,,
sweeps,E2_master,hidlr4.0,2,2,no_participation,1500,130.0,280.0,53.0,746.0,0.21454182102838007,0.8367271321863217,1.508503600628209,,,,
sweeps,E2_master,hidlr4.0,2,2,measured_init,1500,130.0,280.0,53.0,341.0,0.07358222298801799,0.2799667962839505,0.8560868743690008,,,,
sweeps,E2_master,lr0.0003,0,0,full,5000,490.0,1690.0,269.0,1883.0,0.07108374162754295,0.11085696899997717,0.2797573056049334,,,,
sweeps,E2_master,lr0.0003,0,0,no_local,5000,490.0,1690.0,272.0,,0.49601534771814293,0.8578376635892685,1.0859818366910314,,,,
sweeps,E2_master,lr0.0003,0,0,no_participation,5000,490.0,1690.0,269.0,2807.0,0.04687377015799393,0.17828838361742932,0.3460117651463004,,,,
sweeps,E2_master,lr0.0003,0,0,measured_init,5000,490.0,1690.0,270.0,1897.0,0.06786660791305806,0.11151283644808971,0.2703092022168722,,,,
sweeps,E2_master,lr0.0003,1,1,full,5000,290.0,1910.0,264.0,1863.0,0.11896853327381436,0.14744335770776246,0.3609901591777416,,,,
sweeps,E2_master,lr0.0003,1,1,no_local,5000,290.0,1910.0,267.0,,0.4611204977780418,0.8303948682907302,1.0126267271465166,,,,
sweeps,E2_master,lr0.0003,1,1,no_participation,5000,290.0,1910.0,264.0,2790.0,0.05737707616089136,0.20792177064672576,0.4114909884238271,,,,
sweeps,E2_master,lr0.0003,1,1,measured_init,5000,290.0,1910.0,265.0,1901.0,0.10703062358071715,0.13004126568701566,0.33312732533063216,,,,
sweeps,E2_master,lr0.0003,2,2,full,5000,290.0,1630.0,272.0,1686.0,0.11581510185856804,0.22164676829287677,0.3906218066208038,,,,
sweeps,E2_master,lr0.0003,2,2,no_local,5000,290.0,1630.0,275.0,,0.45762441084551536,0.7089957879184644,0.9363111836054574,,,,
sweeps,E2_master,lr0.0003,2,2,no_participation,5000,290.0,1630.0,272.0,2406.0,0.07064077567243227,0.21125925299078308,0.415929899122851,,,,
sweeps,E2_master,lr0.0003,2,2,measured_init,5000,290.0,1630.0,273.0,1722.0,0.10968036186847312,0.1963535298129423,0.35849151703181303,,,,
sweeps,E2_master,lr0.003,0,0,full,500,50.0,180.0,27.0,195.0,0.05531789910007857,0.13390819500525342,0.3865521741147447,,,,
sweeps,E2_master,lr0.003,0,0,no_local,500,50.0,180.0,27.0,,0.7443897062666895,1.3507090050309472,1.8537997386251959,,,,
sweeps,E2_master,lr0.003,0,0,no_participation,500,50.0,180.0,27.0,296.0,0.08324422047553882,0.3643601687571374,0.7074151018086758,,,,
sweeps,E2_master,lr0.003,0,0,measured_init,500,50.0,180.0,27.0,197.0,0.052739151805239526,0.13408474740464518,0.38733982055784855,,,,
sweeps,E2_master,lr0.003,1,1,full,500,40.0,200.0,26.0,193.0,0.1201885640794143,0.12241638994403344,0.34777929223904186,,,,
sweeps,E2_master,lr0.003,1,1,no_local,500,40.0,200.0,27.0,,0.7495452302337576,1.4180202077786954,1.9445466238001838,,,,
sweeps,E2_master,lr0.003,1,1,no_participation,500,40.0,200.0,26.0,294.0,0.04493508481125857,0.3657471228464211,0.7436216655096763,,,,
sweeps,E2_master,lr0.003,1,1,measured_init,500,40.0,200.0,26.0,197.0,0.11112952832996108,0.11892193146894323,0.3546479688474127,,,,
sweeps,E2_master,lr0.003,2,2,full,500,40.0,170.0,27.0,175.0,0.0979477459132901,0.15334356315564562,0.3642544702610957,,,,
sweeps,E2_master,lr0.003,2,2,no_local,500,40.0,170.0,27.0,,0.6852944863958619,1.1786082270138694,1.6455950195420417,,,,
sweeps,E2_master,lr0.003,2,2,no_participation,500,40.0,170.0,27.0,253.0,0.0667270537498891,0.3043476081942678,0.6398947012658988,,,,
sweeps,E2_master,lr0.003,2,2,measured_init,500,40.0,170.0,27.0,179.0,0.09291222511413005,0.14210352186513228,0.36399880394817713,,,,
sweeps,E2_master,outlr0.3,0,0,full,1500,200.0,1090.0,184.0,1128.0,0.04985289038624067,0.23035191767889196,0.626721334002136,,,,
sweeps,E2_master,outlr0.3,0,0,no_local,1500,200.0,1090.0,184.0,,1.1276707264882695,2.0782837374553513,2.899698098920167,,,,
sweeps,E2_master,outlr0.3,0,0,no_participation,1500,200.0,1090.0,184.0,,0.2321293989943436,0.7767709434150967,1.3286015533247595,,,,
sweeps,E2_master,outlr0.3,0,0,measured_init,1500,200.0,1090.0,184.0,1132.0,0.04932654897899531,0.2307736180506522,0.6312487347083943,,,,
sweeps,E2_master,outlr0.3,1,1,full,1500,200.0,1340.0,183.0,1134.0,0.12530959183733312,0.22907293595559253,0.5924202300054371,,,,
sweeps,E2_master,outlr0.3,1,1,no_local,1500,200.0,1340.0,183.0,,1.0467767250836058,2.088865061814961,2.8822758330204734,,,,
sweeps,E2_master,outlr0.3,1,1,no_participation,1500,200.0,1340.0,183.0,,0.13338289890512384,0.7892542088115173,1.3100953040474168,,,,
sweeps,E2_master,outlr0.3,1,1,measured_init,1500,200.0,1340.0,183.0,1145.0,0.11867814545288541,0.231274279957496,0.6045182491233998,,,,
sweeps,E2_master,outlr0.3,2,2,full,1500,330.0,910.0,184.0,1167.0,0.06799148296898853,0.29208829951228316,0.7937168738578009,,,,
sweeps,E2_master,outlr0.3,2,2,no_local,1500,330.0,910.0,185.0,,1.0460174029871623,1.9433533772347373,2.7928822118351584,,,,
sweeps,E2_master,outlr0.3,2,2,no_participation,1500,330.0,910.0,184.0,,0.1898196690775932,0.7382366185929032,1.3356079598738326,,,,
sweeps,E2_master,outlr0.3,2,2,measured_init,1500,330.0,910.0,184.0,1178.0,0.06572523545244456,0.2939558902906016,0.8035115328237995,,,,
sweeps,E2_master,outlr3.0,0,0,full,1500,50.0,280.0,47.0,266.0,0.08989134473417325,0.046251318119047126,0.13455685795514014,,,,
sweeps,E2_master,outlr3.0,0,0,no_local,1500,50.0,280.0,48.0,,0.4388665458396784,0.790333532911504,1.0235249354986151,,,,
sweeps,E2_master,outlr3.0,0,0,no_participation,1500,50.0,280.0,47.0,317.0,0.03972381861936561,0.09051215490418026,0.21333711827468196,,,,
sweeps,E2_master,outlr3.0,0,0,measured_init,1500,50.0,280.0,47.0,270.0,0.0865320876375679,0.04739133624845946,0.12603990446363303,,,,
sweeps,E2_master,outlr3.0,1,1,full,1500,50.0,310.0,45.0,257.0,0.12805675481659673,0.1416134246769923,0.20807366810304595,,,,
sweeps,E2_master,outlr3.0,1,1,no_local,1500,50.0,310.0,46.0,,0.4527619053209637,0.789965361608403,1.020968859620599,,,,
sweeps,E2_master,outlr3.0,1,1,no_participation,1500,50.0,310.0,45.0,305.0,0.0788937635000765,0.09477036598306018,0.22286342417461405,,,,
sweeps,E2_master,outlr3.0,1,1,measured_init,1500,50.0,310.0,46.0,267.0,0.11607147873705431,0.1055733232267276,0.14998093562201442,,,,
sweeps,E2_master,outlr3.0,2,2,full,1500,60.0,290.0,47.0,236.0,0.12517394050195693,0.19724081967532822,0.24942519290297016,,,,
sweeps,E2_master,outlr3.0,2,2,no_local,1500,60.0,290.0,48.0,,0.4250449674990283,0.6856580640769773,0.9179650351640142,,,,
sweeps,E2_master,outlr3.0,2,2,no_participation,1500,60.0,290.0,47.0,274.0,0.08085481244001048,0.10919268533767859,0.211418674097945,,,,
sweeps,E2_master,outlr3.0,2,2,measured_init,1500,60.0,290.0,47.0,247.0,0.11886361013630249,0.16346451620287064,0.18909206103359735,,,,
sweeps,E2_master,pre_pixstd,0,0,full,1500,,,,,1.156894682055322,2.6944792952758734,5.12197861514788,,,,
sweeps,E2_master,pre_pixstd,0,0,no_local,1500,,,,,0.5167425464126619,0.8212688940437348,1.185997036075204,,,,
sweeps,E2_master,pre_pixstd,0,0,no_participation,1500,,,,,1.1567650200489183,2.6877790633635934,5.006324759455047,,,,
sweeps,E2_master,pre_pixstd,0,0,measured_init,1500,,,,,1.1455773493525174,2.6752753466380472,5.084804708478014,,,,
sweeps,E2_master,pre_pixstd,1,1,full,1500,,,,,1.1456929737621635,2.7223291005690147,5.202032261718185,,,,
sweeps,E2_master,pre_pixstd,1,1,no_local,1500,,,,,0.5329867552693435,0.8092332402043434,1.1468462087764624,,,,
sweeps,E2_master,pre_pixstd,1,1,no_participation,1500,,,,,1.1456043051101348,2.7174746497343327,5.09918716985202,,,,
sweeps,E2_master,pre_pixstd,1,1,measured_init,1500,,,,,1.134027756592988,2.6982668627291373,5.156698019634768,,,,
sweeps,E2_master,pre_pixstd,2,2,full,1500,,,,,1.165110676584008,2.7361283842286808,5.22711021475024,,,,
sweeps,E2_master,pre_pixstd,2,2,no_local,1500,,,,,0.5159370543744172,0.8069045365013372,1.1474144338421164,,,,
sweeps,E2_master,pre_pixstd,2,2,no_participation,1500,,,,,1.164983039124376,2.729648490726231,5.121507211733413,,,,
sweeps,E2_master,pre_pixstd,2,2,measured_init,1500,,,,,1.1548966128629372,2.716990262236074,5.191161054902122,,,,
sweeps,E2_master,pre_standardize,0,0,full,1500,80.0,360.0,69.0,251.0,0.37866327344517786,0.5047735226712913,0.5001828933773977,,,,
sweeps,E2_master,pre_standardize,0,0,no_local,1500,80.0,360.0,72.0,,0.6806368878324455,1.2498032122908196,1.808287037649515,,,,
sweeps,E2_master,pre_standardize,0,0,no_participation,1500,80.0,360.0,69.0,407.0,0.19058498388317552,0.17640098433314963,0.4895514622433194,,,,
sweeps,E2_master,pre_standardize,0,0,measured_init,1500,80.0,360.0,70.0,267.0,0.3427720759935203,0.43848768633103336,0.3862887917568489,,,,
sweeps,E2_master,pre_standardize,1,1,full,1500,100.0,420.0,69.0,250.0,0.46344824168798443,0.6136203759690148,0.6994142302224093,,,,
sweeps,E2_master,pre_standardize,1,1,no_local,1500,100.0,420.0,72.0,,0.7030992189413553,1.3634422688600087,1.9319251872573169,,,,
sweeps,E2_master,pre_standardize,1,1,no_participation,1500,100.0,420.0,69.0,414.0,0.26155580296116143,0.1624778470144684,0.4360261406956065,,,,
sweeps,E2_master,pre_standardize,1,1,measured_init,1500,100.0,420.0,71.0,269.0,0.4260629847235039,0.5281563109859614,0.5558396477518879,,,,
sweeps,E2_master,pre_standardize,2,2,full,1500,90.0,330.0,70.0,218.0,0.39484427134766786,0.5945610743685463,0.6624888539319457,,,,
sweeps,E2_master,pre_standardize,2,2,no_local,1500,90.0,330.0,74.0,,0.6404322857716793,1.133542920608396,1.6310132161915107,,,,
sweeps,E2_master,pre_standardize,2,2,no_participation,1500,90.0,330.0,70.0,335.0,0.23210232804021855,0.21232907722163957,0.4352940538298741,,,,
sweeps,E2_master,pre_standardize,2,2,measured_init,1500,90.0,330.0,72.0,237.0,0.35622218566743674,0.5061991285350725,0.5183303116274306,,,,
sweeps,E2_master,q0.2,0,0,full,1500,110.0,380.0,96.0,250.0,0.16393838811512562,0.26061273106375404,0.4539168265590446,,,,
sweeps,E2_master,q0.2,0,0,no_local,1500,110.0,380.0,110.0,,0.5287064471207412,0.9200672495008365,1.2334706350272202,,,,
sweeps,E2_master,q0.2,0,0,no_participation,1500,110.0,380.0,96.0,281.0,0.12491392600494372,0.17092731166609515,0.34206112603114686,,,,
sweeps,E2_master,q0.2,0,0,measured_init,1500,110.0,380.0,96.0,255.0,0.16108104058755346,0.2608745838602167,0.4345910290170731,,,,
sweeps,E2_master,q0.2,1,1,full,1500,120.0,460.0,93.0,277.0,0.21003468467412487,0.3736895013094526,0.6460321209018672,,,,
sweeps,E2_master,q0.2,1,1,no_local,1500,120.0,460.0,102.0,,0.5723479044326468,0.9858002143284172,1.3096176284787824,,,,
sweeps,E2_master,q0.2,1,1,no_participation,1500,120.0,460.0,93.0,325.0,0.1618266643993476,0.2346701235585151,0.40968572826001387,,,,
sweeps,E2_master,q0.2,1,1,measured_init,1500,120.0,460.0,94.0,291.0,0.20022574153832268,0.3420161642822522,0.5878752469209692,,,,
sweeps,E2_master,q0.2,2,2,full,1500,,,92.0,238.0,0.3464101050824273,0.7880856321906511,1.436226036246561,,,,
sweeps,E2_master,q0.2,2,2,no_local,1500,,,106.0,,0.8304236535574606,1.425659042669413,1.9616959494516402,,,,
sweeps,E2_master,q0.2,2,2,no_participation,1500,,,93.0,265.0,0.27672240332144477,0.5450810938413834,0.9154457002105276,,,,
sweeps,E2_master,q0.2,2,2,measured_init,1500,,,95.0,252.0,0.34300897156356575,0.7685868313048062,1.3934063441178834,,,,
sweeps,E2_master,q0.35,0,0,full,1500,100.0,460.0,88.0,459.0,0.09221022002824614,0.10998305074331423,0.3176602961346648,,,,
sweeps,E2_master,q0.35,0,0,no_local,1500,100.0,460.0,90.0,,0.6552148012781145,1.1874708512513965,1.619850637986857,,,,
sweeps,E2_master,q0.35,0,0,no_participation,1500,100.0,460.0,88.0,629.0,0.05824145985642595,0.24672313408657814,0.5234863715009338,,,,
sweeps,E2_master,q0.35,0,0,measured_init,1500,100.0,460.0,88.0,463.0,0.08951842232399088,0.11038660455345926,0.3154012871228983,,,,
sweeps,E2_master,q0.35,1,1,full,1500,100.0,510.0,85.0,458.0,0.15145477377826225,0.15695432616215238,0.29235434716031095,,,,
sweeps,E2_master,q0.35,1,1,no_local,1500,100.0,510.0,87.0,,0.6576988488410718,1.2046509138107084,1.6391046872751645,,,,
sweeps,E2_master,q0.35,1,1,no_participation,1500,100.0,510.0,85.0,631.0,0.06944152432412967,0.23035752261584486,0.5251872412596862,,,,
sweeps,E2_master,q0.35,1,1,measured_init,1500,100.0,510.0,85.0,470.0,0.14193659379718804,0.1329100811928799,0.2794728716803076,,,,
sweeps,E2_master,q0.35,2,2,full,1500,110.0,450.0,88.0,409.0,0.137821587047303,0.2133640525448179,0.32036168328546594,,,,
sweeps,E2_master,q0.35,2,2,no_local,1500,110.0,450.0,90.0,,0.6095055563630367,1.0352916835172221,1.4417537921224401,,,,
sweeps,E2_master,q0.35,2,2,no_participation,1500,110.0,450.0,88.0,541.0,0.06727201840807703,0.22922968029241558,0.4844252948229494,,,,
sweeps,E2_master,q0.35,2,2,measured_init,1500,110.0,450.0,88.0,421.0,0.13265148990256004,0.18406763464426004,0.30330474764822546,,,,
sweeps,E2_master,q0.7,0,0,full,1500,80.0,570.0,76.0,688.0,0.030071069316553012,0.1790297835649063,0.47703340750106676,,,,
sweeps,E2_master,q0.7,0,0,no_local,1500,80.0,570.0,77.0,,0.7937259452284443,1.45517619571515,2.0274358302986237,,,,
sweeps,E2_master,q0.7,0,0,no_participation,1500,80.0,570.0,76.0,1129.0,0.12218066527059643,0.486410634746465,0.8875390632624403,,,,
sweeps,E2_master,q0.7,0,0,measured_init,1500,80.0,570.0,76.0,692.0,0.02881467289151725,0.1791225294015642,0.48338638825360175,,,,
sweeps,E2_master,q0.7,1,1,full,1500,260.0,650.0,76.0,688.0,0.09129926866809437,0.16419337469117695,0.4776835508304174,,,,
sweeps,E2_master,q0.7,1,1,no_local,1500,260.0,650.0,76.0,,0.8096931198289673,1.5752810782840263,2.119782268719293,,,,
sweeps,E2_master,q0.7,1,1,no_participation,1500,260.0,650.0,76.0,1131.0,0.07274809579102648,0.509886217395493,0.9403442045832673,,,,
sweeps,E2_master,q0.7,1,1,measured_init,1500,260.0,650.0,76.0,699.0,0.08262409088315414,0.1721210411751511,0.49039650936428114,,,,
sweeps,E2_master,q0.7,2,2,full,1500,90.0,550.0,77.0,606.0,0.06106279436562202,0.16608773271893654,0.4479321421892317,,,,
sweeps,E2_master,q0.7,2,2,no_local,1500,90.0,550.0,78.0,,0.7467807547412969,1.2721893714042913,1.7586304296639137,,,,
sweeps,E2_master,q0.7,2,2,no_participation,1500,90.0,550.0,77.0,943.0,0.09750756022918299,0.3825199708026842,0.7853428809615154,,,,
sweeps,E2_master,q0.7,2,2,measured_init,1500,90.0,550.0,77.0,616.0,0.05620508291892611,0.16223015050191902,0.45046309292194786,,,,
sweeps,E2_master,q0.85,0,0,full,1500,200.0,630.0,76.0,785.0,0.031411235123678674,0.2242492185423669,0.5742971039239585,,,,
sweeps,E2_master,q0.85,0,0,no_local,1500,200.0,630.0,76.0,,0.8500883011526486,1.562943844660634,2.1733785323666583,,,,
sweeps,E2_master,q0.85,0,0,no_participation,1500,200.0,630.0,76.0,1392.0,0.16462649500732912,0.5938111212696631,1.0425914889664432,,,,
sweeps,E2_master,q0.85,0,0,measured_init,1500,200.0,630.0,76.0,789.0,0.031193839934528476,0.22423921983980846,0.5814991366742328,,,,
sweeps,E2_master,q0.85,1,1,full,1500,340.0,710.0,75.0,809.0,0.06562154273727965,0.2499962550459659,0.6208038553648036,,,,
sweeps,E2_master,q0.85,1,1,no_local,1500,340.0,710.0,76.0,,0.872385386898858,1.7500590963766745,2.3528749875370796,,,,
sweeps,E2_master,q0.85,1,1,no_participation,1500,340.0,710.0,75.0,1433.0,0.11313378682874697,0.6796358973116161,1.1450585158856172,,,,
sweeps,E2_master,q0.85,1,1,measured_init,1500,340.0,710.0,76.0,820.0,0.05726075910911653,0.2632363467567942,0.6380017251184883,,,,
sweeps,E2_master,q0.85,2,2,full,1500,90.0,600.0,76.0,684.0,0.042254462249022004,0.18373389053572098,0.4984488901956855,,,,
sweeps,E2_master,q0.85,2,2,no_local,1500,90.0,600.0,77.0,,0.8042907554992555,1.3510207696584398,1.8628320295706424,,,,
sweeps,E2_master,q0.85,2,2,no_participation,1500,90.0,600.0,76.0,1140.0,0.13120715578153025,0.45205088017332484,0.890196634023221,,,,
sweeps,E2_master,q0.85,2,2,measured_init,1500,90.0,600.0,76.0,694.0,0.039750723774227746,0.18088796643713984,0.5013593427048494,,,,
sweeps,E2_master,smimb0.3,0,0,full,1500,,,,,1.1195154431831977,2.4383781399115003,4.671181483983152,,,,
sweeps,E2_master,smimb0.3,0,0,no_local,1500,,,,,0.7823575946179708,1.4591476092939637,2.029418710323016,,,,
sweeps,E2_master,smimb0.3,0,0,no_participation,1500,,,,,0.9491320303049182,1.8970669622059142,3.4667859112596293,,,,
sweeps,E2_master,smimb0.3,0,0,measured_init,1500,,,,,1.1035368635358407,2.3968455110622524,4.586375803729066,,,,
sweeps,E2_master,smimb0.3,1,1,full,1500,,,,,1.1296883868850138,2.5666631590461733,4.987053913678781,,,,
sweeps,E2_master,smimb0.3,1,1,no_local,1500,,,,,0.7943306501771845,1.412458839957425,1.954678079603052,,,,
sweeps,E2_master,smimb0.3,1,1,no_participation,1500,,,,,0.9766535860576979,2.101966948605919,3.952089881426946,,,,
sweeps,E2_master,smimb0.3,1,1,measured_init,1500,,,,,1.106079132004998,2.5090908196709,4.869510194393903,,,,
sweeps,E2_master,smimb0.3,2,2,full,1500,,,,,1.1676301891656826,2.706595662096778,5.3202945687181105,,,,
sweeps,E2_master,smimb0.3,2,2,no_local,1500,,,,,0.76992253406174,1.3319183874244482,1.809951515225948,,,,
sweeps,E2_master,smimb0.3,2,2,no_participation,1500,,,,,1.017344383224666,2.2659808483231365,4.335165403715807,,,,
sweeps,E2_master,smimb0.3,2,2,measured_init,1500,,,,,1.1448290543808568,2.649574239761709,5.201996361018641,,,,
sweeps,E2_master,smimb0.5,0,0,full,1500,,,,,1.0191646660108709,2.135006314293039,4.008216887410601,,,,
sweeps,E2_master,smimb0.5,0,0,no_local,1500,,,,,0.8549083431635723,1.6277816372284115,2.2819316374142757,,,,
sweeps,E2_master,smimb0.5,0,0,no_participation,1500,,,,,0.7907110059623131,1.436507666093461,2.4965170803642827,,,,
sweeps,E2_master,smimb0.5,0,0,measured_init,1500,,,,,1.0040193562136563,2.0943011129285822,3.9261661892802033,,,,
sweeps,E2_master,smimb0.5,1,1,full,1500,,,,,1.052434775816322,2.2732730010157822,4.26801526651926,,,,
sweeps,E2_master,smimb0.5,1,1,no_local,1500,,,,,0.8453965306619827,1.577038116578644,2.264802656174924,,,,
sweeps,E2_master,smimb0.5,1,1,no_participation,1500,,,,,0.843532563895064,1.6503093354134257,2.884668312222545,,,,
sweeps,E2_master,smimb0.5,1,1,measured_init,1500,,,,,1.028028182771423,2.2149984550075668,4.1507376552417945,,,,
sweeps,E2_master,smimb0.5,2,2,full,1500,,,,,1.0712337727801555,2.3787206872332773,4.560608162368228,,,,
sweeps,E2_master,smimb0.5,2,2,no_local,1500,,,,,0.8390954049489231,1.5197800345635972,2.1266825982401265,,,,
sweeps,E2_master,smimb0.5,2,2,no_participation,1500,,,,,0.8645969140766102,1.7738996944555525,3.2112853471005622,,,,
sweeps,E2_master,smimb0.5,2,2,measured_init,1500,,,,,1.0475117945985681,2.3197429605550033,4.438508982911547,,,,
sweeps,E2_master,smimb0.9,0,0,full,1500,,,84.0,593.0,0.23177193115343012,0.4486614779238841,0.6899888855385408,,,,
sweeps,E2_master,smimb0.9,0,0,no_local,1500,,,85.0,,1.008288865654431,1.912309413180064,2.645337416666556,,,,
sweeps,E2_master,smimb0.9,0,0,no_participation,1500,,,84.0,995.0,0.23806562495448574,0.803491547163368,1.307032183175455,,,,
sweeps,E2_master,smimb0.9,0,0,measured_init,1500,,,84.0,628.0,0.23885852057413476,0.4819579994889825,0.754378598199637,,,,
sweeps,E2_master,smimb0.9,1,1,full,1500,,,83.0,481.0,0.25471578792914035,0.45861051775905765,0.7165281269678655,,,,
sweeps,E2_master,smimb0.9,1,1,no_local,1500,,,85.0,,0.9911769972065924,1.8879844498865488,2.747204493744665,,,,
sweeps,E2_master,smimb0.9,1,1,no_participation,1500,,,84.0,781.0,0.19901801101265545,0.6404081629215137,1.2318289901470745,,,,
sweeps,E2_master,smimb0.9,1,1,measured_init,1500,,,85.0,526.0,0.2642423582886492,0.4896988419284776,0.7877599743460939,,,,
sweeps,E2_master,smimb0.9,2,2,full,1500,,,82.0,491.0,0.26888094795068446,0.492454039396762,0.7657850899839119,,,,
sweeps,E2_master,smimb0.9,2,2,no_local,1500,,,84.0,,0.9990117268033817,1.9039710903371527,2.703783120941518,,,,
sweeps,E2_master,smimb0.9,2,2,no_participation,1500,,,82.0,770.0,0.21904076368862266,0.6670746287689723,1.2035801244490056,,,,
sweeps,E2_master,smimb0.9,2,2,measured_init,1500,,,84.0,537.0,0.2787187178462143,0.5253378927956016,0.8396275606906259,,,,
sweeps,E2_master,w100,0,0,full,1500,250.0,1460.0,208.0,,0.06203705107786032,0.30935622829683557,0.5900151897253237,,,,
sweeps,E2_master,w100,0,0,no_local,1500,250.0,1460.0,210.0,,1.074044679253639,1.5943565988913697,2.0080795954907815,,,,
sweeps,E2_master,w100,0,0,no_participation,1500,250.0,1460.0,209.0,,0.27199868669065425,0.6453953261320637,0.9260553133493884,,,,
sweeps,E2_master,w100,0,0,measured_init,1500,250.0,1460.0,209.0,,0.06183901805428502,0.3140300290436295,0.6054537975395892,,,,
sweeps,E2_master,w100,1,1,full,1500,250.0,1280.0,211.0,1333.0,0.18573515945752178,0.26792541934798253,0.5394948869784187,,,,
sweeps,E2_master,w100,1,1,no_local,1500,250.0,1280.0,213.0,,0.9161056460535276,1.287416608801335,1.5841122045635079,,,,
sweeps,E2_master,w100,1,1,no_participation,1500,250.0,1280.0,212.0,,0.1632173494014311,0.46491730208746734,0.7563236116668766,,,,
sweeps,E2_master,w100,1,1,measured_init,1500,250.0,1280.0,212.0,1343.0,0.18117374728092905,0.25640642850855405,0.5310369355922557,,,,
sweeps,E2_master,w100,2,2,full,1500,220.0,970.0,219.0,1343.0,0.07648303035522823,0.23499559071914555,0.4728669795771404,,,,
sweeps,E2_master,w100,2,2,no_local,1500,220.0,970.0,221.0,,1.057165255709088,1.4578454982594369,1.856296798191487,,,,
sweeps,E2_master,w100,2,2,no_participation,1500,220.0,970.0,219.0,,0.2441219842889605,0.5017955347509789,0.7822578052552415,,,,
sweeps,E2_master,w100,2,2,measured_init,1500,220.0,970.0,219.0,1354.0,0.07401761408563387,0.23415255415466363,0.47371014881450774,,,,
sweeps,E2_master,w2000,0,0,full,1500,,,16.0,105.0,0.7960619173465885,2.054030589954279,4.391279530801054,,,,
sweeps,E2_master,w2000,0,0,no_local,1500,,,16.0,,0.7023060765229187,1.6904580933965219,2.721740566381082,,,,
sweeps,E2_master,w2000,0,0,no_participation,1500,,,16.0,127.0,0.7717994125911743,1.8166846696481176,3.54159360348376,,,,
sweeps,E2_master,w2000,0,0,measured_init,1500,,,16.0,106.0,0.7931274687625247,2.0470898030743188,4.377799021740022,,,,
sweeps,E2_master,w2000,1,1,full,1500,,,16.0,102.0,0.7939276077942234,2.0914344809854186,4.514391755607468,,,,
sweeps,E2_master,w2000,1,1,no_local,1500,,,16.0,,0.7179429542456116,1.695891006112739,2.697146955702243,,,,
sweeps,E2_master,w2000,1,1,no_participation,1500,,,16.0,124.0,0.7695846721138866,1.8467158394142396,3.6437664500579645,,,,
sweeps,E2_master,w2000,1,1,measured_init,1500,,,16.0,102.0,0.7938997117857326,2.09136848275905,4.5130628072175805,,,,
sweeps,E2_master,w2000,2,2,full,1500,,,17.0,98.0,0.7827977662889942,2.1125792991277605,4.625264015713557,,,,
sweeps,E2_master,w2000,2,2,no_local,1500,,,17.0,,0.7299725141464377,1.6772242622995235,2.6149258156274704,,,,
sweeps,E2_master,w2000,2,2,no_participation,1500,,,17.0,118.0,0.7611514755947932,1.8881916405080263,3.7707369530769688,,,,
sweeps,E2_master,w2000,2,2,measured_init,1500,,,17.0,99.0,0.7811517109421623,2.107883458052607,4.614826404039168,,,,
sweeps,E2_master,w900,0,0,full,1500,,,31.0,208.0,0.49310803736281805,1.1662793689256437,2.296706998489766,,,,
sweeps,E2_master,w900,0,0,no_local,1500,,,31.0,,0.8036071652005778,1.7450754846211578,2.7186222613121656,,,,
sweeps,E2_master,w900,0,0,no_participation,1500,,,31.0,270.0,0.4339801915857137,0.8380715149285298,1.4542367529331928,,,,
sweeps,E2_master,w900,0,0,measured_init,1500,,,31.0,209.0,0.49292717129129565,1.1636126296947231,2.2942970860668077,,,,
sweeps,E2_master,w900,1,1,full,1500,,,31.0,197.0,0.47115808022762634,1.198529413177625,2.463592814506464,,,,
sweeps,E2_master,w900,1,1,no_local,1500,,,31.0,,0.83310487970213,1.7362299490669477,2.6054197209632806,,,,
sweeps,E2_master,w900,1,1,no_participation,1500,,,31.0,255.0,0.41345323879829904,0.8526291784471545,1.5455864608128216,,,,
sweeps,E2_master,w900,1,1,measured_init,1500,,,31.0,199.0,0.4675196411054593,1.1918908213624002,2.447879290109742,,,,
sweeps,E2_master,w900,2,2,full,1500,40.0,200.0,31.0,203.0,0.12999715104763587,0.20423290254740417,0.3228242954927193,,,,
sweeps,E2_master,w900,2,2,no_local,1500,40.0,200.0,31.0,,0.37640851804336417,0.806982156091079,1.186282656260919,,,,
sweeps,E2_master,w900,2,2,no_participation,1500,40.0,200.0,31.0,262.0,0.10334722572810749,0.12373811291286596,0.4096693162601857,,,,
sweeps,E2_master,w900,2,2,measured_init,1500,40.0,200.0,31.0,204.0,0.1324213866488979,0.19656384469510257,0.31552286173698957,,,,
sweeps,E3_generality,depth6,0,0,full,2000,80.0,600.0,83.0,844.0,0.04282092564945079,0.17959694986024793,0.494918222636263,0.8282931696434752,1.2534804754287443,1.6366761140289396,
sweeps,E3_generality,depth6,0,0,no_local,2000,80.0,600.0,84.0,,0.8205524309413231,1.4984492045547035,2.156029141026915,2.5622131413713465,2.981197577604505,3.1783913880832952,
sweeps,E3_generality,depth6,0,0,no_participation,2000,80.0,600.0,83.0,1504.0,0.11874186401423588,0.4588055778165371,0.9001217571992957,1.2373447278194443,1.5784801388982084,1.8325842658884242,
sweeps,E3_generality,depth6,0,0,measured_init,2000,80.0,600.0,83.0,845.0,0.04288069540406968,0.1794407482137429,0.49531356079473066,0.8289168745406791,1.2548346084430757,1.6331413183666397,
sweeps,E3_generality,depth6,1,1,full,2000,90.0,660.0,84.0,883.0,0.07196471533740316,0.20854994104666627,0.5741538721383918,0.9808202448834958,1.3299691044817388,1.70263552816464,
sweeps,E3_generality,depth6,1,1,no_local,2000,90.0,660.0,85.0,,0.8503410285621313,1.7064162580579885,2.4710377446784597,3.1068093435735835,3.554144556870505,3.9236602199905164,
sweeps,E3_generality,depth6,1,1,no_participation,2000,90.0,660.0,84.0,1585.0,0.0886645920266044,0.557548558788623,1.0699864225188105,1.475589985037173,1.714243409442187,1.9386732507527011,
sweeps,E3_generality,depth6,1,1,measured_init,2000,90.0,660.0,84.0,893.0,0.056401472710822555,0.2201168039295782,0.5953463524257806,1.0096259057241594,1.3515006730730104,1.7132888717591814,
sweeps,E3_generality,depth6,2,2,full,2000,80.0,550.0,86.0,748.0,0.06336646032497809,0.11300031517912137,0.3480354124373803,0.6706074068630989,1.0196039000657484,1.4236520890376512,
sweeps,E3_generality,depth6,2,2,no_local,2000,80.0,550.0,87.0,,0.7616999973023767,1.3787880600545093,1.9749245008117213,2.493432871918315,2.894829948242827,3.1702304959672025,
sweeps,E3_generality,depth6,2,2,no_participation,2000,80.0,550.0,86.0,1271.0,0.0687306594245492,0.33147661261999234,0.705393966296321,1.0545494281940964,1.3243183237526026,1.618763028554975,
sweeps,E3_generality,depth6,2,2,measured_init,2000,80.0,550.0,86.0,754.0,0.06199756508522525,0.11080002335693703,0.35098154287685546,0.6754135992603985,1.0156020845744638,1.411418494941471,
sweeps,E3_generality,fashion,0,0,full,2000,80.0,390.0,72.0,482.0,0.11571278144475036,0.3570274945401758,0.6252089606024177,,,,
sweeps,E3_generality,fashion,0,0,no_local,2000,80.0,390.0,73.0,,0.970105706668577,1.690071727804772,2.2177109422680927,,,,
sweeps,E3_generality,fashion,0,0,no_participation,2000,80.0,390.0,72.0,860.0,0.3297392872700935,0.749121870591002,1.044723703566466,,,,
sweeps,E3_generality,fashion,0,0,measured_init,2000,80.0,390.0,72.0,492.0,0.1284981654002708,0.39068750095767085,0.6490133220870075,,,,
sweeps,E3_generality,fashion,1,1,full,2000,90.0,400.0,71.0,476.0,0.06253075640625229,0.15111626757857458,0.4601845005395139,,,,
sweeps,E3_generality,fashion,1,1,no_local,2000,90.0,400.0,72.0,,0.8023074943033647,1.442135637224287,1.9642507134148417,,,,
sweeps,E3_generality,fashion,1,1,no_participation,2000,90.0,400.0,71.0,833.0,0.13424400690717703,0.4862432054526405,0.8540033478728454,,,,
sweeps,E3_generality,fashion,1,1,measured_init,2000,90.0,400.0,71.0,486.0,0.05186398763420939,0.15559629663667762,0.4734214326547332,,,,
sweeps,E3_generality,fashion,2,2,full,2000,90.0,360.0,71.0,464.0,0.06095799738701053,0.2741481063101785,0.5249050844179193,,,,
sweeps,E3_generality,fashion,2,2,no_local,2000,90.0,360.0,72.0,,0.8685995222709658,1.5292366643852802,2.0122688955501986,,,,
sweeps,E3_generality,fashion,2,2,no_participation,2000,90.0,360.0,71.0,787.0,0.24185302822669383,0.6161707840138598,0.8922383620211978,,,,
sweeps,E3_generality,fashion,2,2,measured_init,2000,90.0,360.0,72.0,479.0,0.07938066694769719,0.3163973078514336,0.5584607893448991,,,,
sweeps,E3_generality,fashion_softmax,0,0,full,2000,,,,,1.3700310709908636,3.1440816338636117,6.253279138579575,,,,
sweeps,E3_generality,fashion_softmax,0,0,no_local,2000,,,0.0,162.0,0.6172479611533652,1.0719763907697868,1.403184038150222,,,,
sweeps,E3_generality,fashion_softmax,0,0,no_participation,2000,,,,,1.2698096322427401,2.8682686106162727,5.677525968710829,,,,
sweeps,E3_generality,fashion_softmax,0,0,measured_init,2000,,,,,1.3539531127379738,3.10214479684573,6.168189511689817,,,,
sweeps,E3_generality,fashion_softmax,1,1,full,2000,,,,,1.3631400150501924,3.080642559409674,5.990204836170873,,,,
sweeps,E3_generality,fashion_softmax,1,1,no_local,2000,,,4.0,210.0,0.5895319602941731,1.0462000759585344,1.4444620958080474,,,,
sweeps,E3_generality,fashion_softmax,1,1,no_participation,2000,,,,,1.2644513752102917,2.7906906525383497,5.346819287454692,,,,
sweeps,E3_generality,fashion_softmax,1,1,measured_init,2000,,,,,1.346073178071631,3.036730528163135,5.899165223645769,,,,
sweeps,E3_generality,fashion_softmax,2,2,full,2000,,,,,1.4767834568400513,3.359933957212176,6.674614219249866,,,,
sweeps,E3_generality,fashion_softmax,2,2,no_local,2000,,,,,0.5129319533572134,0.9060630433588915,1.1773613554002593,,,,
sweeps,E3_generality,fashion_softmax,2,2,no_participation,2000,,,,,1.4029039488421937,3.1668121230690787,6.285019407296732,,,,
sweeps,E3_generality,fashion_softmax,2,2,measured_init,2000,,,,,1.458953099886871,3.3176863671300985,6.5879177723407025,,,,
sweeps,E3_generality,mse_s1_ctr,0,0,full,2000,,,,,0.6018326079292371,1.3717494249967346,2.65318799229909,,,,
sweeps,E3_generality,mse_s1_ctr,0,0,no_local,2000,,,,,0.5633650111402506,0.8985579388797985,1.1489903872990657,,,,
sweeps,E3_generality,mse_s1_ctr,0,0,no_participation,2000,,,,,0.5682662975375488,1.2863442438296169,2.49002698364,,,,
sweeps,E3_generality,mse_s1_ctr,0,0,measured_init,2000,,,,,0.6000267867738033,1.3712685640751836,2.6422805968497474,,,,
sweeps,E3_generality,mse_s1_ctr,1,1,full,2000,,,,,0.49420692233237007,1.0535220186162446,1.9654450910096366,,,,
sweeps,E3_generality,mse_s1_ctr,1,1,no_local,2000,,,37.0,625.0,0.655405191774489,1.1204054637449417,1.4940756621343774,,,,
sweeps,E3_generality,mse_s1_ctr,1,1,no_participation,2000,,,,,0.4306456886240292,0.8649775751109504,1.572095304328256,,,,
sweeps,E3_generality,mse_s1_ctr,1,1,measured_init,2000,,,,,0.48733432774068114,1.0302977265968989,1.9199426375751911,,,,
sweeps,E3_generality,mse_s1_ctr,2,2,full,2000,,,,,0.6148378237897004,1.3016669013919058,2.2427316231723284,,,,
sweeps,E3_generality,mse_s1_ctr,2,2,no_local,2000,,,39.0,516.0,0.5426004192441294,0.9004012925342203,1.263428639113644,,,,
sweeps,E3_generality,mse_s1_ctr,2,2,no_participation,2000,,,,,0.5600674766965588,1.1318501951583413,1.8916762280009038,,,,
sweeps,E3_generality,mse_s1_ctr,2,2,measured_init,2000,,,,,0.6113494719628377,1.2819688711877415,2.2011347178983236,,,,
sweeps,E3_generality,mse_s1,0,0,full,2000,,,,,0.5752388051366145,1.311107969288334,2.492241483916765,,,,
sweeps,E3_generality,mse_s1,0,0,no_local,2000,,,,,0.5784732738848052,0.8986822932550236,1.1380660132281812,,,,
sweeps,E3_generality,mse_s1,0,0,no_participation,2000,,,,,0.5349071027104296,1.2022902446044805,2.2794596729298604,,,,
sweeps,E3_generality,mse_s1,0,0,measured_init,2000,,,,,0.5734163373095478,1.3106985100448951,2.48090089135794,,,,
sweeps,E3_generality,mse_s1,1,1,full,2000,,,,,0.4986464854497078,1.0612397433580576,1.948944896409605,,,,
sweeps,E3_generality,mse_s1,1,1,no_local,2000,,,37.0,629.0,0.648916719657031,1.1106463076824038,1.4912989589340795,,,,
sweeps,E3_generality,mse_s1,1,1,no_participation,2000,,,,,0.4362231450046659,0.8705143668053376,1.557403601831994,,,,
sweeps,E3_generality,mse_s1,1,1,measured_init,2000,,,,,0.4917632176256345,1.0380217671142908,1.9034771867639622,,,,
sweeps,E3_generality,mse_s1,2,2,full,2000,,,,,0.572712039409357,1.2323608822908392,2.1548892029632483,,,,
sweeps,E3_generality,mse_s1,2,2,no_local,2000,,,38.0,613.0,0.5791348133608323,0.9429860974612717,1.2833989183332752,,,,
sweeps,E3_generality,mse_s1,2,2,no_participation,2000,,,,,0.5140732259047306,1.0486985283452765,1.7698941513620334,,,,
sweeps,E3_generality,mse_s1,2,2,measured_init,2000,,,,,0.5692058708965158,1.2124511874614008,2.112927264343697,,,,
sweeps,E3_generality,mse_s5,0,0,full,2000,,,,,2.652668394978,4.6621019887098685,8.46064407861754,,,,
sweeps,E3_generality,mse_s5,0,0,no_local,2000,,,19.0,1257.0,0.41747373492436746,0.44414266541799546,1.0706435912460015,,,,
sweeps,E3_generality,mse_s5,0,0,no_participation,2000,,,,,2.543737207429989,4.261633274737706,7.471645230492558,,,,
sweeps,E3_generality,mse_s5,0,0,measured_init,2000,,,,,2.6520015093346117,4.661440382025209,8.456589700238979,,,,
sweeps,E3_generality,mse_s5,1,1,full,2000,,,,,2.7004227266013268,4.768975003263642,8.618343428962147,,,,
sweeps,E3_generality,mse_s5,1,1,no_local,2000,,,18.0,1235.0,0.44640230925055946,0.39924459830244485,1.0406274835113727,,,,
sweeps,E3_generality,mse_s5,1,1,no_participation,2000,,,,,2.6023900325261122,4.381909610262649,7.655945440037591,,,,
sweeps,E3_generality,mse_s5,1,1,measured_init,2000,,,,,2.697964882957428,4.760444535660301,8.599802417938566,,,,
sweeps,E3_generality,mse_s5,2,2,full,2000,,,,,2.7072083963093094,4.765204918885209,8.595203021731079,,,,
sweeps,E3_generality,mse_s5,2,2,no_local,2000,,,19.0,1359.0,0.4504442249950632,0.42154939479049586,1.0882593481312068,,,,
sweeps,E3_generality,mse_s5,2,2,no_participation,2000,,,,,2.594452548155981,4.334107380177384,7.514301012229839,,,,
sweeps,E3_generality,mse_s5,2,2,measured_init,2000,,,,,2.705949780245564,4.758647938177676,8.580265124846552,,,,
sweeps,E3_generality,multilabel,0,0,full,2000,80.0,470.0,73.0,503.0,0.2775442828717756,0.21186112578355712,0.40145666958286624,,,,
sweeps,E3_generality,multilabel,0,0,no_local,2000,80.0,470.0,73.0,,0.5663796240517353,1.1705059102127489,1.7159246691320484,,,,
sweeps,E3_generality,multilabel,0,0,no_participation,2000,80.0,470.0,73.0,753.0,0.1706927002052616,0.3074359816359093,0.7024011999932771,,,,
sweeps,E3_generality,multilabel,0,0,measured_init,2000,80.0,470.0,73.0,511.0,0.26168052470108855,0.1838419643446286,0.4042236792373976,,,,
sweeps,E3_generality,multilabel,1,1,full,2000,80.0,450.0,73.0,431.0,0.31826243797952214,0.28993727563269384,0.38030548274419035,,,,
sweeps,E3_generality,multilabel,1,1,no_local,2000,80.0,450.0,74.0,,0.5254446522201112,1.1017876615381095,1.534346061792143,,,,
sweeps,E3_generality,multilabel,1,1,no_participation,2000,80.0,450.0,73.0,627.0,0.2208306902548461,0.23949909805899466,0.5936201467615009,,,,
sweeps,E3_generality,multilabel,1,1,measured_init,2000,80.0,450.0,73.0,440.0,0.3009932117720998,0.2527232337303315,0.360517718753226,,,,
sweeps,E3_generality,multilabel,2,2,full,2000,70.0,370.0,73.0,441.0,0.28030602350649475,0.18832797299026716,0.4195116569891953,,,,
sweeps,E3_generality,multilabel,2,2,no_local,2000,70.0,370.0,74.0,,0.4826037711524303,1.0528440105498635,1.5695550558725901,,,,
sweeps,E3_generality,multilabel,2,2,no_participation,2000,70.0,370.0,73.0,648.0,0.1920758897931961,0.27855969010924114,0.6603636096949573,,,,
sweeps,E3_generality,multilabel,2,2,measured_init,2000,70.0,370.0,73.0,444.0,0.2747408480790498,0.19624335521834252,0.41961245496383404,,,,
sweeps,E3_generality,w900_depth6,0,0,full,2000,40.0,240.0,30.0,290.0,0.1167013791987287,0.06304360211694142,0.2090622700421927,0.5104510601836847,0.9152481242914726,1.326653669270887,
sweeps,E3_generality,w900_depth6,0,0,no_local,2000,40.0,240.0,31.0,,0.4504451140186239,1.0789852437310683,1.7204328840134107,2.2177240828978895,2.6619539048435796,2.9609210418304213,
sweeps,E3_generality,w900_depth6,0,0,no_participation,2000,40.0,240.0,30.0,436.0,0.08724688195630144,0.12799861123423853,0.47660971791309564,0.8703708567298877,1.2684464660103023,1.5967418081320859,
sweeps,E3_generality,w900_depth6,0,0,measured_init,2000,40.0,240.0,30.0,291.0,0.11761551697594916,0.06158546563515246,0.20882301443841889,0.5110817323031984,0.9147903039274158,1.3235945911276281,
sweeps,E3_generality,w900_depth6,1,1,full,2000,40.0,230.0,30.0,301.0,0.10686903723445418,0.0748519192501338,0.2796814442617961,0.6364627764661551,1.0271373174772014,1.4365610875759707,
sweeps,E3_generality,w900_depth6,1,1,no_local,2000,40.0,230.0,30.0,,0.45214247500737886,1.0517108711348373,1.6709652338275964,2.1361286083472453,2.4804501612193333,2.664746600477522,
sweeps,E3_generality,w900_depth6,1,1,no_participation,2000,40.0,230.0,30.0,463.0,0.07408927001476119,0.15630318621428388,0.5333611262958281,0.9432924129620277,1.3037923060607395,1.6278576963669231,
sweeps,E3_generality,w900_depth6,1,1,measured_init,2000,40.0,230.0,30.0,305.0,0.09653659392026108,0.06714573178386353,0.28452343184027096,0.6419231982923641,1.0295614411930984,1.4248908291736688,
sweeps,E3_generality,w900_depth6,2,2,full,2000,40.0,240.0,29.0,304.0,0.11698759079491897,0.07592688863757312,0.264493808780845,0.5880999991808603,0.9738447190064544,1.3963560152192216,
sweeps,E3_generality,w900_depth6,2,2,no_local,2000,40.0,240.0,30.0,,0.45579800069059645,1.094295696078371,1.7350121785934234,2.2748805043464264,2.7171707794120397,3.0529111823479194,
sweeps,E3_generality,w900_depth6,2,2,no_participation,2000,40.0,240.0,29.0,462.0,0.08632131596067316,0.1539860193947816,0.5320140346530752,0.9416452333152453,1.3112226707168155,1.638790186595558,
sweeps,E3_generality,w900_depth6,2,2,measured_init,2000,40.0,240.0,29.0,306.0,0.11396460464665621,0.07007184992001164,0.2671097456087731,0.5914234252168861,0.9775972836259446,1.3962058572994593,
