step,variant,loss_model,Lambda_l1,Lambda_l2,Lambda_l3,seed
0,full,6.9492499832120025,0.5113192633957526,0.4243339532135053,0.361344297093195,0
10,full,6.7801665525878825,0.5021042382938584,0.4273677039755322,0.3843531667009375,0
20,full,6.323670758799566,0.45035367755425204,0.28407950102499,0.20762550025565113,0
30,full,5.229598082336819,0.4220601598400761,0.19122511128016398,0.09064895352547381,0
40,full,4.323669305694981,0.4187070352447383,0.15705604455152133,0.05737304286720297,0
50,full,3.822568845489825,0.4299962368491667,0.14616341915897058,0.04617162350291601,0
60,full,3.5625230122597835,0.44947099847074906,0.14524692088576407,0.042006468765926855,0
70,full,3.424269831182549,0.4739849657424653,0.14949048590389288,0.04077691834609743,0
80,full,3.3478318326075773,0.5019758981991322,0.15694766057074586,0.04107854090721184,0
90,full,3.303988460487538,0.5326119823842902,0.16674546198981371,0.04233868145894124,0
100,full,3.2780306819780343,0.5654173753120414,0.17846646575929273,0.04429526720825026,0
110,full,3.262227765420105,0.6001021582232149,0.19190999054187377,0.04682154412799642,0
120,full,3.252349802501835,0.6364800160489398,0.20698918560828958,0.04985762412867836,0
130,full,3.2460013340937435,0.6744257321256193,0.22368246339201664,0.05338045717559181,0
140,full,3.2417862906668495,0.7138519292346639,0.2420088247177073,0.057389454605608285,0
150,full,3.238871355631658,0.7546956796030229,0.262014557902993,0.061899163069052694,0
160,full,3.236748909867464,0.7969104478008292,0.2837657256577485,0.06693539123016443,0
170,full,3.235104106603504,0.8404610506698771,0.30734376821372494,0.0725331536281953,0
180,full,3.233738266801458,0.8853203939911654,0.33284286736541635,0.07873563603508962,0
190,full,3.232523701028006,0.9314672931233309,0.3603683481817959,0.08559377342758183,0
200,full,3.2313765411602127,0.9788849761201758,0.3900357152139782,0.09316622121975913,0
210,full,3.230240129119029,1.027560028950804,0.42197008975767386,0.10151959842605553,0
220,full,3.2290747125443,1.077481634685265,0.45630590846009317,0.11072893463020084,0
230,full,3.227850968189839,1.1286410129474518,0.49318679719909336,0.12087828283964228,0
240,full,3.2265458784085825,1.18103099894524,0.5327655658375043,0.13206147822007352,0
250,full,3.2251400688798864,1.2346457218904454,0.5752042886873394,0.14438303382587558,0
260,full,3.223616060421563,1.2894803556364962,0.6206744474851826,0.15795917170022694,0
270,full,3.2219570950152723,1.3455309227907435,0.6693571212891982,0.17291899273287853,0
280,full,3.2201463226037554,1.402794139120029,0.7214432126405659,0.1894057923588955,0
290,full,3.218166213252958,1.4612672888038531,0.7771337025846426,0.20757853210280872,0
300,full,3.2159981079102438,1.5209481236424305,0.8366399293253395,0.22761347945039923,0
310,full,3.213621851542794,1.581834781101737,0.9001838867657144,0.2497060307719929,0
320,full,3.211015471743691,1.6439257173325064,0.9679985402061367,0.2740727341608216,0
330,full,3.208154878131482,1.707219652202636,1.0403281571812568,0.30095353117781987,0
340,full,3.2050135656327847,1.7717155240424423,1.1174286519181502,0.3306142386733053,0
350,full,3.201562309644932,1.8374124522928488,1.199567942256256,0.3633492941327484,0
360,full,3.1977688441465713,1.904309706617148,1.2870263181292625,0.399484790404283,0
370,full,3.193597515704252,1.9724066813210237,1.3800968208996442,0.43938182823931976,0
380,full,3.1890089074244288,2.0417028741462735,1.4790856329785647,0.4834402178402785,0
390,full,3.183959427485872,2.112197868677327,1.5843124772711885,0.5321025635844598,0
400,full,3.17840085712603,2.18389131973782,1.696111026069906,0.5858587693027394,0
410,full,3.172279852954402,2.2567829412654135,1.8148293190822797,0.6452510049579414,0
420,full,3.165537398295281,2.330872496242744,1.9408301903313796,0.7108791793124518,0
430,full,3.15810819796517,2.4061597883356223,2.0744917037071335,0.7834069672203624,0
440,full,3.149920010493826,2.48264465494939,2.216207596980574,0.8635684445494466,0
450,full,3.14089291131872,2.5603269614636917,2.3663877341203476,0.9521753884567835,0
460,full,3.1309384799300903,2.6392065964465035,2.5254585657737096,1.0501253058342501,0
470,full,3.1199589033222774,2.7192834676819952,2.6938635977935004,1.158410258233009,0
480,full,3.1078459874180746,2.8005574988746167,2.8720638677088792,1.2781265574975231,0
490,full,3.0944800673756747,2.8830286269150305,3.0605384290515336,1.4104854127190984,0
500,full,3.079728806860052,2.9666967996127234,3.2597848434610124,1.5568246159874544,0
510,full,3.063445875458874,3.0515619738161943,3.470319680503086,1.7186213618091848,0
520,full,3.0454694924429195,3.137624113854876,3.6926790251439123,1.8975063030086492,0
530,full,3.025620824007413,3.224883190248137,3.9274189928304977,2.0952789544661305,0
540,full,3.0037022199781247,3.3133391786358404,4.175116252134501,2.3139245652183114,0
550,full,2.9794952747182193,3.4029920588927034,4.436368554922338,2.5556325892874234,0
560,full,2.9527586956219816,3.4938418143950614,4.711795274019375,2.822816896160274,0
570,full,2.923225961122597,3.5858884314139616,5.002037948340529,3.118137873151133,0
580,full,2.890602748565278,3.679131898612965,5.307760835463225,3.444526584000011,0
590,full,2.8545641105960877,3.773572206632675,5.629651471622009,3.8052111610293817,0
600,full,2.814751376882026,3.869209347747105,5.9684212391069265,4.203745622059334,0
610,full,2.7707687560001077,3.9660433155795354,6.324805941050269,4.644041318117722,0
620,full,2.722179610202371,4.064074104867588,6.699566383588369,5.13040123383488,0
630,full,2.668502373469636,4.1633017112690744,7.093488965387042,5.667557379341257,0
640,full,2.609206080798329,4.263726131201538,7.5073862745208215,6.260711530553439,0
650,full,2.543705474010177,4.365347361709664,7.9420976926975415,6.915579594004607,0
660,full,2.471355646521644,4.468165400355788,8.398490006820978,7.638439892917876,0
670,full,2.391446186445666,4.572180245129434,8.87745802788534,8.43618569310674,0
680,full,2.303194774108737,4.677391894372628,9.379925217196282,9.316382310590765,0
690,full,2.205740186537196,4.783800346718222,9.906844319913803,10.287329167614704,0
700,full,2.0981346576822943,4.891405601038984,10.459198005913175,11.358127190137317,0
710,full,1.9793355390982337,5.000207656405588,11.037999517960495,12.538751967897303,0
720,full,1.8481962014436333,5.110206512051928,11.64429332720004,13.840133127957255,0
730,full,1.703456112527146,5.221402167346496,12.279155795950949,15.27424040426473,0
740,full,1.5437300226430175,5.333794621768786,12.943695847811119,16.85417691935032,0
750,full,1.3674961826226417,5.447383874889801,13.639055645066598,18.59428022990544,0
760,full,1.1730835143425788,5.562169926356,14.366411273404887,20.510231725754494,0
770,full,0.9586576473561235,5.6781527758760415,15.126973433930916,22.619175011765194,0
780,full,0.7222057288312889,5.79533242320985,15.92198814248454,24.93984394464227,0
790,full,0.4615199070586806,5.9137088681596115,16.752737436258652,27.49270104144229,0
800,full,0.17417938141281963,6.033282110562346,17.620540087717156,30.300087024153996,0
810,full,-0.14246909621679027,6.1540521502837695,18.52675232581196,33.38638231493899,0
820,full,-0.4913323918911834,6.276018987213265,19.4727685644987,36.77818134975465,0
830,full,-0.8755939642776069,6.399182621259694,20.460022138550375,40.5044806342246,0
840,full,-1.2987387852918615,6.523543052347984,21.4899860466688,44.59688152492608,0
850,full,-1.7645803586344275,6.6491002804162935,22.564173701893267,49.08980878187805,0
860,full,-2.2772899988797723,6.775854305413685,23.684139689306285,54.020746004094825,0
870,full,-2.841428545207558,6.903805127298203,24.851480531036117,59.4304891297801,0
880,full,-3.4619806960077315,7.032952746035289,26.067835458555795,65.36341925624107,0
890,full,-4.14439216348762,7.163297161596479,27.33488719227863,71.86779611207862,0
900,full,-4.894609861098502,7.29483837395833,28.654362728449918,78.99607359583659,0
910,full,-5.7191253511241475,7.427576383101533,30.028034133334703,86.80523888125741,0
920,full,-6.625021795178712,7.561511189010188,31.457719344701633,95.35717667978857,0
930,full,-7.620024666692351,7.696642791671206,32.94528298060267,104.71906034621477,0
940,full,-8.712556501768304,7.8329711910737965,34.4926371554487,114.96377161346183,0
950,full,-9.911795983125248,7.970496387209082,36.10174230338082,126.17035084794594,0
960,full,-11.227741671246136,8.109218380069754,37.774608008937506,138.42447982755212,0
970,full,-12.671280717394275,8.249137169649781,39.513293845017294,151.8189991606423,0
980,full,-14.254262914886278,8.390252755944209,41.31991021813718,166.45446258666652,0
990,full,-15.989580467989256,8.532565138948952,43.1966192209867,182.43973052721273,0
1000,full,-17.89125388209845,8.676074318660644,45.145635492277414,199.8926053909534,0
0,no_local,6.9492499832120025,0.5113192633957526,0.4243339532135053,0.361344297093195,0
10,no_local,6.780618885835627,0.43560282140808604,0.3446669265363963,0.28969375060207475,0
20,no_local,6.325178442970089,0.3384202411173867,0.18104752501834276,0.11190143032624882,0
30,no_local,5.231868598091164,0.2765513186625603,0.09590119368342492,0.03312520509989896,0
40,no_local,4.326434896361177,0.2425830915879304,0.06378188877889598,0.014889345631409368,0
50,no_local,3.825730271769085,0.22324157489408497,0.049599537156210495,0.00912435064837376,0
60,no_local,3.5660452273394485,0.21132339692124766,0.04217254445629286,0.006674496144956164,0
70,no_local,3.4281444930970597,0.20346178775390175,0.03776698980225258,0.005407470188289806,0
80,no_local,3.3520642313859885,0.19800545354685103,0.03492098506201206,0.00466339909896212,0
90,no_local,3.308592328827482,0.1940754909170318,0.03297108983397789,0.004187891486513641,0
100,no_local,3.2830259006891405,0.19116686232303282,0.03157852950631204,0.0038657300025754923,0
110,no_local,3.267639295555882,0.18897011063985722,0.03055368936476932,0.0036381552353123145,0
120,no_local,3.258207209423789,0.18728543266837064,0.02978254072870983,0.0034723914984028663,0
130,no_local,3.252338632350514,0.18597824001950505,0.029192501827112024,0.003348841973024094,0
140,no_local,3.2486419828760145,0.1849547059476468,0.028735226371499643,0.003255127043743713,0
150,no_local,3.2462886020834545,0.18414757015126418,0.028377310810019464,0.0031830722148913125,0
160,no_local,3.244775796107917,0.18350750962688211,0.028094980790532527,0.003127081475411687,0
170,no_local,3.2437939920959766,0.18299767962294983,0.027870901523124304,0.0030832088749149764,0
180,no_local,3.2431502065785067,0.1825901381654203,0.02769218160874004,0.00304860323352098,0
190,no_local,3.2427229374985322,0.18226343220402666,0.027549077936205254,0.0030211624227801928,0
200,no_local,3.2424350666051764,0.18200092419288802,0.027434128656308426,0.0029993104921842073,0
210,no_local,3.2422373217482185,0.18178960475796965,0.027341556609237483,0.002981849537200553,0
220,no_local,3.242098050756746,0.18161923303307723,0.02726684887620379,0.0029678585600961156,0
230,no_local,3.241996829140564,0.18148170319863186,0.027206454175987042,0.0029566227550162495,0
240,no_local,3.2419204282874174,0.1813705705585181,0.02715756105351099,0.0029475830161100804,0
250,no_local,3.2418602535488277,0.18128069231966262,0.02711793268324725,0.0029402992120479104,0
260,no_local,3.2418107062975396,0.18120795226457398,0.027085782133256034,0.002934423036476665,0
270,no_local,3.2417681313683255,0.18114904772134455,0.027059677058930982,0.0029296776514221735,0
280,no_local,3.2417301377985703,0.18110132341605514,0.027038466141672587,0.0029258422356597674,0
290,no_local,3.2416951589201397,0.18106264101958527,0.027021221819379434,0.0029227401317441677,0
300,no_local,3.2416621666148484,0.18103127614534018,0.02700719537336672,0.0029202296711614796,0
310,no_local,3.2416304852417372,0.18100583664107617,0.026995781487559798,0.002918197017836151,0
320,no_local,3.241599670210396,0.18098519752068037,0.02698649013655344,0.002916550549698148,0
330,no_local,3.2415694285952905,0.18096844898011005,0.02697892418953776,0.0029152164236565473,0
340,no_local,3.241539567152558,0.18095485475555692,0.02697276150262649,0.002914135058707977,0
350,no_local,3.241509958232413,0.18094381869246917,0.026967740556259237,0.0029132583364640027,0
360,no_local,3.241480517398143,0.18093485785726393,0.02696364890643586,0.0029125473656687545,0
370,no_local,3.2414511887142408,0.18092758087843494,0.02696031387868414,0.002911970692369645,0
380,no_local,3.2414219350651927,0.18092167047801413,0.026957595055844323,0.0029115028637566884,0
390,no_local,3.2413927317780162,0.18091686936789922,0.0269553782048398,0.0029111232736892395,0
400,no_local,3.2413635624167436,0.18091296885292357,0.026953570360645232,0.0029108152332586396,0
410,no_local,3.241334416006256,0.18090979961444514,0.02695209584277251,0.0029105652215826523,0
420,no_local,3.24130528519763,0.18090722425266956,0.02695089302452411,0.0029103622812514172,0
430,no_local,3.2412761650542716,0.18090513124894825,0.026949911710797584,0.0029101975300717363,0
440,no_local,3.2412470522477523,0.1809034300755112,0.02694911100845597,0.002910063766450035,0
450,no_local,3.241217944524305,0.18090204723306771,0.0269484575957969,0.0029099551502607484,0
460,no_local,3.2411888403503144,0.18090092303916686,0.026947924315669388,0.0029098669446275057,0
470,no_local,3.241159738676317,0.18090000902433,0.026947489031246677,0.002909795306899362,0
480,no_local,3.241130638779564,0.18089926582040924,0.026947133695090105,0.002909737119386422,0
490,no_local,3.2411015401587346,0.18089866144774294,0.02694684359151109,0.0029096898522481887,0
500,no_local,3.24107244246333,0.18089816992551525,0.02694660671980112,0.002909651452396183,0
510,no_local,3.241043345446165,0.18089777014413208,0.026946413292015615,0.002909620253453414,0
520,no_local,3.2410142489312883,0.18089744495005697,0.026946255323944485,0.0029095949027640898,0
530,no_local,3.2409851527922147,0.1808971804029666,0.026946126301911802,0.0029095743022136984,0
540,no_local,3.2409560569370797,0.18089696517269221,0.026946020911296508,0.002909557560238262,0
550,no_local,3.2409269612984737,0.18089679004957843,0.026945934815303444,0.002909543952901188,0
560,no_local,3.2408978658264136,0.18089664754687945,0.02694586447465478,0.0029095328923200055,0
570,no_local,3.2408687704834613,0.1808965315778536,0.026945807000610694,0.0029095239010517096,0
580,no_local,3.2408396752412973,0.18089643719349197,0.02694576003514159,0.0029095165913096623,0
590,no_local,3.240810580078309,0.18089636036947307,0.026945721653222968,0.0029095106480987584,0
600,no_local,3.240781484977857,0.180896297833085,0.026945690283158324,0.0029095058155286274,0
610,no_local,3.240752389927035,0.180896246922602,0.026945664641595375,0.0029095018857048295,0
620,no_local,3.2407232949157585,0.18089620547301946,0.026945643680519802,0.002909498689711572,0
630,no_local,3.240694199936103,0.18089617172319614,0.026945626544013602,0.00290949609029142,0
640,no_local,3.240665104981809,0.18089614424038641,0.02694561253297542,0.0029094939759020957,0
650,no_local,3.240636010047903,0.18089612185889956,0.02694560107633339,0.00290949225589084,0
660,no_local,3.2406069151304244,0.18089610363023678,0.026945591707553243,0.002909490856575841,0
670,no_local,3.2405778202262048,0.18089608878255464,0.02694558404546547,0.002909489718063927,0
680,no_local,3.2405487253327023,0.18089607668770727,0.026945577778615996,0.0029094887916659845,0
690,no_local,3.2405196304478734,0.18089606683444792,0.026945572652491236,0.002909488037797613,0
700,no_local,3.2404905355700704,0.180896058806637,0.026945568459088656,0.0029094874242737876,0
710,no_local,3.240461440697967,0.18089605226551925,0.02694556502840142,0.0029094869249234588,0
720,no_local,3.2404323458304862,0.18089604693530906,0.026945562221464867,0.002909486518463958,0
730,no_local,3.2404032509667595,0.18089604259146583,0.026945559924678095,0.0029094861875864236,0
740,no_local,3.240374156106084,0.18089603905115556,0.026945558045166136,0.00290948591821261,0
750,no_local,3.240345061247887,0.18089603616549146,0.026945556506991816,0.002909485698890915,0
760,no_local,3.2403159663917065,0.18089603381321995,0.026945555248061193,0.0029094855203055064,0
770,no_local,3.240286871537165,0.1808960318955836,0.026945554217595494,0.0029094853748773387,0
780,no_local,3.2402577766839573,0.1808960303321405,0.026945553374065557,0.002909485256439818,0
790,no_local,3.240228681831836,0.1808960290573614,0.026945552683503963,0.0029094851599751385,0
800,no_local,3.2401995869805966,0.18089602801786114,0.026945552118125826,0.0029094850813999166,0
810,no_local,3.240170492130079,0.1808960271701437,0.02694555165520149,0.002909485017390897,0
820,no_local,3.240141397280146,0.18089602647876757,0.0269455512761352,0.0029094849652432082,0
830,no_local,3.2401123024306906,0.18089602591485168,0.026945550965712006,0.0029094849227551123,0
840,no_local,3.2400832075816237,0.18089602545485914,0.026945550711482018,0.0029094848881342553,0
850,no_local,3.2400541127328726,0.18089602507960645,0.026945550503257084,0.0029094848599214205,0
860,no_local,3.240025017884381,0.1808960247734572,0.02694555033269922,0.002909484836928506,0
870,no_local,3.239995923036098,0.18089602452366488,0.026945550192984034,0.00290948481818807,0
880,no_local,3.239966828187987,0.18089602431983826,0.02694555007852557,0.0029094848029122804,0
890,no_local,3.2399377333400166,0.180896024153505,0.026945549984751117,0.002909484790459507,0
900,no_local,3.239908638492159,0.18089602401775698,0.026945549907917143,0.0029094847803071465,0
910,no_local,3.239879543644395,0.180896023906961,0.02694554984495873,0.0029094847720295136,0
920,no_local,3.239850448796706,0.18089602381652317,0.026945549793366358,0.002909484765279826,0
930,no_local,3.239821353949079,0.18089602374269673,0.026945549751085027,0.002909484759775557,0
940,no_local,3.2397922591015025,0.18089602368242547,0.02694554971643187,0.0029094847552865125,0
950,no_local,3.2397631642539664,0.18089602363321658,0.026945549688028644,0.002909484751625117,0
960,no_local,3.2397340694064645,0.1808960235930364,0.026945549664746517,0.0029094847486385157,0
970,no_local,3.2397049745589888,0.18089602356022555,0.02694554964566081,0.002909484746202126,0
980,no_local,3.239675879711536,0.18089602353343032,0.02694554963001406,0.002909484744214409,0
990,no_local,3.2396467848641017,0.18089602351154607,0.02694554961718579,0.002909484742592601,0
1000,no_local,3.2396176900166815,0.18089602349367123,0.026945549606667545,0.0029094847412692235,0
0,no_participation,6.9492499832120025,0.5113192633957526,0.4243339532135053,0.361344297093195,0
10,no_participation,6.7801687429291535,0.501414362016096,0.42667337050002374,0.3836610327517953,0
20,no_participation,6.323687849784636,0.44679200907487887,0.2810733605899212,0.2051640767489758,0
30,no_participation,5.229645043204313,0.4135024298561258,0.1851269660388087,0.08714966657097241,0
40,no_participation,4.323754465741103,0.4037361623074087,0.14759515378907764,0.05316906262549233,0
50,no_participation,3.8226993929964297,0.40761156344743743,0.13298624589791805,0.041199979713692644,0
60,no_participation,3.5627072527891124,0.4188656405624339,0.12788885051970497,0.036123176580728764,0
70,no_participation,3.424517577612244,0.4344444802062221,0.12742046291281797,0.03382587382944955,0
80,no_participation,3.3481544965269796,0.45283507490724256,0.12957953498013938,0.03289455883879598,0
90,no_participation,3.3043991623572775,0.4732346912341541,0.1334380820712385,0.0327431087786705,0
100,no_participation,3.2785444041128735,0.49518617028464074,0.13852090782021628,0.03309206599394102,0
110,no_participation,3.2628615409871267,0.5184124322657924,0.14456596743556538,0.03379400104174024,0
120,no_participation,3.253122936072345,0.5427364702018922,0.15142112901783078,0.03476530059134056,0
130,no_participation,3.24693565259226,0.5680401090991879,0.15899539121690925,0.035956127340821584,0
140,no_participation,3.2429064255705136,0.5942414802524836,0.1672340048406808,0.03733588204060139,0
150,no_participation,3.2402050584973736,0.6212820785015207,0.17610495549929073,0.038885619313773455,0
160,no_participation,3.2383274041072676,0.6491189902782971,0.1855912181337737,0.04059384371177244,0
170,no_participation,3.2369624790988536,0.6777200428022345,0.1956861140541059,0.04245406089091183,0
180,no_participation,3.235915903548006,0.7070606712123284,0.20639041804694835,0.04446329165581025,0
190,no_participation,3.2350647715885152,0.7371218324451867,0.21771049468823384,0.046621139491983585,0
200,no_participation,3.2343305373059046,0.7678885773263981,0.22965706238226608,0.048929189355081615,0
210,no_participation,3.2336624636788387,0.7993490484884527,0.24224435280045217,0.0513906118734351,0
220,no_participation,3.2330273851717446,0.8314937610142165,0.25548952668202357,0.05400989905917315,0
230,no_participation,3.2324033055102563,0.8643150753451273,0.26941226027922166,0.056792686732108626,0
240,no_participation,3.231775356835946,0.8978068038849055,0.28403444818236717,0.059745635746736976,0
250,no_participation,3.231133229302505,0.931963912528565,0.29937998734120674,0.06287635421057391,0
260,no_participation,3.230469524960039,0.966782290913114,0.31547461896715573,0.0661933490854052,0
270,no_participation,3.2297786971649387,1.002258573326347,0.3323458125502081,0.0697059994666,0
280,no_participation,3.2290563632988456,1.0383899975838045,0.3500226811244094,0.07342454634587328,0
290,no_participation,3.228298856743229,1.0751742927959234,0.3685359201558974,0.07736009530946857,0
300,no_participation,3.2275029328358777,1.1126095894176697,0.38791776460714644,0.08152462972403055,0
310,no_participation,3.2266655742444255,1.1506943466912398,0.40820196022122396,0.08593103271089854,0
320,no_participation,3.225783860666839,1.1894272938076302,0.4294237461046747,0.09059311672773603,0
330,no_participation,3.2248548801953714,1.2288073819864076,0.4516198464171664,0.09552565994167403,0
340,no_participation,3.2238756676507823,1.2688337453110066,0.47482846949811147,0.10074444884053418,0
350,no_participation,3.2228431603275762,1.3095056686300566,0.49908931313965876,0.10626632672103198,0
360,no_participation,3.2217541649100156,1.350822561191346,0.5244435749949676,0.11210924783698774,0
370,no_participation,3.22060533147047,1.3927839349467475,0.5509339673197657,0.11829233710117834,0
380,no_participation,3.2193931318602846,1.4353893866763654,0.5786047354038577,0.12483595532156566,0
390,no_participation,3.2181138407139183,1.4786385832442555,0.6075016791713669,0.13176177002312628,0
400,no_participation,3.2167635178808083,1.5225312494275907,0.6376721775237295,0.139092831965195,0
410,no_participation,3.215337991486758,1.5670671578643347,0.669165215074678,0.14685365751450744,0
420,no_participation,3.2138328410792085,1.6122461207472545,0.7020314109865323,0.15507031707840635,0
430,no_participation,3.2122433804753094,1.658067982959004,0.7363230496656454,0.16377052984272322,0
440,no_participation,3.210564640038476,1.7045326163972638,0.772094113114358,0.1729837650959451,0
450,no_participation,3.20879134817799,1.751639915283231,0.8094003147693019,0.18274135045639714,0
460,no_participation,3.206917911910067,1.7993897922829543,0.8482991346827221,0.19307658735304747,0
470,no_participation,3.204938396346245,1.8477821753007793,0.8888498559258537,0.20402487414375026,0
480,no_participation,3.202846502991357,1.89681700482859,0.9311136021120243,0.21562383728772525,0
490,no_participation,3.2006355467425074,1.9464942317547398,0.9751533759528711,0.2279134710222204,0
500,no_participation,3.1982984314846745,1.9968138155531339,1.0210340987742097,0.2409362860268972,0
510,no_participation,3.1958276241794294,2.047775722786732,1.0688226509292653,0.25473746759379584,0
520,no_participation,3.1932151273417606,2.0993799258710313,1.1185879130563774,0.2693650438559998,0
530,no_participation,3.190452449796852,2.15162640205254,1.1704008081362811,0.28487006466452236,0
540,no_participation,3.187530575604263,2.204515132564974,1.2243343443108268,0.30130679174066854,0
550,no_participation,3.1844399310316565,2.258046101932374,1.2804636584307547,0.3187329007703547,0
560,no_participation,3.1811703494540473,2.3122192973936584,1.3388660603050229,0.3372096961477437,0
570,no_participation,3.1777110340478076,2.3670347084275045,1.399621077628308,0.35680233911822934,0
580,no_participation,3.174050518141273,2.4224923263601483,1.4628105015668718,0.3775800901154369,0
590,no_participation,3.1701766230758492,2.4785921440416714,1.528518432985933,0.3996165661336184,0
600,no_participation,3.166076413423019,2.5353341555788504,1.596831329304253,0.4229900140257592,0
610,no_participation,3.1617361493936236,2.5927183561147236,1.6678380519638205,0.44778360066903317,0
620,no_participation,3.157141236266184,2.6507447416467222,1.7416299145043193,0.4740857209930526,0
630,no_participation,3.152276170650882,2.709413308876657,1.8183007312336825,0.5019903249228274,0
640,no_participation,3.147124483395029,2.768724055086973,1.8979468664873114,0.5315972643476049,0
650,no_participation,3.141668678924525,2.828676978038703,1.9806672844696946,0.5630126612889457,0
660,no_participation,3.1358901708037554,2.8892720758873156,2.0665635996731093,0.5963492985066671,0
670,no_participation,3.1297692132837147,2.9505093471133357,2.155740127868907,0.6317270338497938,0
680,no_participation,3.123284828594754,3.0123887904651387,2.24830393766757,0.6692732397315456,0
690,no_participation,3.1164147297262184,3.074910404911798,2.344364902644296,0.7091232691828405,0
700,no_participation,3.1091352384203508,3.138074189604222,2.4440357540274062,0.7514209500179551,0
710,no_participation,3.1014211980921433,3.2018801438431197,2.5474321339472312,0.7963191087290092,0
720,no_participation,3.0932458813702293,3.2663282670525997,2.6546726492435444,0.8439801258130684,0
730,no_participation,3.0845808919365143,3.3314185587584224,2.7658789258298793,0.8945765243269629,0
740,no_participation,3.075396060323824,3.3971510185700717,2.8811756636133197,0.9482915935607135,0
750,no_participation,3.0656593333115056,3.4635256461659885,3.0006906919686074,1.0053200498208101,0
760,no_participation,3.0553366565385516,3.5305424412814075,3.124555025765544,1.0658687364197923,0
770,no_participation,3.044391849932326,3.5982014036983303,3.25290292194885,1.130157365078804,0
780,no_participation,3.032786475528436,3.666502533237278,3.385871936669776,1.1984193010652127,0
790,no_participation,3.0204796972334806,3.7354458297504816,3.52360298296885,1.270902394508322,0
800,no_participation,3.007428132057458,3.80503129311629,3.666240389009262,1.3478698604627553,0
810,no_participation,2.9935856923163033,3.875258923234551,3.8139319568604626,1.4296012104215923,0
820,no_participation,2.9789034182773775,3.9461287200228203,3.966829021831589,1.5163932381199892,0
830,no_participation,2.9633293006917203,4.0176406834132266,4.125086512354453,1.6085610626150693,0
840,no_participation,2.9468080926262803,4.089794813349899,4.288863010415777,1.7064392317795805,0
850,no_participation,2.9292811099773046,4.16259110978685,4.458320812538533,1.810382889505485,0
860,no_participation,2.9106860200123528,4.236029572686216,4.633625991312129,1.9207690100794892,0
870,no_participation,2.8909566172529795,4.31011020201684,4.814948457471332,2.037997703365886,0
880,no_participation,2.8700225859730253,4.384832997753066,5.002462022523811,2.16249359461322,0
890,no_participation,2.847809248548379,4.460197959873785,5.19634446192611,2.2947072828905037,0
900,no_participation,2.824237298853185,4.536205088361616,5.396777578808085,2.4351168823563754,0
910,no_participation,2.7992225198544984,4.612854383202252,5.603947268245591,2.5842296507709217,0
920,no_participation,2.7726754845123147,4.69014584438392,5.818043582081475,2.7425837098753325,0
930,no_participation,2.744501239044675,4.768079471896931,6.0392607942947265,2.9107498624893813,0
940,no_participation,2.714598967567978,4.846655265733302,6.267797466917796,3.0893335114113083,0
950,no_participation,2.682861637070701,4.925873225886473,6.503856516502005,3.278976685449403,0
960,no_participation,2.6491756216242983,5.005733352351039,6.747645281131073,3.4803601781698306,0
970,no_participation,2.613420304678007,5.0862356451225486,6.99937558798264,3.6942058052112854,0
980,no_participation,2.5754676582245564,5.167380104197341,7.259263821437858,3.921278786294574,0
990,no_participation,2.53518179756119,5.249166729572406,7.527530991738968,4.162390258344246,0
1000,no_participation,2.4924185103049075,5.33159552124526,7.804402804194873,4.41839992644067,0
0,measured_init,6.9492499832120025,0.504400372505188,0.4268323481082917,0.33559793233871466,0
10,measured_init,6.780437156033942,0.4957744667658023,0.4297793365843292,0.35792094889787696,0
20,measured_init,6.324154820245687,0.44506866240834625,0.2855252922281544,0.19404187342176726,0
30,measured_init,5.230173331537431,0.41743420795576286,0.19205217209844788,0.08514981304729556,0
40,measured_init,4.324287282774368,0.4143910210303907,0.15763884574180903,0.054120366170217905,0
50,measured_init,3.8232153362822294,0.42579983203498617,0.14664482001263163,0.04367711465289367,0
60,measured_init,3.5631928911842694,0.4452962180212748,0.145684750312375,0.03980858715991754,0
70,measured_init,3.4249610953497065,0.469777914568823,0.14991211161813772,0.03868787857031013,0
80,measured_init,3.348543867564729,0.49770445963994736,0.15736801348650706,0.03900305734715805,0
90,measured_init,3.3047214104166898,0.5282556497833449,0.16717364328011058,0.04021902800809947,0
100,measured_init,3.278785180086194,0.5609623121953885,0.1789084939579994,0.0420910473779545,0
110,measured_init,3.263004805266704,0.5955386154470773,0.19237007421409308,0.044500995604299404,0
120,measured_init,3.2531506729724664,0.6318008873937907,0.20747036539287061,0.04739339313995921,0
130,measured_init,3.2468275866070373,0.6696256980828412,0.22418695761526042,0.05074732596806896,0
140,measured_init,3.2426397243613203,0.7089269234757781,0.24253822441652018,0.05456300529436146,0
150,measured_init,3.2397540134953,0.7496425419592474,0.2625699402296486,0.05885492341803495,0
160,measured_init,3.237663082106824,0.7917266900512037,0.28434772053594054,0.0636482418094042,0
170,measured_init,3.2360523392127445,0.8351446933267617,0.3079525968849687,0.0689768817084824,0
180,measured_init,3.2347233741778676,0.8798698493664632,0.33347836326743735,0.07488257301246662,0
190,measured_init,3.233548781979546,0.9258812795233512,0.3610299662453656,0.08141447904085579,0
200,measured_init,3.2324449979467604,0.9731624535740794,0.39072253324821044,0.0886291921260888,0
210,measured_init,3.2313556893534288,1.021700150215744,0.4226808042021794,0.09659098674486817,0
220,measured_init,3.2302414539001796,1.0714837073373245,0.45703882595496004,0.10537226674199678,0
230,measured_init,3.2290733459465657,1.1225044696811042,0.493939822918064,0.1150541715131718,0
240,measured_init,3.2278287559247216,1.174755374060248,0.5335361892134759,0.1257273228293297,0
250,measured_init,3.226488751133867,1.2282306325161567,0.5759895669575219,0.13749270444546305,0
260,measured_init,3.225036330797325,1.2829254866327044,0.621470987352216,0.15046267348484507,0
270,measured_init,3.2234552555448373,1.3388360145350446,0.670161058908151,0.1647621073417808,0
280,measured_init,3.2217292379101283,1.3959589775837231,0.7222501920839559,0.18052969336863556,0
290,measured_init,3.2198413584669514,1.4542916974572462,0.7779388528984548,0.19791937141654753,0
300,measured_init,3.217773620864758,1.5138319568325243,0.8374378402620596,0.2171019416942106,0
310,measured_init,3.2155065895784998,1.5745779186216038,0.9009685832615804,0.23826685259005176,0
320,measured_init,3.2130190734914583,1.6365280599595726,0.9687634556563975,0.26162418519624825,0
330,measured_init,3.210287830669748,1.6996811180276628,1.0410661055575212,0.28740685336338156,0
340,measured_init,3.2072872774526506,1.7640360454456663,1.1181317987646675,0.3158730402619102,0
350,measured_init,3.203989189892467,1.8295919734510577,1.2002277745964591,0.34730889467525555,0
360,measured_init,3.2003623886508152,1.8963481814471497,1.2876336133095896,0.3820315126336754,0
370,measured_init,3.196372400341034,1.96430407178231,1.380641614394186,0.4203922325467378,0
380,measured_init,3.191981089410585,2.0334591488396745,1.4795571851752038,0.46278027473008665,0
390,measured_init,3.1871462552460086,2.103813001687781,1.5846992392574912,0.5096267591721736,0
400,measured_init,3.181821189424886,2.175365289678597,1.696400604434952,0.5614091385705969,0
410,measured_init,3.1759541880423856,2.2481157304886623,1.8150084397487904,0.6186560871072322,0
420,measured_init,3.169488013873165,2.3220640901874194,1.9408846614309285,0.6819528891481801,0
430,measured_init,3.1623593028364834,2.3972101749888814,2.074406377509794,0.7519473760710291,0
440,measured_init,3.154497908840519,2.473553824401748,2.215966330889094,0.8293564637610379,0
450,measured_init,3.1458261806075005,2.5510949055416376,2.365973350737824,0.9149733480037499,0
460,measured_init,3.1362581635337516,2.6298333084091206,2.524852812052706,1.0096754200593518,0
470,measured_init,3.1256987190227443,2.709768941970457,2.6930471032736545,1.1144329701603641,0
480,measured_init,3.1140425530461497,2.7909017309053747,2.871016101849231,1.2303187525567862,0
490,measured_init,3.1011731449369653,2.8732316129090867,3.0592376576630826,1.3585184920710227,0
500,measured_init,3.0869615665977306,2.956758536454713,3.258208084244347,1.5003424189496366,0
510,measured_init,3.071265181412217,3.0414824589380864,3.4684426576953706,1.6572379261428973,0
520,measured_init,3.0539262111764605,3.1274033451400096,3.6904761232789953,1.8308034510404194,0
530,measured_init,3.034770158309545,3.214521165952037,3.9248632096154363,2.0228036921781847,0
540,measured_init,3.0136040694606288,3.3028358973208922,4.172179150445407,2.235186280546915,0
550,measured_init,2.990214625390037,3.392347519374275,4.433020213922077,2.4701000349142634,0
560,measured_init,2.964366040662235,3.4830560156970565,4.708004239399352,2.7299149410655916,0
570,measured_init,2.935797755239973,3.5749613727321705,4.997771181688484,3.0172440061148222,0
580,measured_init,2.90422189850417,3.668063579284843,5.302983662758764,3.334967151084238,0
590,measured_init,2.869320504535002,3.762362626112421,5.624327530861309,3.686257317849323,0
600,measured_init,2.830742455667508,3.857858505585121,5.962512427057953,4.074608980343082,0
610,measured_init,2.788100129370614,3.954551211405493,6.318272359139568,4.503869264667548,0
620,measured_init,2.740965721381947,4.052440738376468,6.692366282920474,4.978271898525132,0
630,measured_init,2.6888672157519204,4.151527082209661,7.085578690897296,5.502474227218068,0
640,measured_init,2.631283969998151,4.2518102393669395,7.498720208262383,6.081597551432841,0
650,measured_init,2.5676418809339525,4.353290206929507,7.932628196263175,6.721271061192882,0
660,measured_init,2.4973080938999157,4.455966982489766,8.388167362900232,7.427679660795279,0
670,measured_init,2.419585215082608,4.559840564062018,8.866230380957552,8.207616001316872,0
680,measured_init,2.3337049833354797,4.664910950008682,9.367738513359866,9.068537060456315,0
690,measured_init,2.238821354409626,4.771178138979419,9.893642245852138,10.0186256341494,0
700,measured_init,2.134002946740919,4.878642129860831,10.444921926997415,11.066857130636583,0
710,measured_init,2.018224793909144,4.987302921734986,11.022588415489631,12.223072085558783,0
720,measured_init,1.8903593445670295,5.0971605138451554,11.62768373477834,13.498054846299326,0
730,measured_init,1.749166646014873,5.208214905567566,12.261281735003065,14.90361890526858,0
740,measured_init,1.5932836426506995,5.320466096388064,12.924488762234999,16.45269939523983,0
750,measured_init,1.4212125152370647,5.433914085882896,13.61844433502435,18.15945329529117,0
760,measured_init,1.2313079812727379,5.5485588737028335,14.344321828251744,20.039367933493324,0
770,measured_init,1.0217634707187302,5.664400459560079,15.103329164282377,22.109378412316435,0
780,measured_init,0.7905960848805553,5.781438843217482,15.896709511421841,24.387994624924332,0
790,measured_init,0.5356302393679413,5.899674024479639,16.725741989672617,26.895438575200135,0
800,measured_init,0.2544798847142524,6.019106003185545,17.59174238379042,29.653792761626484,0
810,measured_init,-0.055470809586103176,6.139734779202549,18.496063863639822,32.68716043515471,0
820,measured_init,-0.39708843020091145,6.2615603524213785,19.440097711848424,36.02183859407312,0
830,measured_init,-0.7735130857015959,6.384582722751998,20.425274058759207,39.68650463476503,0
840,measured_init,-1.1881831038324262,6.508801890120242,21.453062624680534,43.71241763627402,0
850,measured_init,-1.6448618112737838,6.634217854465023,22.524973469433558,48.133635318918934,0
860,measured_init,-2.1476665575613607,6.760830615736018,23.642557749196673,52.9872477829783,0
870,measured_init,-2.701100156192571,6.888640173891779,24.80740848064672,58.31362920285468,0
880,measured_init,-3.310084928031577,7.0176465288981635,26.02116131239684,64.15670872530188,0
890,measured_init,-3.9799995449539862,7.147849680727048,27.285495303730706,70.56426189742344,0
900,measured_init,-4.716718885291479,7.27924962935528,28.602133710632987,77.58822403141272,0
910,measured_init,-5.526657127087845,7.41184637476378,29.972844779116024,85.28502699858709,0
920,measured_init,-6.4168143205050265,7.545639916936841,31.399442545842412,93.71596103536378,0
930,measured_init,-7.394826696966947,7.680630255861526,32.883787646043565,102.94756323863835,0
940,measured_init,-8.469020989848168,7.816817391527184,34.42778812873409,113.0520345277587,0
950,measured_init,-9.648473059753897,7.954201323925036,36.03340027922209,124.10768695515875,0
960,measured_init,-10.943071136750074,8.092782053047866,37.70262944891492,136.19942335794735,0
970,measured_init,-12.363584012341708,8.232559578889713,39.43753089242096,149.41925145856572,0
980,measured_init,-13.921734535621189,8.373533901445686,41.24021061194674,163.86683464427796,0
990,measured_init,-15.630278790875725,8.51570502071174,43.1128262089899,179.65008178297893,0
1000,measured_init,-17.503091358115693,8.65907293668456,45.05758774332758,196.88577856685666,0
0,full,7.403934881976382,0.5309318939266455,0.438728799211575,0.37102139132560835,1
10,full,7.183385212510835,0.5367073300698797,0.44209538815830496,0.389892151548027,1
20,full,6.532720019981827,0.49299459897262354,0.2848230902705112,0.19041106227197777,1
30,full,5.236347888344985,0.4743118102123991,0.1900659564814698,0.08186059362054977,1
40,full,4.286200943447842,0.479939344145515,0.15619810556602173,0.05225234900565832,1
50,full,3.790772795694427,0.49990980273971214,0.1455156452528655,0.042533955837921564,1
60,full,3.541269150117714,0.5280964683924668,0.14462693255735187,0.03905367805144639,1
70,full,3.4107822250640787,0.5615216667982459,0.1488562998850157,0.03818292618075408,1
80,full,3.3393650028468786,0.5987120183519555,0.15632907047483122,0.03868625409479249,1
90,full,3.298689953564753,0.6388838412895058,0.1662011983552827,0.04006164002307225,1
100,full,3.274738778365793,0.6815883008686684,0.178067639443427,0.04208169587586738,1
110,full,3.2602216735033442,0.7265512287242054,0.19173471726626692,0.04463896808846899,1
120,full,3.2511791730622255,0.7735958409542466,0.20712138286283066,0.047685418799983635,1
130,full,3.2453814885564776,0.8226028866520292,0.22421216265730887,0.05120596873044453,1
140,full,3.2415351101809327,0.8734888387408102,0.24303302714764596,0.0552059134088041,1
150,full,3.238871066629346,0.9261933253438168,0.26363828050046695,0.05970457102687584,1
160,full,3.2369226331955128,0.9806715538727856,0.2861031134357787,0.0647319769549166,1
170,full,3.2354012429929893,1.0368895613139242,0.31051923301872464,0.0703271850661638,1
180,full,3.2341252503380575,1.0948211306005189,0.3369922454673959,0.07653747887811786,1
190,full,3.2329780659391583,1.1544457248687567,0.36564007965568235,0.08341813581744138,1
200,full,3.2318830644576693,1.2157470636921675,0.39659205126173414,0.09103255419304053,1
210,full,3.2307882907852514,1.2787121160524633,0.4299883344128192,0.0994526384755888,1
220,full,3.2296570007450045,1.3433303711021003,0.46597970051113413,0.1087593853243211,1
230,full,3.2284617304830534,1.409593298734153,0.504727437397964,0.11904363957529106,1
240,full,3.2271805270057072,1.4774939428908453,0.5464033937727333,0.13040700546299142,1
250,full,3.225794515114162,1.5470266097549281,0.5911901131597448,0.14296290848509458,1
260,full,3.2242862961728758,1.6181866251712187,0.6392810338183956,0.15683781010013378,1
270,full,3.2226388661641745,1.6909701435539544,0.6908807387104132,0.1721725822908158,1
280,full,3.220834857252074,1.7653739957585477,0.7462052446495631,0.18912405274671687,1
290,full,3.2188559789177607,1.8413955669092485,0.8054823230673511,0.20786673450306486,1
300,full,3.216682579343552,1.9190326975795997,0.8689518470441374,0.2285947566137847,1
310,full,3.2142932756304097,1.9982836033991376,0.9368661607597586,0.25152401502523275,1
320,full,3.2116646189782383,2.0791468093493086,1.009490468553017,0.27689456537630963,1
330,full,3.208770772011086,2.16162109587065,1.0871032415008575,0.3049732820665087,1
340,full,3.20558318238152,2.245705454534569,1.169996639937497,0.3360568106679941,1
350,full,3.202070241128944,2.331399051504917,1.258476950698437,0.370474843658661,1
360,full,3.1981969169302547,2.4187011973729153,1.352865038139057,0.4085937525591133,1
370,full,3.1939243589579327,2.5076113222252983,1.4534968081727375,0.45082061290120506,1
380,full,3.1892094619247873,2.5981289550213384,1.5607236847196377,0.497607662069832,1
390,full,3.184004387284031,2.690253706525163,1.6749130980686597,0.5494572339721923,1
400,full,3.178256034619632,2.7839852551760766,1.7964489847413172,0.6069272187285063,1
410,full,3.171905457100962,2.8793233353894796,1.925732298514114,0.6706371001741692,1
420,full,3.1648872145483176,2.9762677278701264,2.0631815323102827,0.7412746289452631,1
430,full,3.1571286571993595,3.074818251592246,2.20923325071577,0.8196031943181653,1
440,full,3.148549132703757,3.1749747571607427,2.3643426329105495,0.9064699638219264,1
450,full,3.139059108216976,3.2767371213167906,2.5289840258363983,1.0028148659730631,1
460,full,3.128559198720862,3.3801052423916866,2.7036515074475944,1.1096804983321253,1
470,full,3.116939091870357,3.48507903654635,2.888859459912312,1.2282230504874994,1
480,full,3.104076358751514,3.5916584346616007,3.0851431526507644,1.3597243395742178,1
490,full,3.0898351389329672,3.6998433797673766,3.2930593351117325,1.505605064575995,1
500,full,3.074064687096648,3.8096338249181656,3.513186839202507,1.6674393949817057,1
510,full,3.0565977673380718,3.921029731437723,3.7461271912988776,1.8469710194198903,1
520,full,3.037248879925506,4.034031067469337,3.992505233771767,2.0461307907260546,1
530,full,3.0158123038930356,4.148637806778829,4.2529697559757516,2.2670561155596527,1
540,full,2.992059937307126,4.264849927766521,4.52819413465226,2.512112249235816,1
550,full,2.965738915380596,4.382667412651907,4.8188769837066125,2.7839156699289282,1
560,full,2.9365689848025713,4.502090246801053,5.125742813323787,3.0853597209022867,1
570,full,2.9042396106976964,4.6231184181718765,5.449542698392608,3.4196427249845294,1
580,full,2.8684067905117563,4.74575191685677,5.791054956212324,3.790298792216947,1
590,full,2.828689546832198,4.869990734705581,6.151085833459065,4.2012315595073435,1
600,full,2.7846660686785025,4.995834865014896,6.530470202392996,4.656751120320656,1
610,full,2.735869468125824,5.123284302272054,6.930072266289568,5.161614422992513,1
620,full,2.6817831162416796,5.25233904194427,7.350786274080655,5.721069438251867,1
630,full,2.621835519205098,5.382999080304965,7.793537244193449,6.340903420069445,1
640,full,2.5553946921246355,5.515264414290761,8.25928169757666,7.027495609100476,1
650,full,2.481761984459614,5.649135041383787,8.749008399905119,7.787874754858639,1
660,full,2.400165307059949,5.784610959514769,9.26373911295515,8.629781861442693,1
670,full,2.309751706655713,5.921692166983298,9.804529355144222,9.561738592242467,1
680,full,2.209579229128132,6.060378662392235,10.372469171229293,10.593121801686166,1
690,full,2.0986080080584157,6.200670444593737,10.968683911159141,11.734244696870432,1
700,full,1.9756905098576414,6.342567512644869,11.594335018076693,12.996445168958122,1
710,full,1.8395608612066254,6.486069865771098,12.250620825467756,14.392181873661263,1
720,full,1.6888231785549248,6.6311775033362705,12.938777363453479,15.935138682078584,1
730,full,1.5219388130168678,6.777890424817945,13.660079174223839,17.64033816776516,1
740,full,1.3372124171328559,6.926208629787084,14.4158401366102,19.52426484331819,1
750,full,1.132776732607181,7.076132117891395,15.20741429979509,21.604998910116116,1
760,full,0.9065759902593369,7.227660888841631,16.036196726157726,23.902361338304186,1
770,full,0.656347805002393,7.380794942400298,16.903624343253938,26.438071150837757,1
780,full,0.37960343965609056,7.535534278372439,17.811176804929563,29.235915845546412,1
790,full,0.07360630177886884,7.691878896598009,18.76037736156619,32.32193595293941,1
800,full,-0.26465147257497756,7.849828796945629,19.752793739458657,35.72462479502176,1
810,full,-0.6384745052380087,8.009383979307476,20.790039029323584,39.47514458191847,1
820,full,-1.0514919012223092,8.170544443595038,21.87377258393841,43.607560058811,1
830,full,-1.5076873941740039,8.333310189735677,23.005700924910368,48.15909099578048,1
840,full,-2.0114321065446177,8.497681217669784,24.187578658575276,53.170384897839945,1
850,full,-2.5675201332058384,8.663657527348441,25.421209401025504,58.685811401947056,1
860,full,-3.181207172323423,8.8312391187315,26.708446712267047,64.75377992234795,1
870,full,-3.858252443364335,9.00042599178602,28.051195039505448,71.42708220545468,1
880,full,-4.604964149192809,9.171218146484975,29.45141066956026,78.76326156085017,1
890,full,-5.428248757372491,9.34361558280618,30.91110269040811,86.8250106462069,1
900,full,-6.335664395092145,9.517618300731446,32.432333961854034,95.68059980116436,1
910,full,-7.335478672633807,9.693226300245842,34.01722209533091,105.40433804881604,1
920,full,-8.43673127206921,9.870439581337124,35.66794044282732,116.07706901369863,1
930,full,-9.649301660970714,10.049258143995237,37.38671909494321,127.78670414235084,1
940,full,-10.983982315427397,10.22968198821194,39.17584588807352,140.62879575693003,1
950,full,-12.45255786263947,10.411711113980472,41.037667420720105,154.70715262436352,1
960,full,-14.067890580901635,10.595345521295291,42.97459007893109,170.13450088339258,1
970,full,-15.844012723959498,10.780585210151838,44.98908107086837,187.03319334000483,1
980,full,-17.796226167615778,10.967430180546378,47.08366947050287,205.53597031847428,1
990,full,-19.94120990916367,11.155880432475843,49.26094727043757,225.7867754409338,1
1000,full,-22.297135984823697,11.345935965937738,51.52357044385842,247.94162990345623,1
0,no_local,7.403934881976382,0.5309318939266455,0.438728799211575,0.37102139132560835,1
10,no_local,7.183858591802691,0.46436685716618165,0.3549899407228702,0.2920910069526303,1
20,no_local,6.534234036102108,0.3687434552376387,0.17962434094685947,0.10059110297860867,1
30,no_local,5.238569672016384,0.3092379093728487,0.09388312236840933,0.028970713595404377,1
40,no_local,4.288878137366043,0.27658234760388095,0.06228143010530468,0.013058763671130952,1
50,no_local,3.793816467060822,0.2579297350117324,0.04834182881201532,0.008077979831557796,1
60,no_local,3.5446494902002628,0.24639169295612637,0.04098320871879528,0.005955972729403769,1
70,no_local,3.4144936351972177,0.23875112824981123,0.03658822275977324,0.004853905716505948,1
80,no_local,3.34341428188145,0.2334308105089923,0.03373837160450262,0.00420414984436282,1
90,no_local,3.3030916584738903,0.22958952818035328,0.03178348941708261,0.0037874264443782234,1
100,no_local,3.279513199093393,0.22674207042287425,0.030388155324671005,0.003504212577602045,1
110,no_local,3.2653939165226156,0.22458978330154292,0.02936307207637765,0.0033036332984778542,1
120,no_local,3.2567787801202317,0.22293895266759048,0.028593711171764402,0.0031572293142322853,1
130,no_local,3.251442346436147,0.22165853313788805,0.028006871759115367,0.003047931315827872,1
140,no_local,3.2480955383731422,0.22065682432411138,0.02755367094457835,0.0029649231338537514,1
150,no_local,3.2459740272638897,0.21986788356633485,0.027200291250031212,0.0029010421722311173,1
160,no_local,3.2446160350331303,0.21924323354563385,0.026922657577723268,0.002851372336927302,1
170,no_local,3.2437383254884544,0.21874659428797125,0.026703225985615118,0.0028124389108308695,1
180,no_local,3.243165041721772,0.2183504181634357,0.026528966013209018,0.0027817258275449016,1
190,no_local,3.242785914054997,0.21803354085864532,0.02639004752439183,0.0027573744461324907,1
200,no_local,3.242531242233086,0.21777954641919098,0.02627895947440686,0.0027379889526524203,1
210,no_local,3.2423566804564996,0.21757560293020112,0.026189902484249548,0.002722506763054918,1
220,no_local,3.242233862724647,0.21741161672492837,0.026118360229315473,0.0027101098658665213,1
230,no_local,3.2421445642704265,0.2172796073606185,0.02606079075725919,0.0027001627123089816,1
240,no_local,3.2420770329419266,0.2171732388980887,0.026014400188975894,0.0026921677796398107,1
250,no_local,3.2420236671588505,0.21708746396594783,0.025976974241263825,0.002685733184159192,1
260,no_local,3.2419795372886546,0.2170182505879195,0.025946751122641394,0.0026805486901810556,1
270,no_local,3.241941439379253,0.21696237064785484,0.025922324547000244,0.0026763676858493285,1
280,no_local,3.2419072870638415,0.21691723485483627,0.025902569009188005,0.0026729934759532545,1
290,no_local,3.2418757194286814,0.21688076318128444,0.025886581738636137,0.002670268748644978,1
300,no_local,3.241845847409775,0.21685128262141173,0.025873637295549774,0.0026680674092493654,1
310,no_local,3.241817089377071,0.21682744616246513,0.025863151848889366,0.0026662882018435854,1
320,no_local,3.2417890643172145,0.2168081683397897,0.02585465493419701,0.0026648496960036366,1
330,no_local,3.241761522311397,0.21679257383163045,0.02584776703372913,0.0026636863259686303,1
340,no_local,3.241734299215363,0.2167799563563638,0.025842181717761602,0.0026627452477511588,1
350,no_local,3.241707287074862,0.2167697457420715,0.025837651378517935,0.0026619838363675526,1
360,no_local,3.2416804147886205,0.2167614815003186,0.025833975806811005,0.0026613676869467946,1
370,no_local,3.2416536354544743,0.21675479159073524,0.02583099302669465,0.0026608690144117324,1
380,no_local,3.2416269180796915,0.21674937533764277,0.02582857192949459,0.00266046536971658,1
390,no_local,3.2416002421444614,0.2167449896740834,0.025826606345636653,0.0026601386083487675,1
400,no_local,3.241573594032719,0.21674143805654356,0.025825010267967678,0.002659874060420316,1
410,no_local,3.241546964686325,0.21673856152603727,0.0258237139990408,0.002659659862222811,1
420,no_local,3.241520348061517,0.21673623149600396,0.02582266104098698,0.002659486417350592,1
430,no_local,3.241493740111974,0.21673434393072122,0.02582180558301074,0.002659345961958323,1
440,no_local,3.2414671381179367,0.21673281464426603,0.025821110470397087,0.0026592322138177683,1
450,no_local,3.2414405402429325,0.21673157550303274,0.025820545561854834,0.002659140088879908,1
460,no_local,3.2414139452403883,0.21673057135722798,0.025820086400311654,0.0026590654722631565,1
470,no_local,3.241387352259069,0.21672975756075358,0.025819713136896322,0.002659005033153308,1
480,no_local,3.2413607607137553,0.2167290979661895,0.02581940965955677,0.002658956075152678,1
490,no_local,3.2413341701990555,0.21672856330352794,0.025819162887160844,0.0026589164152603585,1
500,no_local,3.241307580431802,0.216728129868963,0.025818962197480623,0.0026588842859860216,1
510,no_local,3.241280991212394,0.21672777846425972,0.02581879896354019,0.0026588582561615157,1
520,no_local,3.2412544023987757,0.21672749353867723,0.025818666177703134,0.002658837166869116,1
530,no_local,3.2412278138888064,0.21672726249466376,0.02581855814682513,0.002658820079594099,1
540,no_local,3.2412012256082794,0.21672707512598635,0.025818470244982662,0.002658806234264544,1
550,no_local,3.2411746375027057,0.21672692316297557,0.025818398712862515,0.0026587950152895485,1
560,no_local,3.2411480495316614,0.21672679990441998,0.025818340494975528,0.002658785924068697,1
570,no_local,3.2411214616648465,0.21672669991956248,0.025818293107538068,0.0026587785567379163,1
580,no_local,3.2410948738793333,0.21672661880682273,0.025818254531225333,0.002658772586152982,1
590,no_local,3.2410682861576157,0.21672655299842486,0.025818223124098948,0.002658767747302708,1
600,no_local,3.241041698486218,0.21672649960218013,0.025818197550902602,0.0026587638254981956,1
610,no_local,3.2410151108546863,0.216726456273344,0.0258181767256394,0.002658760646809232,1
620,no_local,3.2409885232548596,0.21672642111082246,0.02581815976492915,0.0026587580703198617,1
630,no_local,3.240961935680332,0.2167263925730898,0.025818145950115914,0.0026587559818567323,1
640,no_local,3.240935348126042,0.21672636941007004,0.025818134696479866,0.00265875428890988,1
650,no_local,3.2409087605879843,0.21672635060794443,0.025818125528217935,0.0026587529165190186,1
660,no_local,3.240882173062966,0.21672633534442806,0.025818118058109425,0.0026587518039416303,1
670,no_local,3.240855585548442,0.21672632295252683,0.02581811197098712,0.0026587509019541625,1
680,no_local,3.2408289980423746,0.21672631289116417,0.025818107010299893,0.0026587501706659264,1
690,no_local,3.2408024105431283,0.2167263047213715,0.025818102967187045,0.0026587495777481876,1
700,no_local,3.2407758230493924,0.2167262980869897,0.025818099671593958,0.002658749096999588,1
710,no_local,3.2407492355601057,0.21672629269902258,0.02581809698504641,0.0026587487071838994,1
720,no_local,3.24072264807442,0.21672628832295196,0.025818094794773483,0.0026587483910884336,1
730,no_local,3.2406960605916457,0.21672628476845243,0.02581809300892652,0.002658748134761132,1
740,no_local,3.2406694731112293,0.21672628188105053,0.025818091552689375,0.002658747926892434,1
750,no_local,3.240642885632721,0.21672627953536103,0.025818090365113417,0.002658747758314412,1
760,no_local,3.240616298155758,0.21672627762960128,0.025818089396541965,0.0026587476215949326,1
770,no_local,3.2405897106800485,0.21672627608114095,0.0258180886065139,0.002658747510708747,1
780,no_local,3.240563123205354,0.21672627482289325,0.0258180879620575,0.0026587474207709814,1
790,no_local,3.240536535731481,0.21672627380038653,0.02581808743630139,0.0026587473478211425,1
800,no_local,3.240509948258276,0.2167262729693881,0.025818087007343667,0.002658747288648063,1
810,no_local,3.2404833607856114,0.21672627229397726,0.025818086657331096,0.0026587472406480197,1
820,no_local,3.2404567733133853,0.21672627174498077,0.02581808637170925,0.0026587472017097456,1
830,no_local,3.240430185841515,0.21672627129870356,0.02581808613861185,0.0026587471701212165,1
840,no_local,3.2404035983699333,0.21672627093589844,0.0258180859483633,0.0026587471444940985,1
850,no_local,3.2403770108985843,0.21672627064092997,0.025818085793073556,0.0026587471237025043,1
860,no_local,3.240350423427426,0.21672627040109588,0.02581808566630797,0.0026587471068333425,1
870,no_local,3.240323835956421,0.21672627020607557,0.025818085562818328,0.002658747093146066,1
880,no_local,3.2402972484855415,0.21672627004748343,0.02581808547832377,0.0026587470820400552,1
890,no_local,3.240270661014763,0.21672626991850502,0.025818085409332052,0.0026587470730281373,1
900,no_local,3.2402440735440665,0.21672626981360277,0.02581808535299413,0.002658747065715165,1
910,no_local,3.2402174860734374,0.2167262697282759,0.025818085306985393,0.002658747059780604,1
920,no_local,3.2401908986028625,0.21672626965886624,0.025818085269409003,0.002658747054964442,1
930,no_local,3.2401643111323306,0.21672626960240035,0.025818085238717058,0.0026587470510557485,1
940,no_local,3.240137723661835,0.21672626955646085,0.025818085213646223,0.002658747047883405,1
950,no_local,3.240111136191368,0.2167262695190827,0.0258180851931654,0.002658747045308586,1
960,no_local,3.2400845487209247,0.216726269488668,0.02581808517643295,0.002658747043218659,1
970,no_local,3.2400579612505007,0.21672626946391763,0.025818085162761763,0.002658747041522235,1
980,no_local,3.2400313737800914,0.21672626944377532,0.025818085151590946,0.0026587470401451692,1
990,no_local,3.2400047863096955,0.21672626942738177,0.025818085142462477,0.002658747039027293,1
1000,no_local,3.2399781988393097,0.21672626941403836,0.02581808513500241,0.0026587470381197833,1
0,no_participation,7.403934881976382,0.5309318939266455,0.438728799211575,0.37102139132560835,1
10,no_participation,7.183388003803243,0.5358819316197376,0.44125225042262134,0.3890591351390782,1
20,no_participation,6.5327395078673325,0.4890447134175741,0.28142107831079316,0.1877342096097987,1
30,no_participation,5.236399002699207,0.4647883457050096,0.18341328472915172,0.07826482318871715,1
40,no_participation,4.286290688290197,0.46320097491495,0.14610912850417765,0.04805445882579821,1
50,no_participation,3.790907636785114,0.4747622132390242,0.13165678060414618,0.0376139253674094,1
60,no_participation,3.5414570405583574,0.49355085700549167,0.12655001601274832,0.0332483396441131,1
70,no_participation,3.4110327532026017,0.5166942223926305,0.12603554464471012,0.0313286308763948,1
80,no_participation,3.339689410531277,0.5427783265487098,0.1281720535032004,0.030614215351949445,1
90,no_participation,3.2991012190085875,0.5710560568690951,0.1320510423173491,0.03059121850642024,1
100,no_participation,3.2752517587705747,0.6011027163550513,0.13720173171815828,0.031015311653527118,1
110,no_participation,3.2608532930519556,0.632660993288951,0.1433618029198896,0.0317581079419887,1
120,no_participation,3.251948648234173,0.6655664198909275,0.15037780233662404,0.03274713147883314,1
130,no_participation,3.246310587804469,0.6997090727604633,0.15815755793435216,0.03393945911679238,1
140,no_participation,3.242648448097473,0.735012691248884,0.1666456476050688,0.03530900956307419,1
150,no_participation,3.2401964345399685,0.7714226900408938,0.17580993938946787,0.036839927380104956,1
160,no_participation,3.2384913692637465,0.8088989631270508,0.18563381306748936,0.03852291940445709,1
170,no_participation,3.237248645769162,0.8474113920772645,0.19611146335534885,0.04035312189914456,1
180,no_participation,3.2362910404101606,0.8869369438981276,0.2072449553957572,0.0423288076381397,1
190,no_participation,3.2355069010387454,0.927457737169675,0.21904231803812196,0.044450576347641095,1
200,no_participation,3.234825114083929,0.9689597170018185,0.23151627397360805,0.04672083483071689,1
210,no_participation,3.2341998771635336,1.0114317239001644,0.24468337317723507,0.0491434569618141,1
220,no_participation,3.2336013137508113,1.0548648242498093,0.2585633890938968,0.051723558975594316,1
230,no_participation,3.233009625053694,1.09925181881754,0.27317889049524874,0.05446735087838546,1
240,no_participation,3.2324114125426866,1.1445868751605608,0.2885549336653518,0.057382039579618266,1
250,no_participation,3.231797347462765,1.1908652481272162,0.3047188389138754,0.06047576818946288,1
260,no_participation,3.2311606839643994,1.2380830642415683,0.32170002749179,0.06375758137226603,1
270,no_participation,3.2304963046345385,1.2862371532767434,0.33952990268882444,0.06723741007290315,1
280,no_participation,3.229800104122726,1.3353249152785036,0.358241763904005,0.07092607113702815,1
290,no_participation,3.2290685885565518,1.3853442146304853,0.37787074580023633,0.07483527879077469,1
300,no_participation,3.2282986132316247,1.4362932950295035,0.398453776889928,0.07897766590969103,1
310,no_participation,3.22748720916453,1.4881707108234823,0.4200295534293013,0.08336681366183103,1
320,no_participation,3.226631466856561,1.540975271285812,0.442638525563417,0.08801728856318647,1
330,no_participation,3.2257284569059315,1.5947059952069598,0.46632289341577254,0.09294468630326913,1
340,no_participation,3.224775174319249,1.6493620737747914,0.49112661135574104,0.09816568192876839,1
350,no_participation,3.2237684980005237,1.7049428401541902,0.5170953990702462,0.10369808614272177,1
360,no_participation,3.2227051598749816,1.7614477445080343,0.54427675835714,0.10956090760473061,1
370,no_participation,3.2215817200280044,1.8188763334553846,0.5727199947766225,0.11577442121730193,1
380,no_participation,3.2203945454837317,1.8772282331594539,0.6024762434641309,0.12236024246313566,1
390,no_participation,3.219139791054116,1.9365031353922781,0.6335984985375901,0.12934140792410936,1
400,no_participation,3.2178133812122662,1.9967007860452057,0.6661416456335398,0.13674246216898805,1
410,no_participation,3.21641099228322,2.0578209756519916,0.7001624971875028,0.1445895512464568,1
420,no_participation,3.214928034465233,2.1198635315698424,0.7357198301389444,0.1529105230649996,1
430,no_participation,3.2133596333368284,2.1828283115273894,0.7728744257939791,0.1617350349829627,1
440,no_participation,3.211700610596268,2.246715198300274,0.8116891116222134,0.1710946689719493,1
450,no_participation,3.209945463838275,2.311524095317322,0.8522288047998177,0.18102305475533662,1
460,no_participation,3.2080883452091777,2.37725492303488,0.8945605573405432,0.19155600136183307,1
470,no_participation,3.206123038803657,2.4439076159453275,0.9387536026811167,0.20273163757210763,1
480,no_participation,3.2040429366786776,2.511482120109153,0.9848794036081628,0.21459056177504637,1
490,no_participation,3.201841013366261,2.5799783911192993,1.0330117014312108,0.22717600178945496,1
500,no_participation,3.1995097987685046,2.6493963924223247,1.0832265663210008,0.2405339852473313,1
510,no_participation,3.1970413493169674,2.7197360939340958,1.1356024487446945,0.2547135211764345,1
520,no_participation,3.1944272172752664,2.7909974708985534,1.1902202319400617,0.26976679346300125,1
530,no_participation,3.1916584180587475,2.8631805029470483,1.2471632853795613,0.2857493669203244,1
540,no_participation,3.188725395439094,2.9362851733231383,1.3065175191827623,0.30272040673570916,1
550,no_participation,3.185617984494657,3.0103114682438687,1.3683714394418856,0.32074291211724404,1
560,no_participation,3.1823253721594784,3.085259376373605,1.4328162044306474,0.3398839650130472,1
570,no_participation,3.178836055215385,3.1611288883906585,1.4999456816711685,0.36021499482936636,1
580,no_participation,3.1751377955622955,3.237919996630406,1.5698565058375538,0.3818120601302696,1
590,no_participation,3.1712175725919556,3.3156326947914634,1.6426481374780781,0.40475614836087614,1
600,no_participation,3.1670615324797216,3.394266977693796,1.7184229225406473,0.42913349469827566,1
610,no_participation,3.1626549341977737,3.4738228410796297,1.7972861526886041,0.455035921199696,1
620,no_participation,3.1579820920411734,3.5543002814495996,1.8793461263959268,0.4825611974862303,1
630,no_participation,3.1530263144455124,3.6356992959279633,1.9647142108125724,0.5118134242727669,1
640,no_participation,3.147769838861461,3.71801988215167,2.053504904392129,0.5429034411308047,1
650,no_participation,3.142193762437355,3.8012620381791433,2.1458359002751886,0.5759492599508379,1
660,no_participation,3.1362779682458655,3.8854257624152386,2.2418281504228466,0.6110765256551053,1
670,no_participation,3.130001046774963,3.9705110535495436,2.341605930495627,0.6484190057999559,1
680,no_participation,3.123340212386539,4.056517910505634,2.445296905473848,0.6881191108000796,1
690,no_participation,3.1162712144283122,4.143446332399358,2.5530321960160776,0.7303284466046119,1
700,no_participation,3.1087682426658945,4.231296318504556,2.664946445552854,0.7752084017578768,1
710,no_participation,3.1008038266820557,4.320067868224855,2.7811778881132714,0.8229307708854909,1
720,no_participation,3.0923487288693687,4.409760981070512,2.90186841688242,0.8736784167599881,1
730,no_participation,3.0833718306202664,4.500375656639373,3.0271636534880093,0.9276459732192582,1
740,no_participation,3.073840011295334,4.591911894601219,3.157213018014691,0.9850405913361927,1
750,no_participation,3.063718019526024,4.684369694684935,3.2921697997449573,1.0460827313692758,1
760,no_participation,3.0529683363821127,4.77774905666792,3.43219122862551,1.111007003161688,1
770,no_participation,3.0415510299068758,4.872049980367425,3.5774385474583146,1.180063057801137,1
780,no_participation,3.0294236004941526,4.967272465633432,3.728077084815597,1.2535165335043508,1
790,no_participation,3.016540816551161,5.063416512342785,3.8842763286781623,1.3316500588492912,1
800,no_participation,3.002854539858899,5.160482120394392,4.046210000796563,1.4147643166449768,1
810,no_participation,2.9883135400083134,5.258469289705278,4.214056131774651,1.5031791719036778,1
820,no_participation,2.972863297254971,5.35737802020733,4.3879971368751765,1.5972348675634849,1
830,no_participation,2.956445793097587,5.45720831184465,4.568219892547118,1.697293291801258,1
840,no_participation,2.938999287846504,5.557960164571359,4.754915813674504,1.8037393209769959,1
850,no_participation,2.920458084406851,5.6596335783497995,4.948280931546498,1.9169822424612488,1
860,no_participation,2.900752277457618,5.762228553149073,5.148515972548574,2.0374572618175386,1
870,no_participation,2.879807487162115,5.865745088943815,5.355826437574617,2.1656270990424598,1
880,no_participation,2.8575445764972143,5.970183185713217,5.5704226821598555,2.3019836788074146,1
890,no_participation,2.8338793512381675,6.0755428434402,5.792519997334491,2.447049919898347,1
900,no_participation,2.808722241582691,6.181824062110747,6.022338691197925,2.601381629313867,1
910,no_participation,2.7819779643421367,6.2890268417133655,6.260104171213547,2.7655695067580313,1
920,no_participation,2.7535451645689384,6.397151182238614,6.506047027223985,2.940241265552541,1
930,no_participation,2.723316035427933,6.506197083678744,6.760403115186802,3.126063876294495,1
940,no_participation,2.6911759150544787,6.616164546027405,7.023413641630527,3.3237459399006584,1
950,no_participation,2.6570028590744066,6.727053569279387,7.295325248831082,3.5340401970080744,1
960,no_participation,2.6206671873896448,6.838864153430411,7.576390100708489,3.7577461810441686,1
970,no_participation,2.58203100375858,6.951596298476969,7.866865969443842,3.995713022637921,1
980,no_participation,2.5409476866218608,7.065250004416174,8.167016322816593,4.248842413417732,1
990,no_participation,2.4972613495421587,7.179825271245671,8.477110412262043,4.518091737631864,1
1000,no_participation,2.450806269540179,7.29532209896352,8.797423361649072,4.804477380434475,1
0,measured_init,7.403934881976382,0.5043753981590272,0.3915551602840424,0.31948617100715654,1
10,measured_init,7.183934922208338,0.5117142274009563,0.3961500742156629,0.33620693607577173,1
20,measured_init,6.533691491913705,0.4716313427543319,0.25620549882498517,0.16417459232881468,1
30,measured_init,5.23749969177554,0.45510825412898986,0.17154957267330373,0.0704264206360824,1
40,measured_init,4.287444933659953,0.4616593046159656,0.1413763572181845,0.04487005793045837,1
50,measured_init,3.7920834688232885,0.4818839841904809,0.1320168610730271,0.03649399232996078,1
60,measured_init,3.5426375943688946,0.5099804102495307,0.13147852198144316,0.03350562653642508,1
70,measured_init,3.4122053323337083,0.5431257283764779,0.13557134932097067,0.03277234583226664,1
80,measured_init,3.3408423132266325,0.5799228573872744,0.1426167275592592,0.03322840161726063,1
90,measured_init,3.300222495374879,0.619628794844092,0.15186101637430632,0.03444126600000908,1
100,measured_init,3.276328569464879,0.6618181283763924,0.162944965715339,0.03621549592522484,1
110,measured_init,3.261871485689833,0.7062310915001164,0.17569947671874475,0.03845921034999611,1
120,measured_init,3.252892416939689,0.7527002503801007,0.19005698923332048,0.04113187711682665,1
130,measured_init,3.247162160365725,0.8011127019149495,0.20600925649501145,0.044221500393992,1
140,measured_init,3.2433877740080543,0.8513893899467447,0.2235856973620133,0.047733781366224824,1
150,measured_init,3.2408008589112267,0.9034731882374712,0.24284164589282076,0.05168665710513261,1
160,measured_init,3.2389352827176405,0.9573217196033554,0.2638516883612006,0.056107469638251646,1
170,measured_init,3.2375031027263823,1.0129028555272395,0.2867057651584228,0.06103152334604947,1
180,measured_init,3.2363233391600703,1.0701917955765365,0.31150684849590676,0.06650142982749976,1
190,measured_init,3.23528011925808,1.1291691117081242,0.3383695560097072,0.07256693298295393,1
200,measured_init,3.234297593357168,1.1898194009159673,0.36741934084063027,0.07928505052764295,1
210,measured_init,3.233324649693769,1.2521303326246236,0.39879204869335755,0.08672044237987372,1
220,measured_init,3.2323254639075873,1.3160919591019422,0.4326337157850657,0.09494595681993989,1
230,measured_init,3.2312735777188903,1.3816962055036512,0.4691005296439213,0.10404332846739364,1
240,measured_init,3.230148139402587,1.4489364854832558,0.5083589032599183,0.11410401604351086,1
250,measured_init,3.2289314814584915,1.517807406518232,0.550585630506048,0.1252301767089641,1
260,measured_init,3.2276075310515884,1.5883045406712577,0.5959681016269995,0.1375357797038386,1
270,measured_init,3.2261607408099184,1.6604242439992118,0.6447045645302082,0.15114786629391908,1
280,measured_init,3.2245753443403093,1.7341635127699355,0.6970044221192376,0.16620796634760232,1
290,measured_init,3.22283481266735,1.809519867972662,0.7530885588827038,0.1828736846499829,1
300,measured_init,3.220921432423806,1.886491261884148,0.8131896919430364,0.20132047256153895,1
310,measured_init,3.2188159545395756,1.9650760020381102,0.8775527431209094,0.22174360301205762,1
320,measured_init,3.216497279733052,2.045272689069902,0.9464352295005086,0.24436036919451112,1
330,measured_init,3.2139421581760494,2.1270801657198817,1.020107670628011,0.26941252976386915,1
340,measured_init,3.211124887671734,2.210497474874974,1.0988540109322207,0.29716902590750127,1
350,measured_init,3.2080169990433944,2.2955238249732526,1.1829720562827855,0.327928998379728,1
360,measured_init,3.2045869201151547,2.382158561434478,1.2727739238381934,0.3620251355186285,1
370,measured_init,3.2007996112639194,2.470401143040133,1.368586504510078,0.39982738641940396,1
380,measured_init,3.196616166409389,2.5602511223900635,1.4707519375008196,0.44174707685404024,1
390,measured_init,3.191993373723894,2.6517081297238327,1.579628096470601,0.48824146922919964,1
400,measured_init,3.1868832304376755,2.7447718595235013,1.6955890869668542,0.5398188118905094,1
410,measured_init,3.18123240598425,2.8394420594181966,1.8190257548093514,0.5970439274393828,1
420,measured_init,3.1749816474353856,2.935718520994962,1.9503462051724756,0.660544394456783,1
430,measured_init,3.168065120753719,3.0336010721890934,2.089976332145292,0.7310173821565495,1
440,measured_init,3.160409680865971,3.133089570983539,2.2383603585822534,0.8092372030502946,1
450,measured_init,3.151934062944191,3.2341839001933113,2.395961386084104,0.8960636547290434,1
460,measured_init,3.1425479865830033,3.3368839631491873,2.5632619549710585,0.9924512283883982,1
470,measured_init,3.1321511637798514,3.4411896801266777,2.740764614129375,1.0994592687803912,1
480,measured_init,3.1206322007619076,3.5471009853924547,2.9289925006287207,1.218263177904999,1
490,measured_init,3.107867382755036,3.654617824762267,3.128489929021613,1.35016676299811,1
500,measured_init,3.093719329752615,3.7637401535824035,3.3398229902482925,1.4966158382737549,1
510,measured_init,3.0780355102097072,3.8744679350617703,3.5635801600806727,1.659213199481914,1
520,measured_init,3.060646598354761,3.98680113889412,3.800372917048029,1.8397351006973914,1
530,measured_init,3.0413646594694264,4.100739740120309,4.05083636979483,2.0401493739106673,1
540,measured_init,3.019981146029468,4.216283718189075,4.315629893827866,2.262635344001798,1
550,measured_init,2.9962646860174713,4.333433056181891,4.595437777615643,2.509605704599755,1
560,measured_init,2.96995864300193,4.452187740173434,4.890969878008131,2.7837305342214793,1
570,measured_init,2.9407784257174754,4.5725477587040935,5.202962284949275,3.0879636470099334,1
580,measured_init,2.9084085228669028,4.694513102345008,5.5321779954586185,3.4255714884144863,1
590,measured_init,2.8724992366860156,4.818083763339461,5.879407596861472,3.8001648033493707,1
600,measured_init,2.832663086455156,4.9432597353073575,6.245469959250211,4.215733322799526,1
610,measured_init,2.7884708505939315,5.070041013001696,6.63121293716146,4.6766837345946515,1
620,measured_init,2.7394472132244827,5.198427592107957,7.037514080456292,5.1878812252218385,1
630,measured_init,2.685065978119396,5.328419469078879,7.465281354392261,5.754694902179623,1
640,measured_init,2.624744809747745,5.460016640998388,7.91545386887779,6.3830474305798806,1
650,measured_init,2.5578394576807595,5.593219105469611,8.389002616900703,7.079469243571815,1
660,measured_init,2.4836374168999744,5.728026860522654,8.886931222123993,7.851157713791737,1
670,measured_init,2.401350972547611,5.8644399045387345,9.410276695642784,8.706041702535172,1
680,measured_init,2.310109573352026,6.002458236187742,9.96011020189744,9.652851934811238,1
690,measured_init,2.208951473330288,6.14208185437688,10.537537833738517,10.7011976819847,1
700,measured_init,2.0968145763939168,6.283310758208419,11.143701396639786,11.861650269455511,1
710,measured_init,1.9725264131399607,6.426144946944936,11.779779202056234,13.14583396489165,1
720,measured_init,1.8347931733742424,6.5705844199807535,12.446986869924327,14.56652484304595,1
730,measured_init,1.6821877117614703,6.716629176818446,13.146578140302339,16.13775826628501,1
740,measured_init,1.5131364374018308,6.8642792170495195,13.879845694148717,17.874945665777858,1
750,measured_init,1.3259049910674685,7.013534540338543,14.648121983236862,19.795001356978574,1
760,measured_init,1.118582606265842,7.164395146410106,15.45278006920508,21.916480174743416,1
770,measured_init,0.8890650421992383,7.316861035038085,16.29523447174029,24.259726768305626,1
780,measured_init,0.6350359680282858,7.470932206036844,17.176942025894714,26.847037454557324,1
790,measured_init,0.3539466685880055,7.626608659253997,18.099402748534597,29.70283558982728,1
800,measured_init,0.04299393181167632,7.783890394564444,19.064160713920256,32.85386148577659,1
810,measured_init,-0.30090403244703534,7.942777411865522,20.07280493841699,36.32937796434692,1
820,measured_init,-0.6811338037793617,8.103269711072954,21.126970274336024,40.16139272008225,1
830,measured_init,-1.1014152663889294,8.26536729211757,22.22833831290551,44.38489873580738,1
840,measured_init,-1.5658326145019128,8.429070154942613,23.378638296370898,49.03813407979271,1
850,measured_init,-2.0788680481284922,8.594378299501503,24.579648039224505,54.1628624993869,1
860,measured_init,-2.645438373842899,8.761291725756024,25.833194858564,59.804676317879284,1
870,measured_init,-3.270934740748869,8.929810433674795,27.141156513579617,66.01332323830216,1
880,measured_init,-3.961265758290467,9.09993442323209,28.505462154169916,72.84305876024057,1
890,measured_init,-4.722904260110248,9.271663694406785,29.92809327868595,80.35302602374054,1
900,measured_init,-5.562937996805378,9.444998247181562,31.411084700803695,88.60766500835824,1
910,measured_init,-6.489124560248268,9.619938081542202,32.95652552552465,97.67715313554571,1
920,measured_init,-7.509950863184643,9.796483197477043,34.56656013430454,107.63787944920837,1
930,measured_init,-8.634697520164881,9.97463359497652,36.24338917931004,118.57295468268865,1
940,measured_init,-9.873508499573472,10.15438927403279,37.98927058680351,130.5727596609336,1
950,measured_init,-11.237466441668197,10.335750234639397,39.80652056965546,143.73553463451074,1
960,measured_init,-12.738674064201172,10.51871647679108,41.69751464898511,158.16801229776692,1
970,measured_init,-14.390342105446756,10.703288000483495,43.66468868492875,173.98609740712786,1
980,measured_init,-16.206884284388618,10.889464805713084,45.71053991653567,191.3155960876514,1
990,measured_init,-18.204019789506106,11.077246892476932,47.837628010792265,210.29299809684872,1
1000,measured_init,-20.398883841137792,11.266634260772655,50.04857612077358,231.06631550484408,1
0,full,6.838733599660174,0.5204402948800737,0.42956549266396826,0.36566900178774103,2
10,full,6.652039205615036,0.5292590660587438,0.43700867712687075,0.38830185463123246,2
20,full,6.1654962015556425,0.4963626512535513,0.3173484057864968,0.22931512772210205,2
30,full,5.15330011011897,0.478433876115301,0.23182280829286753,0.1129785814846453,2
40,full,4.307435017762063,0.481511123373227,0.19658369270241804,0.07497166898220074,2
50,full,3.8251378884620246,0.4984495085405754,0.18535562893157845,0.06174441982799554,2
60,full,3.5688130421735806,0.5236970502639785,0.1855976805148464,0.0569716730016268,2
70,full,3.4299955252412135,0.5543073815404962,0.1921706879579852,0.05591184316342766,2
80,full,3.3520491313048018,0.5887515958066071,0.2028570554319925,0.0568707299967304,2
90,full,3.306705558513545,0.6261933829385676,0.21663258415501405,0.05914312706779895,2
100,full,3.2794822682304967,0.6661454900881296,0.23300590179575503,0.06240755629993507,2
110,full,3.262659920956222,0.7083070925767673,0.25174764279395256,0.06651444956926426,2
120,full,3.2519635542892393,0.7524829287281631,0.27276957062827034,0.0714012351030664,2
130,full,3.244945275095267,0.7985407439439813,0.2960661996908324,0.07705457526462513,2
140,full,3.2401630797675116,0.8463876681572514,0.3216846484751011,0.08349223850462041,2
150,full,3.2367467444334674,0.895956464223998,0.3497082019985323,0.09075395476217374,2
160,full,3.234159850944434,0.9471971799760088,0.3802469633713804,0.09889672780837012,2
170,full,3.232065145897436,1.0000718894100853,0.413432374809542,0.10799252746373214,2
180,full,3.2302462723513594,1.0545512686473242,0.449413951334925,0.11812734700169236,2
190,full,3.228561207182249,1.1106122991247211,0.4883573319494948,0.1294011048182182,2
200,full,3.2269140048716207,1.168236684571503,0.5304431436371179,0.14192811317510187,2
210,full,3.2252373499388165,1.227409732498222,0.575866383072738,0.15583796378290812,2
220,full,3.2234816119466876,1.2881195456657648,0.6248361378589892,0.17127674951875035,2
230,full,3.2216078734193423,1.3503564253030653,0.6775755366934253,0.1884085815728496,2
240,full,3.219583415089335,1.4141124221878052,0.7343218581461266,0.2074173855479159,2
250,full,3.2173787348045426,1.479380993151257,0.7953267523874659,0.22850897558197872,2
260,full,3.214965528669033,1.5461567342460663,0.8608565456657792,0.2519134162207424,2
270,full,3.212315276130566,1.6144351707081472,0.9311926072289921,0.27788768963418153,2
280,full,3.20939820153159,1.6842125897296119,1.00663176483138,0.30671869206259844,2
290,full,3.2061824658649862,1.7554859060220396,1.0874867592338184,0.3387265888082853,2
300,full,3.2026334933889458,1.8282525528611693,1.174086730969211,0.37426856210304804,2
310,full,3.1987133698890577,1.9025103931902245,1.2667777345896492,0.4137429910630342,2
320,full,3.19438026973713,1.978257646692311,1.3659232769475613,0.4575941078808498,2
330,full,3.189587881799335,2.0554928297000887,1.4719048769900278,0.5063171795352669,2
340,full,3.184284812377305,2.1342147055101512,1.5851226451952518,0.560464269721406,2
350,full,3.1784139484135103,2.2144222431883196,1.7059958812403764,0.6206506414992917,2
360,full,3.1719117672265744,2.2961145833429932,1.8349636888194463,0.6875618673939881,2
370,full,3.164707580745257,2.379291009642729,1.9724856067690162,0.7619617204169841,2
380,full,3.156722703018256,2.4639509250862566,2.1190422558341764,0.8447009267734794,2
390,full,3.147869529970691,2.5500938322154685,2.275136000538207,0.9367268689294904,2
400,full,3.138050520136658,2.6377193166069133,2.44129162571766,1.0390943362923404,2
410,full,3.1271570645344733,2.726827033093729,2.61805702736046,1.1529774300653415,2
420,full,3.1150682330392803,2.817416694264325,2.806003917443774,1.2796827389314473,2
430,full,3.1016493835900136,2.9094880608611007,3.005728542515482,1.4206639131632337,2
440,full,3.0867506193701346,3.00304093376573,3.2178524158010413,1.5775377766124097,2
450,full,3.0702050777368863,3.098075147309694,3.4430230626487006,1.7521021288694718,2
460,full,3.0518270331469464,3.1945905636920022,3.6819147791519353,1.9463554037749349,2
470,full,3.0314097946362377,3.292587068321906,3.9352294038096933,2.1625183654836206,2
480,full,3.00872337655308,3.392064565934375,4.203697102103635,2.403058039513185,2
490,full,2.9835119192087594,3.4930229773510324,4.4880771638872785,2.6707140937316876,2
500,full,2.9554908338874064,3.5954622367801163,4.789158813495749,2.9685279031464007,2
510,full,2.9243436442354964,3.699382289566443,5.107762032496516,3.299874552741276,2
520,full,2.8897184934162974,3.804783090316988,5.4447383950119175,3.6684980545733947,2
530,full,2.8512242835508923,3.9116646013398375,5.800971915553086,4.078550078984292,2
540,full,2.8084264108580754,4.020026791344538,6.177379909312881,4.534632525221115,2
550,full,2.760842056532535,4.129869634360409,6.574913864872055,5.041844284111862,2
560,full,2.7079349897447917,4.241193108836518,6.9945603292790315,5.60583257482142,2
570,full,2.649109835186614,4.353997196893047,7.4373418054688045,6.232849269260082,2
580,full,2.58370575330005,4.468281883698745,7.904317661990994,6.929812651559931,2
590,full,2.510989476693126,4.584047156953374,8.396585055021148,7.704375096319981,2
600,full,2.430147641235708,4.701293006457589,8.915279862632826,8.56499718819828,2
610,full,2.340278344918377,4.8200194237555145,9.461577631310949,9.52102884705695,2
620,full,2.2403818617172497,4.940226401837863,10.036694534689698,10.582798067409227,2
630,full,2.1293504314084863,5.061913934895365,10.641888344500332,11.761707928550509,2
640,full,2.005957039486197,5.185082018114036,11.278459413716494,13.070342582659944,2
650,full,1.8688430940228435,5.309730647505235,11.947751671886081,14.522582982526888,2
660,full,1.7165048984367408,5.435859819764619,12.651153632640524,16.133733168587046,2
670,full,1.547278810659101,5.563469532155104,13.390099413373349,17.920657996856054,2
680,full,1.3593249700836996,5.692559782409771,14.166069767081172,19.90193325534324,2
690,full,1.150609463893669,5.8231305686513295,14.980593126361232,22.09800918684385,2
700,full,0.9188847938478588,5.95518188932534,15.835246659560388,24.531388510884504,2
710,full,0.6616684933269363,6.088713743144834,16.73165733907122,27.226820117284195,2
720,full,0.3762197323376548,6.223726129044395,17.67150302177147,30.211509688553534,2
730,full,0.05951373520055814,6.360219046142123,18.65651354160374,33.51534859846125,2
740,full,-0.291786178253,6.498192493708092,19.688471814292615,37.171162529834405,2
750,full,-0.6813591320317238,6.637646471138205,20.76921495419686,41.21498135632427,2
760,full,-1.1132600338679866,6.778580977932571,21.900635403294817,45.68633194077458,2
770,full,-1.5919559526549576,6.920996013677556,23.084682072301224,50.62855561729401,2
780,full,-2.122365788669285,7.064891578030914,24.32336149391398,56.08915224550021,2
790,full,-2.7099035112687644,7.210267670709511,25.618738988189694,62.12015285401467,2
800,full,-3.3605252595317374,7.357124291479124,26.9729398400469,68.77852302651684,2
810,full,-4.080780623480311,7.505461440146006,28.38815048889608,76.12659932788681,2
820,full,-4.877868447184456,7.655279116549896,29.866619730395662,84.23256122057738,2
830,full,-5.759697520264348,7.8065773205582545,31.410659930333505,93.17094108276822,2
840,full,-6.734952551183959,7.959356052061463,33.022648250633125,103.0231751104945,2
850,full,-7.813165844354028,8.11361531096887,34.70502788748438,113.87819806625288,2
860,full,-9.004795133536014,8.269355097205514,36.46030932159798,125.83308502703315,2
870,full,-10.321308056463979,8.42657541070941,38.29107158058374,138.99374348578002,2
880,full,-11.77527379008665,8.58527625142931,40.19996351345219,153.4756593724544,2
890,full,-13.380462402490988,8.745457619322833,42.189705077239125,169.40470078465535,2
900,full,-15.15195251651959,8.907119514354951,44.26308863575337,186.91798345371717,2
910,full,-17.10624792146179,9.070261936496712,46.42298027044681,206.16480222085846,2
920,full,-19.26140381311165,9.23488488572416,48.67232110340747,227.30763305992642,2
930,full,-21.637163389081028,9.400988362017507,51.01412863247477,250.52321045912018,2
940,full,-24.255105575674232,9.5685723653604,53.45149807847713,276.00368526443407,2
950,full,-27.138804715019937,9.7376368957393,55.98760374459196,303.9578683930598,2
960,full,-30.31400309667136,9.908181953143039,58.62570038782771,334.6125661462954,2
970,full,-33.80879727668693,10.080207537562382,61.36912460262826,368.2140131893161,2
980,full,-37.65383918946075,10.253713648989697,64.22129621659899,405.0294096201695,2
990,full,-41.88255312345856,10.42870028741866,67.18571969835517,445.34856892331374,2
1000,full,-46.531369701715185,10.605167452844064,70.26598557749239,489.48568399466603,2
0,no_local,6.838733599660174,0.5204402948800737,0.42956549266396826,0.36566900178774103,2
10,no_local,6.6524986041925604,0.458960944842014,0.3521842456263853,0.2923957894544369,2
20,no_local,6.167043711301685,0.37326324023490187,0.20318119323971454,0.12483912438045626,2
30,no_local,5.155726638901598,0.3140358198713381,0.11772078069032393,0.042750615608498875,2
40,no_local,4.310480547092061,0.2793685878046999,0.08101829081689184,0.020456639161635915,2
50,no_local,3.828698079184851,0.25883565494002736,0.06370810574466798,0.01289234068358636,2
60,no_local,3.5728529778863267,0.24587494376177996,0.054379660636585815,0.009551825672701575,2
70,no_local,3.4345115121566336,0.23718848397944647,0.048781629941908156,0.007788348493438592,2
80,no_local,3.3570545024652874,0.2310911145484652,0.045149637627998236,0.006739988882650682,2
90,no_local,3.312224814690133,0.22666177200617862,0.042658195163061845,0.006064185086461952,2
100,no_local,3.285548475769505,0.2233611502024572,0.04087883451322115,0.0056030318232738,2
110,no_local,3.2693135579052734,0.22085412880075492,0.03956967664285205,0.005275141751253767,2
120,no_local,3.259252083095515,0.21892197866310656,0.038584704498229754,0.005034803027046867,2
130,no_local,3.252923124749621,0.21741608933929,0.03783089517940791,0.00485454910084153,2
140,no_local,3.248891887491246,0.21623212933330763,0.037246343451532035,0.004716961441912012,2
150,no_local,3.2462957827399275,0.21529486777988568,0.0367883556474278,0.004610499430206126,2
160,no_local,3.24460660311137,0.2145488580883357,0.03642660968291821,0.004527237372445095,2
170,no_local,3.2434960126006676,0.213952496737286,0.036139040587270424,0.004461568320160764,2
180,no_local,3.242757403478596,0.21347410579494325,0.03590926559767955,0.004409426839171385,2
190,no_local,3.2422594598293064,0.21308927311882608,0.03572491625985772,0.004367804218061025,2
200,no_local,3.241918033256496,0.21277899947248446,0.03557652484680514,0.004334435521470428,2
210,no_local,3.2416788365031635,0.21252837833591015,0.035456760705971535,0.004307591381521182,2
220,no_local,3.2415066518212265,0.21232563651989858,0.03535989399138952,0.004285935718743764,2
230,no_local,3.2413785270375106,0.21216142488165235,0.03528141105429081,0.004268426175848191,2
240,no_local,3.241279446240777,0.2120282860609782,0.03521773340716282,0.004254242950891108,2
250,no_local,3.2411995539550986,0.2119202498848458,0.03516600896398407,0.004242736963432511,2
260,no_local,3.241132364025674,0.21183252240716396,0.03512395471825681,0.004233391467979484,2
270,no_local,3.241073597765076,0.21176124465683058,0.035089736689274696,0.004225793206672545,2
280,no_local,3.241020426950334,0.21170330397027465,0.035061877311083,0.004219610451515162,2
290,no_local,3.2409709787719527,0.2116561854519934,0.03503918332514598,0.004214576104278906,2
300,no_local,3.2409240110807302,0.21161785436619251,0.0350206891920959,0.0042104745643454155,2
310,no_local,3.2408786987883706,0.21158666257763192,0.0350056123848531,0.004207131440848717,2
320,no_local,3.240834493061577,0.21156127382994858,0.03499331786950102,0.00420440543710207,2
330,no_local,3.2407910283226258,0.21154060387243195,0.03498328975277072,0.00420218191115676,2
340,no_local,3.240748060721799,0.2115237723535021,0.03497510856134225,0.00420036774123711,2
350,no_local,3.240705427370741,0.21151006408070389,0.03496843297500142,0.004198887214858189,2
360,no_local,3.2406630192953414,0.21149889776475894,0.034962985101018314,0.004197678726316716,2
370,no_local,3.240620763468918,0.21148980076241317,0.03495853857684989,0.004196692116096407,2
380,no_local,3.240578610863421,0.2114823886402375,0.034954908940328155,0.004195886522405361,2
390,no_local,3.2405365284939975,0.21147634862130502,0.03495194582343029,0.0041952286429148425,2
400,no_local,3.2404944941164264,0.2114714261649049,0.034949526616460926,0.004194691326138167,2
410,no_local,3.2404524926887355,0.21146741407810887,0.03494755132043825,0.004194252428436006,2
420,no_local,3.2404105140072534,0.21146414367594552,0.03494593836135024,0.004193893885551422,2
430,no_local,3.240368551125243,0.21146147760093012,0.034944621184206257,0.0041936009577330235,2
440,no_local,3.240326599293554,0.211459303987837,0.034943545480038335,0.00419336161553626,2
450,no_local,3.2402846552498694,0.2114575317198719,0.034942666927171524,0.004193166039778632,2
460,no_local,3.240242716740971,0.21145608657084825,0.03494194935067767,0.004193006214223992,2
470,no_local,3.240200782200991,0.21145490806700226,0.03494136322210835,0.004192875593658123,2
480,no_local,3.2401588505341996,0.21145394693357827,0.03494088443626935,0.00419276883330416,2
490,no_local,3.240116920967979,0.21145316301677355,0.03494049331365474,0.004192681568175408,2
500,no_local,3.2400749929529873,0.21145252359222416,0.03494017378675738,0.004192610233103059,2
510,no_local,3.240033066095124,0.21145200198789918,0.03493991273625645,0.004192551915908328,2
520,no_local,3.239991140108969,0.21145157646279256,0.03493969944940173,0.004192504237592188,2
530,no_local,3.239949214785775,0.2114512292937711,0.034939525178047104,0.00419246525455493,2
540,no_local,3.239907289971332,0.21145094603184372,0.03493938277796281,0.004192433378783304,2
550,no_local,3.2398653655505703,0.21145071489634765,0.03493926641445165,0.004192407312695022,2
560,no_local,3.239823441436786,0.2114505262814211,0.034939171322061244,0.004192385995942664,2
570,no_local,3.2397815175640217,0.2114503723539113,0.03493909360843708,0.004192368561977158,2
580,no_local,3.2397395938816533,0.2114502467257431,0.034939030094196806,0.0041923543025767914,2
590,no_local,3.239697670350502,0.21145014418693664,0.03493897818220244,0.00419234263887839,2
600,no_local,3.239655746940017,0.21145006048802703,0.03493893575082709,0.004192333097716681,2
610,no_local,3.239613823626208,0.21144999216272875,0.03493890106680678,0.004192325292297602,2
620,no_local,3.239571900390127,0.2114499363833901,0.03493887271408023,0.004192318906410489,2
630,no_local,3.2395299772167205,0.21144989084316437,0.034938849535680216,0.004192313681530134,2
640,no_local,3.239488054093981,0.21144985365995184,0.03493883058628027,0.004192309406279002,2
650,no_local,3.2394461310122864,0.21144982329808476,0.03493881509344101,0.004192305907817076,2
660,no_local,3.2394042079639007,0.2114497985044722,0.03493880242595962,0.004192303044806247,2
670,no_local,3.239362284942589,0.21144977825653175,0.03493879206801932,0.004192300701660922,2
680,no_local,3.239320361943309,0.21144976171972865,0.03493878359807484,0.004192298783849343,2
690,no_local,3.239278438961978,0.21144974821294732,0.034938776671605366,0.004192297214053368,2
700,no_local,3.239236515995281,0.21144973718024912,0.03493877100702636,0.0041922959290297025,2
710,no_local,3.239194593040528,0.2114497281678348,0.03493876637418024,0.004192294877044171,2
720,no_local,3.2391526700955247,0.21144972080525457,0.034938762584934314,0.004192294015774379,2
730,no_local,3.2391107471584877,0.21144971479007754,0.03493875948549919,0.0041922933105950815,2
740,no_local,3.239068824227961,0.21144970987538675,0.03493875695015283,0.0041922927331763706,2
750,no_local,3.2390269013027573,0.21144970585957426,0.034938754876112484,0.004192292260337462,2
760,no_local,3.2389849783819087,0.2114497025780165,0.0349387531793447,0.004192291873109535,2
770,no_local,3.2389430554646212,0.21144969989628049,0.034938751791141434,0.0041922915559693096,2
780,no_local,3.238901132550249,0.21144969770457903,0.03493875065532191,0.004192291296212312,2
790,no_local,3.2388592096382633,0.211449695913247,0.03493874972594621,0.004192291083440307,2
800,no_local,3.238817286728231,0.21144969444904785,0.034938748965446215,0.004192290909142006,2
810,no_local,3.2387753638197987,0.2114496932521597,0.03493874834309842,0.00419229076635021,2
820,no_local,3.2387334409126756,0.211449692273715,0.034938747833775506,0.0041922906493612536,2
830,no_local,3.238691518006626,0.2114496914737916,0.03493874741692566,0.004192290553505527,2
840,no_local,3.2386495951014553,0.21144969081977355,0.034938747075738665,0.004192290474959742,2
850,no_local,3.238607672197004,0.21144969028501162,0.03493874679646379,0.0041922904105933185,2
860,no_local,3.2385657492931434,0.21144968984773063,0.034938746567852355,0.004192290357842695,2
870,no_local,3.2385238263897658,0.21144968949013684,0.034938746380701914,0.004192290314608481,2
880,no_local,3.238481903486784,0.21144968919768886,0.03493874622748361,0.004192290279171287,2
890,no_local,3.2384399805841273,0.21144968895850225,0.03493874610203738,0.004192290250122836,2
900,no_local,3.2383980576817373,0.2114496887628638,0.03493874599932291,0.004192290226309599,2
910,no_local,3.2383561347795657,0.2114496886028339,0.03493874591521572,0.004192290206786628,2
920,no_local,3.2383142118775714,0.21144968847192264,0.03493874584634072,0.004192290190779808,2
930,no_local,3.2382722889757254,0.21144968836482422,0.03493874578993566,0.004192290177654894,2
940,no_local,3.238230366073999,0.2114496882772013,0.034938745743739924,0.00419229016689223,2
950,no_local,3.2381884431723713,0.21144968820550733,0.03493874570590322,0.004192290158066008,2
960,no_local,3.238146520270824,0.21144968814684276,0.03493874567491099,0.004192290150827282,2
970,no_local,3.2381045973693436,0.21144968809883632,0.034938745649523484,0.004192290144890088,2
980,no_local,3.238062674467917,0.21144968805954906,0.03493874562872579,0.004192290140020048,2
990,no_local,3.2380207515665353,0.21144968802739517,0.03493874561168702,0.004192290136025059,2
1000,no_local,3.237978828665191,0.21144968800107758,0.03493874559772687,0.0041922901327476475,2
0,no_participation,6.838733599660174,0.5204402948800737,0.42956549266396826,0.36566900178774103,2
10,no_participation,6.652042338258884,0.5283192869745721,0.4360846408077146,0.387399853887289,2
20,no_participation,6.165516998151842,0.49242203615715235,0.3138776302316612,0.22643056048301743,2
30,no_participation,5.153356749728308,0.4694487747173561,0.22477034928573422,0.1086893872568549,2
40,no_participation,4.307539380530804,0.46601790390798986,0.18549715573727438,0.0696077783029882,2
50,no_participation,3.825301036470478,0.47536026505343,0.1697493641286881,0.05520680256372977,2
60,no_participation,3.56904753033567,0.4921176745180853,0.16486004121166567,0.04907022393618975,2
70,no_participation,3.4303159735126467,0.5134435895180556,0.16559637776439445,0.04642388965799844,2
80,no_participation,3.352472495671377,0.5378645922539022,0.16966175269455935,0.0455492461540084,2
90,no_participation,3.3072513837306503,0.5645779276653912,0.17595389473825943,0.04571396462184914,2
100,no_participation,3.2801729795128494,0.5931182149983031,0.18389980932540462,0.04656478931146078,2
110,no_participation,3.263521163922943,0.623199805701119,0.193183442414062,0.04791541930454851,2
120,no_participation,3.2530245852570285,0.6546385152885299,0.20362411144740802,0.0496614002250412,2
130,no_participation,3.246239404230266,0.6873105082695364,0.21511766748543748,0.05174203141885646,2
140,no_participation,3.2417281710769736,0.7211295209805311,0.227605955890219,0.05412176023843357,2
150,no_participation,3.238625777968625,0.7560336308676118,0.2410600036409028,0.05678043065914693,2
160,no_participation,3.236401553815397,0.791977243724725,0.2554702960833735,0.059707871761204734,2
170,no_participation,3.2347246998497527,0.8289260592181643,0.27084091686529965,0.06290075250592664,2
180,no_participation,3.2333861067981786,0.8668538025614596,0.28718589166849,0.06636068527432892,2
190,no_participation,3.2322518877797197,0.9057400395593375,0.3045268395302572,0.07009305003015451,2
200,no_participation,3.2312352290060797,0.9455686765639012,0.32289142684367933,0.07410625151621,2
210,no_participation,3.230279061891066,0.986326905400359,0.34231232897068953,0.07841124629532398,2
220,no_participation,3.229345252035325,1.0280044446729857,0.3628265214574397,0.08302124369852754,2
230,no_participation,3.2284077771240267,1.0705929830860221,0.3844747904359858,0.08795152253965928,2
240,no_participation,3.2274483800381617,1.1140857634575347,0.40730139203446913,0.09321932743934314,2
250,no_participation,3.22645377560033,1.1584772667209524,0.4313538152198251,0.09884382178282557,2
260,no_participation,3.2254138418516614,1.20376296834993,0.4566826178961905,0.1048460824573766,2
270,no_participation,3.224320440152796,1.249939148183379,0.4833413159222787,0.11124912664219455,2
280,no_participation,3.223166639492507,1.2970027402809083,0.5113863111147762,0.1180779642336645,2
290,no_participation,3.2219462019293426,1.3449512132457715,0.5408768485407963,0.12535967167037612,2
300,no_participation,3.2206532373560037,1.3937824740585707,0.5718749962460753,0.13312348438918256,2
310,no_participation,3.2192819682980534,1.443494790278154,0.6044456425008137,0.14140090614991999,2
320,no_participation,3.217826566248424,1.4940867267477338,0.6386565069791871,0.15022583417152402,2
330,no_participation,3.2162810344148434,1.54555709386451,0.674578163219982,0.15963469952794823,2
340,no_participation,3.214639120409008,1.5979049051420828,0.7122840703743744,0.1696666226245486,2
350,no_participation,3.2128942480272444,1.6511293422917144,0.7518506127185578,0.18036358385798232,2
360,no_participation,3.211039460937338,1.7052297264216318,0.7933571457513594,0.19177060978422633,2
370,no_participation,3.2090673734823962,1.7602054942378238,0.8368860479490433,0.20393597529969257,2
380,no_participation,3.206970125382288,1.816056178349084,0.8825227774377954,0.21691142249305548,2
390,no_participation,3.2047393381424945,1.8727813909503674,0.9303559329871116,0.23075239695959582,2
400,no_participation,3.2023660716549447,1.930380810293669,0.980477318837145,0.24551830249214168,2
410,no_participation,3.199840779916858,1.9888541694633892,1.0329820129588516,0.2612727751776844,2
420,no_participation,3.1971532650811514,2.0482012470596733,1.0879684384136956,0.2780839780398189,2
430,no_participation,3.1942926292375327,2.108421859463229,1.1455384375342,0.2960249174767783,2
440,no_participation,3.191247223441304,2.1695158544121034,1.205797348690899,0.3151737828548477,2
450,no_participation,3.188004593579658,2.231483105667513,1.2688540854476162,0.33561431072882547,2
460,no_participation,3.1845514227076186,2.294323508584047,1.334821217937064,0.35743617527606325,2
470,no_participation,3.1808734695077265,2.3580369764311406,1.403815056313955,0.38073540664944233,2
480,no_participation,3.176955502535394,2.422623437338666,1.47595573616388,0.40561483907821166,2
490,no_participation,3.1727812299099605,2.488082831761111,1.5513673057641189,0.43218459067467735,2
500,no_participation,3.1683332241025384,2.554415110372591,1.6301778151076207,0.4605625770398773,2
510,no_participation,3.1635928414577204,2.6216202323198163,1.7125194066143148,0.49087506090329297,2
520,no_participation,3.158540136068157,2.6896981637724022,1.7985284074648784,0.5232572401808312,2
530,no_participation,3.1531537675998664,2.758648876720145,1.888345423501474,0.5578538769923935,2
540,no_participation,3.1474109026421484,2.8284723479753886,1.982115434647988,0.5948199703458489,2
550,no_participation,3.141287109129654,2.899168558345673,2.0799878918092083,0.6343214753687169,2
560,no_participation,3.134756243355514,2.9707374919477365,2.182116815214216,0.6765360721529158,2
570,no_participation,3.1277903290635343,3.043179135638839,2.288660894174367,0.7216539874721132,2
580,no_participation,3.12035942807446,3.11649347854543,2.3997835882305023,0.7698788728360918,2
590,no_participation,3.112431501865933,3.1906805116725647,2.515653229667777,0.8214287425627603,2
600,no_participation,3.1039722634882065,3.2657402275803125,2.636443127379645,0.8765369757765755,2
610,no_participation,3.094945019157578,3.341672620115701,2.7623316720652364,0.935453386482845,2
620,no_participation,3.0853104988270426,3.41847768419072,2.893502442746723,0.9984453661213367,2
630,no_participation,3.075026674988429,3.496155415598482,3.030144314595213,1.0657991032704561,2
640,no_participation,3.0640485689124084,3.5747058108610195,3.172451568055433,1.1378208854557417,2
650,no_participation,3.0523280434818703,3.654128867103306,3.3206239992609183,1.2148384883142305,2
660,no_participation,3.0398135817203142,3.734424581948967,3.474867031732637,1.2972026576801854,2
670,no_participation,3.026450050059764,3.8155929534339896,3.635391829355042,1.3852886904884782,2
680,no_participation,3.012178445332189,3.8976339799353266,3.8024154106244823,1.4794981207404578,2
690,no_participation,2.9969356244043746,3.9805476601118253,3.9761607641655954,1.5802605171441866,2
700,no_participation,2.9806540153083105,4.064333992855358,4.156856965512041,1.688035399427447,2
710,no_participation,2.9632613086473976,4.148992977250424,4.344739295148441,1.8033142807287517,2
720,no_participation,2.9446801279827812,4.234524612540709,4.540049357810849,1.9266228438996948,2
730,no_participation,2.924827677823833,4.320928898101475,4.74303520304356,2.0585232600023837,2
740,no_participation,2.9036153677617835,4.408205833416691,4.953951447010309,2.199616657759327,2
750,no_participation,2.880948411195782,4.4963554180601575,5.173059395558265,2.3505457532111267,2
760,no_participation,2.8567253970057287,4.585377651679891,5.400627168533442,2.5119976493607554,2
770,no_participation,2.830837832425996,4.675272533985213,5.636929825346408,2.684706816133086,2
780,no_participation,2.80316965526831,4.766040064736101,5.882249491787269,2.8694582615560806,2
790,no_participation,2.7735967135302677,4.857680243734355,6.136875488089115,3.0670909056765803,2
800,no_participation,2.7419862103080037,4.9501930708163355,6.401104458239253,3.278501169360489,2
810,no_participation,2.708196111807068,5.043578545846937,6.675240500537614,3.504646790795423,2
820,no_participation,2.672074516114216,5.1378366687146135,6.959595299401821,3.7465508832150087,2
830,no_participation,2.6334589802543977,5.232967439327288,7.2544882584185295,4.00530624809945,2
840,no_participation,2.5921758029111985,5.328970857608945,7.560246634640668,4.282079958878008,2
850,no_participation,2.5480392600351505,5.425846923496838,7.877205674130278,4.578118230967341,2
860,no_participation,2.500850790402216,5.523595636939177,8.205708748746694,4.89475159482658,2
870,no_participation,2.4503981280139415,5.622216997893211,8.546107494179886,5.233400389597373,2
880,no_participation,2.3964543780510135,5.721711006323655,8.898761949228701,5.595580595826426,2
890,no_participation,2.3387770329025646,5.822077662201393,9.264040696323988,5.982910026741032,2
900,no_participation,2.2771069245943756,5.923316965502384,9.642321003296304,6.3971148985665565,2
910,no_participation,2.2111671097294505,6.0254289162068,10.033988966388282,6.8400368014405935,2
920,no_participation,2.1406616828339295,6.128413514298272,10.439439654511395,7.313640093593339,2
930,no_participation,2.0652745137694017,6.2322707597632885,10.859077254747174,7.820019742629871,2
940,no_participation,1.9846679046288667,6.337000652590707,11.293315219092745,8.361409638969063,2
950,no_participation,1.8984811612773986,6.442603192771325,11.742576412450642,8.940191407768232,2
960,no_participation,1.8063290744292748,6.549078380297557,12.207293261862867,9.558903746994396,2
970,no_participation,1.7078003048705641,6.656426215163136,12.68790790698915,10.220252320694152,2
980,no_participation,1.602455667139129,6.764646697362895,13.184872351829355,10.927120237967268,2
990,no_participation,1.4898263056621903,6.8737398268925745,13.698648617690075,11.68257914966644,2
1000,no_participation,1.3694117570242867,6.983705603748653,14.229708897395284,12.489900996429418,2
0,measured_init,6.838733599660174,0.5070023536682129,0.3856158852577209,0.312615305185318,2
10,measured_init,6.652602485722901,0.5165275788786469,0.39380370238026285,0.3325876846807335,2
20,measured_init,6.166524397645734,0.4852390334418017,0.2871178147700057,0.1966733383686717,2
30,measured_init,5.154566410893903,0.46841310403206954,0.21055542940937308,0.09691284233636276,2
40,measured_init,4.308832776380399,0.47202628239358685,0.17913814862367475,0.06430905811594236,2
50,measured_init,3.826632233628629,0.4891581921034029,0.16936207510000476,0.05297828731994994,2
60,measured_init,3.570391271472596,0.5144126854178162,0.16996550248270842,0.04891203589217996,2
70,measured_init,3.431653206237298,0.5449238752334576,0.17632823631444336,0.04804091668011405,2
80,measured_init,3.35378574426167,0.5792043304072175,0.18645792606308284,0.048911402863438265,2
90,measured_init,3.308522834518709,0.616440451863554,0.19943734815752423,0.05091918035586765,2
100,measured_init,3.2813834618769597,0.6561582816893604,0.21482997229925796,0.05378957828961176,2
110,measured_init,3.264649465357789,0.6980652566577499,0.23243604300560644,0.05739573268061281,2
120,measured_init,3.2540468946506578,0.7419715155090394,0.25218366121884805,0.061685702236069534,2
130,measured_init,3.2471287955425523,0.7877484867383119,0.27407617827709607,0.06665007182119718,2
140,measured_init,3.2424540841137026,0.8353059025733722,0.2981650393117317,0.07230641911599854,2
150,measured_init,3.23915347138882,0.8845784194834554,0.3245349898418338,0.07869150008358686,2
160,measured_init,3.236691513621105,0.9355174973799775,0.3532956776848976,0.08585726709816685,2
170,measured_init,3.2347319901994886,0.988086284845602,0.38457674683674353,0.09386893684953469,2
180,measured_init,3.2330596514126646,1.042256289577363,0.4185249290094671,0.10280423747531842,2
190,measured_init,3.2315336705005095,1.0980051454632398,0.4553023252387327,0.11275338847421981,2
200,measured_init,3.230059401701186,1.1553150739497253,0.495085422237383,0.12381957636066752,2
210,measured_init,3.228570947107221,1.2141717971462473,0.5380645771813666,0.136119798171538,2
220,measured_init,3.227020226686856,1.274563752316047,0.5844438101193354,0.14978600478511275,2
230,measured_init,3.225370022136962,1.336481512195142,0.6344408041799384,0.1649665105199344,2
240,measured_init,3.2235894792566375,1.3999173490031283,0.6882870500987056,0.18182765646584467,2
250,measured_init,3.221651145413973,1.4648649008779169,0.746228093844063,0.20055572854729817,2
260,measured_init,3.2195289709094395,1.5313189127735327,0.8085238600777734,0.22135914068858784,2
270,measured_init,3.217196916175437,1.5992750325102263,0.8754490331179732,0.244470900451055,2
280,measured_init,3.2146279375609472,1.6687296483904328,0.9472934828943519,0.27015138018394425,2
290,measured_init,3.211793205685267,1.7396797586469281,1.0243627272384723,0.2986914216928577,2
300,measured_init,3.208661461272797,1.8121228656256256,1.1069784244381258,0.33041580706578244,2
310,measured_init,3.205198445532973,1.8860568894384018,1.195478891741056,0.36568713285317817,2
320,measured_init,3.2013663625323514,1.961480097116542,1.2902196466996467,0.4049101294423302,2
330,measured_init,3.1971233439332893,2.0383910442255813,1.391573969085123,0.44853647231601346,2
340,measured_init,3.1924228946318625,2.1167885265811335,1.499933481686376,0.4970701370316439,2
350,measured_init,3.187213302905265,2.1966715402088264,1.615708748723841,0.5510733552724106,2
360,measured_init,3.1814370017460325,2.2780392480707716,1.7393298909060642,0.6111732352690811,2
370,measured_init,3.175029869799183,2.3608909523710873,1.8712472163717773,0.67806911632728,2
380,measured_init,3.167920461165528,2.445226071478069,2.011931866918121,0.7525407341743013,2
390,measured_init,3.160029153570153,2.5310441206774,2.161876479033023,0.8354572814153166,2
400,measured_init,3.1512672041989482,2.6183446961114374,2.321595859338363,0.9277874556150911,2
410,measured_init,3.141535701992403,2.707127461372487,2.4916276741186163,1.0306105964533407,2
420,measured_init,3.130724404426783,2.797392136309541,2.6725331526627576,1.1451290230970883,2
430,measured_init,3.118710445852168,2.8891384876825876,2.8648978041894226,1.272681693451896,2
440,measured_init,3.1053569033205877,2.9823663213599803,3.0693321481593276,1.414759318358788,2
450,measured_init,3.090511204538829,3.0770754758049703,3.286472457806879,1.5730210761615926,2
460,measured_init,3.0740033611245554,3.173265816639474,3.5169815167460983,1.7493130864505584,2
470,measured_init,3.0556440087304058,3.2709372321079577,3.7615493885254874,1.945688816266614,2
480,measured_init,3.035222233823917,3.3700896292934615,4.02089419902303,2.164431607705057,2
490,measured_init,3.0125031649636393,3.4707229309619323,4.295762931586734,2.40807953277058,2
500,measured_init,2.9872253042835304,3.5728370729313657,4.586932234838385,2.6794527995950004,2
510,measured_init,2.9590975725767263,3.6764320018791485,4.89520924306876,2.9816839538274196,2
520,measured_init,2.9277960388423954,3.7815076735151942,5.221432409161789,3.3182511402413275,2
530,measured_init,2.89296030241079,3.8880640510603457,5.566472349993223,3.6930147124776482,2
540,measured_init,2.8541894927752782,3.996101103979414,5.931232704256402,4.110257503465441,2
550,measured_init,2.811037849018634,4.105618806926576,6.316651002673816,4.574729095547522,2
560,measured_init,2.7630098372051624,4.216617138867801,6.72369955055858,5.091694457807491,2
570,measured_init,2.7095547603000765,4.329096082350819,7.153386322694623,5.666987348674312,2
580,measured_init,2.6500608110514836,4.443055622897967,7.606755870508494,6.307068914704867,2
590,measured_init,2.5838485138051603,4.558495748501408,8.084890241509312,7.019091951653755,2
600,measured_init,2.510163496393759,4.675416449203555,8.588909910976495,7.810971331681599,2
610,measured_init,2.428168528024008,4.7938177167484115,9.119974725877613,8.69146114098271,2
620,measured_init,2.336934753450465,4.913699544291921,9.679284861001193,9.670239115393782,2
630,measured_init,2.2354320476429654,5.035061926161389,10.268081787291214,10.757999007847953,2
640,measured_init,2.1225184085963207,5.157904857655712,10.887649252372022,11.966551571042517,2
650,measured_init,1.9969282988619443,5.282228334879529,11.539314273253797,13.308934891582174,2
660,measured_init,1.8572598387674335,5.408032354605587,12.224448141210175,14.799534868339151,2
670,measured_init,1.7019607460946968,5.535316914160495,12.944467438820732,16.454216688044106,2
680,measured_init,1.5293129081711998,5.664082011329957,13.700835069172117,18.29046821540244,2
690,measured_init,1.3374154628512733,5.794327644280159,14.495061297212443,20.32755628354601,2
700,measured_init,1.1241662546816547,5.926053811492574,15.328704803254363,22.586696943615657,2
710,measured_init,0.887241521611823,6.0592605117098985,16.203373748622823,25.09124080997381,2
720,measured_init,0.6240736558768489,6.193947743891219,17.120726853444168,27.86687472022426,2
730,measured_init,0.33182687009752954,6.330115507174872,18.082474486573762,30.941841017139748,2
740,measured_init,0.007370586155674541,6.46776380084764,19.09037976765946,34.34717585304683,2
750,measured_init,-0.35274965004480796,6.606892624319231,20.146259681339007,38.11696801648506,2
760,measured_init,-0.7523439402876657,6.747501977101152,21.25198620356948,42.28863988635079,2
770,measured_init,-1.1956127211314524,6.889591858789171,22.409487440087233,46.903252230572164,2
780,measured_init,-1.68718461297909,7.033162269048818,23.62074877699697,52.00583468497421,2
790,measured_init,-2.2321576966512793,7.178213207603373,24.887814043488984,57.645743873728655,2
800,measured_init,-2.83614450319227,7.324744674223909,26.212786686683486,63.87705126599934,2
810,measured_init,-3.5053210242107706,7.472756668721046,27.597830958601147,70.75896300447029,2
820,measured_init,-4.246480073080722,7.6222491909381365,29.045173115259413,78.3562740907662,2
830,measured_init,-5.0670893518802576,7.773222240745618,30.557102627893677,86.73985947075234,2
840,measured_init,-5.975354605121156,7.925675818036335,32.135973406303144,95.98720472975435,2
850,measured_init,-6.9802882692080175,8.07960992272166,33.78420503432064,106.18297928430611,2
860,measured_init,-8.091784056263474,8.235024554728312,35.504284017406356,117.41965514357297,2
870,measured_init,-9.320697942564824,8.391919713995685,37.29876504236479,129.79817451057846,2
880,measured_init,-10.678936065465134,8.550295400473672,39.17027224918515,143.42866970128185,2
890,measured_init,-12.1795500684299,8.710151614120836,41.12150051500455,158.43123907891595,2
900,measured_init,-13.836840471825191,8.87148835490293,43.155216750193965,174.9367829323314,2
910,measured_init,-15.666468687467667,9.034305622791633,45.274261206566926,193.0879034709546,2
920,measured_init,-17.685578337818036,9.198603417763529,47.48154879771065,213.03987336592186,2
930,measured_init,-19.91292658620157,9.36438173979926,49.78007043143963,234.96167753758562,2
940,measured_init,-22.3690262327113,9.531640588882835,52.17289435437126,259.03713317452025,2
950,measured_init,-25.076299381637604,9.700379965001016,54.66316750862406,285.46609326901324,2
960,measured_init,-28.059243540524207,9.870599868142879,57.254116900637655,314.46573926946775,2
970,measured_init,-31.344611068433633,10.042300298299388,59.94905098211517,346.2719687818446,2
980,measured_init,-34.961602951881304,10.21548125546308,62.75136104308741,381.14088460094524,2
990,measured_init,-38.9420779513392,10.390142739627768,65.6645226170991,419.3503917186917,2
1000,measured_init,-43.32077822939756,10.566284750788363,68.69209689851722,461.20190934137526,2
