run,step,layer,p_meas,p_gauss,p_lognormal,p_shared_spread,p_zero_mean,ratio_shared_spread,ratio_zero_mean,ratio_gauss,ratio_lognormal,mu_spread,sigma_mean,jaccard_vs_ref,jaccard_null
seed0_fb0,0,1,0.9909001588821411,0.9905030301133935,0.9799957275390625,0.9920756014598777,0.9988966043039066,0.8703129203862872,0.12076849291914386,1.043850156198677,2.2104761496153476,0.23522555828094482,0.30988791584968567,0.14285714285714285,0.1111111111111111
seed0_fb0,50,1,0.7523478269577026,0.7525592876596853,0.32790249586105347,0.7523768420584277,0.9969101861082372,0.9998644721693033,0.010875158143441001,0.9990123992241979,3.918514912218905,0.8647214770317078,0.3725301921367645,0.7391304347826086,0.1111111111111111
seed0_fb0,100,1,0.7242494821548462,0.7250379134034641,0.2503257393836975,0.724890349613846,0.9965782504015371,0.9972584414293908,0.010624338231276878,0.996627523513836,4.292960761161674,0.9277189373970032,0.39261236786842346,0.9047619047619048,0.1111111111111111
seed0_fb0,120,1,0.7271170616149902,0.7277698486589441,0.2405383437871933,0.7273562138407862,0.9965885679118184,0.9989680456013985,0.010723594764059197,0.9971839903404442,4.4713515507005805,0.9282543063163757,0.39878639578819275,1.0,0.1111111111111111
seed0_fb0,200,1,0.7573480010032654,0.7576520429178372,0.22194921970367432,0.7569946086192545,0.9963708824846019,1.0016792827902126,0.013081304916037026,0.9985558523260878,5.416088983652542,0.8943904042243958,0.42718368768692017,0.6438356164383562,0.1111111111111111
seed0_fb0,300,1,0.8054460287094116,0.8059609204144095,0.2198985069990158,0.8087857779727722,0.9948698006868207,0.9808749117653371,0.023772535533951186,0.9970463057106533,7.0003494928979295,0.8152978420257568,0.470887154340744,0.4117647058823529,0.1111111111111111
seed0_fb0,500,1,0.8387916088104248,0.8423511808585502,0.18242906033992767,0.8576594325670345,0.9895644790042285,0.8734602866807218,0.05967446832832078,0.9759108047064498,9.678394472019992,0.7797315120697021,0.576715350151062,0.18811881188118812,0.1111111111111111
seed0_fb0,1000,1,0.8468626141548157,0.8545583690413918,0.09834615886211395,0.8795115922330622,0.9838903247487241,0.7724161102971564,0.09770881580006954,0.9455751198172604,13.953233271929046,0.8202409744262695,0.709581196308136,0.17647058823529413,0.1111111111111111
seed0_fb0,1500,1,0.8365128636360168,0.8458110875882436,0.061927616596221924,0.8729441588369427,0.9832735966394924,0.7611961036043724,0.09449078422769576,0.9380767107438555,15.58308431993238,0.8869458436965942,0.7567446827888489,0.1650485436893204,0.1111111111111111
seed0_fb0,3000,1,0.814602792263031,0.8244189966643718,0.028967006132006645,0.8526371536879834,0.9833989633598051,0.7774571023253761,0.0816386151388412,0.9415849948380061,17.271482209796584,1.0081632137298584,0.807095468044281,0.2,0.1111111111111111
seed0_fb0,0,2,0.9935283660888672,0.9934394919532082,0.9880354404449463,0.9942808749178763,0.9993272366042432,0.8833878326304462,0.10365385056042041,1.0137781687803902,1.853894821140351,0.20365332067012787,0.2704954147338867,0.1111111111111111,0.1111111111111111
seed0_fb0,50,2,0.46746501326560974,0.4648227094409021,0.07439310103654861,0.4717769437024511,0.9982209243184195,0.9879255425465508,0.0023416465826398597,1.0074542553301127,3.417000085829882,1.280049204826355,0.2686386704444885,0.5584415584415584,0.1111111111111111
seed0_fb0,100,2,0.40693020820617676,0.4038128917865586,0.045420002192258835,0.4139079752294401,0.9982103211067277,0.9810902925041249,0.001992275845961506,1.0085529355857745,3.4387230292770874,1.3982782363891602,0.27803516387939453,0.875,0.1111111111111111
seed0_fb0,120,2,0.4130386710166931,0.40989737232214646,0.041868969798088074,0.41874172792845427,0.9981888131907807,0.9844911923192162,0.002050215079651759,1.0086341152270983,3.5887355114922186,1.3962494134902954,0.2836703360080719,1.0,0.1111111111111111
seed0_fb0,200,2,0.47777214646339417,0.4752357994253186,0.035101886838674545,0.48082452536778086,0.9975659364471785,0.9913779182087156,0.003299431745934236,1.007206449103769,4.534800487035439,1.3123738765716553,0.3212851881980896,0.6666666666666666,0.1111111111111111
seed0_fb0,300,2,0.6310350894927979,0.6276388734179683,0.04177165403962135,0.635814641763103,0.9924572446775891,0.9836105381571332,0.016445368328068234,1.0117215120895469,6.897437124789416,1.1147741079330444,0.4148763418197632,0.34831460674157305,0.1111111111111111
seed0_fb0,500,2,0.7619073987007141,0.7654317856579657,0.04394063353538513,0.8201861565651981,0.9630007923800572,0.7289514162737625,0.13864233092444117,0.9830284570102914,11.49160780858008,0.9814841747283936,0.6815328001976013,0.15384615384615385,0.1111111111111111
seed0_fb0,1000,2,0.8370040655136108,0.8539553174518935,0.03807516768574715,0.9131548637201864,0.9389991785264397,0.5106033558530292,0.3537456603097824,0.8873132446614612,18.36823485319355,0.9480839371681213,1.0254508256912231,0.14285714285714285,0.1111111111111111
seed0_fb0,1500,2,0.8344351649284363,0.8598198352240283,0.015026386827230453,0.9125833804776604,0.9351235403182808,0.5053906324608848,0.3705886391339193,0.834432109615627,23.193050366799433,1.0361796617507935,1.1369742155075073,0.17647058823529413,0.1111111111111111
seed0_fb0,3000,2,0.8153507113456726,0.8514914751477355,0.0021075329277664423,0.8999926015679702,0.9283516675342105,0.5161669288926886,0.3641901693924554,0.7875389548016075,30.18678167119963,1.1836271286010742,1.2456481456756592,0.1650485436893204,0.1111111111111111
seed0_fb0,0,3,0.9948840141296387,0.9948685158068754,0.9910828471183777,0.9952972661566408,0.9994866662311717,0.9190326876432278,0.10010797891043668,1.0030371972450116,1.7463327811788576,0.18139412999153137,0.23892000317573547,0.061946902654867256,0.1111111111111111
seed0_fb0,50,3,0.2813234329223633,0.2804802943232554,0.028579574078321457,0.2836779763959088,0.9997409840508916,0.9934281940608591,0.00020425739835547071,1.0023666809540186,2.8031242004757346,1.5159227848052979,0.13333968818187714,0.6438356164383562,0.1111111111111111
seed0_fb0,100,3,0.22805412113666534,0.22738227926261173,0.017992954701185226,0.22988792068548625,0.999759928038971,0.9945818802262522,0.00016243084932469063,1.0019959266641822,2.718069500914822,1.6521027088165283,0.1285015046596527,0.9354838709677419,0.1111111111111111
seed0_fb0,120,3,0.22696948051452637,0.22626135709484155,0.01729538105428219,0.2285404559046646,0.9997301964039025,0.9953486422125968,0.00018196289197127563,1.002107154396384,2.7359951171509755,1.6553890705108643,0.13353247940540314,1.0,0.1111111111111111
seed0_fb0,200,3,0.272629976272583,0.2715627512895531,0.019072627648711205,0.2732710620414513,0.9992176302884219,0.998192786724659,0.0006022252639631255,1.0030179413728821,3.0466141646676292,1.5770899057388306,0.1762230545282364,0.7910447761194029,0.1111111111111111
seed0_fb0,300,3,0.4541837275028229,0.45168672899055035,0.026272978633642197,0.4592148878492836,0.9923066837609301,0.9860419196463724,0.009785275184242706,1.0069850059353684,4.6109575501661055,1.320351243019104,0.30291807651519775,0.5189873417721519,0.1111111111111111
seed0_fb0,500,3,0.7069796323776245,0.7149960878000253,0.03907047212123871,0.7997575785910381,0.941965429829573,0.6443963052950535,0.17241849676879525,0.967483481369408,9.3507029564896,1.0817112922668457,0.7015994191169739,0.22448979591836735,0.1111111111111111
seed0_fb0,1000,3,0.7980259656906128,0.8361729129006689,0.031423695385456085,0.9221011561524471,0.9010443827168716,0.3594648204119018,0.46185386042773585,0.7930347398198818,15.336773056556414,1.0202319622039795,1.160098910331726,0.23711340206185566,0.1111111111111111
seed0_fb0,1500,3,0.8093755841255188,0.8555781712573647,0.018376581370830536,0.931210109057527,0.896435851160442,0.33698803993840515,0.5169388603766312,0.737510914101396,18.897519056033264,1.083848237991333,1.316930890083313,0.22448979591836735,0.1111111111111111
seed0_fb0,3000,3,0.8133429288864136,0.8715081355670579,0.009829610586166382,0.9415397326617815,0.8937872445842118,0.2915683229130782,0.5434955524433029,0.6656749610415561,22.373190161497277,1.132306456565857,1.495056390762329,0.2,0.1111111111111111
seed0_fb1,0,1,0.9909001588821411,0.9905030301133935,0.9799957275390625,0.9920756014598777,0.9988966043039066,0.8703129203862872,0.12076849291914386,1.043850156198677,2.2104761496153476,0.23522555828094482,0.30988791584968567,0.15384615384615385,0.1111111111111111
seed0_fb1,50,1,0.7653672695159912,0.765528167249493,0.33996814489364624,0.7652059657040956,0.9970615977374363,1.0007882427264663,0.011004987585396624,0.9992139071360018,4.034799767935456,0.843766450881958,0.3729598820209503,0.7910447761194029,0.1111111111111111
seed0_fb1,100,1,0.7276175022125244,0.7284682355071839,0.23897139728069305,0.7287610277776247,0.9966957075420972,0.9950614188590653,0.01040872381781375,0.9963251719281442,4.501579927330687,0.9129701852798462,0.3944162130355835,0.9672131147540983,0.1111111111111111
seed0_fb1,120,1,0.7301780581474304,0.7310739040768449,0.2268049716949463,0.7312290508570555,0.9967346697798893,0.9954261314917672,0.010400692307885942,0.9961009088839041,4.7180321458995245,0.9120352864265442,0.400765597820282,1.0,0.1111111111111111
seed0_fb1,200,1,0.760165810585022,0.7606600755742935,0.2038341909646988,0.7617075438990306,0.9965184846257533,0.9926113716194551,0.012718279175410761,0.9976296455131131,5.799926821180548,0.8719425797462463,0.4306686818599701,0.7142857142857143,0.1111111111111111
seed0_fb1,300,1,0.8026719093322754,0.8032810262225933,0.20191578567028046,0.8101207486851929,0.9944267646001214,0.9579760152880553,0.02542579231075496,0.9965489446809357,7.278604904399464,0.8066806197166443,0.4772367477416992,0.48148148148148145,0.1111111111111111
seed0_fb1,500,1,0.8412023186683655,0.844324123798871,0.1807824820280075,0.8630765975090734,0.9885757101730868,0.8515452976395265,0.06644600834387028,0.9785786048286812,9.891453905128948,0.754827082157135,0.5746288299560547,0.25,0.1111111111111111
seed0_fb1,1000,1,0.8511160612106323,0.8575422406454024,0.10427197813987732,0.8846077267142166,0.982351332317643,0.76058203473757,0.11045604077692116,0.953339823899493,14.023930706764482,0.7897881865501404,0.7046888470649719,0.25,0.1111111111111111
seed0_fb1,1500,1,0.851856529712677,0.8595890011061218,0.07513277977705002,0.887837737540756,0.9806454202072588,0.7419757319798264,0.12189521259913602,0.9436422030683601,16.1440951999675,0.8260221481323242,0.758244514465332,0.23711340206185566,0.1111111111111111
seed0_fb1,3000,1,0.8348912596702576,0.8422220890604899,0.03624838963150978,0.8711202282242482,0.9800331339177257,0.7646017106831033,0.11176765922900228,0.9515540530613371,18.38343429093584,0.9441598653793335,0.8154951930046082,0.2631578947368421,0.1111111111111111
seed0_fb1,0,2,0.9935283660888672,0.9934394919532082,0.9880354404449463,0.9942808749178763,0.9993272366042432,0.8833878326304462,0.10365385056042041,1.0137781687803902,1.853894821140351,0.20365332067012787,0.2704954147338867,0.10091743119266056,0.1111111111111111
seed0_fb1,50,2,0.42380091547966003,0.4210147428316771,0.043873582035303116,0.4286503688307447,0.9975785880184088,0.9867467646111243,0.002823963215630339,1.007683191431415,3.641786794205297,1.3469032049179077,0.27976399660110474,0.6438356164383562,0.1111111111111111
seed0_fb1,100,2,0.3578871786594391,0.3549288187179247,0.020843790844082832,0.3648471447219548,0.9972788014801474,0.9812554858280768,0.0026518815605926552,1.0080780844711819,3.7669663844617465,1.5092672109603882,0.2933928370475769,0.9047619047619048,0.1111111111111111
seed0_fb1,120,2,0.3594666123390198,0.35670701198229443,0.01925843209028244,0.36661891986690404,0.9971918787294878,0.9807438291073682,0.0027484879776862843,1.0075322982317059,3.8604975456706776,1.5112688541412354,0.29992425441741943,1.0,0.1111111111111111
seed0_fb1,200,2,0.41601571440696716,0.4134594450403773,0.018836162984371185,0.41935640740954266,0.9964834473952959,0.9908804514500815,0.004016671259206728,1.0070277942919814,4.5288833818045715,1.424057960510254,0.33933141827583313,0.5584415584415584,0.1111111111111111
seed0_fb1,300,2,0.5550082325935364,0.5518299735270303,0.02415422536432743,0.5651516349061813,0.9906814662869682,0.9692391653174484,0.01590126160211293,1.009754139199382,6.323829646321071,1.2415953874588013,0.4203874170780182,0.34831460674157305,0.1111111111111111
seed0_fb1,500,2,0.7312328815460205,0.7346324737887221,0.046536900103092194,0.7976038695479278,0.9622862171022337,0.7224485067903829,0.1228130645593089,0.9851820927991238,9.79962112621018,1.0199371576309204,0.6546306610107422,0.21212121212121213,0.1111111111111111
seed0_fb1,1000,2,0.7748397588729858,0.79343603625733,0.018772484734654427,0.8734458942966108,0.9293740076491037,0.5304178953998117,0.28711998023927926,0.9070295112196511,15.583606718001693,1.0887863636016846,0.9786808490753174,0.1111111111111111,0.1111111111111111
seed0_fb1,1500,2,0.7883139252662659,0.8154768861635505,0.008901337161660194,0.887140558989917,0.9196027687200387,0.5034575145258373,0.3523663827343052,0.85757653951981,19.850230862153364,1.1458600759506226,1.110783338546753,0.1111111111111111,0.1111111111111111
seed0_fb1,3000,2,0.7766585946083069,0.8118158599999727,0.0007892252178862691,0.8694144055888352,0.9129511696989743,0.5536417290582734,0.3603216323774299,0.824839156500598,28.266405510854604,1.334223747253418,1.2260451316833496,0.1111111111111111,0.1111111111111111
seed0_fb1,0,3,0.9948840141296387,0.9948685158068754,0.9910828471183777,0.9952972661566408,0.9994866662311717,0.9190326876432278,0.10010797891043668,1.0030371972450116,1.7463327811788576,0.18139412999153137,0.23892000317573547,0.1650485436893204,0.1111111111111111
seed0_fb1,50,3,0.2891548275947571,0.288518088084581,0.013151861727237701,0.2913154182344453,0.9997721604180902,0.9940003599708985,0.00018364508949409038,1.0017766857957602,3.490664455013562,1.552575945854187,0.13337981700897217,0.6666666666666666,0.1111111111111111
seed0_fb1,100,3,0.2256314754486084,0.2251736217767006,0.008877124637365341,0.2271742915422337,0.9998273066484014,0.9954229855274909,0.00011600094286224106,1.0013643205694014,3.1731002827987207,1.7193117141723633,0.12415415793657303,0.9047619047619048,0.1111111111111111
seed0_fb1,120,3,0.22448550164699554,0.22401341940215325,0.00869669672101736,0.22586673140450142,0.999805568047565,0.9958940788978488,0.00013015938794556437,1.0014091332313695,3.176030373930635,1.7288694381713867,0.1288803368806839,1.0,0.1111111111111111
seed0_fb1,200,3,0.25524330139160156,0.2544151059553656,0.008210738189518452,0.25560969288033847,0.9993632534968311,0.9989495492576009,0.000466445665897791,1.0023800178112876,3.516791289143235,1.6762615442276,0.17327478528022766,0.6901408450704225,0.1111111111111111
seed0_fb1,300,3,0.38534221053123474,0.3828595419595104,0.009360500611364841,0.385389579320686,0.9944599341222341,0.9998711032183604,0.0058256419533583605,1.0067779447512815,4.898428609834806,1.4801232814788818,0.2899642586708069,0.48148148148148145,0.1111111111111111
seed0_fb1,500,3,0.6797649264335632,0.6806016692094708,0.026133444160223007,0.7509545106909941,0.9504848461828547,0.7419795052258141,0.13155952466414073,0.9968130922619443,9.441610325615184,1.1508662700653076,0.6470856666564941,0.21212121212121213,0.1111111111111111
seed0_fb1,1000,3,0.7538121938705444,0.786901115838579,0.009126845747232437,0.8818844916872183,0.9091059353730131,0.44475883432163016,0.33718895056745435,0.8479918297265115,16.61831326721964,1.1303424835205078,1.082870364189148,0.1320754716981132,0.1111111111111111
seed0_fb1,1500,3,0.7944830656051636,0.8352958755062762,0.0070235589519143105,0.913646951121104,0.901961887428111,0.39254817807396714,0.4484977620795148,0.7822587706131185,21.55267047534617,1.1285157203674316,1.277435541152954,0.14285714285714285,0.1111111111111111
seed0_fb1,3000,3,0.792027473449707,0.8572936275360465,0.0027736900374293327,0.9253654856853732,0.8952301402686869,0.33267612926438117,0.47467333151950336,0.6603848234064614,25.251315854256,1.182908058166504,1.451161503791809,0.15384615384615385,0.1111111111111111
seed0_fb2,0,1,0.9909001588821411,0.9905030301133935,0.9799957275390625,0.9920756014598777,0.9988966043039066,0.8703129203862872,0.12076849291914386,1.043850156198677,2.2104761496153476,0.23522555828094482,0.30988791584968567,0.14285714285714285,0.1111111111111111
seed0_fb2,50,1,0.7528489828109741,0.7524107724760859,0.3017861545085907,0.7523176734338779,0.9961187174154248,1.002486805700492,0.013698354089232973,1.0020509266193514,4.220063801245193,0.8986753821372986,0.37995266914367676,0.7647058823529411,0.1111111111111111
seed0_fb2,100,1,0.7301540970802307,0.7300876570265971,0.2362469881772995,0.729953963157993,0.9959399608104568,1.0008716567657283,0.012935795632654084,1.0002893443501255,4.587850244381728,0.9485886096954346,0.3996804356575012,0.9672131147540983,0.1111111111111111
seed0_fb2,120,1,0.7336513996124268,0.7335289205104936,0.22703702747821808,0.7331953042557292,0.9960071357330926,1.0020078435230555,0.012917603953909784,1.0005390604005424,4.787020058548035,0.943443238735199,0.40543314814567566,1.0,0.1111111111111111
seed0_fb2,200,1,0.7602901458740234,0.7601868358172481,0.20488238334655762,0.7610648629029637,0.9957886475834383,0.9962837527333067,0.015399255123351089,1.0004958550981025,5.784672081106553,0.8981310725212097,0.4336356520652771,0.6216216216216216,0.1111111111111111
seed0_fb2,300,1,0.8004781603813171,0.8016513386966889,0.1927516907453537,0.8065806165173531,0.994111189704076,0.9658740194924718,0.02653930842279254,0.9934192311976053,7.397806264321765,0.8303271532058716,0.47652649879455566,0.34831460674157305,0.1111111111111111
seed0_fb2,500,1,0.8219112157821655,0.8258833386629448,0.12015370279550552,0.8403446869377869,0.9896985150114854,0.8869088206167557,0.052798079859796454,0.975417721024466,10.804365577827733,0.8143949508666992,0.5693277716636658,0.1650485436893204,0.1111111111111111
seed0_fb2,1000,1,0.8372949957847595,0.8468025881112272,0.05765969678759575,0.870880680247076,0.9830457697503076,0.7785292086716722,0.0962930039203761,0.9364161637676033,16.0672131763339,0.8448044657707214,0.717372715473175,0.15384615384615385,0.1111111111111111
seed0_fb2,1500,1,0.8367713689804077,0.8482522167990877,0.03535705804824829,0.8725159807170413,0.9817935711452204,0.7652690292042327,0.10310747260071898,0.9235308493116379,18.755189208434007,0.8890528082847595,0.7723025679588318,0.1650485436893204,0.1111111111111111
seed0_fb2,3000,1,0.82606041431427,0.8398818925815306,0.017420461401343346,0.8637089980553825,0.9814170239289894,0.7667664104234055,0.09816352155885856,0.9131634578872906,21.19506862276878,0.9832859039306641,0.8218271732330322,0.15384615384615385,0.1111111111111111
seed0_fb2,0,2,0.9935283660888672,0.9934394919532082,0.9880354404449463,0.9942808749178763,0.9993272366042432,0.8833878326304462,0.10365385056042041,1.0137781687803902,1.853894821140351,0.20365332067012787,0.2704954147338867,0.10091743119266056,0.1111111111111111
seed0_fb2,50,2,0.44435277581214905,0.44124192428241293,0.03729426488280296,0.45134880840727654,0.9976703562889854,0.9807410161384371,0.0028754242671478135,1.0086612807700621,4.054700616910007,1.3467495441436768,0.26878222823143005,0.7142857142857143,0.1111111111111111
seed0_fb2,100,2,0.38636407256126404,0.3825778250348289,0.024226324632763863,0.39647742878107667,0.9973759130409597,0.9728289483629196,0.0027629911044971564,1.0103557083220958,3.912105814567681,1.462527871131897,0.28253087401390076,0.9047619047619048,0.1111111111111111
seed0_fb2,120,2,0.3925953805446625,0.3886476610195395,0.0235640499740839,0.402083270955535,0.9972518303417656,0.974459558929518,0.0029433413320223084,1.0108091978553961,4.008695404675593,1.4564591646194458,0.2895353138446808,1.0,0.1111111111111111
seed0_fb2,200,2,0.4611878991127014,0.45655501548377003,0.02459603175520897,0.4647633311779007,0.9962051511099422,0.9900216250431711,0.004912551107912318,1.013045216278957,4.787352481536287,1.3655664920806885,0.3301309645175934,0.6216216216216216,0.1111111111111111
seed0_fb2,300,2,0.581101655960083,0.5783698277220835,0.029155390337109566,0.5922804659684331,0.9909905970880684,0.9648976860385159,0.01667232866554826,1.0086808173747046,6.512385607660358,1.2034039497375488,0.4139147102832794,0.31868131868131866,0.1111111111111111
seed0_fb2,500,2,0.6890560388565063,0.6986759447867187,0.02234296314418316,0.7525760336786349,0.9661259341498517,0.7632339025959264,0.09252970729562414,0.9627733119221504,10.206525930686679,1.1034208536148071,0.6356539726257324,0.2,0.1111111111111111
seed0_fb2,1000,2,0.7762437462806702,0.7997187784355672,0.014427504502236843,0.8819163923785819,0.9243332897931706,0.4961059046619589,0.31064381668116314,0.8823731111074131,16.734338388428135,1.0610997676849365,1.0035834312438965,0.17647058823529413,0.1111111111111111
seed0_fb2,1500,2,0.7880607843399048,0.8171829782817198,0.00658015813678503,0.8953940455183542,0.914628934120016,0.4638985554747067,0.3746612309120237,0.8476454751931389,21.092011380887243,1.105233907699585,1.1410902738571167,0.15384615384615385,0.1111111111111111
seed0_fb2,3000,2,0.7886151075363159,0.8198847127369528,0.0010467343963682652,0.8886524974712297,0.9068658094013751,0.4970968174852523,0.4116644171664756,0.8362562530221438,28.89577928750973,1.240618348121643,1.2614792585372925,0.1320754716981132,0.1111111111111111
seed0_fb2,0,3,0.9948840141296387,0.9948685158068754,0.9910828471183777,0.9952972661566408,0.9994866662311717,0.9190326876432278,0.10010797891043668,1.0030371972450116,1.7463327811788576,0.18139412999153137,0.23892000317573547,0.15384615384615385,0.1111111111111111
seed0_fb2,50,3,0.3193491995334625,0.31850295702564035,0.024529170244932175,0.3211744981552158,0.9997849950023455,0.9950069564623618,0.00018837822690350735,1.002324558696895,3.2483480395460136,1.4955129623413086,0.12425775825977325,0.5789473684210527,0.1111111111111111
seed0_fb2,100,3,0.25564342737197876,0.2548824096816401,0.01705150119960308,0.25774625587408007,0.9997877670859469,0.993994021225802,0.0001556157240940087,1.0021857575866016,2.985045135744783,1.6236546039581299,0.12012579292058945,0.9047619047619048,0.1111111111111111
seed0_fb2,120,3,0.25312429666519165,0.2522717399943089,0.017186541110277176,0.25526875310761693,0.999744998247857,0.9938595090526674,0.00018563140111567378,1.0024556967305487,2.9577871336953696,1.6260251998901367,0.12619906663894653,1.0,0.1111111111111111
seed0_fb2,200,3,0.2755592465400696,0.27378411798210656,0.017862170934677124,0.27748411198194445,0.9990797600478977,0.9945994748980231,0.000714272671258398,1.0050139555628408,3.122744870541107,1.5803773403167725,0.17720067501068115,0.6666666666666666,0.1111111111111111
seed0_fb2,300,3,0.41347986459732056,0.4103283984913341,0.01893499493598938,0.417517788513662,0.9936633572604007,0.9889957863115773,0.007197905171619707,1.008663350358867,4.491603200059076,1.4064817428588867,0.2961958944797516,0.4634146341463415,0.1111111111111111
seed0_fb2,500,3,0.6230272054672241,0.6289257375357017,0.012262599542737007,0.6909795349429804,0.9556658967245332,0.781217968033638,0.09583738980374307,0.9800851769824972,9.301618645224945,1.2439595460891724,0.6138442754745483,0.18811881188118812,0.1111111111111111
seed0_fb2,1000,3,0.7786673307418823,0.812707513951079,0.018555186688899994,0.9078534723571776,0.8991651709718446,0.3864242623938139,0.42486289927851834,0.8289677387294837,15.937099178119897,1.1034064292907715,1.1473439931869507,0.17647058823529413,0.1111111111111111
seed0_fb2,1500,3,0.8068485856056213,0.84944022994186,0.018233666196465492,0.9326209739451928,0.8985092200263705,0.3250239837188236,0.49864263784041957,0.7603124881243595,18.658557057220236,1.1054463386535645,1.333659052848816,0.12149532710280374,0.1111111111111111
seed0_fb2,3000,3,0.819176197052002,0.8814044495548219,0.00922373216599226,0.9427758739778941,0.903680120899854,0.29543695822536736,0.507780103940303,0.6329146616489825,23.493771247741705,1.1643691062927246,1.521910548210144,0.1320754716981132,0.1111111111111111
seed1_fb0,0,1,0.9887228608131409,0.9883041956822848,0.9730575084686279,0.9896584819447004,0.9989622111498505,0.9166010242258954,0.09155353668156263,1.037344345774729,2.40822012963694,0.24396494030952454,0.30903926491737366,0.08108108108108109,0.1111111111111111
seed1_fb0,50,1,0.7007672190666199,0.703057644837207,0.2569526433944702,0.7027977449087162,0.9960491429306246,0.9918629016461861,0.011133043763181753,0.9908230801895115,3.8215459787593344,0.9645921587944031,0.3918590247631073,0.7391304347826086,0.1111111111111111
seed1_fb0,100,1,0.6764650344848633,0.6790795292793028,0.195664644241333,0.6792214480733432,0.995946575533578,0.9895965268369799,0.010391216785097359,0.9901311361706103,4.173598078655889,1.0128833055496216,0.4121715724468231,0.9354838709677419,0.1111111111111111
seed1_fb0,120,1,0.6800411343574524,0.6824179154897531,0.1866043657064438,0.6822663123141892,0.9960407040557315,0.9915281017178846,0.010288211160668043,0.99095191020634,4.3536201086268145,1.0106137990951538,0.4185476303100586,1.0,0.1111111111111111
seed1_fb0,200,1,0.7168344855308533,0.7179517935429592,0.17254528403282166,0.7180295625465232,0.9960437660130875,0.9949963376764365,0.011907353081242064,0.9953216949248846,5.277984888617134,0.9627755284309387,0.44543325901031494,0.7142857142857143,0.1111111111111111
seed1_fb0,300,1,0.7689985036849976,0.7704054255937028,0.16599400341510773,0.7760619643038159,0.9942461783045329,0.9651902594708293,0.021968709658036416,0.9930410576957107,6.836826695754041,0.8872998356819153,0.4889689087867737,0.48148148148148145,0.1111111111111111
seed1_fb0,500,1,0.8181990385055542,0.8221086226256529,0.12916861474514008,0.8401660531701062,0.9881426562753602,0.8679592789354708,0.059447912302056,0.9762426681967981,10.200050662853263,0.828911542892456,0.5904823541641235,0.17647058823529413,0.1111111111111111
seed1_fb0,1000,1,0.8371644020080566,0.8466101972040116,0.06454988569021225,0.8736667275912272,0.9813793972668893,0.7598753158624968,0.10575389702583224,0.9368727850365173,15.41800885169452,0.8634669184684753,0.7407689690589905,0.15384615384615385,0.1111111111111111
seed1_fb0,1500,1,0.8408371806144714,0.8526543534067538,0.04407532140612602,0.8803622486586191,0.9798531759182317,0.7350244506742194,0.11740230202058706,0.9194944878766764,18.008219680827033,0.8923928141593933,0.7978941202163696,0.14285714285714285,0.1111111111111111
seed1_fb0,3000,1,0.832552433013916,0.8452304197310213,0.022525010630488396,0.8719459224955172,0.9794461581042652,0.7477276165055079,0.1133259659435515,0.9175316493217803,20.698177899231524,0.983471155166626,0.8519670367240906,0.21212121212121213,0.1111111111111111
seed1_fb0,0,2,0.9926005601882935,0.9925343939839106,0.9851155281066895,0.9933898032719819,0.9993350435326165,0.892982924007572,0.08956267617784826,1.008975643520484,2.019178094311646,0.21411333978176117,0.26929622888565063,0.08108108108108109,0.1111111111111111
seed1_fb0,50,2,0.35283127427101135,0.3490289405994305,0.03213486447930336,0.3615844029400097,0.9978785338900803,0.976476920736783,0.0020385777685132498,1.010400733106229,3.2999886983453335,1.4718836545944214,0.27047765254974365,0.5789473684210527,0.1111111111111111
seed1_fb0,100,2,0.31734976172447205,0.31326639277207186,0.019057078287005424,0.3253361302731121,0.9977048951065253,0.9783451418949846,0.002001952649860448,1.0112834525111196,3.450502305932029,1.5688610076904297,0.2817643880844116,0.8461538461538461,0.1111111111111111
seed1_fb0,120,2,0.32724493741989136,0.3230760026974132,0.01758175529539585,0.333856501255964,0.9976451202302137,0.9820935548489408,0.0021106168707114175,1.0114778913637839,3.6174806667731985,1.5640273094177246,0.28849664330482483,1.0,0.1111111111111111
seed1_fb0,200,2,0.407347708940506,0.4031711473559002,0.014213562943041325,0.4090060798153694,0.9968459872141996,0.9954760803504703,0.003517468986484948,1.0114754743546526,4.736237416610963,1.4591820240020752,0.33043187856674194,0.7910447761194029,0.1111111111111111
seed1_fb0,300,2,0.5496424436569214,0.54821342963857,0.014258475042879581,0.5622974622909355,0.9909073869592557,0.9619657137775811,0.015262149964147138,1.004349771574467,7.101911397859026,1.2769924402236938,0.4247373342514038,0.42857142857142855,0.1111111111111111
seed1_fb0,500,2,0.6952751278877258,0.7025085710869798,0.016464829444885254,0.7642400487991178,0.9588220325994812,0.7397856153232121,0.11569698689250825,0.9715228109539243,11.298817927542816,1.1193236112594604,0.6755979657173157,0.2,0.1111111111111111
seed1_fb0,1000,2,0.76032555103302,0.7833844457119271,0.00964085478335619,0.873686007347301,0.915642450910154,0.4928102134996126,0.32162981059645473,0.8909637504228226,16.94014674214108,1.1104761362075806,1.0293735265731812,0.14285714285714285,0.1111111111111111
seed1_fb0,1500,2,0.7832433581352234,0.8082363785496661,0.007673860061913729,0.8965996298223535,0.9058477258974459,0.44674816011637086,0.40474528148977246,0.8714302387660351,19.933277611632537,1.127382755279541,1.1649930477142334,0.14285714285714285,0.1111111111111111
seed1_fb0,3000,2,0.791415274143219,0.8217288327892635,0.0019427072256803513,0.8972245328752863,0.9009998200625455,0.4635916601629763,0.4456424111109015,0.8393227421713596,26.690067351109548,1.235214352607727,1.2928005456924438,0.14285714285714285,0.1111111111111111
seed1_fb0,0,3,0.9939010739326477,0.9939079170048677,0.9900578260421753,0.9948027488066926,0.9993745315458512,0.8517725036716504,0.10227280167877495,0.998874552199088,1.6333004418298112,0.19329272210597992,0.24266260862350464,0.10091743119266056,0.1111111111111111
seed1_fb0,50,3,0.24679264426231384,0.24627454834309212,0.01895293965935707,0.2483192395552652,0.9998700495204988,0.9955927261583243,9.288042664881981e-05,1.001501939073714,2.834317454248917,1.6021546125411987,0.11164609342813492,0.5584415584415584,0.1111111111111111
seed1_fb0,100,3,0.20711475610733032,0.2067207231852419,0.009902791120111942,0.20872697646422503,0.9998580170829529,0.9950751758445301,9.018392966561597e-05,1.001209475687564,2.9310833455236924,1.7488551139831543,0.10998164117336273,0.875,0.1111111111111111
seed1_fb0,120,3,0.1980336457490921,0.19763308754159256,0.009160601533949375,0.19938380935293643,0.9998310162467889,0.995803967030085,0.00010436368745597979,1.0012503569383662,2.8980363753307254,1.7593050003051758,0.11548157036304474,1.0,0.1111111111111111
seed1_fb0,200,3,0.22814592719078064,0.2273625708133674,0.011035904288291931,0.22847112044731252,0.9992935470113519,0.9990361428247719,0.0004782224085525825,1.0023274830656093,3.0495962651289705,1.7002623081207275,0.16539691388607025,0.7391304347826086,0.1111111111111111
seed1_fb0,300,3,0.35703086853027344,0.35404948339866543,0.013681530021131039,0.35559688218250995,0.9934381825428082,1.003907544027331,0.006392105705260914,1.0081418473389394,4.166978168248477,1.4999841451644897,0.29215285181999207,0.5384615384615384,0.1111111111111111
seed1_fb0,500,3,0.6055429577827454,0.6111507272043845,0.010242294520139694,0.6809591774882496,0.949337801489597,0.7660089983010444,0.10364334684727662,0.9816236751103367,9.132690955621065,1.269433856010437,0.629465639591217,0.23711340206185566,0.1111111111111111
seed1_fb0,1000,3,0.7557317018508911,0.7802791677713743,0.006314307451248169,0.8766013954188226,0.8938937168386836,0.47025185274029613,0.4005029221595024,0.8858661335179746,18.084613760728292,1.1985411643981934,1.1209713220596313,0.14285714285714285,0.1111111111111111
seed1_fb0,1500,3,0.7890046238899231,0.8281011131125332,0.006039779167622328,0.9107146574469037,0.8869857127174192,0.3946511406834156,0.5060546738664313,0.7959218045068707,21.560136245907096,1.2003661394119263,1.3049269914627075,0.15384615384615385,0.1111111111111111
seed1_fb0,3000,3,0.7851541042327881,0.8535084003960047,0.002912556054070592,0.9253877752714754,0.8815392956159643,0.3205884298041462,0.5212839673826685,0.6548825555231973,24.139401073306697,1.2487951517105103,1.4877336025238037,0.1320754716981132,0.1111111111111111
seed1_fb1,0,1,0.9887228608131409,0.9883041956822848,0.9730575084686279,0.9896584819447004,0.9989622111498505,0.9166010242258954,0.09155353668156263,1.037344345774729,2.40822012963694,0.24396494030952454,0.30903926491737366,0.09090909090909091,0.1111111111111111
seed1_fb1,50,1,0.7216616868972778,0.7230568029730232,0.2508144974708557,0.7224877561784329,0.9963361697240907,0.9964928690450822,0.011252519109634285,0.9940792755860856,4.239873056517793,0.9116531014442444,0.38400834798812866,0.6,0.1111111111111111
seed1_fb1,100,1,0.6914756894111633,0.6936115314980983,0.18222597241401672,0.6935275648750124,0.9960857374066137,0.9919686279994521,0.010630667696137174,0.991640475364741,4.614751481972796,0.9780792593955994,0.40700119733810425,0.9047619047619048,0.1111111111111111
seed1_fb1,120,1,0.6941657662391663,0.6961406552111002,0.17402949929237366,0.6963241300521611,0.9961743027925171,0.991495645415905,0.01050018286043249,0.9922175445136014,4.7899106860136555,0.9772746562957764,0.41373300552368164,1.0,0.1111111111111111
seed1_fb1,200,1,0.7261921167373657,0.7278706215656797,0.15707983076572418,0.7293707791658846,0.9961195454597901,0.9863486795668617,0.01215226238802331,0.9927839392533907,5.785450758998615,0.9386878609657288,0.441705584526062,0.7142857142857143,0.1111111111111111
seed1_fb1,300,1,0.7722722887992859,0.7746224039149299,0.15264569222927094,0.7824425597613114,0.9941458013870476,0.9493714996599466,0.022720552225394465,0.9882419362201816,7.273623313230856,0.8735711574554443,0.48632022738456726,0.4457831325301205,0.1111111111111111
seed1_fb1,500,1,0.8282735347747803,0.8320390317806602,0.14013934135437012,0.8502308237288694,0.9876349254206909,0.8611317821096524,0.0660370352311281,0.9759256239597097,10.429908366584067,0.8021101951599121,0.5832463502883911,0.2,0.1111111111111111
seed1_fb1,1000,1,0.8560649752616882,0.8648090405700175,0.08055417984724045,0.889619302942924,0.9815253737757614,0.7526054297880674,0.11998927704522637,0.934608412188649,16.207718291179813,0.7994292974472046,0.724385678768158,0.14285714285714285,0.1111111111111111
seed1_fb1,1500,1,0.8559615015983582,0.8667563891037403,0.056265804916620255,0.8933129732374571,0.9805336082077274,0.7253801427619284,0.126396017962131,0.9194202707474535,18.502350842612216,0.8298128843307495,0.7777029275894165,0.1650485436893204,0.1111111111111111
seed1_fb1,3000,1,0.8418564796447754,0.8534404717548119,0.0319051519036293,0.88405815331971,0.9797695718593428,0.7158611107949436,0.11872420885801505,0.9206123457290274,20.01204301698458,0.9175431132316589,0.8323953747749329,0.15384615384615385,0.1111111111111111
seed1_fb1,0,2,0.9926005601882935,0.9925343939839106,0.9851155281066895,0.9933898032719819,0.9993350435326165,0.892982924007572,0.08956267617784826,1.008975643520484,2.019178094311646,0.21411333978176117,0.26929622888565063,0.14285714285714285,0.1111111111111111
seed1_fb1,50,2,0.35222411155700684,0.3491952109158441,0.044345442205667496,0.3596594094645655,0.9983426663429854,0.9799807446325062,0.0015895814318752622,1.0082766138531942,2.985895788426438,1.4425632953643799,0.2720028758049011,0.6438356164383562,0.1111111111111111
seed1_fb1,100,2,0.30358344316482544,0.30065274716342283,0.021833904087543488,0.30946824502509573,0.9982077356093294,0.9838948101852442,0.0015048018363060984,1.0081373912891753,3.2080321912577086,1.5668762922286987,0.28184643387794495,0.9354838709677419,0.1111111111111111
seed1_fb1,120,2,0.30967774987220764,0.3068524629918754,0.019570959731936455,0.315320584090089,0.9981176796732214,0.9845954159744542,0.0016072829621171516,1.0078186355869188,3.3557678866681373,1.5657382011413574,0.2886127233505249,1.0,0.1111111111111111
seed1_fb1,200,2,0.37317314743995667,0.36988871078587726,0.013564151711761951,0.37584112066551734,0.997134258533338,0.9927727541575507,0.0029114521674864424,1.0089684700942387,4.362655197768605,1.49531888961792,0.32959824800491333,0.7647058823529411,0.1111111111111111
seed1_fb1,300,2,0.4945862889289856,0.4917277219789983,0.012400783598423004,0.503539789781329,0.9908226981441854,0.974516697671445,0.013095500162581477,1.0082332435538957,6.235491160195226,1.3638824224472046,0.4199011027812958,0.34831460674157305,0.1111111111111111
seed1_fb1,500,2,0.662057638168335,0.6673688253483829,0.01853153668344021,0.7270599671839313,0.9606105236026738,0.7729007348082924,0.09744416915510459,0.9806251594938119,9.670842687778277,1.169682264328003,0.6402967572212219,0.1650485436893204,0.1111111111111111
seed1_fb1,1000,2,0.7577786445617676,0.7817985373365948,0.015714220702648163,0.8690743887705072,0.922094925430403,0.5059292989149957,0.2924212080392405,0.8874916375905371,14.973788079205818,1.1117280721664429,0.9950462579727173,0.12149532710280374,0.1111111111111111
seed1_fb1,1500,2,0.7669880986213684,0.7946898456500622,0.009492871351540089,0.8840868689373919,0.9078733558709257,0.4644077882037358,0.3643279957172538,0.8662541896544989,17.555579156036277,1.1649411916732788,1.1210862398147583,0.10091743119266056,0.1111111111111111
seed1_fb1,3000,2,0.7644763588905334,0.8005121727150402,0.0022112017031759024,0.8801706125197929,0.8979735332793888,0.4752663349406662,0.4007037907780602,0.828492996219074,22.766324387487867,1.3040626049041748,1.243261694908142,0.1320754716981132,0.1111111111111111
seed1_fb1,0,3,0.9939010739326477,0.9939079170048677,0.9900578260421753,0.9948027488066926,0.9993745315458512,0.8517725036716504,0.10227280167877495,0.998874552199088,1.6333004418298112,0.19329272210597992,0.24266260862350464,0.09090909090909091,0.1111111111111111
seed1_fb1,50,3,0.24210552871227264,0.2415646038354317,0.012967639602720737,0.24357109504588242,0.9998771151743178,0.9957450299177433,8.664267674960467e-05,1.0015769748950838,3.0635608605950875,1.6452090740203857,0.11647430062294006,0.5189873417721519,0.1111111111111111
seed1_fb1,100,3,0.19671544432640076,0.19631011878761762,0.010005975142121315,0.1981449092001225,0.9998976693660406,0.9955471086321533,6.293730407228205e-05,1.00126850904758,2.8318457297952717,1.7795759439468384,0.11233736574649811,0.875,0.1111111111111111
seed1_fb1,120,3,0.19960717856884003,0.1992113425340872,0.009048094041645527,0.20083803601245737,0.9998739165517595,0.9961850259557246,7.824940316804644e-05,1.0012318723939906,2.919938942765945,1.7764357328414917,0.1176181435585022,1.0,0.1111111111111111
seed1_fb1,200,3,0.2299070507287979,0.22923925345859744,0.007954737171530724,0.22981266838903236,0.9993664646733144,1.0002793100653646,0.0004310894766429515,1.00197871308795,3.288247662877194,1.7203679084777832,0.165878027677536,0.7142857142857143,0.1111111111111111
seed1_fb1,300,3,0.3386407792568207,0.3376864167804197,0.004131951369345188,0.3417640183052455,0.9936344991802782,0.9915215495148019,0.005897447632143274,1.0026063478156344,5.069197998786638,1.6016736030578613,0.28114965558052063,0.36363636363636365,0.1111111111111111
seed1_fb1,500,3,0.5681977272033691,0.5729538723803164,0.004560064524412155,0.6363806018947329,0.9519989261969806,0.7995220405879869,0.08702035555020644,0.9852539335657104,9.535740042133618,1.3404967784881592,0.5882886052131653,0.21212121212121213,0.1111111111111111
seed1_fb1,1000,3,0.7507228851318359,0.7779125528579791,0.006636731326580048,0.8705829327978801,0.9037804486778342,0.4833736304423521,0.35285043559650336,0.8759148600034596,17.49148535930389,1.1771609783172607,1.0719257593154907,0.15384615384615385,0.1111111111111111
seed1_fb1,1500,3,0.7678921818733215,0.8080210882682252,0.0038074699696153402,0.8961745142786035,0.8885455190672884,0.4150611416148587,0.44743181316266445,0.8071273153934664,21.093013693992233,1.2048015594482422,1.239405870437622,0.1650485436893204,0.1111111111111111
seed1_fb1,3000,3,0.7893099784851074,0.8397777600193409,0.0017099311808124185,0.9162449603725001,0.882878292689571,0.36970813903238614,0.5265001835692837,0.7380423817672063,26.929017460581555,1.231948733329773,1.4224580526351929,0.10091743119266056,0.1111111111111111
seed1_fb2,0,1,0.9887228608131409,0.9883041956822848,0.9730575084686279,0.9896584819447004,0.9989622111498505,0.9166010242258954,0.09155353668156263,1.037344345774729,2.40822012963694,0.24396494030952454,0.30903926491737366,0.12149532710280374,0.1111111111111111
seed1_fb2,50,1,0.7051007151603699,0.706860965157643,0.21632306277751923,0.7072774456474203,0.9959706946807667,0.991178490148158,0.011554882132187312,0.9928642343265033,4.381563143890498,0.9423621892929077,0.3858540654182434,0.8461538461538461,0.1111111111111111
seed1_fb2,100,1,0.6766589879989624,0.6794046497864068,0.15435607731342316,0.6807369864588411,0.9957690565735917,0.9846165735135692,0.010855225693162725,0.989632385615033,4.783797323465246,1.0031015872955322,0.4071040749549866,0.9354838709677419,0.1111111111111111
seed1_fb2,120,1,0.6799914836883545,0.682766403250061,0.14630965888500214,0.6840546491569046,0.9958816974433528,0.9845529612241944,0.010700216677990784,0.9894405621955032,4.983548188931219,1.0013128519058228,0.4134770631790161,1.0,0.1111111111111111
seed1_fb2,200,1,0.7164095044136047,0.7187485364540795,0.13294346630573273,0.7200365949120932,0.9958302790508092,0.9848574231735201,0.01252892535467109,0.9902261283355146,6.050408111606728,0.9561390280723572,0.44095006585121155,0.7391304347826086,0.1111111111111111
seed1_fb2,300,1,0.7695369124412537,0.7713155663710747,0.1281951665878296,0.7772680849435334,0.9938066933724317,0.9618409206773167,0.023715124210502547,0.9911871767098138,7.841470119908572,0.8804169297218323,0.4848576486110687,0.4634146341463415,0.1111111111111111
seed1_fb2,500,1,0.8094494342803955,0.8137369051687432,0.09247396141290665,0.830992543660647,0.9877112907994531,0.8757502584085544,0.05848998489052989,0.9750105424699023,11.26214371795298,0.8420263528823853,0.5843589901924133,0.2765957446808511,0.1111111111111111
seed1_fb2,1000,1,0.8202215433120728,0.8282576885334573,0.04154036566615105,0.8564115332919823,0.9820695964928574,0.7821355793872553,0.09129593233130477,0.9508032794184177,16.051452171665918,0.8860398530960083,0.7148529887199402,0.17647058823529413,0.1111111111111111
seed1_fb2,1500,1,0.8151023387908936,0.8250572674245865,0.02398890070617199,0.8553170356173411,0.9810887147390366,0.7644387120876068,0.09338799008983295,0.9406230224726644,18.245621086569372,0.942096471786499,0.7663144469261169,0.17647058823529413,0.1111111111111111
seed1_fb2,3000,1,0.7992797493934631,0.8102430217529607,0.009617505595088005,0.8408403144401672,0.9809001863694391,0.7737466920110658,0.08607482532385231,0.9391940680623849,20.72880633030413,1.0510973930358887,0.8206844925880432,0.21212121212121213,0.1111111111111111
seed1_fb2,0,2,0.9926005601882935,0.9925343939839106,0.9851155281066895,0.9933898032719819,0.9993350435326165,0.892982924007572,0.08956267617784826,1.008975643520484,2.019178094311646,0.21411333978176117,0.26929622888565063,0.1320754716981132,0.1111111111111111
seed1_fb2,50,2,0.3785552680492401,0.3758678517265208,0.028797904029488564,0.3861798700918116,0.998196679835718,0.9794715828588242,0.0018581024727885793,1.0073342673345476,3.651922511923214,1.4348899126052856,0.2678234279155731,0.6901408450704225,0.1111111111111111
seed1_fb2,100,2,0.3173382878303528,0.3146257853475962,0.016590656712651253,0.3257339930738077,0.9980383701487847,0.9772495079485335,0.001710732482255072,1.0074790966608134,3.57114679150106,1.5713317394256592,0.27985647320747375,0.875,0.1111111111111111
seed1_fb2,120,2,0.3242349922657013,0.3215404004275632,0.014987258240580559,0.33146889145266584,0.9979423160090126,0.9804086961425549,0.001828845049621933,1.0074096047552197,3.729560771378491,1.5727460384368896,0.286710649728775,1.0,0.1111111111111111
seed1_fb2,200,2,0.3881678581237793,0.38551010662606067,0.01205529272556305,0.3905239650413939,0.9970370562937048,0.9936052455704183,0.0031356729634824535,1.0072602072473738,4.668889606129691,1.4889518022537231,0.32481735944747925,0.7142857142857143,0.1111111111111111
seed1_fb2,300,2,0.5174205899238586,0.5144784585800306,0.015019687823951244,0.525737223274938,0.99164138540766,0.9757998672954423,0.01273904037287794,1.0086544012556529,6.3718293314803,1.317264437675476,0.4034593999385834,0.5189873417721519,0.1111111111111111
seed1_fb2,500,2,0.6922976970672607,0.7016531551529062,0.02044396474957466,0.7542774270284768,0.9642921415453342,0.7668342799534043,0.09887707681666022,0.9634982098290394,10.57833211438371,1.1151971817016602,0.6318076252937317,0.25,0.1111111111111111
seed1_fb2,1000,2,0.762340247631073,0.7893864797038768,0.014971052296459675,0.869691497367906,0.9311597990970699,0.5145030426628273,0.2628381798898838,0.8715257791328047,15.483494697289544,1.0743670463562012,0.9611112475395203,0.1320754716981132,0.1111111111111111
seed1_fb2,1500,2,0.7823337316513062,0.8070797448232337,0.006378799676895142,0.8829317396594922,0.9213204692308428,0.50721239747035,0.3338332825227429,0.8731389846862856,20.591908170167187,1.1250008344650269,1.0874643325805664,0.1320754716981132,0.1111111111111111
seed1_fb2,3000,2,0.7873328924179077,0.8139865611998117,0.000994252972304821,0.880858436084771,0.9096975280933826,0.5305569208104219,0.3958238658470864,0.860760631445825,28.914259571738782,1.2597674131393433,1.2168898582458496,0.15384615384615385,0.1111111111111111
seed1_fb2,0,3,0.9939010739326477,0.9939079170048677,0.9900578260421753,0.9948027488066926,0.9993745315458512,0.8517725036716504,0.10227280167877495,0.998874552199088,1.6333004418298112,0.19329272210597992,0.24266260862350464,0.09090909090909091,0.1111111111111111
seed1_fb2,50,3,0.26311129331588745,0.26267580787090267,0.01719733700156212,0.2646204384057597,0.999881134789764,0.9957163917751769,8.90310208259324e-05,1.0012406651677297,3.0430400803137063,1.577881932258606,0.11535476893186569,0.7391304347826086,0.1111111111111111
seed1_fb2,100,3,0.21454115211963654,0.21424092269960515,0.009786014445126057,0.2156194374841883,0.9998918429842507,0.9967429547756447,7.026967978320697e-05,1.0009097802069418,3.005872905146751,1.7301700115203857,0.11061915010213852,0.9672131147540983,0.1111111111111111
seed1_fb2,120,3,0.20915013551712036,0.20885550607445677,0.00858735665678978,0.2101732907807635,0.9998688559708695,0.9968811723347588,8.381950751278599e-05,1.0009009323300149,3.0404905033898055,1.7392114400863647,0.11609770357608795,1.0,0.1111111111111111
seed1_fb2,200,3,0.2464556097984314,0.2457830397887568,0.007307766936719418,0.24628928795922578,0.9993778951396135,1.0004820047146106,0.0004443169170305272,1.0019511299005819,3.512002710813722,1.677560806274414,0.16084888577461243,0.7910447761194029,0.1111111111111111
seed1_fb2,300,3,0.35742586851119995,0.3556770946590122,0.006829895079135895,0.3595528410855609,0.994625500265057,0.9942330734422613,0.005237997009276056,1.0047672705205992,4.846727830665441,1.5094475746154785,0.26830413937568665,0.5584415584415584,0.1111111111111111
seed1_fb2,500,3,0.621302604675293,0.6306543519418888,0.008989439345896244,0.6972377917419006,0.9558813901593031,0.757723688927129,0.09480548831162687,0.9686099547959539,9.899849008860999,1.2190568447113037,0.6101561188697815,0.2631578947368421,0.1111111111111111
seed1_fb2,1000,3,0.7352381944656372,0.7776991611427367,0.010978133417665958,0.8794755622528451,0.9061832287769344,0.4175744067957325,0.32030664349289667,0.8174499029680733,14.6697839708398,1.1328798532485962,1.0557643175125122,0.18811881188118812,0.1111111111111111
seed1_fb2,1500,3,0.7954316735267639,0.8350524716393474,0.010945563204586506,0.9136841598589374,0.9016559146247173,0.39441690374357935,0.452318580678803,0.7876106914892579,19.72654615840175,1.132533073425293,1.239390254020691,0.17647058823529413,0.1111111111111111
seed1_fb2,3000,3,0.8074202537536621,0.8625187975997225,0.0050638881511986256,0.9300195561239643,0.8984892607889092,0.33915820040868516,0.5003975127565341,0.6914013111357996,24.709440104322866,1.1869269609451294,1.4468011856079102,0.14285714285714285,0.1111111111111111
seed2_fb0,0,1,0.9858372211456299,0.9851463372694648,0.9674226641654968,0.9871941447946065,0.9988986776020573,0.9035706365694606,0.07725232237933209,1.0491484564222628,2.3219053490378214,0.2628942131996155,0.30802714824676514,0.1650485436893204,0.1111111111111111
seed2_fb0,50,1,0.7447428703308105,0.7452842948520628,0.34677019715309143,0.744015656355027,0.9964600559209047,1.0033148500441191,0.012032673388965756,0.9975341329839231,3.5936021856642077,0.8878247141838074,0.3796742260456085,0.5789473684210527,0.1111111111111111
seed2_fb0,100,1,0.7118229269981384,0.7136712134631376,0.26678481698036194,0.7126089869598259,0.9962409125280479,0.9967531702767178,0.01107938059457265,0.9923713168269442,3.8870593279507464,0.9626544117927551,0.4032663106918335,0.875,0.1111111111111111
seed2_fb0,120,1,0.7113056778907776,0.7130248495164667,0.2530060112476349,0.7119484484211508,0.9962511708525177,0.9973485020615782,0.011025511164767642,0.992913587617798,4.0344339371015385,0.9667924642562866,0.4101913869380951,1.0,0.1111111111111111
seed2_fb0,200,1,0.7347986698150635,0.7359891846920259,0.22316010296344757,0.7353900999277769,0.9959399940727637,0.9973891262787431,0.013201865315706496,0.9947466008617818,4.867185627260709,0.9361109733581543,0.4383772909641266,0.7142857142857143,0.1111111111111111
seed2_fb0,300,1,0.7727697491645813,0.7742732443643421,0.19173629581928253,0.7774486005207322,0.9942734125818253,0.9765826179997852,0.02227937666582402,0.9924596683826881,6.4072925513454555,0.8769839406013489,0.4799833297729492,0.3953488372093023,0.1111111111111111
seed2_fb0,500,1,0.8124863505363464,0.8160801778132482,0.13774612545967102,0.8317403613349297,0.9891903426112939,0.8872115750764549,0.052338952944371804,0.9787461520628876,9.546275524841036,0.8346694707870483,0.5753611922264099,0.21212121212121213,0.1111111111111111
seed2_fb0,1000,1,0.8308083415031433,0.8390153466626953,0.0793924480676651,0.8639581444358229,0.9837559556791762,0.7889188348573825,0.0883565260847355,0.9469676845950197,13.667483823207194,0.862180769443512,0.7114420533180237,0.2,0.1111111111111111
seed2_fb0,1500,1,0.8327557444572449,0.843211758634993,0.05823496729135513,0.8709794808791103,0.9819216868172791,0.7547847617393567,0.09968435407200563,0.9318211388434209,15.535725724037745,0.8875795006752014,0.7670659422874451,0.18811881188118812,0.1111111111111111
seed2_fb0,3000,1,0.8184853792190552,0.8312596560452669,0.031412914395332336,0.8606198622682231,0.9806321298500894,0.7493887678938851,0.09764308376325351,0.9226825055362078,17.276788033885566,0.9871288537979126,0.8233006000518799,0.18811881188118812,0.1111111111111111
seed2_fb0,0,2,0.9923093914985657,0.9921792373386994,0.9862399101257324,0.9932964736778943,0.9992991882329987,0.8712182799376573,0.09080662503100526,1.016990390492415,1.7946917628370442,0.21812352538108826,0.26410114765167236,0.043478260869565216,0.1111111111111111
seed2_fb0,50,2,0.43377965688705444,0.43152419678548115,0.046327464282512665,0.44107896256274315,0.9978562110460568,0.9800205465234203,0.002569495241685007,1.0062416202936943,3.6781034060990048,1.316920518875122,0.266273558139801,0.5189873417721519,0.1111111111111111
seed2_fb0,100,2,0.37173888087272644,0.3695323931350988,0.025077229365706444,0.379673915486458,0.9978399072836472,0.9786561546633272,0.0021852350594818975,1.0060160565828138,3.7246671691042335,1.4494051933288574,0.2744784653186798,0.8181818181818182,0.1111111111111111
seed2_fb0,120,2,0.3740460276603699,0.37180713792469977,0.023024972528219223,0.38132126519171655,0.9978448482373978,0.9804109833311492,0.0021939487252157085,1.0061050732284704,3.8349260594725014,1.4509598016738892,0.27963316440582275,1.0,0.1111111111111111
seed2_fb0,200,2,0.42904093861579895,0.4270930953126877,0.020121805369853973,0.4339370860897252,0.997152493677991,0.9865904290913117,0.0033698396181545383,1.0053773520655758,4.6158564247277125,1.3745676279067993,0.3158930838108063,0.7391304347826086,0.1111111111111111
seed2_fb0,300,2,0.5567096471786499,0.5557536149105149,0.01762889139354229,0.5684052636509355,0.9919450230786345,0.9645032853301979,0.013808153232265682,1.0029344942178473,6.894548640812265,1.2482644319534302,0.3986896872520447,0.3793103448275862,0.1111111111111111
seed2_fb0,500,2,0.6910558938980103,0.6930722795958718,0.01596173644065857,0.7416907704162247,0.9685006960077921,0.8086466012827269,0.08661186282114217,0.9921155295548416,11.196681392167736,1.1164008378982544,0.6267081499099731,0.18811881188118812,0.1111111111111111
seed2_fb0,1000,2,0.7791870832443237,0.7974450847401529,0.01166561245918274,0.8661283893811104,0.9382570117885056,0.5760311097886773,0.2554321423097943,0.907168670031932,17.83982635761518,1.0720725059509277,0.9532375335693359,0.1111111111111111,0.1111111111111111
seed2_fb0,1500,2,0.8063666224479675,0.8289383071520112,0.008086592890322208,0.8950281070413781,0.926419762328383,0.5152951369276679,0.3551202762409117,0.8717236212675098,22.384629801384794,1.0834810733795166,1.103266954421997,0.10091743119266056,0.1111111111111111
seed2_fb0,3000,2,0.7998434901237488,0.8315269964225012,0.0013300083810463548,0.891371274791215,0.9214581592646107,0.5148860558203234,0.3662496555776177,0.8260596764878667,29.652518709575567,1.2250516414642334,1.2366647720336914,0.08108108108108109,0.1111111111111111
seed2_fb0,0,3,0.9937038421630859,0.9936518989839717,0.9892484545707703,0.9942497685219136,0.9995124964380216,0.9130416232518123,0.07720355067888117,1.0082763054044592,1.711478879246154,0.19361989200115204,0.23594579100608826,0.12149532710280374,0.1111111111111111
seed2_fb0,50,3,0.3190893530845642,0.318513281376267,0.020922498777508736,0.32066785039350676,0.9998153745577286,0.995679983535124,0.00016164322496850603,1.0015819123689698,3.385261343238935,1.4725754261016846,0.1261298805475235,0.5,0.1111111111111111
seed2_fb0,100,3,0.2825106084346771,0.28218869907694755,0.013960625045001507,0.28375498397696697,0.9998756988460006,0.9965230259197263,9.834258484881379e-05,1.0009019570439925,3.3792579320799057,1.564292311668396,0.11508533358573914,0.8461538461538461,0.1111111111111111
seed2_fb0,120,3,0.281902015209198,0.2816082898656114,0.014799937605857849,0.28298109929984266,0.9998703127088749,0.9969826452357184,0.00010242942536337722,1.0008233201558623,3.3273942363160383,1.5612483024597168,0.11933723092079163,1.0,0.1111111111111111
seed2_fb0,200,3,0.3230893313884735,0.32259234083387817,0.014960754662752151,0.3226460939105093,0.9994513128956714,1.0012150669210298,0.0004857716861991708,1.0013625361351692,3.7194428893530636,1.5061336755752563,0.1645846664905548,0.6,0.1111111111111111
seed2_fb0,300,3,0.445869117975235,0.4442525078647351,0.009943393059074879,0.44708782564389005,0.9941292193213921,0.9966206500322329,0.007289666986532672,1.004496973109739,5.708402536861911,1.3858269453048706,0.27332034707069397,0.3333333333333333,0.1111111111111111
seed2_fb0,500,3,0.6427107453346252,0.6525364116718099,0.009131704457104206,0.7245895992655298,0.9486215938724829,0.7287460625367759,0.1193169282053555,0.9656785227022415,10.622986850181134,1.1831303834915161,0.6249642372131348,0.22448979591836735,0.1111111111111111
seed2_fb0,1000,3,0.7855657935142517,0.8155780751107464,0.01658451184630394,0.9005441500967589,0.9102787696662511,0.4340402941715111,0.3894923197808558,0.8446539184242456,16.98474412633677,1.0556975603103638,1.0952467918395996,0.25,0.1111111111111111
seed2_fb0,1500,3,0.8259475231170654,0.8569928683589081,0.017843544483184814,0.9328068906680184,0.8987749983900465,0.36374650783754764,0.5581021945509518,0.8070412224870006,21.05443193799845,1.044520616531372,1.3113274574279785,0.1650485436893204,0.1111111111111111
seed2_fb0,3000,3,0.8208969235420227,0.8790510357185773,0.009032940492033958,0.9427819361875432,0.8957240553504155,0.298545532825338,0.5579861953566997,0.6531911551322989,23.84947017783063,1.1151773929595947,1.4967820644378662,0.1320754716981132,0.1111111111111111
seed2_fb1,0,1,0.9858372211456299,0.9851463372694648,0.9674226641654968,0.9871941447946065,0.9988986776020573,0.9035706365694606,0.07725232237933209,1.0491484564222628,2.3219053490378214,0.2628942131996155,0.30802714824676514,0.1650485436893204,0.1111111111111111
seed2_fb1,50,1,0.7371396422386169,0.7376698977105118,0.299617201089859,0.7377170296180987,0.9961251922109867,0.9974326854985924,0.012729886042560737,0.9976421790545619,3.9519242054909993,0.9005895256996155,0.38181018829345703,0.7142857142857143,0.1111111111111111
seed2_fb1,100,1,0.713653028011322,0.7150911199451403,0.2349502146244049,0.7150442727163578,0.9959093882121928,0.9942269952093912,0.012150286902839551,0.9940327969953822,4.2933026289884095,0.9539240002632141,0.4016631543636322,0.9354838709677419,0.1111111111111111
seed2_fb1,120,1,0.7172759771347046,0.7186220496997441,0.22623224556446075,0.718406959381026,0.9959955453321353,0.9952586278831703,0.012075110098116007,0.9943577580718309,4.4725167016503,0.9508614540100098,0.40749025344848633,1.0,0.1111111111111111
seed2_fb1,200,1,0.7480367422103882,0.7487862333669093,0.20841778814792633,0.7493306968295868,0.9959845579943567,0.9940465464635677,0.013859736283691157,0.9965503557628151,5.401975249114123,0.9047335982322693,0.4352973401546478,0.6,0.1111111111111111
seed2_fb1,300,1,0.796025812625885,0.7970665873235702,0.2140597254037857,0.8027370074434557,0.9942106576466587,0.9631974415664468,0.025451833497955826,0.9942723631372227,6.757300719989173,0.8312020897865295,0.47933706641197205,0.3333333333333333,0.1111111111111111
seed2_fb1,500,1,0.841038167476654,0.8456440581199136,0.1918843686580658,0.8627382846689445,0.9882758021799442,0.8528500466329242,0.06812377723994283,0.9684522340943271,9.536039464310244,0.760718584060669,0.5814845561981201,0.22448979591836735,0.1111111111111111
seed2_fb1,1000,1,0.8507087230682373,0.8606977767829758,0.10566721856594086,0.887741580770923,0.9825810781546912,0.7364581362421343,0.10868270792321985,0.9278003545226551,13.900200149833063,0.7921393513679504,0.7233784794807434,0.14285714285714285,0.1111111111111111
seed2_fb1,1500,1,0.8491763472557068,0.8601610272465302,0.07214538007974625,0.8888427539679338,0.9813528961416648,0.7207541145291825,0.11513448528348288,0.9213844160304913,16.081091444364166,0.8278321623802185,0.7759209275245667,0.1320754716981132,0.1111111111111111
seed2_fb1,3000,1,0.8403350710868835,0.8522684369537975,0.038940075784921646,0.8809923801594522,0.980310859398692,0.7283873043469686,0.11431463892289408,0.9189395403816172,18.658499782661377,0.9144191741943359,0.8283073902130127,0.18811881188118812,0.1111111111111111
seed2_fb1,0,2,0.9923093914985657,0.9921792373386994,0.9862399101257324,0.9932964736778943,0.9992991882329987,0.8712182799376573,0.09080662503100526,1.016990390492415,1.7946917628370442,0.21812352538108826,0.26410114765167236,0.10091743119266056,0.1111111111111111
seed2_fb1,50,2,0.3529055416584015,0.3496786532763956,0.038135409355163574,0.3609831051738563,0.9973994583680638,0.9782721730751139,0.002500040133312258,1.0088193478747796,3.1362842464685547,1.4635177850723267,0.27883225679397583,0.8181818181818182,0.1111111111111111
seed2_fb1,100,2,0.29314762353897095,0.2900916870762838,0.022227466106414795,0.30237269764438124,0.9973125301857245,0.974749760303768,0.0021930842490404034,1.0085400220505087,3.102022479594782,1.5844285488128662,0.28842151165008545,0.9672131147540983,0.1111111111111111
seed2_fb1,120,2,0.2982957065105438,0.2953637223731955,0.02112969569861889,0.3069255055321859,0.9972578317657907,0.9764235143617171,0.0022699867803615665,1.008165652047031,3.1885357089087445,1.5837403535842896,0.2940872311592102,1.0,0.1111111111111111
seed2_fb1,200,2,0.3595852851867676,0.3570515458978571,0.022699862718582153,0.3658176044682455,0.9966159743943208,0.9831996348740656,0.003314187969090406,1.0069135678955923,3.700999133835918,1.500275731086731,0.3291415274143219,0.7647058823529411,0.1111111111111111
seed2_fb1,300,2,0.4866925776004791,0.48442470210250854,0.03215911239385605,0.49903507045518447,0.9918025001982087,0.9652229939026693,0.011430392429768631,1.0064859241239525,4.772880814674055,1.326663613319397,0.4019368886947632,0.4117647058823529,0.1111111111111111
seed2_fb1,500,2,0.6758989095687866,0.6800319776100688,0.03447696566581726,0.744185089576853,0.9641511281655407,0.7542931610156036,0.09319920611809887,0.9844367699896017,8.596790303092806,1.1144541501998901,0.6362171173095703,0.21212121212121213,0.1111111111111111
seed2_fb1,1000,2,0.7815684080123901,0.7964858221423582,0.02355087734758854,0.8790910781949144,0.9249155671603763,0.5228866388389578,0.3167052195474293,0.9232848474008838,15.210195217917047,1.0794734954833984,0.9895566701889038,0.1320754716981132,0.1111111111111111
seed2_fb1,1500,2,0.7867491841316223,0.8121372957116889,0.012685740366578102,0.8927974841293523,0.9148983262890202,0.47278507585711993,0.37083136785798365,0.867581950710348,18.208686713829557,1.131382703781128,1.126159906387329,0.1320754716981132,0.1111111111111111
seed2_fb1,3000,2,0.7850380539894104,0.8156414855953709,0.0023997125681489706,0.8873770918164264,0.9074269951750171,0.4936936278024776,0.4013756034218656,0.8419873486324703,24.924921134297236,1.2812975645065308,1.2653831243515015,0.1650485436893204,0.1111111111111111
seed2_fb1,0,3,0.9937038421630859,0.9936518989839717,0.9892484545707703,0.9942497685219136,0.9995124964380216,0.9130416232518123,0.07720355067888117,1.0082763054044592,1.711478879246154,0.19361989200115204,0.23594579100608826,0.1111111111111111,0.1111111111111111
seed2_fb1,50,3,0.2278035283088684,0.2272120812567083,0.01547100767493248,0.22966348769421702,0.9998384508240342,0.9945029700530853,0.00010921740889746257,1.0017574049922942,2.8181350107535366,1.6551711559295654,0.1151650995016098,0.6901408450704225,0.1111111111111111
seed2_fb1,100,3,0.1882026493549347,0.18778033726466437,0.012429781258106232,0.18934310541703855,0.9998794275398916,0.996382883891014,7.2193229810698e-05,1.0013449856980774,2.6269701367324303,1.7838900089263916,0.1083613932132721,0.9047619047619048,0.1111111111111111
seed2_fb1,120,3,0.18467862904071808,0.1842440312449879,0.01238949503749609,0.18582082900310484,0.9998645173792188,0.9963497654045907,8.021357104864926e-05,1.001394816977805,2.5994951635039114,1.7897051572799683,0.11198437958955765,1.0,0.1111111111111111
seed2_fb1,200,3,0.2086298018693924,0.20785225959573228,0.011173213832080364,0.20849221677098084,0.9995525635232263,1.0004209355131164,0.00028556556524822485,1.0023825141182168,2.867696236124705,1.7418391704559326,0.1486639529466629,0.7910447761194029,0.1111111111111111
seed2_fb1,300,3,0.30893638730049133,0.30707555075231147,0.007990635000169277,0.3087883125893371,0.9969039011346187,1.0004081488532846,0.002639919281801273,1.0051434327389177,4.11153002112092,1.5997436046600342,0.2381300926208496,0.36363636363636365,0.1111111111111111
seed2_fb1,500,3,0.5591546297073364,0.5587761236457796,0.007656192407011986,0.6144003219387291,0.9599723953196012,0.8379220443007005,0.0702712817579878,1.001164838698915,8.381206945172377,1.3224323987960815,0.5519555807113647,0.3333333333333333,0.1111111111111111
seed2_fb1,1000,3,0.7611650824546814,0.7833531259909058,0.012408929876983166,0.8745893888760259,0.9065717893091215,0.4910161580321419,0.35941097493225016,0.8947131016487522,16.083760677406786,1.1393251419067383,1.0429776906967163,0.17647058823529413,0.1111111111111111
seed2_fb1,1500,3,0.7877315282821655,0.8248624207527397,0.009055384434759617,0.9068704963532784,0.8933371428646649,0.4097085602293547,0.47272506330461667,0.8069586156806827,19.716832536757757,1.146994948387146,1.228729009628296,0.12149532710280374,0.1111111111111111
seed2_fb1,3000,3,0.7937982678413391,0.8551828207262766,0.0036293924786150455,0.9246415267263921,0.8868724937498564,0.33928263662891517,0.5198812529070378,0.6774467196539434,24.33113613124603,1.1943864822387695,1.4337190389633179,0.14285714285714285,0.1111111111111111
seed2_fb2,0,1,0.9858372211456299,0.9851463372694648,0.9674226641654968,0.9871941447946065,0.9988986776020573,0.9035706365694606,0.07725232237933209,1.0491484564222628,2.3219053490378214,0.2628942131996155,0.30802714824676514,0.2,0.1111111111111111
seed2_fb2,50,1,0.749290943145752,0.7502179918118499,0.2985303997993469,0.7478224464527519,0.9960123561037355,1.0067968871674293,0.013843482731725842,0.9957160423030402,4.188380275896825,0.8788965940475464,0.3767777383327484,0.6,0.1111111111111111
seed2_fb2,100,1,0.7118024230003357,0.7140415650838663,0.2108221799135208,0.7130961560842117,0.9955036319191108,0.9946584224475138,0.013256191110023657,0.9907611335671814,4.579255293641719,0.9530053734779358,0.39964354038238525,0.8461538461538461,0.1111111111111111
seed2_fb2,120,1,0.7130575180053711,0.7153240896627031,0.19799475371837616,0.7143847091433655,0.9955756707768468,0.994501551092957,0.01311127972051029,0.990615941543307,4.788726517561258,0.9523462653160095,0.4058701694011688,1.0,0.1111111111111111
seed2_fb2,200,1,0.7431479096412659,0.7452153983325243,0.17994214594364166,0.7457852524486417,0.9956198197506687,0.9880664438783249,0.01478743729170991,0.9906413649555339,5.777534124219833,0.9010012149810791,0.43437203764915466,0.6666666666666666,0.1111111111111111
seed2_fb2,300,1,0.7932635545730591,0.7949290279134931,0.19278015196323395,0.8009523533359789,0.9937066994569215,0.9583508050159035,0.027259038617918948,0.9909442052771205,7.107972910520526,0.8173783421516418,0.47962474822998047,0.4117647058823529,0.1111111111111111
seed2_fb2,500,1,0.8371136784553528,0.8405881668408548,0.18447482585906982,0.8597909904871839,0.987337952344933,0.8496617606682672,0.07167167699800177,0.9767037415767927,9.506669802747268,0.7543409466743469,0.5791593194007874,0.2903225806451613,0.1111111111111111
seed2_fb2,1000,1,0.8451433181762695,0.8540061017611843,0.09898239374160767,0.8791842164740183,0.9819031979738259,0.765298951422428,0.10854474925106228,0.9379959776384358,13.746366843999631,0.812964677810669,0.7084793448448181,0.2,0.1111111111111111
seed2_fb2,1500,1,0.8423753976821899,0.8538611594461402,0.06026671826839447,0.8782107492161089,0.9810370607103603,0.7571214455346096,0.11161368156620012,0.9210465454450463,16.37604512887175,0.8631073236465454,0.7590222954750061,0.2,0.1111111111111111
seed2_fb2,3000,1,0.8249416351318359,0.8390820901126408,0.025597434490919113,0.8624536018749552,0.9812528026814203,0.7689248396780316,0.09834178958476326,0.9116832636033176,19.04600335712151,0.9677498936653137,0.8082594275474548,0.22448979591836735,0.1111111111111111
seed2_fb2,0,2,0.9923093914985657,0.9921792373386994,0.9862399101257324,0.9932964736778943,0.9992991882329987,0.8712182799376573,0.09080662503100526,1.016990390492415,1.7946917628370442,0.21812352538108826,0.26410114765167236,0.043478260869565216,0.1111111111111111
seed2_fb2,50,2,0.42800673842430115,0.42576423983455597,0.05366760864853859,0.4349952245748352,0.9980536010713765,0.9809146809400308,0.0022958497660084615,1.0061902814519685,3.4467231616798,1.3337734937667847,0.2668249309062958,0.5789473684210527,0.1111111111111111
seed2_fb2,100,2,0.3473386764526367,0.34482519969286013,0.023224517703056335,0.35452765925574414,0.9977178949284333,0.9806270241650765,0.002160577162676398,1.006868089869007,3.558115392373428,1.4864580631256104,0.275320827960968,0.875,0.1111111111111111
seed2_fb2,120,2,0.3488920032978058,0.34646386764055903,0.021742744371294975,0.35640240319140876,0.9976694722348065,0.9797738319467977,0.0022158247987529955,1.0066324221210596,3.6358036371868443,1.4866210222244263,0.2808823883533478,1.0,0.1111111111111111
seed2_fb2,200,2,0.4400099515914917,0.43786684202547893,0.022439803928136826,0.4434850918614416,0.9970737778012126,0.9904174840201311,0.003569624986055665,1.0059473125075884,4.624985893686017,1.3613057136535645,0.31780949234962463,0.7910447761194029,0.1111111111111111
seed2_fb2,300,2,0.6083866953849792,0.6062522381069271,0.04128142446279526,0.6198290986948193,0.9908887838321571,0.9625046709060265,0.01841850659483436,1.0070723337501235,6.4138793878916065,1.1333717107772827,0.4110184609889984,0.42857142857142855,0.1111111111111111
seed2_fb2,500,2,0.7641105055809021,0.7720846099233447,0.06694356352090836,0.8321484858451352,0.9585258541016662,0.6829558156192905,0.15744236231676773,0.961412382894618,10.050091459079852,0.9457504749298096,0.6756158471107483,0.2,0.1111111111111111
seed2_fb2,1000,2,0.7921591997146606,0.8170367651692046,0.025202937424182892,0.8910478399667849,0.9299508246969748,0.49511020157552116,0.311698646793618,0.8672847412337882,15.79788376973721,1.0096409320831299,0.9947155714035034,0.15384615384615385,0.1111111111111111
seed2_fb2,1500,2,0.8013864755630493,0.827792324497575,0.010163052938878536,0.8989922278988579,0.9205377597403932,0.4809175226820527,0.3739511605160863,0.8535806940884005,20.726055059905338,1.0672211647033691,1.1208363771438599,0.1650485436893204,0.1111111111111111
seed2_fb2,3000,2,0.7947590947151184,0.821964878506183,0.0014698535669595003,0.8891225812386551,0.909587163154191,0.511588420926197,0.4125283045718359,0.8534773829289176,28.394129491271393,1.20432710647583,1.2390308380126953,0.1320754716981132,0.1111111111111111
seed2_fb2,0,3,0.9937038421630859,0.9936518989839717,0.9892484545707703,0.9942497685219136,0.9995124964380216,0.9130416232518123,0.07720355067888117,1.0082763054044592,1.711478879246154,0.19361989200115204,0.23594579100608826,0.09090909090909091,0.1111111111111111
seed2_fb2,50,3,0.2913481891155243,0.29081024235253633,0.009404855780303478,0.293866128238495,0.9997611597404399,0.9930222292951572,0.00019369264887090238,1.0014985870017787,3.7839703174345884,1.5912669897079468,0.12771481275558472,0.5189873417721519,0.1111111111111111
seed2_fb2,100,3,0.23432224988937378,0.2340107893459174,0.005130708683282137,0.23591939728144498,0.9998618448551149,0.9953186532796964,9.521651897621602e-05,1.000916628878465,3.6335636301704346,1.7500203847885132,0.11748857796192169,0.8181818181818182,0.1111111111111111
seed2_fb2,120,3,0.22426314651966095,0.2239717911724078,0.005108608398586512,0.22593822698388955,0.9998487068907241,0.995022187857173,0.00010121145033563806,1.000869610931237,3.5298041323562304,1.759220004081726,0.12144826352596283,1.0,0.1111111111111111
seed2_fb2,200,3,0.2678065299987793,0.26742717756497797,0.0076427580788731575,0.2674562510554105,0.9993393607976142,1.0009934123677364,0.0005016032674266018,1.0010759250200552,3.6994550432148374,1.6515620946884155,0.17312663793563843,0.7647058823529411,0.1111111111111111
seed2_fb2,300,3,0.4332047998905182,0.43143872180076004,0.0166856087744236,0.4395210987745974,0.9911156913327509,0.9826965284454198,0.010667702069645294,1.0048833096838332,4.892994802203514,1.3783915042877197,0.31722167134284973,0.5584415584415584,0.1111111111111111
seed2_fb2,500,3,0.6915363669395447,0.6974689787659407,0.029765650629997253,0.7813445981009502,0.9390602415593123,0.6689602777156198,0.1704688363343696,0.9768400731501969,9.528263330880769,1.133177399635315,0.7054084539413452,0.2,0.1111111111111111
seed2_fb2,1000,3,0.7810875177383423,0.8198582875848528,0.021792473271489143,0.9028549799535653,0.905897128172173,0.4136242035822785,0.4000092837045262,0.8039232595500114,15.486382371796944,1.1072852611541748,1.1209179162979126,0.18811881188118812,0.1111111111111111
seed2_fb2,1500,3,0.7962455153465271,0.852468958127001,0.01494906097650528,0.9264165214872199,0.9018802909703532,0.33544923558568857,0.45325663096466334,0.7005490079937547,18.44700122196507,1.1200168132781982,1.307858943939209,0.17647058823529413,0.1111111111111111
seed2_fb2,3000,3,0.7929381728172302,0.8662614381886485,0.006056953687220812,0.9376642550901433,0.8924704636351923,0.2774161617343703,0.4903316530077518,0.6188031027361369,22.010032862951928,1.1765676736831665,1.510219931602478,0.15384615384615385,0.1111111111111111
seed3_fb0,0,1,0.9870036840438843,0.9863326402400949,0.9668086767196655,0.987439407502478,0.999095969610526,0.9662605074351678,0.06913876758980743,1.0519902607006186,2.580332629685084,0.2558155655860901,0.3072050213813782,0.14285714285714285,0.1111111111111111
seed3_fb0,50,1,0.7091148495674133,0.7105401120804201,0.2864878475666046,0.7110582269883388,0.9959956908221168,0.992038060381944,0.011672699813032912,0.9941586270539347,3.6366649515115284,0.939275860786438,0.3852570056915283,0.7142857142857143,0.1111111111111111
seed3_fb0,100,1,0.6698843240737915,0.6723083240331139,0.20175433158874512,0.6732138839599193,0.9957010941394435,0.9876250188079285,0.010752952022864115,0.9909846452287568,3.9952667497454106,1.015394926071167,0.40857231616973877,0.9354838709677419,0.1111111111111111
seed3_fb0,120,1,0.6723030805587769,0.6747145385076817,0.1914699375629425,0.6749474524048484,0.9958465823855167,0.990113015372418,0.010482580668815682,0.9909822950558965,4.1633068233289,1.0169134140014648,0.41525140404701233,1.0,0.1111111111111111
seed3_fb0,200,1,0.6973688006401062,0.6990705785649362,0.16777709126472473,0.6994915673256977,0.9962360096535543,0.991567709628073,0.010462442436382991,0.9932379719979779,4.952598730519048,0.988394021987915,0.4431559145450592,0.5584415584415584,0.1111111111111111
seed3_fb0,300,1,0.7516604661941528,0.7525110875857305,0.16770517826080322,0.7565957239591823,0.9951936385320612,0.97707523272205,0.01687721875196954,0.9960380623486735,6.254752517483248,0.9115360975265503,0.4836506247520447,0.34831460674157305,0.1111111111111111
seed3_fb0,500,1,0.814673662185669,0.8181834270517242,0.14485587179660797,0.8330360281863883,0.9895221827041444,0.8912546801187399,0.051389063400742556,0.9790262944493936,9.42595534851602,0.8322601318359375,0.5829862952232361,0.17647058823529413,0.1111111111111111
seed3_fb0,1000,1,0.8359854221343994,0.8445080306056552,0.07691939175128937,0.8701286088622204,0.9824678805643042,0.7765494320862368,0.09873407467283525,0.9433803848321317,14.318066536358414,0.8445727825164795,0.7278622388839722,0.15384615384615385,0.1111111111111111
seed3_fb0,1500,1,0.8362358808517456,0.8455434490270792,0.047672491520643234,0.8710141818966485,0.9809308875541269,0.7721622981367813,0.10765367323231415,0.9381092235392917,17.017016944645146,0.8972062468528748,0.779497504234314,0.2,0.1111111111111111
seed3_fb0,3000,1,0.8218083381652832,0.8323547523803303,0.021148160099983215,0.8590009798772789,0.9804855021527321,0.7744545531207483,0.10042095697493193,0.9350234018395689,19.649631402500333,0.9987227320671082,0.8324339985847473,0.21212121212121213,0.1111111111111111
seed3_fb0,0,2,0.9916552305221558,0.991396001330904,0.9844542741775513,0.9927924286587986,0.9991007290990821,0.863229065529089,0.10736263656155182,1.0311994723356768,1.8697229440404588,0.21635599434375763,0.26865673065185547,0.14285714285714285,0.1111111111111111
seed3_fb0,50,2,0.40739667415618896,0.4043122684687494,0.03873993456363678,0.4139910290233858,0.9977823506764432,0.9821185549117659,0.002472373292381181,1.008463352306775,3.6202676666079165,1.3700910806655884,0.26620960235595703,0.7391304347826086,0.1111111111111111
seed3_fb0,100,2,0.340128630399704,0.3368718202688191,0.020090272650122643,0.34566564652491094,0.9977910468228779,0.9850263100315553,0.002050567607874685,1.008921631901346,3.623336217002627,1.518265724182129,0.27578553557395935,0.9047619047619048,0.1111111111111111
seed3_fb0,120,2,0.34109222888946533,0.3379179697159022,0.019482530653476715,0.34666528173034034,0.9977315461688,0.9849323484197181,0.0021114035527823607,1.008692555935441,3.6614247900598667,1.522067666053772,0.28177669644355774,1.0,0.1111111111111111
seed3_fb0,200,2,0.39001935720443726,0.38730047635849124,0.016120612621307373,0.3940771655159522,0.9968274796129709,0.989007198746845,0.003374789909052299,1.0074297584875154,4.383853658121171,1.4724087715148926,0.31845712661743164,0.6438356164383562,0.1111111111111111
seed3_fb0,300,2,0.5149744153022766,0.5124567764074851,0.015476873144507408,0.5259998868369553,0.9922379173809003,0.9680793213709747,0.011741888945591285,1.007384826115523,6.281147291035407,1.3094524145126343,0.3977913558483124,0.4634146341463415,0.1111111111111111
seed3_fb0,500,2,0.6802513599395752,0.6862855704855411,0.014668316580355167,0.7456148779469314,0.9625557156308302,0.7618776776004131,0.09905017173539722,0.9770786128581643,10.958067032275903,1.1414014101028442,0.6476892828941345,0.15384615384615385,0.1111111111111111
seed3_fb0,1000,2,0.7542307376861572,0.7706686281841582,0.004979632794857025,0.8596316882645405,0.9195240250056675,0.5362436787506462,0.29745450351394537,0.9235610120956866,18.799038113743684,1.150930404663086,1.0124480724334717,0.14285714285714285,0.1111111111111111
seed3_fb0,1500,2,0.7574605941772461,0.7798584233630386,0.0017285660142078996,0.8661507774454882,0.9053667782463416,0.5172954519863074,0.35788678280345937,0.8950950942741887,22.897173882565507,1.2351408004760742,1.1261405944824219,0.1111111111111111,0.1111111111111111
seed3_fb0,3000,2,0.7564457058906555,0.7837346213672042,0.00021930041839368641,0.8623905069517819,0.8932336320967241,0.5303980008991199,0.40450443714375034,0.8730326179358208,30.183904831705608,1.3658182621002197,1.241249442100525,0.1111111111111111,0.1111111111111111
seed3_fb0,0,3,0.9950414299964905,0.9950321971014194,0.9919260740280151,0.9957694659334407,0.9994749823887035,0.852864522377142,0.10564586002163835,1.0018666518770722,1.6308221218753334,0.18245673179626465,0.23727092146873474,0.14285714285714285,0.1111111111111111
seed3_fb0,50,3,0.29260578751564026,0.291957027492179,0.029268916696310043,0.29408325688260456,0.9998507441346517,0.9959015973477385,0.00012146104761163449,1.001806160218345,2.8734200479000256,1.5143526792526245,0.11959785223007202,0.6216216216216216,0.1111111111111111
seed3_fb0,100,3,0.23255538940429688,0.23217140673116726,0.017199397087097168,0.23370758984966708,0.9998886711133136,0.996611684980323,7.632869526177521e-05,1.0011329214626477,2.7854149246864375,1.6623742580413818,0.11099689453840256,0.8181818181818182,0.1111111111111111
seed3_fb0,120,3,0.23153157532215118,0.2311610938652623,0.0156023520976305,0.23255737328929552,0.9998739352510864,0.9969784109279702,8.617179309280684e-05,1.0010945813304601,2.843624521126114,1.674733281135559,0.11477389186620712,1.0,0.1111111111111111
seed3_fb0,200,3,0.24691656231880188,0.2463300444676865,0.013850727118551731,0.24656068412463628,0.9996259506061242,1.0010311889484578,0.0002674755722461903,1.0017002831947543,3.0595573155779547,1.6610604524612427,0.15235783159732819,0.6901408450704225,0.1111111111111111
seed3_fb0,300,3,0.34687864780426025,0.34635732272716097,0.013992534950375557,0.34876502039640755,0.9960589916999689,0.9948776900002819,0.0037295694090869126,1.0014205344198135,4.03221651059061,1.515591025352478,0.25696825981140137,0.48148148148148145,0.1111111111111111
seed3_fb0,500,3,0.6011379957199097,0.6058384272075157,0.007777530234307051,0.6641606485368896,0.956660603685462,0.8040999873973146,0.08705820114638783,0.9846957366490522,9.542587591514444,1.286218523979187,0.5983323454856873,0.17647058823529413,0.1111111111111111
seed3_fb0,1000,3,0.7372116446495056,0.7642522489628194,0.0056736059486866,0.8658820559718889,0.8950588425453514,0.472338139862531,0.3636372453424823,0.881845802963782,16.963808529294468,1.2099508047103882,1.0838732719421387,0.12149532710280374,0.1111111111111111
seed3_fb0,1500,3,0.7704211473464966,0.8155021579024355,0.00368069251999259,0.8968740853850029,0.8878556280558002,0.4173017687838954,0.45605036593138687,0.7819676365057826,21.488758357354268,1.2309414148330688,1.2620363235473633,0.05263157894736842,0.1111111111111111
seed3_fb0,3000,3,0.7782891988754272,0.8427574121784994,0.0014486374566331506,0.9143608021753248,0.8824224247022828,0.3571813191292972,0.4990259465372646,0.6825105997855824,26.079978222331828,1.2673217058181763,1.4436885118484497,0.09090909090909091,0.1111111111111111
seed3_fb1,0,1,0.9870036840438843,0.9863326402400949,0.9668086767196655,0.987439407502478,0.999095969610526,0.9662605074351678,0.06913876758980743,1.0519902607006186,2.580332629685084,0.2558155655860901,0.3072050213813782,0.10091743119266056,0.1111111111111111
seed3_fb1,50,1,0.753035306930542,0.7534874045802566,0.3284633457660675,0.7523875706053953,0.9966274117727689,1.0030338733199846,0.011910345997982531,0.99788400686849,3.9251078403709316,0.8648728132247925,0.37382835149765015,0.7142857142857143,0.1111111111111111
seed3_fb1,100,1,0.7237449884414673,0.724673700268377,0.24985158443450928,0.7242561320335987,0.9964287461493743,0.9978163823055247,0.011065471765565613,0.9960336641994031,4.289572792115922,0.9261579513549805,0.39494219422340393,0.9354838709677419,0.1111111111111111
seed3_fb1,120,1,0.7270673513412476,0.7278940477003021,0.24068166315555573,0.7273163810234141,0.9965099518859135,0.9989255882087614,0.010968797852884918,0.9964347231779588,4.468523915352119,0.9245394468307495,0.40153008699417114,1.0,0.1111111111111111
seed3_fb1,200,1,0.7655216455459595,0.7659699961907456,0.22902683913707733,0.7651861006304108,0.9963776525204923,1.0016407995440468,0.01358141508127468,0.9978087076761334,5.516199008895456,0.8766440153121948,0.42992696166038513,0.6901408450704225,0.1111111111111111
seed3_fb1,300,1,0.8136826753616333,0.8141413586867081,0.23093461990356445,0.8187171215036616,0.9942452283291622,0.9700842533851556,0.027991362783669243,0.9972667534454419,7.108285749651175,0.8009212017059326,0.4760836660861969,0.3953488372093023,0.1111111111111111
seed3_fb1,500,1,0.8446507453918457,0.8475237380129135,0.18067646026611328,0.8635655805447001,0.9881729881128164,0.8688245602425366,0.0704694810360973,0.9798875548838788,10.134612171461214,0.7682941555976868,0.5809027552604675,0.15384615384615385,0.1111111111111111
seed3_fb1,1000,1,0.8610783815383911,0.8687147912318877,0.11785326153039932,0.8942482346414165,0.9828731063446075,0.7472893417724014,0.11549966556459293,0.9409684603589523,14.29644068525232,0.7761090397834778,0.7209227681159973,0.12149532710280374,0.1111111111111111
seed3_fb1,1500,1,0.8587992787361145,0.8675377253406718,0.07677067071199417,0.8932238853225467,0.9823399304518017,0.741807770939108,0.1170533634719592,0.9334925198205587,16.863301716966216,0.8221316933631897,0.7737858295440674,0.12149532710280374,0.1111111111111111
seed3_fb1,3000,1,0.8397476673126221,0.8483895755526721,0.03526921942830086,0.8747569313172343,0.9822884889594781,0.7661396562361129,0.10231803675963645,0.9413784119393905,19.150709230428443,0.9353775382041931,0.8237921595573425,0.18811881188118812,0.1111111111111111
seed3_fb1,0,2,0.9916552305221558,0.991396001330904,0.9844542741775513,0.9927924286587986,0.9991007290990821,0.863229065529089,0.10736263656155182,1.0311994723356768,1.8697229440404588,0.21635599434375763,0.26865673065185547,0.1111111111111111,0.1111111111111111
seed3_fb1,50,2,0.41672345995903015,0.4141309819113365,0.045902326703071594,0.4246748701663302,0.997642747902471,0.9784070284428247,0.0026961582535779756,1.0071293267803758,3.520079128166563,1.3580224514007568,0.2781990170478821,0.6901408450704225,0.1111111111111111
seed3_fb1,100,2,0.34597134590148926,0.3432762023887488,0.02506103180348873,0.3549141629436325,0.9973194833947362,0.9759562599544899,0.0025288461802263204,1.0073681773181529,3.4731896887081164,1.5076171159744263,0.2916661500930786,0.9354838709677419,0.1111111111111111
seed3_fb1,120,2,0.3465636074542999,0.3439828590830969,0.02289687842130661,0.35531039499143,0.9971731031134936,0.9764785812869224,0.002671444506005404,1.0070535278351382,3.564022041425437,1.512082576751709,0.2983654737472534,1.0,0.1111111111111111
seed3_fb1,200,2,0.414113849401474,0.4113199724515837,0.019200794398784637,0.41906338993385994,0.9965299297917147,0.9865232880963543,0.00394288601185198,1.0076785288624341,4.483597206453082,1.4286513328552246,0.3337644040584564,0.8461538461538461,0.1111111111111111
seed3_fb1,300,2,0.5474352240562439,0.5443615131910449,0.0235340166836977,0.5537161630008733,0.9922069950909322,0.9810657909116413,0.01298487046015207,1.009345171688996,6.222803398085353,1.2506088018417358,0.41200128197669983,0.3793103448275862,0.1111111111111111
seed3_fb1,500,2,0.6670149564743042,0.6708140273870159,0.019740933552384377,0.7328801206549808,0.961566403246834,0.7674494499196588,0.0967831833250323,0.9859746318283925,9.692877345407378,1.1600298881530762,0.6541907787322998,0.1650485436893204,0.1111111111111111
seed3_fb1,1000,2,0.7617617249488831,0.7784143155903708,0.016191186383366585,0.870170563188644,0.9220249487114907,0.5110439737077135,0.2983336695788759,0.9205314011051766,15.15238091299669,1.1046416759490967,0.9904981255531311,0.10091743119266056,0.1111111111111111
seed3_fb1,1500,2,0.7820374965667725,0.8023874355907877,0.009177661500871181,0.885300831977343,0.9104644023166576,0.4955317680019455,0.3815313779105064,0.8955110091853339,19.080469391699953,1.1724772453308105,1.1223840713500977,0.10091743119266056,0.1111111111111111
seed3_fb1,3000,2,0.7647778391838074,0.7967403727271432,0.0011853375472128391,0.8724440964069791,0.9050821647319494,0.5088442181131401,0.37188943283422987,0.847322590403949,25.124847353006956,1.3332545757293701,1.2345561981201172,0.1111111111111111,0.1111111111111111
seed3_fb1,0,3,0.9950414299964905,0.9950321971014194,0.9919260740280151,0.9957694659334407,0.9994749823887035,0.852864522377142,0.10564586002163835,1.0018666518770722,1.6308221218753334,0.18245673179626465,0.23727092146873474,0.1111111111111111,0.1111111111111111
seed3_fb1,50,3,0.27873650193214417,0.27799591025095904,0.023104604333639145,0.2810563990594314,0.9998161683010793,0.9935119100301361,0.0001439141058198479,1.0020825988124873,2.9493210099775404,1.548001766204834,0.12883947789669037,0.6901408450704225,0.1111111111111111
seed3_fb1,100,3,0.21712787449359894,0.21667957754547107,0.010709251277148724,0.21902766609326071,0.9998763265892562,0.9942959696553192,8.098185313921889e-05,1.0013532668401572,2.9704314482130756,1.7112833261489868,0.12103604525327682,0.9354838709677419,0.1111111111111111
seed3_fb1,120,3,0.21547795832157135,0.21503948960813957,0.009592595510184765,0.21720611483926866,0.9998696841931206,0.9947956639790229,8.49075396653528e-05,1.0013270853617773,3.0274115085755158,1.7208693027496338,0.1255350559949875,1.0,0.1111111111111111
seed3_fb1,200,3,0.2693416178226471,0.2687121811018256,0.00901977438479662,0.2705601185395202,0.9995712575139974,0.9965590169706667,0.000326911630387429,1.001783599328843,3.5892868613104176,1.6387704610824585,0.16636309027671814,0.7142857142857143,0.1111111111111111
seed3_fb1,300,3,0.40346759557724,0.40217198270679316,0.01342018786817789,0.40550327432588223,0.9954454339643368,0.9944552176394519,0.0050293878600175534,1.0035435785379263,4.749575130536292,1.4193092584609985,0.2721235156059265,0.36363636363636365,0.1111111111111111
seed3_fb1,500,3,0.6000526547431946,0.6107160997035225,0.0050683231092989445,0.6791167587411487,0.9503551024613872,0.7576532547239216,0.09969805488396319,0.965511088251787,10.347275050033538,1.2839417457580566,0.6194303631782532,0.10091743119266056,0.1111111111111111
seed3_fb1,1000,3,0.7681517004966736,0.7922461537698885,0.009779862128198147,0.8816170903483076,0.9095931583336199,0.4776827996733227,0.3592469302926311,0.8829088483647328,17.54355829390248,1.1466902494430542,1.0799546241760254,0.1111111111111111,0.1111111111111111
seed3_fb1,1500,3,0.7874327301979065,0.8247255636639854,0.006265183910727501,0.9081925030871871,0.8966880157506762,0.4029625465885009,0.45630806976523447,0.8063718635806669,21.22689690986175,1.1743987798690796,1.2666845321655273,0.1111111111111111,0.1111111111111111
seed3_fb1,3000,3,0.7927640676498413,0.8505303143319882,0.0025930802803486586,0.921348823688017,0.8887635812191694,0.3527395420455354,0.5077905934172454,0.6971342612967532,25.64233123688768,1.2122102975845337,1.431040644645691,0.10091743119266056,0.1111111111111111
seed3_fb2,0,1,0.9870036840438843,0.9863326402400949,0.9668086767196655,0.987439407502478,0.999095969610526,0.9662605074351678,0.06913876758980743,1.0519902607006186,2.580332629685084,0.2558155655860901,0.3072050213813782,0.15384615384615385,0.1111111111111111
seed3_fb2,50,1,0.7622870802879333,0.7628619208131768,0.3349671959877014,0.7610538395499135,0.9968526661279635,1.0059651273587282,0.011613577548923937,0.9972228202182833,4.029453070377291,0.8417404890060425,0.36853036284446716,0.5584415584415584,0.1111111111111111
seed3_fb2,100,1,0.7294036746025085,0.7307008574079779,0.24086922407150269,0.7291888718789509,0.9965288213869259,1.000933464785544,0.011020313701668383,0.9943686892835549,4.511489635936398,0.9103821516036987,0.39155298471450806,0.875,0.1111111111111111
seed3_fb2,120,1,0.7315109372138977,0.7327298060466759,0.22810626029968262,0.7312336544348411,0.9965768494846338,1.0012126501926477,0.010967850641594161,0.9946749250722636,4.72725528103306,0.9116435647010803,0.3989547789096832,1.0,0.1111111111111111
seed3_fb2,200,1,0.7643170952796936,0.7652009026256505,0.20923112332820892,0.7644126569430614,0.9964699491224,0.9995348445648516,0.013157208485679616,0.9957002007436353,5.82022201963,0.8690977692604065,0.42941224575042725,0.6438356164383562,0.1111111111111111
seed3_fb2,300,1,0.8077284693717957,0.8088783136970862,0.19619889557361603,0.8132465939650895,0.9943513538300006,0.9681147882946302,0.02652872143131743,0.9933379608323443,7.627178659242707,0.8018083572387695,0.4780682325363159,0.3793103448275862,0.1111111111111111
seed3_fb2,500,1,0.8356810212135315,0.8399584974787079,0.1348363608121872,0.8574749626447342,0.9872675164338013,0.8565804760180186,0.07138520542648674,0.9715584384086962,11.162121352506233,0.7961879968643188,0.5904331207275391,0.18811881188118812,0.1111111111111111
seed3_fb2,1000,1,0.853196918964386,0.8636656846532367,0.07980029284954071,0.8883196388039571,0.9824616562171141,0.7459057040059917,0.11144757031502461,0.923185923620449,15.924350962139481,0.801956295967102,0.7248061895370483,0.14285714285714285,0.1111111111111111
seed3_fb2,1500,1,0.8473028540611267,0.859122811175722,0.049598678946495056,0.884641657393296,0.9823323313952024,0.7397391518510038,0.10757947018834436,0.9163914688859631,18.128206968504387,0.8622958660125732,0.7745476961135864,0.15384615384615385,0.1111111111111111
seed3_fb2,3000,1,0.8340956568717957,0.8465982173822414,0.023208729922771454,0.8708780855593602,0.9822498702961833,0.7621157964453493,0.0987257060532845,0.9179848909853334,20.744639811300726,0.9732581973075867,0.8241738080978394,0.14285714285714285,0.1111111111111111
seed3_fb2,0,2,0.9916552305221558,0.991396001330904,0.9844542741775513,0.9927924286587986,0.9991007290990821,0.863229065529089,0.10736263656155182,1.0311994723356768,1.8697229440404588,0.21635599434375763,0.26865673065185547,0.061946902654867256,0.1111111111111111
seed3_fb2,50,2,0.44698235392570496,0.4445061631297957,0.04983631893992424,0.45184072702883155,0.997911194090393,0.986574588600929,0.0025967419329483263,1.0068988419233083,3.7243872299015117,1.308139681816101,0.27460694313049316,0.6438356164383562,0.1111111111111111
seed3_fb2,100,2,0.38030269742012024,0.3775739991450323,0.03127290681004524,0.38709202302619855,0.9978655808958419,0.9816971799764107,0.002210102658261986,1.0074483090227773,3.5840371126469486,1.4334936141967773,0.282686322927475,0.9047619047619048,0.1111111111111111
seed3_fb2,120,2,0.3874887228012085,0.3848830874108854,0.03059597872197628,0.3941821761825358,0.997809215248663,0.9819354487421512,0.0023133222488221123,1.0071167078937617,3.677884686747151,1.4306362867355347,0.288016140460968,1.0,0.1111111111111111
seed3_fb2,200,2,0.4646236300468445,0.4623596345369489,0.0315127894282341,0.46946036699177013,0.9967503785960056,0.9864894628088714,0.0042463088022330255,1.0063724543127073,4.510420372586766,1.3287888765335083,0.32619017362594604,0.6438356164383562,0.1111111111111111
seed3_fb2,300,2,0.5941179990768433,0.5929523442784523,0.03312545642256737,0.6082537999633605,0.9891047623003845,0.9548390596529231,0.021039951009094844,1.003771854823846,6.544270543902858,1.174279808998108,0.4250866770744324,0.42857142857142855,0.1111111111111111
seed3_fb2,500,2,0.7047646641731262,0.7109898215299664,0.018798615783452988,0.7802647766272945,0.9535044217662827,0.7091400392075405,0.1360742918979988,0.9748659782524699,11.357731986708261,1.1004513502120972,0.6961886882781982,0.25,0.1111111111111111
seed3_fb2,1000,2,0.7986871004104614,0.818139653120718,0.030545324087142944,0.8986139645165478,0.92200693242864,0.4755711244799441,0.36124370694522756,0.8929480061237148,15.519397905629443,1.0199470520019531,1.024206280708313,0.23711340206185566,0.1111111111111111
seed3_fb2,1500,2,0.8079848289489746,0.8301593272486966,0.014407272450625896,0.9037143604234695,0.9164741708199386,0.4748416743630174,0.4090829590490105,0.873016710889424,19.88641468715378,1.0784300565719604,1.1323360204696655,0.15384615384615385,0.1111111111111111
seed3_fb2,3000,2,0.7974076867103577,0.8275513846598629,0.001706557348370552,0.8877324228073217,0.9107591773816538,0.5260184883792471,0.4129029327035357,0.8361002810386299,28.15186000252564,1.2338937520980835,1.2395418882369995,0.17647058823529413,0.1111111111111111
seed3_fb2,0,3,0.9950414299964905,0.9950321971014194,0.9919260740280151,0.9957694659334407,0.9994749823887035,0.852864522377142,0.10564586002163835,1.0018666518770722,1.6308221218753334,0.18245673179626465,0.23727092146873474,0.07142857142857142,0.1111111111111111
seed3_fb2,50,3,0.30625152587890625,0.305522555610619,0.018972273916006088,0.30812938585063143,0.9997716401592109,0.9948341218108911,0.00019299970564517097,1.0020138924131181,3.3504723247520274,1.507131576538086,0.13351644575595856,0.6438356164383562,0.1111111111111111
seed3_fb2,100,3,0.24624641239643097,0.2457270576637905,0.011223021894693375,0.2479092529262302,0.9998169498174553,0.995197699296652,0.00013062936365970567,1.001506549687585,3.20373608787878,1.6687443256378174,0.1255287081003189,0.9047619047619048,0.1111111111111111
seed3_fb2,120,3,0.24186764657497406,0.24140927803937437,0.010363358072936535,0.24345071383706968,0.9998009503966137,0.9954036805266048,0.00014025248617940392,1.0013364566928291,3.219383471008098,1.6736350059509277,0.1295642852783203,1.0,0.1111111111111111
seed3_fb2,200,3,0.28346171975135803,0.28284005960543773,0.01024705171585083,0.28396535648833493,0.9993188895498661,0.9985919009175429,0.0005404571249162595,1.0017415302787929,3.6335722117320848,1.5904347896575928,0.17490510642528534,0.7391304347826086,0.1111111111111111
seed3_fb2,300,3,0.4172547459602356,0.41582604977796217,0.015369360335171223,0.42207966794184,0.9923045747423397,0.986846248816218,0.008838297696003857,1.0039241243430124,4.777002947111222,1.3966373205184937,0.2974187731742859,0.48148148148148145,0.1111111111111111
seed3_fb2,500,3,0.6560459733009338,0.6653372441476351,0.00981981959193945,0.748546985009372,0.9405577682969782,0.6870807411021478,0.1453823492297318,0.9666373333348542,10.96817267117161,1.20391047000885,0.7042604684829712,0.1320754716981132,0.1111111111111111
seed3_fb2,1000,3,0.7792677879333496,0.8175506256450517,0.018500447273254395,0.9061656796232721,0.906388138420175,0.3950798295926346,0.3940956116157442,0.8077065747337147,15.99820326927177,1.1007198095321655,1.1458629369735718,0.1650485436893204,0.1111111111111111
seed3_fb2,1500,3,0.8191944360733032,0.861371160595244,0.015102587640285492,0.9261114250201271,0.9095611851966374,0.38489321159012246,0.4753106140610868,0.7482672153574033,21.023963160144966,1.1176689863204956,1.303979516029358,0.17647058823529413,0.1111111111111111
seed3_fb2,3000,3,0.821243941783905,0.8822438297783747,0.005989674478769302,0.9333884085889812,0.9117512144465418,0.35003343189757,0.4691297988580792,0.636183286118469,25.986828060081322,1.178959608078003,1.4708322286605835,0.15384615384615385,0.1111111111111111
seed4_fb0,0,1,0.9866454601287842,0.9859508446564396,0.9675272107124329,0.9873370092607258,0.9990821260394468,0.9478847692234921,0.06830261673593079,1.0523830949169355,2.4554017443476095,0.25981569290161133,0.3037690818309784,0.12149532710280374,0.1111111111111111
seed4_fb0,50,1,0.7182374596595764,0.7194728521178095,0.3185523450374603,0.7192215072757059,0.9961869561870381,0.9958630362023015,0.011543356425009319,0.9948072829297634,3.456567574864941,0.9253140687942505,0.38112929463386536,0.875,0.1111111111111111
seed4_fb0,100,1,0.6886772513389587,0.6910139980286086,0.241552472114563,0.6911234389429919,0.9958942622744836,0.9904936162432918,0.011030514502913116,0.9909182064444537,3.8089408990232387,0.9843909740447998,0.4010414481163025,0.9672131147540983,0.1111111111111111
seed4_fb0,120,1,0.6913592219352722,0.6938173872366273,0.23015685379505157,0.6938428399281186,0.9959593113774942,0.9902845458703088,0.01096971302913809,0.9903839356081017,3.9799813772576638,0.9829705357551575,0.40673333406448364,1.0,0.1111111111111111
seed4_fb0,200,1,0.7193917036056519,0.7219599846814194,0.20220226049423218,0.7225746807795533,0.9960700390921439,0.9865954459393447,0.011956010634852606,0.9891795249668982,4.8534697883901226,0.9434738159179688,0.43256232142448425,0.6438356164383562,0.1111111111111111
seed4_fb0,300,1,0.7644108533859253,0.7663071784386061,0.1879713237285614,0.7707639983424034,0.9948660465537558,0.9691910597255168,0.019159426733155755,0.9907772344110776,6.2217255717673146,0.878548800945282,0.47332823276519775,0.48148148148148145,0.1111111111111111
seed4_fb0,500,1,0.8119623064994812,0.8166055449712213,0.15163493156433105,0.8320408115381275,0.9894296835549997,0.8827296500797923,0.05101540884409984,0.9726249955947868,9.055531176352206,0.8193098902702332,0.5648594498634338,0.34831460674157305,0.1111111111111111
seed4_fb0,1000,1,0.8318014740943909,0.8394806910644896,0.08633073419332504,0.8621773849854327,0.983945242032217,0.8052403078270192,0.08788500105137481,0.9500998999470222,13.301205598413109,0.8583332300186157,0.6995334625244141,0.25,0.1111111111111111
seed4_fb0,1500,1,0.8248899579048157,0.8342617821068444,0.051464591175317764,0.8592880374252795,0.9831348653790146,0.7877762698898901,0.08835586215433443,0.9413146117450242,15.411843026122035,0.922116219997406,0.7552018165588379,0.2631578947368421,0.1111111111111111
seed4_fb0,3000,1,0.8126654028892517,0.8228157755685432,0.0269146915525198,0.8487078686525349,0.98285589842327,0.7907999997138406,0.0833644057122686,0.940160456433884,17.4274775988811,1.0119130611419678,0.8065510392189026,0.23711340206185566,0.1111111111111111
seed4_fb0,0,2,0.9913926124572754,0.9912235792948773,0.9824387431144714,0.9921418810501723,0.9993523790722012,0.9126062003068154,0.07494011854257053,1.0197249585327048,2.0495143634616357,0.21687541902065277,0.26386189460754395,0.061946902654867256,0.1111111111111111
seed4_fb0,50,2,0.39039739966392517,0.3875309506739659,0.054167624562978745,0.3962617243858507,0.9981062370076496,0.9841485472528575,0.002015286423384818,1.007834949172162,3.099832617208428,1.3713458776474,0.264176607131958,0.7391304347826086,0.1111111111111111
seed4_fb0,100,2,0.3236938416957855,0.32063411796238145,0.02856031060218811,0.3312549723751616,0.997801174885019,0.9795291405778667,0.0019515334373922475,1.0084200738239741,3.152369111895984,1.5089458227157593,0.27869531512260437,0.9672131147540983,0.1111111111111111
seed4_fb0,120,2,0.3273852467536926,0.3243224938738033,0.025665633380413055,0.33459968145222907,0.9976299162255676,0.9804792321530172,0.002125075500590231,1.0084175900629349,3.28008637189908,1.5129343271255493,0.2863518297672272,1.0,0.1111111111111111
seed4_fb0,200,2,0.3986760675907135,0.3959226860249441,0.017713187262415886,0.4034523299855909,0.9965538957529966,0.987049766667931,0.0037538419106265134,1.007536130907664,4.386058382422008,1.4477323293685913,0.3273545205593109,0.7910447761194029,0.1111111111111111
seed4_fb0,300,2,0.5171998143196106,0.5150776987719843,0.01570633426308632,0.5260772746266584,0.9926226979541699,0.9741875426918762,0.011230634039935773,1.0062359549853308,6.299905278887546,1.3074766397476196,0.4056313931941986,0.3953488372093023,0.1111111111111111
seed4_fb0,500,2,0.6604500412940979,0.6647641652049172,0.021440569311380386,0.7167102963172558,0.968871240356927,0.8029325800882657,0.076231867185127,0.9843049056218683,9.262674469515565,1.1573166847229004,0.6131643652915955,0.23711340206185566,0.1111111111111111
seed4_fb0,1000,2,0.7434988617897034,0.7590416026723161,0.0058280485682189465,0.8356043616763523,0.9349267502179879,0.605962464265772,0.22702364736163233,0.9301950474146469,17.359245900042293,1.1702405214309692,0.9416289329528809,0.14285714285714285,0.1111111111111111
seed4_fb0,1500,2,0.7506732940673828,0.7711724337348299,0.0022879322059452534,0.8488915737568595,0.9232799959783143,0.5712431065702667,0.278336753601327,0.9060568290186088,21.200941614491764,1.2427504062652588,1.0633052587509155,0.14285714285714285,0.1111111111111111
seed4_fb0,3000,2,0.7655496597290039,0.790709755651439,0.0006629797862842679,0.8581142012836962,0.9162118409873613,0.5727556629655017,0.32754634899428636,0.8789611572201842,27.39457035453012,1.3235127925872803,1.171433925628662,0.15384615384615385,0.1111111111111111
seed4_fb0,0,3,0.9944201111793518,0.9944028076261127,0.9907665848731995,0.9949848036117102,0.9995698700319232,0.8985437610331443,0.07688703091703211,1.0031097762573162,1.6578112876897444,0.19598594307899475,0.237240269780159,0.07142857142857142,0.1111111111111111
seed4_fb0,50,3,0.2662560045719147,0.26563216368179793,0.03792576491832733,0.26790522791443244,0.9998731108686782,0.9953336087158945,9.589470956708815e-05,1.0017726637819495,2.4727060550867455,1.515453815460205,0.11576224118471146,0.6666666666666666,0.1111111111111111
seed4_fb0,100,3,0.20863115787506104,0.20814972239146887,0.027931811287999153,0.20996858715113587,0.99986053532615,0.9959226084972705,8.899663285100226e-05,1.00147414285375,2.2830640068206516,1.6368098258972168,0.11143015325069427,0.9354838709677419,0.1111111111111111
seed4_fb0,120,3,0.21041956543922424,0.20987437289084934,0.026407433673739433,0.211760321777278,0.9998046523502776,0.9959249338179174,0.00012534340973699337,1.001664477449543,2.3315725233069133,1.639525294303894,0.11698634922504425,1.0,0.1111111111111111
seed4_fb0,200,3,0.2507828176021576,0.24959152380598656,0.02439125068485737,0.25150685925423977,0.999000927715996,0.9979156786980591,0.0007226683249692485,1.0034425458833283,2.684800996493824,1.5908281803131104,0.16536946594715118,0.7391304347826086,0.1111111111111111
seed4_fb0,300,3,0.3932195007801056,0.3907550045196446,0.02123844064772129,0.39603515851097626,0.9936154118196029,0.9923557891281267,0.006862164134970624,1.0067359020625262,4.126842685905063,1.4264646768569946,0.2768111526966095,0.4634146341463415,0.1111111111111111
seed4_fb0,500,3,0.5947255492210388,0.6001694247162923,0.016245469450950623,0.6585279756639513,0.9602068874850725,0.8038950467230301,0.07814124959417201,0.9824653889073705,7.928220297359682,1.250716209411621,0.5763402581214905,0.18811881188118812,0.1111111111111111
seed4_fb0,1000,3,0.7753503918647766,0.8020349251181097,0.01132224127650261,0.880636989301931,0.9158494872886804,0.4995663628026538,0.34547697849158865,0.867013528879614,17.611153946672037,1.1407321691513062,1.064294695854187,0.14285714285714285,0.1111111111111111
seed4_fb0,1500,3,0.7871887683868408,0.8310912176720376,0.005723296198993921,0.9030451546555313,0.9009130360583221,0.42619380046585437,0.43607240541903347,0.7731952260941563,21.577461591116172,1.1823339462280273,1.2452266216278076,0.12149532710280374,0.1111111111111111
seed4_fb0,3000,3,0.8005322813987732,0.8543498575533481,0.002163131022825837,0.9152031686602524,0.8929336628227545,0.39828220543129794,0.5090066092854363,0.7075495198270876,27.581095273002454,1.2379034757614136,1.4177706241607666,0.12149532710280374,0.1111111111111111
seed4_fb1,0,1,0.9866454601287842,0.9859508446564396,0.9675272107124329,0.9873370092607258,0.9990821260394468,0.9478847692234921,0.06830261673593079,1.0523830949169355,2.4554017443476095,0.25981569290161133,0.3037690818309784,0.14285714285714285,0.1111111111111111
seed4_fb1,50,1,0.7756680250167847,0.7756882984383133,0.39816734194755554,0.7754230378376272,0.9970883321642597,1.0012435118724785,0.011478595006623822,0.9998971132708223,3.6250856708941996,0.8368719220161438,0.3698359727859497,0.6438356164383562,0.1111111111111111
seed4_fb1,100,1,0.7381220459938049,0.7390137896650222,0.29698994755744934,0.7390698007709191,0.9965847875495201,0.9957740783923369,0.011266595116190168,0.9960236742933843,3.9982630844339195,0.9066314697265625,0.39252427220344543,0.9354838709677419,0.1111111111111111
seed4_fb1,120,1,0.7372767329216003,0.7380962185402968,0.279240220785141,0.7382416274449416,0.9965519698527842,0.9957089679557029,0.01133228111175519,0.9963552643361441,4.185421680840627,0.9086806774139404,0.3994085490703583,1.0,0.1111111111111111
seed4_fb1,200,1,0.7666131854057312,0.7669450277304103,0.25536468625068665,0.7683922080145338,0.9962501951234464,0.991278503448002,0.014135574573595168,0.9983716386897667,5.136198834282929,0.8675934076309204,0.4285885989665985,0.7647058823529411,0.1111111111111111
seed4_fb1,300,1,0.8172571659088135,0.8186300576215955,0.25478532910346985,0.8251853919714074,0.9941752165956915,0.952159590412707,0.02894832114371237,0.9916825785962636,6.775639649389003,0.778515636920929,0.47330084443092346,0.5189873417721519,0.1111111111111111
seed4_fb1,500,1,0.8442423343658447,0.8487739123519182,0.19374077022075653,0.869240846712729,0.9875323772130621,0.8276553125343219,0.07409824206954924,0.9683828924843255,9.693337846502793,0.7503144145011902,0.58440762758255,0.30434782608695654,0.1111111111111111
seed4_fb1,1000,1,0.8553688526153564,0.8639665563314932,0.11516125500202179,0.8910369214197258,0.9826065616525287,0.7384942423024042,0.1123172514533345,0.9359805543152366,13.835536254810922,0.7869819402694702,0.7122535109519958,0.22448979591836735,0.1111111111111111
seed4_fb1,1500,1,0.8537991642951965,0.8639674513608212,0.07650894671678543,0.8930310949430563,0.9812324680424471,0.7157686373543001,0.11986563897360138,0.9250970883726789,16.261920788092812,0.8209179639816284,0.7646583318710327,0.22448979591836735,0.1111111111111111
seed4_fb1,3000,1,0.8373308181762695,0.8486342267360535,0.03527897223830223,0.8779518104971437,0.9810486229357429,0.7331670210659803,0.10777110702239748,0.9244715061832799,18.838248529577427,0.928537905216217,0.8111322522163391,0.23711340206185566,0.1111111111111111
seed4_fb1,0,2,0.9913926124572754,0.9912235792948773,0.9824387431144714,0.9921418810501723,0.9993523790722012,0.9126062003068154,0.07494011854257053,1.0197249585327048,2.0495143634616357,0.21687541902065277,0.26386189460754395,0.10091743119266056,0.1111111111111111
seed4_fb1,50,2,0.4530377686023712,0.4509250444181607,0.04730779305100441,0.46000182937969214,0.9974035852390487,0.9807333171197982,0.0032834777406746322,1.0059036230121237,3.853445483250704,1.2911059856414795,0.272464394569397,0.5189873417721519,0.1111111111111111
seed4_fb1,100,2,0.3791685998439789,0.3768310511239072,0.018740568310022354,0.38809207619966923,0.9971316997767581,0.9760133257924166,0.0029619485945496047,1.0063767556722636,4.101020757386446,1.447893738746643,0.2840210497379303,0.9047619047619048,0.1111111111111111
seed4_fb1,120,2,0.382112979888916,0.37976439825566505,0.01683785580098629,0.39052304026453494,0.9970826181247222,0.9773703074822706,0.0030369307945065176,1.0064085428856813,4.245280813824792,1.4556808471679688,0.29054298996925354,1.0,0.1111111111111111
seed4_fb1,200,2,0.443454384803772,0.44079536926292523,0.017945628613233566,0.4468277708255031,0.9967841425462645,0.9906804646455799,0.003961136932342116,1.0073960705703169,4.9441770041665505,1.3630962371826172,0.32975876331329346,0.7391304347826086,0.1111111111111111
seed4_fb1,300,2,0.5946862697601318,0.5919686590531604,0.03312573581933975,0.6046885355580411,0.9907483930276775,0.9679067997599977,0.017883948692467417,1.0088129852750911,6.556292342999389,1.1588191986083984,0.42524728178977966,0.3333333333333333,0.1111111111111111
seed4_fb1,500,2,0.7148476839065552,0.7230509611383982,0.02246016636490822,0.7925657401021177,0.9544773755138306,0.69255187987295,0.1387944937410334,0.9660092406764176,11.308229466290653,1.077116847038269,0.7139497995376587,0.2,0.1111111111111111
seed4_fb1,1000,2,0.7665106058120728,0.7885297016466433,0.012190512381494045,0.8694699934178327,0.9234873555349442,0.5260169553790954,0.2993461922298268,0.8934907068937054,16.57384567176236,1.1126874685287476,0.997372567653656,0.15384615384615385,0.1111111111111111
seed4_fb1,1500,2,0.7778006196022034,0.804570939375555,0.006044195499271154,0.8833524121685347,0.9126965789299943,0.4935870437341864,0.3635384750908545,0.8653365132644797,20.33012575431736,1.1671124696731567,1.128290057182312,0.14285714285714285,0.1111111111111111
seed4_fb1,3000,2,0.7617978453636169,0.7960954647234405,0.0006030949298292398,0.8653525858534882,0.905011220671037,0.531539996738085,0.36684106999673355,0.8381400836045347,27.247860816962508,1.3482282161712646,1.225954532623291,0.14285714285714285,0.1111111111111111
seed4_fb1,0,3,0.9944201111793518,0.9944028076261127,0.9907665848731995,0.9949848036117102,0.9995698700319232,0.8985437610331443,0.07688703091703211,1.0031097762573162,1.6578112876897444,0.19598594307899475,0.237240269780159,0.1320754716981132,0.1111111111111111
seed4_fb1,50,3,0.36526113748550415,0.3646352428900012,0.034215766936540604,0.36682365785385534,0.9998010393006573,0.995761580582302,0.00019756930922238102,1.001702860489511,3.351132410299642,1.3834161758422852,0.12764312326908112,0.42857142857142855,0.1111111111111111
seed4_fb1,100,3,0.282395601272583,0.28193969669757785,0.01909537985920906,0.28388554704838004,0.9998515853253014,0.9958383174451025,0.00011738393588607254,1.001277810399074,3.130468078822695,1.5491563081741333,0.12076427787542343,0.8181818181818182,0.1111111111111111
seed4_fb1,120,3,0.2885659337043762,0.28804691818097916,0.01808825135231018,0.289549068792436,0.9998250149303789,0.9972633638715903,0.0001408077893325069,1.0014484844181277,3.2285085125198107,1.5632891654968262,0.1253562867641449,1.0,0.1111111111111111
seed4_fb1,200,3,0.32918545603752136,0.32838889684845857,0.019066976383328438,0.3290053033633541,0.9992322966026567,1.00049266590226,0.0006911841765378429,1.0021804039517341,3.563744260267298,1.4909470081329346,0.1757689118385315,0.7647058823529411,0.1111111111111111
seed4_fb1,300,3,0.49071070551872253,0.4875141614905727,0.02782861702144146,0.4944447276431624,0.9918552268278846,0.989351586785597,0.011487732939784943,1.0091802439861075,5.031166875654258,1.2773878574371338,0.31344470381736755,0.3953488372093023,0.1111111111111111
seed4_fb1,500,3,0.6864953637123108,0.7007924432885185,0.015291654504835606,0.7953917076932947,0.9285646383995805,0.608579123709783,0.1970334718556203,0.9452028002387673,11.113607643458813,1.143240213394165,0.7519918084144592,0.2,0.1111111111111111
seed4_fb1,1000,3,0.7879478335380554,0.8149819049754887,0.013862376101315022,0.8972925443363523,0.9069301271941429,0.4547322552548746,0.4099046598784661,0.8584527368605606,17.952819518193568,1.1262452602386475,1.1218100786209106,0.14285714285714285,0.1111111111111111
seed4_fb1,1500,3,0.8094070553779602,0.8502262810070669,0.010383841581642628,0.9210662825996531,0.9037824127998778,0.3888483445723527,0.4784348464640922,0.7673218111380381,21.60053195078031,1.137690544128418,1.3038673400878906,0.1111111111111111,0.1111111111111111
seed4_fb1,3000,3,0.8092381954193115,0.8622338205410269,0.002786328550428152,0.9246366191860798,0.8943437969783937,0.37018677251287346,0.5275629608367308,0.7003090315683014,27.794460769714412,1.2154111862182617,1.460139513015747,0.1111111111111111,0.1111111111111111
seed4_fb2,0,1,0.9866454601287842,0.9859508446564396,0.9675272107124329,0.9873370092607258,0.9990821260394468,0.9478847692234921,0.06830261673593079,1.0523830949169355,2.4554017443476095,0.25981569290161133,0.3037690818309784,0.10091743119266056,0.1111111111111111
seed4_fb2,50,1,0.7586009502410889,0.7593481411503901,0.3515930473804474,0.7581206445886535,0.9969782430314764,1.0022924155090798,0.010953881201317397,0.9964366711506125,3.7834197712136732,0.8603203296661377,0.3712844252586365,0.7142857142857143,0.1111111111111111
seed4_fb2,100,1,0.7159628868103027,0.7177030499954118,0.25748834013938904,0.7166848306750505,0.9966939687089795,0.9969836443460828,0.00991092850396545,0.9927345801576554,4.06067483359577,0.9479488730430603,0.3971308767795563,0.9672131147540983,0.1111111111111111
seed4_fb2,120,1,0.7177882194519043,0.719438849718421,0.24567779898643494,0.7180862577639819,0.9966975365011417,0.998748022970575,0.00997623970020598,0.9930726785261412,4.233461940843302,0.9488359093666077,0.4039040505886078,1.0,0.1111111111111111
seed4_fb2,200,1,0.752417266368866,0.7533650331192187,0.22592316567897797,0.7521977841703685,0.9963348622787721,1.0010255957909266,0.012908022745181992,0.9955747107266762,5.229340273429898,0.8997973203659058,0.4309655725955963,0.6438356164383562,0.1111111111111111
seed4_fb2,300,1,0.8115336298942566,0.8121569206517312,0.23408658802509308,0.8160388596134116,0.9942133185907024,0.9734896197236764,0.027790568272813797,0.9963235751454388,6.953349481580876,0.8008049130439758,0.4722049832344055,0.4117647058823529,0.1111111111111111
seed4_fb2,500,1,0.8513373732566833,0.8547212646285418,0.18569576740264893,0.869016644639899,0.9881388801334183,0.872294526026409,0.07413645527093814,0.9753526225074848,10.460883695924508,0.7454781532287598,0.5724276900291443,0.2,0.1111111111111111
seed4_fb2,1000,1,0.8490266799926758,0.8578476229893421,0.08819538354873657,0.8820236037885895,0.9837107606442708,0.7670345910800787,0.10034766683679733,0.9368472300968557,14.83643813843523,0.8101016879081726,0.7048606872558594,0.1320754716981132,0.1111111111111111
seed4_fb2,1500,1,0.8467287421226501,0.8578955026341442,0.055365514010190964,0.8823673401312306,0.982839173814907,0.7521977752911525,0.10404081671006535,0.9212506531518354,17.393239458103253,0.8542286157608032,0.7578142881393433,0.12149532710280374,0.1111111111111111
seed4_fb2,3000,1,0.8287183046340942,0.8417019316390102,0.02476016990840435,0.8667222084527135,0.9829237715790496,0.7613401035880636,0.09167643441430225,0.9172553210161195,19.686064277613426,0.9695861339569092,0.8105326294898987,0.14285714285714285,0.1111111111111111
seed4_fb2,0,2,0.9913926124572754,0.9912235792948773,0.9824387431144714,0.9921418810501723,0.9993523790722012,0.9126062003068154,0.07494011854257053,1.0197249585327048,2.0495143634616357,0.21687541902065277,0.26386189460754395,0.14285714285714285,0.1111111111111111
seed4_fb2,50,2,0.47151756286621094,0.46964828236153394,0.06817799806594849,0.4782325584707437,0.9980980309121944,0.9811907315450685,0.00253229960180408,1.005283688216026,3.5722762011040547,1.2542450428009033,0.2618368864059448,0.5789473684210527,0.1111111111111111
seed4_fb2,100,2,0.36773377656936646,0.3653966187180297,0.026754073798656464,0.376207195661106,0.9977484605925878,0.9772282176651417,0.0022531855910968013,1.0063733288068568,3.619634972407785,1.4479483366012573,0.2746487855911255,0.875,0.1111111111111111
seed4_fb2,120,2,0.3724854290485382,0.3701498208790115,0.023348690941929817,0.3798047225296248,0.9976209195446577,0.9802955119725824,0.0024119256903302614,1.006369326679918,3.804552996499776,1.4553695917129517,0.28164035081863403,1.0,0.1111111111111111
seed4_fb2,200,2,0.44379517436027527,0.441777867124677,0.019760221242904663,0.44866881601685876,0.9964469694675077,0.9865559075415841,0.004381329351434054,1.0056080605211972,4.830283581176056,1.3742326498031616,0.32344716787338257,0.6666666666666666,0.1111111111111111
seed4_fb2,300,2,0.59621262550354,0.5954819121301888,0.025297820568084717,0.6151052083448632,0.9887921724955925,0.93967806597623,0.02179432627918863,1.0023713135122465,7.110085428342255,1.1743910312652588,0.4205668270587921,0.3333333333333333,0.1111111111111111
seed4_fb2,500,2,0.7170446515083313,0.7195818348254864,0.0237940214574337,0.784661197253569,0.955513089267008,0.7290761747784784,0.13681439606004447,0.9893807518904746,11.239109770823742,1.0695048570632935,0.6779041290283203,0.18811881188118812,0.1111111111111111
seed4_fb2,1000,2,0.7659521102905273,0.7866041422332998,0.012004680931568146,0.8707971862070759,0.9194807371322801,0.5188585662517677,0.3148348340271835,0.9002178465124973,16.58615032831547,1.0988733768463135,0.970448911190033,0.10091743119266056,0.1111111111111111
seed4_fb2,1500,2,0.7835793495178223,0.8107067692469585,0.006481983698904514,0.8913950817596544,0.9127374006953103,0.471404571409379,0.37438887584373953,0.860449080451142,20.660438887280385,1.1219044923782349,1.1111928224563599,0.08108108108108109,0.1111111111111111
seed4_fb2,3000,2,0.7855857610702515,0.8201863605245953,0.0010019759647548199,0.8840696023306155,0.9063199915194475,0.5105942335558389,0.4075938259774735,0.8213950653962065,28.61602715850241,1.2540606260299683,1.2288880348205566,0.09090909090909091,0.1111111111111111
seed4_fb2,0,3,0.9944201111793518,0.9944028076261127,0.9907665848731995,0.9949848036117102,0.9995698700319232,0.8985437610331443,0.07688703091703211,1.0031097762573162,1.6578112876897444,0.19598594307899475,0.237240269780159,0.1111111111111111,0.1111111111111111
seed4_fb2,50,3,0.30976083874702454,0.3090748906843826,0.025665441527962685,0.3121202558379411,0.9997398320463612,0.9935253157182014,0.00022202375934807935,1.0018916255746197,3.1252143156132806,1.4738259315490723,0.1313970983028412,0.5789473684210527,0.1111111111111111
seed4_fb2,100,3,0.22050903737545013,0.22001211418322097,0.014949907548725605,0.22215076118801708,0.9997718332809478,0.9950936006633331,0.00015093944144629645,1.0014922911763833,2.780132285260788,1.6904505491256714,0.12098319828510284,0.875,0.1111111111111111
seed4_fb2,120,3,0.22221805155277252,0.22166321920967966,0.014576899819076061,0.22340932870359453,0.999717380725001,0.9964453538808504,0.00018792629483172166,1.0016620709806858,2.811201410676296,1.7028056383132935,0.1259513795375824,1.0,0.1111111111111111
seed4_fb2,200,3,0.2527444362640381,0.25176617256036343,0.014638369902968407,0.25307350047216826,0.9990170256653886,0.9990539918027458,0.0007150462566536839,1.002819646073736,3.071238584586247,1.636245608329773,0.17369474470615387,0.8461538461538461,0.1111111111111111
seed4_fb2,300,3,0.41727423667907715,0.41549714233953094,0.01694512739777565,0.42213628442317136,0.992078504844227,0.9867455274168959,0.009099463433669604,1.0048831283024406,4.66558436402786,1.408394694328308,0.3020848035812378,0.5789473684210527,0.1111111111111111
seed4_fb2,500,3,0.6197159886360168,0.6249445114334451,0.011533689685165882,0.7074907620175728,0.9445259222018266,0.7231662568636702,0.11927453288320308,0.9824416313594626,9.326100294340968,1.2444688081741333,0.6539947390556335,0.2,0.1111111111111111
seed4_fb2,1000,3,0.7405542731285095,0.7703110173498647,0.008410902693867683,0.8675539444211127,0.9001242982009765,0.4730300616636119,0.35032525260173014,0.8688377067617998,15.908524289270161,1.185657024383545,1.0494029521942139,0.1320754716981132,0.1111111111111111
seed4_fb2,1500,3,0.7829914093017578,0.822017153295194,0.011796251870691776,0.9121661308147069,0.8890488961806949,0.37579940608722606,0.4807314510055451,0.8011738893841582,18.149486329300647,1.1533008813858032,1.235616683959961,0.09090909090909091,0.1111111111111111
seed4_fb2,3000,3,0.815424919128418,0.8612848477553201,0.008327390998601913,0.9333505405812851,0.8861363123304421,0.33803387230187115,0.5924376425604169,0.7318450153633803,23.466310664818344,1.1660382747650146,1.424009919166565,0.1320754716981132,0.1111111111111111
