exp,tag,condition_key,physical_condition,ratio10,frac0,collapsed_steps,maxcos,kt
E3_generality,cnn,"{""act"": ""tanh"", ""arch"": ""cnn"", ""batch"": 128, ""batchnorm"": 0, ""calibrate_head"": 0, ""center"": ""none"", ""classes"": 10, ""dataset"": ""mnist"", ""depth"": 3, ""fb_row_norm"": 0, ""fb_scale"": 1.0, ""fb_seed"": 0, ""freeze_bias"": 0, ""freeze_out"": 0, ""head"": ""sigmoid_bce"", ""hid_lr_mult"": 1.0, ""lr"": 0.001, ""muon"": 0, ""optimizer"": ""sgd"", ""out_bias_q"": -1.0, ""out_lr_mult"": 1.0, ""out_w_scale"": 1.0, ""p0"": 0.0, ""preprocess"": ""div255"", ""rule"": ""dfa"", ""seed"": 0, ""shift_step"": 0, ""target_center"": 0, ""target_scale"": 1.0, ""whiten"": 0, ""width"": 300}","{""act"": ""tanh"", ""arch"": ""cnn"", ""batch"": 128, ""batchnorm"": 0, ""calibrate_head"": 0, ""center"": ""none"", ""classes"": 10, ""dataset"": ""mnist"", ""depth"": 3, ""fb_row_norm"": 0, ""fb_scale"": 1.0, ""freeze_bias"": 0, ""freeze_out"": 0, ""head"": ""sigmoid_bce"", ""hid_lr_mult"": 1.0, ""lr"": 0.001, ""muon"": 0, ""optimizer"": ""sgd"", ""out_bias_q"": -1.0, ""out_lr_mult"": 1.0, ""out_w_scale"": 1.0, ""p0"": 0.0, ""preprocess"": ""div255"", ""rule"": ""dfa"", ""shift_step"": 0, ""target_center"": 0, ""target_scale"": 1.0, ""whiten"": 0, ""width"": 300}",1.6515924436301845,0.6329691016426917,500,0.99996817111969,272.30172370925845
E3_generality,cnn,"{""act"": ""tanh"", ""arch"": ""cnn"", ""batch"": 128, ""batchnorm"": 0, ""calibrate_head"": 0, ""center"": ""none"", ""classes"": 10, ""dataset"": ""mnist"", ""depth"": 3, ""fb_row_norm"": 0, ""fb_scale"": 1.0, ""fb_seed"": 1, ""freeze_bias"": 0, ""freeze_out"": 0, ""head"": ""sigmoid_bce"", ""hid_lr_mult"": 1.0, ""lr"": 0.001, ""muon"": 0, ""optimizer"": ""sgd"", ""out_bias_q"": -1.0, ""out_lr_mult"": 1.0, ""out_w_scale"": 1.0, ""p0"": 0.0, ""preprocess"": ""div255"", ""rule"": ""dfa"", ""seed"": 1, ""shift_step"": 0, ""target_center"": 0, ""target_scale"": 1.0, ""whiten"": 0, ""width"": 300}","{""act"": ""tanh"", ""arch"": ""cnn"", ""batch"": 128, ""batchnorm"": 0, ""calibrate_head"": 0, ""center"": ""none"", ""classes"": 10, ""dataset"": ""mnist"", ""depth"": 3, ""fb_row_norm"": 0, ""fb_scale"": 1.0, ""freeze_bias"": 0, ""freeze_out"": 0, ""head"": ""sigmoid_bce"", ""hid_lr_mult"": 1.0, ""lr"": 0.001, ""muon"": 0, ""optimizer"": ""sgd"", ""out_bias_q"": -1.0, ""out_lr_mult"": 1.0, ""out_w_scale"": 1.0, ""p0"": 0.0, ""preprocess"": ""div255"", ""rule"": ""dfa"", ""shift_step"": 0, ""target_center"": 0, ""target_scale"": 1.0, ""whiten"": 0, ""width"": 300}",1.189022303465943,0.6515319746322299,310,0.9998632073402404,176.4664841483456
E3_generality,cnn,"{""act"": ""tanh"", ""arch"": ""cnn"", ""batch"": 128, ""batchnorm"": 0, ""calibrate_head"": 0, ""center"": ""none"", ""classes"": 10, ""dataset"": ""mnist"", ""depth"": 3, ""fb_row_norm"": 0, ""fb_scale"": 1.0, ""fb_seed"": 2, ""freeze_bias"": 0, ""freeze_out"": 0, ""head"": ""sigmoid_bce"", ""hid_lr_mult"": 1.0, ""lr"": 0.001, ""muon"": 0, ""optimizer"": ""sgd"", ""out_bias_q"": -1.0, ""out_lr_mult"": 1.0, ""out_w_scale"": 1.0, ""p0"": 0.0, ""preprocess"": ""div255"", ""rule"": ""dfa"", ""seed"": 2, ""shift_step"": 0, ""target_center"": 0, ""target_scale"": 1.0, ""whiten"": 0, ""width"": 300}","{""act"": ""tanh"", ""arch"": ""cnn"", ""batch"": 128, ""batchnorm"": 0, ""calibrate_head"": 0, ""center"": ""none"", ""classes"": 10, ""dataset"": ""mnist"", ""depth"": 3, ""fb_row_norm"": 0, ""fb_scale"": 1.0, ""freeze_bias"": 0, ""freeze_out"": 0, ""head"": ""sigmoid_bce"", ""hid_lr_mult"": 1.0, ""lr"": 0.001, ""muon"": 0, ""optimizer"": ""sgd"", ""out_bias_q"": -1.0, ""out_lr_mult"": 1.0, ""out_w_scale"": 1.0, ""p0"": 0.0, ""preprocess"": ""div255"", ""rule"": ""dfa"", ""shift_step"": 0, ""target_center"": 0, ""target_scale"": 1.0, ""whiten"": 0, ""width"": 300}",1.4413004296802487,0.6209239782497374,260,0.9990542531013488,253.9158514906008
E3_generality,depth6,"{""act"": ""tanh"", ""arch"": ""mlp"", ""batch"": 128, ""batchnorm"": 0, ""calibrate_head"": 0, ""center"": ""none"", ""classes"": 10, ""dataset"": ""mnist"", ""depth"": 6, ""fb_row_norm"": 0, ""fb_scale"": 1.0, ""fb_seed"": 0, ""freeze_bias"": 0, ""freeze_out"": 0, ""head"": ""sigmoid_bce"", ""hid_lr_mult"": 1.0, ""lr"": 0.001, ""muon"": 0, ""optimizer"": ""sgd"", ""out_bias_q"": -1.0, ""out_lr_mult"": 1.0, ""out_w_scale"": 1.0, ""p0"": 0.0, ""preprocess"": ""div255"", ""rule"": ""dfa"", ""seed"": 0, ""shift_step"": 0, ""target_center"": 0, ""target_scale"": 1.0, ""whiten"": 0, ""width"": 300}","{""act"": ""tanh"", ""arch"": ""mlp"", ""batch"": 128, ""batchnorm"": 0, ""calibrate_head"": 0, ""center"": ""none"", ""classes"": 10, ""dataset"": ""mnist"", ""depth"": 6, ""fb_row_norm"": 0, ""fb_scale"": 1.0, ""freeze_bias"": 0, ""freeze_out"": 0, ""head"": ""sigmoid_bce"", ""hid_lr_mult"": 1.0, ""lr"": 0.001, ""muon"": 0, ""optimizer"": ""sgd"", ""out_bias_q"": -1.0, ""out_lr_mult"": 1.0, ""out_w_scale"": 1.0, ""p0"": 0.0, ""preprocess"": ""div255"", ""rule"": ""dfa"", ""shift_step"": 0, ""target_center"": 0, ""target_scale"": 1.0, ""whiten"": 0, ""width"": 300}",1.129141954028307,0.6396189321953919,440,0.999998152256012,4.756650725055453
E3_generality,depth6,"{""act"": ""tanh"", ""arch"": ""mlp"", ""batch"": 128, ""batchnorm"": 0, ""calibrate_head"": 0, ""center"": ""none"", ""classes"": 10, ""dataset"": ""mnist"", ""depth"": 6, ""fb_row_norm"": 0, ""fb_scale"": 1.0, ""fb_seed"": 1, ""freeze_bias"": 0, ""freeze_out"": 0, ""head"": ""sigmoid_bce"", ""hid_lr_mult"": 1.0, ""lr"": 0.001, ""muon"": 0, ""optimizer"": ""sgd"", ""out_bias_q"": -1.0, ""out_lr_mult"": 1.0, ""out_w_scale"": 1.0, ""p0"": 0.0, ""preprocess"": ""div255"", ""rule"": ""dfa"", ""seed"": 1, ""shift_step"": 0, ""target_center"": 0, ""target_scale"": 1.0, ""whiten"": 0, ""width"": 300}","{""act"": ""tanh"", ""arch"": ""mlp"", ""batch"": 128, ""batchnorm"": 0, ""calibrate_head"": 0, ""center"": ""none"", ""classes"": 10, ""dataset"": ""mnist"", ""depth"": 6, ""fb_row_norm"": 0, ""fb_scale"": 1.0, ""freeze_bias"": 0, ""freeze_out"": 0, ""head"": ""sigmoid_bce"", ""hid_lr_mult"": 1.0, ""lr"": 0.001, ""muon"": 0, ""optimizer"": ""sgd"", ""out_bias_q"": -1.0, ""out_lr_mult"": 1.0, ""out_w_scale"": 1.0, ""p0"": 0.0, ""preprocess"": ""div255"", ""rule"": ""dfa"", ""shift_step"": 0, ""target_center"": 0, ""target_scale"": 1.0, ""whiten"": 0, ""width"": 300}",1.321501013696234,0.6281367259248678,440,0.9999972581863404,5.080554369181647
E3_generality,depth6,"{""act"": ""tanh"", ""arch"": ""mlp"", ""batch"": 128, ""batchnorm"": 0, ""calibrate_head"": 0, ""center"": ""none"", ""classes"": 10, ""dataset"": ""mnist"", ""depth"": 6, ""fb_row_norm"": 0, ""fb_scale"": 1.0, ""fb_seed"": 2, ""freeze_bias"": 0, ""freeze_out"": 0, ""head"": ""sigmoid_bce"", ""hid_lr_mult"": 1.0, ""lr"": 0.001, ""muon"": 0, ""optimizer"": ""sgd"", ""out_bias_q"": -1.0, ""out_lr_mult"": 1.0, ""out_w_scale"": 1.0, ""p0"": 0.0, ""preprocess"": ""div255"", ""rule"": ""dfa"", ""seed"": 2, ""shift_step"": 0, ""target_center"": 0, ""target_scale"": 1.0, ""whiten"": 0, ""width"": 300}","{""act"": ""tanh"", ""arch"": ""mlp"", ""batch"": 128, ""batchnorm"": 0, ""calibrate_head"": 0, ""center"": ""none"", ""classes"": 10, ""dataset"": ""mnist"", ""depth"": 6, ""fb_row_norm"": 0, ""fb_scale"": 1.0, ""freeze_bias"": 0, ""freeze_out"": 0, ""head"": ""sigmoid_bce"", ""hid_lr_mult"": 1.0, ""lr"": 0.001, ""muon"": 0, ""optimizer"": ""sgd"", ""out_bias_q"": -1.0, ""out_lr_mult"": 1.0, ""out_w_scale"": 1.0, ""p0"": 0.0, ""preprocess"": ""div255"", ""rule"": ""dfa"", ""shift_step"": 0, ""target_center"": 0, ""target_scale"": 1.0, ""whiten"": 0, ""width"": 300}",1.1365667578587488,0.6065575422077889,410,0.9999919533729552,4.242850672278079
E3_generality,fa,"{""act"": ""tanh"", ""arch"": ""mlp"", ""batch"": 128, ""batchnorm"": 0, ""calibrate_head"": 0, ""center"": ""none"", ""classes"": 10, ""dataset"": ""mnist"", ""depth"": 3, ""fb_row_norm"": 0, ""fb_scale"": 1.0, ""fb_seed"": 0, ""freeze_bias"": 0, ""freeze_out"": 0, ""head"": ""sigmoid_bce"", ""hid_lr_mult"": 1.0, ""lr"": 0.001, ""muon"": 0, ""optimizer"": ""sgd"", ""out_bias_q"": -1.0, ""out_lr_mult"": 1.0, ""out_w_scale"": 1.0, ""p0"": 0.0, ""preprocess"": ""div255"", ""rule"": ""fa"", ""seed"": 0, ""shift_step"": 0, ""target_center"": 0, ""target_scale"": 1.0, ""whiten"": 0, ""width"": 300}","{""act"": ""tanh"", ""arch"": ""mlp"", ""batch"": 128, ""batchnorm"": 0, ""calibrate_head"": 0, ""center"": ""none"", ""classes"": 10, ""dataset"": ""mnist"", ""depth"": 3, ""fb_row_norm"": 0, ""fb_scale"": 1.0, ""freeze_bias"": 0, ""freeze_out"": 0, ""head"": ""sigmoid_bce"", ""hid_lr_mult"": 1.0, ""lr"": 0.001, ""muon"": 0, ""optimizer"": ""sgd"", ""out_bias_q"": -1.0, ""out_lr_mult"": 1.0, ""out_w_scale"": 1.0, ""p0"": 0.0, ""preprocess"": ""div255"", ""rule"": ""fa"", ""shift_step"": 0, ""target_center"": 0, ""target_scale"": 1.0, ""whiten"": 0, ""width"": 300}",1.2554762997291855,0.6305606949374066,400,0.9933845400810242,3.583254239617504
E3_generality,fa,"{""act"": ""tanh"", ""arch"": ""mlp"", ""batch"": 128, ""batchnorm"": 0, ""calibrate_head"": 0, ""center"": ""none"", ""classes"": 10, ""dataset"": ""mnist"", ""depth"": 3, ""fb_row_norm"": 0, ""fb_scale"": 1.0, ""fb_seed"": 1, ""freeze_bias"": 0, ""freeze_out"": 0, ""head"": ""sigmoid_bce"", ""hid_lr_mult"": 1.0, ""lr"": 0.001, ""muon"": 0, ""optimizer"": ""sgd"", ""out_bias_q"": -1.0, ""out_lr_mult"": 1.0, ""out_w_scale"": 1.0, ""p0"": 0.0, ""preprocess"": ""div255"", ""rule"": ""fa"", ""seed"": 1, ""shift_step"": 0, ""target_center"": 0, ""target_scale"": 1.0, ""whiten"": 0, ""width"": 300}","{""act"": ""tanh"", ""arch"": ""mlp"", ""batch"": 128, ""batchnorm"": 0, ""calibrate_head"": 0, ""center"": ""none"", ""classes"": 10, ""dataset"": ""mnist"", ""depth"": 3, ""fb_row_norm"": 0, ""fb_scale"": 1.0, ""freeze_bias"": 0, ""freeze_out"": 0, ""head"": ""sigmoid_bce"", ""hid_lr_mult"": 1.0, ""lr"": 0.001, ""muon"": 0, ""optimizer"": ""sgd"", ""out_bias_q"": -1.0, ""out_lr_mult"": 1.0, ""out_w_scale"": 1.0, ""p0"": 0.0, ""preprocess"": ""div255"", ""rule"": ""fa"", ""shift_step"": 0, ""target_center"": 0, ""target_scale"": 1.0, ""whiten"": 0, ""width"": 300}",1.3468030108886442,0.6452403026501693,360,0.9899535179138184,2.492576705880873
E3_generality,fa,"{""act"": ""tanh"", ""arch"": ""mlp"", ""batch"": 128, ""batchnorm"": 0, ""calibrate_head"": 0, ""center"": ""none"", ""classes"": 10, ""dataset"": ""mnist"", ""depth"": 3, ""fb_row_norm"": 0, ""fb_scale"": 1.0, ""fb_seed"": 2, ""freeze_bias"": 0, ""freeze_out"": 0, ""head"": ""sigmoid_bce"", ""hid_lr_mult"": 1.0, ""lr"": 0.001, ""muon"": 0, ""optimizer"": ""sgd"", ""out_bias_q"": -1.0, ""out_lr_mult"": 1.0, ""out_w_scale"": 1.0, ""p0"": 0.0, ""preprocess"": ""div255"", ""rule"": ""fa"", ""seed"": 2, ""shift_step"": 0, ""target_center"": 0, ""target_scale"": 1.0, ""whiten"": 0, ""width"": 300}","{""act"": ""tanh"", ""arch"": ""mlp"", ""batch"": 128, ""batchnorm"": 0, ""calibrate_head"": 0, ""center"": ""none"", ""classes"": 10, ""dataset"": ""mnist"", ""depth"": 3, ""fb_row_norm"": 0, ""fb_scale"": 1.0, ""freeze_bias"": 0, ""freeze_out"": 0, ""head"": ""sigmoid_bce"", ""hid_lr_mult"": 1.0, ""lr"": 0.001, ""muon"": 0, ""optimizer"": ""sgd"", ""out_bias_q"": -1.0, ""out_lr_mult"": 1.0, ""out_w_scale"": 1.0, ""p0"": 0.0, ""preprocess"": ""div255"", ""rule"": ""fa"", ""shift_step"": 0, ""target_center"": 0, ""target_scale"": 1.0, ""whiten"": 0, ""width"": 300}",1.326842831809666,0.6187161984489938,390,0.9889937043190002,2.621607032757124
E3_generality,fa_depth6,"{""act"": ""tanh"", ""arch"": ""mlp"", ""batch"": 128, ""batchnorm"": 0, ""calibrate_head"": 0, ""center"": ""none"", ""classes"": 10, ""dataset"": ""mnist"", ""depth"": 6, ""fb_row_norm"": 0, ""fb_scale"": 1.0, ""fb_seed"": 0, ""freeze_bias"": 0, ""freeze_out"": 0, ""head"": ""sigmoid_bce"", ""hid_lr_mult"": 1.0, ""lr"": 0.001, ""muon"": 0, ""optimizer"": ""sgd"", ""out_bias_q"": -1.0, ""out_lr_mult"": 1.0, ""out_w_scale"": 1.0, ""p0"": 0.0, ""preprocess"": ""div255"", ""rule"": ""fa"", ""seed"": 0, ""shift_step"": 0, ""target_center"": 0, ""target_scale"": 1.0, ""whiten"": 0, ""width"": 300}","{""act"": ""tanh"", ""arch"": ""mlp"", ""batch"": 128, ""batchnorm"": 0, ""calibrate_head"": 0, ""center"": ""none"", ""classes"": 10, ""dataset"": ""mnist"", ""depth"": 6, ""fb_row_norm"": 0, ""fb_scale"": 1.0, ""freeze_bias"": 0, ""freeze_out"": 0, ""head"": ""sigmoid_bce"", ""hid_lr_mult"": 1.0, ""lr"": 0.001, ""muon"": 0, ""optimizer"": ""sgd"", ""out_bias_q"": -1.0, ""out_lr_mult"": 1.0, ""out_w_scale"": 1.0, ""p0"": 0.0, ""preprocess"": ""div255"", ""rule"": ""fa"", ""shift_step"": 0, ""target_center"": 0, ""target_scale"": 1.0, ""whiten"": 0, ""width"": 300}",1.243146311919651,0.6396189321953919,690,0.9988789558410645,4.674534306979742
E3_generality,fa_depth6,"{""act"": ""tanh"", ""arch"": ""mlp"", ""batch"": 128, ""batchnorm"": 0, ""calibrate_head"": 0, ""center"": ""none"", ""classes"": 10, ""dataset"": ""mnist"", ""depth"": 6, ""fb_row_norm"": 0, ""fb_scale"": 1.0, ""fb_seed"": 1, ""freeze_bias"": 0, ""freeze_out"": 0, ""head"": ""sigmoid_bce"", ""hid_lr_mult"": 1.0, ""lr"": 0.001, ""muon"": 0, ""optimizer"": ""sgd"", ""out_bias_q"": -1.0, ""out_lr_mult"": 1.0, ""out_w_scale"": 1.0, ""p0"": 0.0, ""preprocess"": ""div255"", ""rule"": ""fa"", ""seed"": 1, ""shift_step"": 0, ""target_center"": 0, ""target_scale"": 1.0, ""whiten"": 0, ""width"": 300}","{""act"": ""tanh"", ""arch"": ""mlp"", ""batch"": 128, ""batchnorm"": 0, ""calibrate_head"": 0, ""center"": ""none"", ""classes"": 10, ""dataset"": ""mnist"", ""depth"": 6, ""fb_row_norm"": 0, ""fb_scale"": 1.0, ""freeze_bias"": 0, ""freeze_out"": 0, ""head"": ""sigmoid_bce"", ""hid_lr_mult"": 1.0, ""lr"": 0.001, ""muon"": 0, ""optimizer"": ""sgd"", ""out_bias_q"": -1.0, ""out_lr_mult"": 1.0, ""out_w_scale"": 1.0, ""p0"": 0.0, ""preprocess"": ""div255"", ""rule"": ""fa"", ""shift_step"": 0, ""target_center"": 0, ""target_scale"": 1.0, ""whiten"": 0, ""width"": 300}",1.2649650708532765,0.6281367259248678,550,0.9978470802307128,2.840458949951207
E3_generality,fa_depth6,"{""act"": ""tanh"", ""arch"": ""mlp"", ""batch"": 128, ""batchnorm"": 0, ""calibrate_head"": 0, ""center"": ""none"", ""classes"": 10, ""dataset"": ""mnist"", ""depth"": 6, ""fb_row_norm"": 0, ""fb_scale"": 1.0, ""fb_seed"": 2, ""freeze_bias"": 0, ""freeze_out"": 0, ""head"": ""sigmoid_bce"", ""hid_lr_mult"": 1.0, ""lr"": 0.001, ""muon"": 0, ""optimizer"": ""sgd"", ""out_bias_q"": -1.0, ""out_lr_mult"": 1.0, ""out_w_scale"": 1.0, ""p0"": 0.0, ""preprocess"": ""div255"", ""rule"": ""fa"", ""seed"": 2, ""shift_step"": 0, ""target_center"": 0, ""target_scale"": 1.0, ""whiten"": 0, ""width"": 300}","{""act"": ""tanh"", ""arch"": ""mlp"", ""batch"": 128, ""batchnorm"": 0, ""calibrate_head"": 0, ""center"": ""none"", ""classes"": 10, ""dataset"": ""mnist"", ""depth"": 6, ""fb_row_norm"": 0, ""fb_scale"": 1.0, ""freeze_bias"": 0, ""freeze_out"": 0, ""head"": ""sigmoid_bce"", ""hid_lr_mult"": 1.0, ""lr"": 0.001, ""muon"": 0, ""optimizer"": ""sgd"", ""out_bias_q"": -1.0, ""out_lr_mult"": 1.0, ""out_w_scale"": 1.0, ""p0"": 0.0, ""preprocess"": ""div255"", ""rule"": ""fa"", ""shift_step"": 0, ""target_center"": 0, ""target_scale"": 1.0, ""whiten"": 0, ""width"": 300}",1.1214500438415693,0.6065575422077889,600,0.9968954920768738,2.980906276619948
E3_generality,fashion,"{""act"": ""tanh"", ""arch"": ""mlp"", ""batch"": 128, ""batchnorm"": 0, ""calibrate_head"": 0, ""center"": ""none"", ""classes"": 10, ""dataset"": ""fashion"", ""depth"": 3, ""fb_row_norm"": 0, ""fb_scale"": 1.0, ""fb_seed"": 0, ""freeze_bias"": 0, ""freeze_out"": 0, ""head"": ""sigmoid_bce"", ""hid_lr_mult"": 1.0, ""lr"": 0.001, ""muon"": 0, ""optimizer"": ""sgd"", ""out_bias_q"": -1.0, ""out_lr_mult"": 1.0, ""out_w_scale"": 1.0, ""p0"": 0.0, ""preprocess"": ""div255"", ""rule"": ""dfa"", ""seed"": 0, ""shift_step"": 0, ""target_center"": 0, ""target_scale"": 1.0, ""whiten"": 0, ""width"": 300}","{""act"": ""tanh"", ""arch"": ""mlp"", ""batch"": 128, ""batchnorm"": 0, ""calibrate_head"": 0, ""center"": ""none"", ""classes"": 10, ""dataset"": ""fashion"", ""depth"": 3, ""fb_row_norm"": 0, ""fb_scale"": 1.0, ""freeze_bias"": 0, ""freeze_out"": 0, ""head"": ""sigmoid_bce"", ""hid_lr_mult"": 1.0, ""lr"": 0.001, ""muon"": 0, ""optimizer"": ""sgd"", ""out_bias_q"": -1.0, ""out_lr_mult"": 1.0, ""out_w_scale"": 1.0, ""p0"": 0.0, ""preprocess"": ""div255"", ""rule"": ""dfa"", ""shift_step"": 0, ""target_center"": 0, ""target_scale"": 1.0, ""whiten"": 0, ""width"": 300}",1.1426114697557244,0.6320379248864862,220,0.998115301132202,4.424520159721675
E3_generality,fashion,"{""act"": ""tanh"", ""arch"": ""mlp"", ""batch"": 128, ""batchnorm"": 0, ""calibrate_head"": 0, ""center"": ""none"", ""classes"": 10, ""dataset"": ""fashion"", ""depth"": 3, ""fb_row_norm"": 0, ""fb_scale"": 1.0, ""fb_seed"": 1, ""freeze_bias"": 0, ""freeze_out"": 0, ""head"": ""sigmoid_bce"", ""hid_lr_mult"": 1.0, ""lr"": 0.001, ""muon"": 0, ""optimizer"": ""sgd"", ""out_bias_q"": -1.0, ""out_lr_mult"": 1.0, ""out_w_scale"": 1.0, ""p0"": 0.0, ""preprocess"": ""div255"", ""rule"": ""dfa"", ""seed"": 1, ""shift_step"": 0, ""target_center"": 0, ""target_scale"": 1.0, ""whiten"": 0, ""width"": 300}","{""act"": ""tanh"", ""arch"": ""mlp"", ""batch"": 128, ""batchnorm"": 0, ""calibrate_head"": 0, ""center"": ""none"", ""classes"": 10, ""dataset"": ""fashion"", ""depth"": 3, ""fb_row_norm"": 0, ""fb_scale"": 1.0, ""freeze_bias"": 0, ""freeze_out"": 0, ""head"": ""sigmoid_bce"", ""hid_lr_mult"": 1.0, ""lr"": 0.001, ""muon"": 0, ""optimizer"": ""sgd"", ""out_bias_q"": -1.0, ""out_lr_mult"": 1.0, ""out_w_scale"": 1.0, ""p0"": 0.0, ""preprocess"": ""div255"", ""rule"": ""dfa"", ""shift_step"": 0, ""target_center"": 0, ""target_scale"": 1.0, ""whiten"": 0, ""width"": 300}",1.3588274933664624,0.6501082634755074,260,0.998924195766449,6.357019603084382
E3_generality,fashion,"{""act"": ""tanh"", ""arch"": ""mlp"", ""batch"": 128, ""batchnorm"": 0, ""calibrate_head"": 0, ""center"": ""none"", ""classes"": 10, ""dataset"": ""fashion"", ""depth"": 3, ""fb_row_norm"": 0, ""fb_scale"": 1.0, ""fb_seed"": 2, ""freeze_bias"": 0, ""freeze_out"": 0, ""head"": ""sigmoid_bce"", ""hid_lr_mult"": 1.0, ""lr"": 0.001, ""muon"": 0, ""optimizer"": ""sgd"", ""out_bias_q"": -1.0, ""out_lr_mult"": 1.0, ""out_w_scale"": 1.0, ""p0"": 0.0, ""preprocess"": ""div255"", ""rule"": ""dfa"", ""seed"": 2, ""shift_step"": 0, ""target_center"": 0, ""target_scale"": 1.0, ""whiten"": 0, ""width"": 300}","{""act"": ""tanh"", ""arch"": ""mlp"", ""batch"": 128, ""batchnorm"": 0, ""calibrate_head"": 0, ""center"": ""none"", ""classes"": 10, ""dataset"": ""fashion"", ""depth"": 3, ""fb_row_norm"": 0, ""fb_scale"": 1.0, ""freeze_bias"": 0, ""freeze_out"": 0, ""head"": ""sigmoid_bce"", ""hid_lr_mult"": 1.0, ""lr"": 0.001, ""muon"": 0, ""optimizer"": ""sgd"", ""out_bias_q"": -1.0, ""out_lr_mult"": 1.0, ""out_w_scale"": 1.0, ""p0"": 0.0, ""preprocess"": ""div255"", ""rule"": ""dfa"", ""shift_step"": 0, ""target_center"": 0, ""target_scale"": 1.0, ""whiten"": 0, ""width"": 300}",1.243440515344923,0.617426116316468,220,0.9980315566062928,6.209078135447744
E3_generality,fashion_softmax,"{""act"": ""tanh"", ""arch"": ""mlp"", ""batch"": 128, ""batchnorm"": 0, ""calibrate_head"": 0, ""center"": ""none"", ""classes"": 10, ""dataset"": ""fashion"", ""depth"": 3, ""fb_row_norm"": 0, ""fb_scale"": 1.0, ""fb_seed"": 0, ""freeze_bias"": 0, ""freeze_out"": 0, ""head"": ""softmax_ce"", ""hid_lr_mult"": 1.0, ""lr"": 0.001, ""muon"": 0, ""optimizer"": ""sgd"", ""out_bias_q"": -1.0, ""out_lr_mult"": 1.0, ""out_w_scale"": 1.0, ""p0"": 0.0, ""preprocess"": ""standardize"", ""rule"": ""dfa"", ""seed"": 0, ""shift_step"": 0, ""target_center"": 0, ""target_scale"": 1.0, ""whiten"": 0, ""width"": 300}","{""act"": ""tanh"", ""arch"": ""mlp"", ""batch"": 128, ""batchnorm"": 0, ""calibrate_head"": 0, ""center"": ""none"", ""classes"": 10, ""dataset"": ""fashion"", ""depth"": 3, ""fb_row_norm"": 0, ""fb_scale"": 1.0, ""freeze_bias"": 0, ""freeze_out"": 0, ""head"": ""softmax_ce"", ""hid_lr_mult"": 1.0, ""lr"": 0.001, ""muon"": 0, ""optimizer"": ""sgd"", ""out_bias_q"": -1.0, ""out_lr_mult"": 1.0, ""out_w_scale"": 1.0, ""p0"": 0.0, ""preprocess"": ""standardize"", ""rule"": ""dfa"", ""shift_step"": 0, ""target_center"": 0, ""target_scale"": 1.0, ""whiten"": 0, ""width"": 300}",0.0930202340239648,0.012214551635383684,0,0.251286506652832,0.1035958532098182
E3_generality,fashion_softmax,"{""act"": ""tanh"", ""arch"": ""mlp"", ""batch"": 128, ""batchnorm"": 0, ""calibrate_head"": 0, ""center"": ""none"", ""classes"": 10, ""dataset"": ""fashion"", ""depth"": 3, ""fb_row_norm"": 0, ""fb_scale"": 1.0, ""fb_seed"": 1, ""freeze_bias"": 0, ""freeze_out"": 0, ""head"": ""softmax_ce"", ""hid_lr_mult"": 1.0, ""lr"": 0.001, ""muon"": 0, ""optimizer"": ""sgd"", ""out_bias_q"": -1.0, ""out_lr_mult"": 1.0, ""out_w_scale"": 1.0, ""p0"": 0.0, ""preprocess"": ""standardize"", ""rule"": ""dfa"", ""seed"": 1, ""shift_step"": 0, ""target_center"": 0, ""target_scale"": 1.0, ""whiten"": 0, ""width"": 300}","{""act"": ""tanh"", ""arch"": ""mlp"", ""batch"": 128, ""batchnorm"": 0, ""calibrate_head"": 0, ""center"": ""none"", ""classes"": 10, ""dataset"": ""fashion"", ""depth"": 3, ""fb_row_norm"": 0, ""fb_scale"": 1.0, ""freeze_bias"": 0, ""freeze_out"": 0, ""head"": ""softmax_ce"", ""hid_lr_mult"": 1.0, ""lr"": 0.001, ""muon"": 0, ""optimizer"": ""sgd"", ""out_bias_q"": -1.0, ""out_lr_mult"": 1.0, ""out_w_scale"": 1.0, ""p0"": 0.0, ""preprocess"": ""standardize"", ""rule"": ""dfa"", ""shift_step"": 0, ""target_center"": 0, ""target_scale"": 1.0, ""whiten"": 0, ""width"": 300}",0.14110780131274833,0.019704064066930555,0,0.3001383543014526,0.1595036638439948
E3_generality,fashion_softmax,"{""act"": ""tanh"", ""arch"": ""mlp"", ""batch"": 128, ""batchnorm"": 0, ""calibrate_head"": 0, ""center"": ""none"", ""classes"": 10, ""dataset"": ""fashion"", ""depth"": 3, ""fb_row_norm"": 0, ""fb_scale"": 1.0, ""fb_seed"": 2, ""freeze_bias"": 0, ""freeze_out"": 0, ""head"": ""softmax_ce"", ""hid_lr_mult"": 1.0, ""lr"": 0.001, ""muon"": 0, ""optimizer"": ""sgd"", ""out_bias_q"": -1.0, ""out_lr_mult"": 1.0, ""out_w_scale"": 1.0, ""p0"": 0.0, ""preprocess"": ""standardize"", ""rule"": ""dfa"", ""seed"": 2, ""shift_step"": 0, ""target_center"": 0, ""target_scale"": 1.0, ""whiten"": 0, ""width"": 300}","{""act"": ""tanh"", ""arch"": ""mlp"", ""batch"": 128, ""batchnorm"": 0, ""calibrate_head"": 0, ""center"": ""none"", ""classes"": 10, ""dataset"": ""fashion"", ""depth"": 3, ""fb_row_norm"": 0, ""fb_scale"": 1.0, ""freeze_bias"": 0, ""freeze_out"": 0, ""head"": ""softmax_ce"", ""hid_lr_mult"": 1.0, ""lr"": 0.001, ""muon"": 0, ""optimizer"": ""sgd"", ""out_bias_q"": -1.0, ""out_lr_mult"": 1.0, ""out_w_scale"": 1.0, ""p0"": 0.0, ""preprocess"": ""standardize"", ""rule"": ""dfa"", ""shift_step"": 0, ""target_center"": 0, ""target_scale"": 1.0, ""whiten"": 0, ""width"": 300}",0.10352493357720582,0.006805751063265242,0,0.2775862514972687,0.1959947573849241
E3_generality,gelu,"{""act"": ""gelu"", ""arch"": ""mlp"", ""batch"": 128, ""batchnorm"": 0, ""calibrate_head"": 0, ""center"": ""none"", ""classes"": 10, ""dataset"": ""mnist"", ""depth"": 3, ""fb_row_norm"": 0, ""fb_scale"": 1.0, ""fb_seed"": 0, ""freeze_bias"": 0, ""freeze_out"": 0, ""head"": ""sigmoid_bce"", ""hid_lr_mult"": 1.0, ""lr"": 0.001, ""muon"": 0, ""optimizer"": ""sgd"", ""out_bias_q"": -1.0, ""out_lr_mult"": 1.0, ""out_w_scale"": 1.0, ""p0"": 0.0, ""preprocess"": ""div255"", ""rule"": ""dfa"", ""seed"": 0, ""shift_step"": 0, ""target_center"": 0, ""target_scale"": 1.0, ""whiten"": 0, ""width"": 300}","{""act"": ""gelu"", ""arch"": ""mlp"", ""batch"": 128, ""batchnorm"": 0, ""calibrate_head"": 0, ""center"": ""none"", ""classes"": 10, ""dataset"": ""mnist"", ""depth"": 3, ""fb_row_norm"": 0, ""fb_scale"": 1.0, ""freeze_bias"": 0, ""freeze_out"": 0, ""head"": ""sigmoid_bce"", ""hid_lr_mult"": 1.0, ""lr"": 0.001, ""muon"": 0, ""optimizer"": ""sgd"", ""out_bias_q"": -1.0, ""out_lr_mult"": 1.0, ""out_w_scale"": 1.0, ""p0"": 0.0, ""preprocess"": ""div255"", ""rule"": ""dfa"", ""shift_step"": 0, ""target_center"": 0, ""target_scale"": 1.0, ""whiten"": 0, ""width"": 300}",1.3386258351796825,0.6391881886057184,350,0.9984811544418336,1.9798333572046949
E3_generality,gelu,"{""act"": ""gelu"", ""arch"": ""mlp"", ""batch"": 128, ""batchnorm"": 0, ""calibrate_head"": 0, ""center"": ""none"", ""classes"": 10, ""dataset"": ""mnist"", ""depth"": 3, ""fb_row_norm"": 0, ""fb_scale"": 1.0, ""fb_seed"": 1, ""freeze_bias"": 0, ""freeze_out"": 0, ""head"": ""sigmoid_bce"", ""hid_lr_mult"": 1.0, ""lr"": 0.001, ""muon"": 0, ""optimizer"": ""sgd"", ""out_bias_q"": -1.0, ""out_lr_mult"": 1.0, ""out_w_scale"": 1.0, ""p0"": 0.0, ""preprocess"": ""div255"", ""rule"": ""dfa"", ""seed"": 1, ""shift_step"": 0, ""target_center"": 0, ""target_scale"": 1.0, ""whiten"": 0, ""width"": 300}","{""act"": ""gelu"", ""arch"": ""mlp"", ""batch"": 128, ""batchnorm"": 0, ""calibrate_head"": 0, ""center"": ""none"", ""classes"": 10, ""dataset"": ""mnist"", ""depth"": 3, ""fb_row_norm"": 0, ""fb_scale"": 1.0, ""freeze_bias"": 0, ""freeze_out"": 0, ""head"": ""sigmoid_bce"", ""hid_lr_mult"": 1.0, ""lr"": 0.001, ""muon"": 0, ""optimizer"": ""sgd"", ""out_bias_q"": -1.0, ""out_lr_mult"": 1.0, ""out_w_scale"": 1.0, ""p0"": 0.0, ""preprocess"": ""div255"", ""rule"": ""dfa"", ""shift_step"": 0, ""target_center"": 0, ""target_scale"": 1.0, ""whiten"": 0, ""width"": 300}",1.3676742333627283,0.648341712136641,360,0.9989721775054932,2.422513008854829
E3_generality,gelu,"{""act"": ""gelu"", ""arch"": ""mlp"", ""batch"": 128, ""batchnorm"": 0, ""calibrate_head"": 0, ""center"": ""none"", ""classes"": 10, ""dataset"": ""mnist"", ""depth"": 3, ""fb_row_norm"": 0, ""fb_scale"": 1.0, ""fb_seed"": 2, ""freeze_bias"": 0, ""freeze_out"": 0, ""head"": ""sigmoid_bce"", ""hid_lr_mult"": 1.0, ""lr"": 0.001, ""muon"": 0, ""optimizer"": ""sgd"", ""out_bias_q"": -1.0, ""out_lr_mult"": 1.0, ""out_w_scale"": 1.0, ""p0"": 0.0, ""preprocess"": ""div255"", ""rule"": ""dfa"", ""seed"": 2, ""shift_step"": 0, ""target_center"": 0, ""target_scale"": 1.0, ""whiten"": 0, ""width"": 300}","{""act"": ""gelu"", ""arch"": ""mlp"", ""batch"": 128, ""batchnorm"": 0, ""calibrate_head"": 0, ""center"": ""none"", ""classes"": 10, ""dataset"": ""mnist"", ""depth"": 3, ""fb_row_norm"": 0, ""fb_scale"": 1.0, ""freeze_bias"": 0, ""freeze_out"": 0, ""head"": ""sigmoid_bce"", ""hid_lr_mult"": 1.0, ""lr"": 0.001, ""muon"": 0, ""optimizer"": ""sgd"", ""out_bias_q"": -1.0, ""out_lr_mult"": 1.0, ""out_w_scale"": 1.0, ""p0"": 0.0, ""preprocess"": ""div255"", ""rule"": ""dfa"", ""shift_step"": 0, ""target_center"": 0, ""target_scale"": 1.0, ""whiten"": 0, ""width"": 300}",1.3200419915930017,0.6396623124579685,260,0.9976304769515992,1.7038383482358723
E3_generality,linear,"{""act"": ""linear"", ""arch"": ""mlp"", ""batch"": 128, ""batchnorm"": 0, ""calibrate_head"": 0, ""center"": ""none"", ""classes"": 10, ""dataset"": ""mnist"", ""depth"": 3, ""fb_row_norm"": 0, ""fb_scale"": 1.0, ""fb_seed"": 0, ""freeze_bias"": 0, ""freeze_out"": 0, ""head"": ""sigmoid_bce"", ""hid_lr_mult"": 1.0, ""lr"": 0.001, ""muon"": 0, ""optimizer"": ""sgd"", ""out_bias_q"": -1.0, ""out_lr_mult"": 1.0, ""out_w_scale"": 1.0, ""p0"": 0.0, ""preprocess"": ""div255"", ""rule"": ""dfa"", ""seed"": 0, ""shift_step"": 0, ""target_center"": 0, ""target_scale"": 1.0, ""whiten"": 0, ""width"": 300}","{""act"": ""linear"", ""arch"": ""mlp"", ""batch"": 128, ""batchnorm"": 0, ""calibrate_head"": 0, ""center"": ""none"", ""classes"": 10, ""dataset"": ""mnist"", ""depth"": 3, ""fb_row_norm"": 0, ""fb_scale"": 1.0, ""freeze_bias"": 0, ""freeze_out"": 0, ""head"": ""sigmoid_bce"", ""hid_lr_mult"": 1.0, ""lr"": 0.001, ""muon"": 0, ""optimizer"": ""sgd"", ""out_bias_q"": -1.0, ""out_lr_mult"": 1.0, ""out_w_scale"": 1.0, ""p0"": 0.0, ""preprocess"": ""div255"", ""rule"": ""dfa"", ""shift_step"": 0, ""target_center"": 0, ""target_scale"": 1.0, ""whiten"": 0, ""width"": 300}",1.1918032367447855,0.6177277582905438,190,0.9952067136764526,1.9202680150931852
E3_generality,linear,"{""act"": ""linear"", ""arch"": ""mlp"", ""batch"": 128, ""batchnorm"": 0, ""calibrate_head"": 0, ""center"": ""none"", ""classes"": 10, ""dataset"": ""mnist"", ""depth"": 3, ""fb_row_norm"": 0, ""fb_scale"": 1.0, ""fb_seed"": 1, ""freeze_bias"": 0, ""freeze_out"": 0, ""head"": ""sigmoid_bce"", ""hid_lr_mult"": 1.0, ""lr"": 0.001, ""muon"": 0, ""optimizer"": ""sgd"", ""out_bias_q"": -1.0, ""out_lr_mult"": 1.0, ""out_w_scale"": 1.0, ""p0"": 0.0, ""preprocess"": ""div255"", ""rule"": ""dfa"", ""seed"": 1, ""shift_step"": 0, ""target_center"": 0, ""target_scale"": 1.0, ""whiten"": 0, ""width"": 300}","{""act"": ""linear"", ""arch"": ""mlp"", ""batch"": 128, ""batchnorm"": 0, ""calibrate_head"": 0, ""center"": ""none"", ""classes"": 10, ""dataset"": ""mnist"", ""depth"": 3, ""fb_row_norm"": 0, ""fb_scale"": 1.0, ""freeze_bias"": 0, ""freeze_out"": 0, ""head"": ""sigmoid_bce"", ""hid_lr_mult"": 1.0, ""lr"": 0.001, ""muon"": 0, ""optimizer"": ""sgd"", ""out_bias_q"": -1.0, ""out_lr_mult"": 1.0, ""out_w_scale"": 1.0, ""p0"": 0.0, ""preprocess"": ""div255"", ""rule"": ""dfa"", ""shift_step"": 0, ""target_center"": 0, ""target_scale"": 1.0, ""whiten"": 0, ""width"": 300}",1.3709382094220262,0.6437956884032766,200,0.996029019355774,2.4963386341825795
E3_generality,linear,"{""act"": ""linear"", ""arch"": ""mlp"", ""batch"": 128, ""batchnorm"": 0, ""calibrate_head"": 0, ""center"": ""none"", ""classes"": 10, ""dataset"": ""mnist"", ""depth"": 3, ""fb_row_norm"": 0, ""fb_scale"": 1.0, ""fb_seed"": 2, ""freeze_bias"": 0, ""freeze_out"": 0, ""head"": ""sigmoid_bce"", ""hid_lr_mult"": 1.0, ""lr"": 0.001, ""muon"": 0, ""optimizer"": ""sgd"", ""out_bias_q"": -1.0, ""out_lr_mult"": 1.0, ""out_w_scale"": 1.0, ""p0"": 0.0, ""preprocess"": ""div255"", ""rule"": ""dfa"", ""seed"": 2, ""shift_step"": 0, ""target_center"": 0, ""target_scale"": 1.0, ""whiten"": 0, ""width"": 300}","{""act"": ""linear"", ""arch"": ""mlp"", ""batch"": 128, ""batchnorm"": 0, ""calibrate_head"": 0, ""center"": ""none"", ""classes"": 10, ""dataset"": ""mnist"", ""depth"": 3, ""fb_row_norm"": 0, ""fb_scale"": 1.0, ""freeze_bias"": 0, ""freeze_out"": 0, ""head"": ""sigmoid_bce"", ""hid_lr_mult"": 1.0, ""lr"": 0.001, ""muon"": 0, ""optimizer"": ""sgd"", ""out_bias_q"": -1.0, ""out_lr_mult"": 1.0, ""out_w_scale"": 1.0, ""p0"": 0.0, ""preprocess"": ""div255"", ""rule"": ""dfa"", ""shift_step"": 0, ""target_center"": 0, ""target_scale"": 1.0, ""whiten"": 0, ""width"": 300}",1.0799043160630422,0.6120632476130886,140,0.9892637729644777,1.7563449733486096
E3_generality,mse_s1,"{""act"": ""tanh"", ""arch"": ""mlp"", ""batch"": 128, ""batchnorm"": 0, ""calibrate_head"": 0, ""center"": ""none"", ""classes"": 10, ""dataset"": ""mnist"", ""depth"": 3, ""fb_row_norm"": 0, ""fb_scale"": 1.0, ""fb_seed"": 0, ""freeze_bias"": 0, ""freeze_out"": 0, ""head"": ""mse"", ""hid_lr_mult"": 1.0, ""lr"": 0.001, ""muon"": 0, ""optimizer"": ""sgd"", ""out_bias_q"": -1.0, ""out_lr_mult"": 1.0, ""out_w_scale"": 1.0, ""p0"": 0.0, ""preprocess"": ""div255"", ""rule"": ""dfa"", ""seed"": 0, ""shift_step"": 0, ""target_center"": 0, ""target_scale"": 1.0, ""whiten"": 0, ""width"": 300}","{""act"": ""tanh"", ""arch"": ""mlp"", ""batch"": 128, ""batchnorm"": 0, ""calibrate_head"": 0, ""center"": ""none"", ""classes"": 10, ""dataset"": ""mnist"", ""depth"": 3, ""fb_row_norm"": 0, ""fb_scale"": 1.0, ""freeze_bias"": 0, ""freeze_out"": 0, ""head"": ""mse"", ""hid_lr_mult"": 1.0, ""lr"": 0.001, ""muon"": 0, ""optimizer"": ""sgd"", ""out_bias_q"": -1.0, ""out_lr_mult"": 1.0, ""out_w_scale"": 1.0, ""p0"": 0.0, ""preprocess"": ""div255"", ""rule"": ""dfa"", ""shift_step"": 0, ""target_center"": 0, ""target_scale"": 1.0, ""whiten"": 0, ""width"": 300}",0.2415490739421368,0.13351102444746696,200,0.9946002960205078,1.6998289633550503
E3_generality,mse_s1,"{""act"": ""tanh"", ""arch"": ""mlp"", ""batch"": 128, ""batchnorm"": 0, ""calibrate_head"": 0, ""center"": ""none"", ""classes"": 10, ""dataset"": ""mnist"", ""depth"": 3, ""fb_row_norm"": 0, ""fb_scale"": 1.0, ""fb_seed"": 1, ""freeze_bias"": 0, ""freeze_out"": 0, ""head"": ""mse"", ""hid_lr_mult"": 1.0, ""lr"": 0.001, ""muon"": 0, ""optimizer"": ""sgd"", ""out_bias_q"": -1.0, ""out_lr_mult"": 1.0, ""out_w_scale"": 1.0, ""p0"": 0.0, ""preprocess"": ""div255"", ""rule"": ""dfa"", ""seed"": 1, ""shift_step"": 0, ""target_center"": 0, ""target_scale"": 1.0, ""whiten"": 0, ""width"": 300}","{""act"": ""tanh"", ""arch"": ""mlp"", ""batch"": 128, ""batchnorm"": 0, ""calibrate_head"": 0, ""center"": ""none"", ""classes"": 10, ""dataset"": ""mnist"", ""depth"": 3, ""fb_row_norm"": 0, ""fb_scale"": 1.0, ""freeze_bias"": 0, ""freeze_out"": 0, ""head"": ""mse"", ""hid_lr_mult"": 1.0, ""lr"": 0.001, ""muon"": 0, ""optimizer"": ""sgd"", ""out_bias_q"": -1.0, ""out_lr_mult"": 1.0, ""out_w_scale"": 1.0, ""p0"": 0.0, ""preprocess"": ""div255"", ""rule"": ""dfa"", ""shift_step"": 0, ""target_center"": 0, ""target_scale"": 1.0, ""whiten"": 0, ""width"": 300}",1.7623759036174689,0.3311012843164847,180,0.997369349002838,1.624567663170883
E3_generality,mse_s1,"{""act"": ""tanh"", ""arch"": ""mlp"", ""batch"": 128, ""batchnorm"": 0, ""calibrate_head"": 0, ""center"": ""none"", ""classes"": 10, ""dataset"": ""mnist"", ""depth"": 3, ""fb_row_norm"": 0, ""fb_scale"": 1.0, ""fb_seed"": 2, ""freeze_bias"": 0, ""freeze_out"": 0, ""head"": ""mse"", ""hid_lr_mult"": 1.0, ""lr"": 0.001, ""muon"": 0, ""optimizer"": ""sgd"", ""out_bias_q"": -1.0, ""out_lr_mult"": 1.0, ""out_w_scale"": 1.0, ""p0"": 0.0, ""preprocess"": ""div255"", ""rule"": ""dfa"", ""seed"": 2, ""shift_step"": 0, ""target_center"": 0, ""target_scale"": 1.0, ""whiten"": 0, ""width"": 300}","{""act"": ""tanh"", ""arch"": ""mlp"", ""batch"": 128, ""batchnorm"": 0, ""calibrate_head"": 0, ""center"": ""none"", ""classes"": 10, ""dataset"": ""mnist"", ""depth"": 3, ""fb_row_norm"": 0, ""fb_scale"": 1.0, ""freeze_bias"": 0, ""freeze_out"": 0, ""head"": ""mse"", ""hid_lr_mult"": 1.0, ""lr"": 0.001, ""muon"": 0, ""optimizer"": ""sgd"", ""out_bias_q"": -1.0, ""out_lr_mult"": 1.0, ""out_w_scale"": 1.0, ""p0"": 0.0, ""preprocess"": ""div255"", ""rule"": ""dfa"", ""shift_step"": 0, ""target_center"": 0, ""target_scale"": 1.0, ""whiten"": 0, ""width"": 300}",0.7225883992198744,0.37386612382080137,230,0.9955237507820128,-0.6386281315737634
E3_generality,mse_s1_ctr,"{""act"": ""tanh"", ""arch"": ""mlp"", ""batch"": 128, ""batchnorm"": 0, ""calibrate_head"": 0, ""center"": ""none"", ""classes"": 10, ""dataset"": ""mnist"", ""depth"": 3, ""fb_row_norm"": 0, ""fb_scale"": 1.0, ""fb_seed"": 0, ""freeze_bias"": 0, ""freeze_out"": 0, ""head"": ""mse"", ""hid_lr_mult"": 1.0, ""lr"": 0.001, ""muon"": 0, ""optimizer"": ""sgd"", ""out_bias_q"": -1.0, ""out_lr_mult"": 1.0, ""out_w_scale"": 1.0, ""p0"": 0.0, ""preprocess"": ""div255"", ""rule"": ""dfa"", ""seed"": 0, ""shift_step"": 0, ""target_center"": 1, ""target_scale"": 1.0, ""whiten"": 0, ""width"": 300}","{""act"": ""tanh"", ""arch"": ""mlp"", ""batch"": 128, ""batchnorm"": 0, ""calibrate_head"": 0, ""center"": ""none"", ""classes"": 10, ""dataset"": ""mnist"", ""depth"": 3, ""fb_row_norm"": 0, ""fb_scale"": 1.0, ""freeze_bias"": 0, ""freeze_out"": 0, ""head"": ""mse"", ""hid_lr_mult"": 1.0, ""lr"": 0.001, ""muon"": 0, ""optimizer"": ""sgd"", ""out_bias_q"": -1.0, ""out_lr_mult"": 1.0, ""out_w_scale"": 1.0, ""p0"": 0.0, ""preprocess"": ""div255"", ""rule"": ""dfa"", ""shift_step"": 0, ""target_center"": 1, ""target_scale"": 1.0, ""whiten"": 0, ""width"": 300}",0.3469706133261267,0.08796463091511017,180,0.9936994314193726,1.7246778998582186
E3_generality,mse_s1_ctr,"{""act"": ""tanh"", ""arch"": ""mlp"", ""batch"": 128, ""batchnorm"": 0, ""calibrate_head"": 0, ""center"": ""none"", ""classes"": 10, ""dataset"": ""mnist"", ""depth"": 3, ""fb_row_norm"": 0, ""fb_scale"": 1.0, ""fb_seed"": 1, ""freeze_bias"": 0, ""freeze_out"": 0, ""head"": ""mse"", ""hid_lr_mult"": 1.0, ""lr"": 0.001, ""muon"": 0, ""optimizer"": ""sgd"", ""out_bias_q"": -1.0, ""out_lr_mult"": 1.0, ""out_w_scale"": 1.0, ""p0"": 0.0, ""preprocess"": ""div255"", ""rule"": ""dfa"", ""seed"": 1, ""shift_step"": 0, ""target_center"": 1, ""target_scale"": 1.0, ""whiten"": 0, ""width"": 300}","{""act"": ""tanh"", ""arch"": ""mlp"", ""batch"": 128, ""batchnorm"": 0, ""calibrate_head"": 0, ""center"": ""none"", ""classes"": 10, ""dataset"": ""mnist"", ""depth"": 3, ""fb_row_norm"": 0, ""fb_scale"": 1.0, ""freeze_bias"": 0, ""freeze_out"": 0, ""head"": ""mse"", ""hid_lr_mult"": 1.0, ""lr"": 0.001, ""muon"": 0, ""optimizer"": ""sgd"", ""out_bias_q"": -1.0, ""out_lr_mult"": 1.0, ""out_w_scale"": 1.0, ""p0"": 0.0, ""preprocess"": ""div255"", ""rule"": ""dfa"", ""shift_step"": 0, ""target_center"": 1, ""target_scale"": 1.0, ""whiten"": 0, ""width"": 300}",1.8685806466149977,0.3465168518833114,210,0.9977738857269288,2.2552403758994983
E3_generality,mse_s1_ctr,"{""act"": ""tanh"", ""arch"": ""mlp"", ""batch"": 128, ""batchnorm"": 0, ""calibrate_head"": 0, ""center"": ""none"", ""classes"": 10, ""dataset"": ""mnist"", ""depth"": 3, ""fb_row_norm"": 0, ""fb_scale"": 1.0, ""fb_seed"": 2, ""freeze_bias"": 0, ""freeze_out"": 0, ""head"": ""mse"", ""hid_lr_mult"": 1.0, ""lr"": 0.001, ""muon"": 0, ""optimizer"": ""sgd"", ""out_bias_q"": -1.0, ""out_lr_mult"": 1.0, ""out_w_scale"": 1.0, ""p0"": 0.0, ""preprocess"": ""div255"", ""rule"": ""dfa"", ""seed"": 2, ""shift_step"": 0, ""target_center"": 1, ""target_scale"": 1.0, ""whiten"": 0, ""width"": 300}","{""act"": ""tanh"", ""arch"": ""mlp"", ""batch"": 128, ""batchnorm"": 0, ""calibrate_head"": 0, ""center"": ""none"", ""classes"": 10, ""dataset"": ""mnist"", ""depth"": 3, ""fb_row_norm"": 0, ""fb_scale"": 1.0, ""freeze_bias"": 0, ""freeze_out"": 0, ""head"": ""mse"", ""hid_lr_mult"": 1.0, ""lr"": 0.001, ""muon"": 0, ""optimizer"": ""sgd"", ""out_bias_q"": -1.0, ""out_lr_mult"": 1.0, ""out_w_scale"": 1.0, ""p0"": 0.0, ""preprocess"": ""div255"", ""rule"": ""dfa"", ""shift_step"": 0, ""target_center"": 1, ""target_scale"": 1.0, ""whiten"": 0, ""width"": 300}",0.7272380032984274,0.3273875417033854,210,0.9948275089263916,-0.913089297236098
E3_generality,mse_s5,"{""act"": ""tanh"", ""arch"": ""mlp"", ""batch"": 128, ""batchnorm"": 0, ""calibrate_head"": 0, ""center"": ""none"", ""classes"": 10, ""dataset"": ""mnist"", ""depth"": 3, ""fb_row_norm"": 0, ""fb_scale"": 1.0, ""fb_seed"": 0, ""freeze_bias"": 0, ""freeze_out"": 0, ""head"": ""mse"", ""hid_lr_mult"": 1.0, ""lr"": 0.001, ""muon"": 0, ""optimizer"": ""sgd"", ""out_bias_q"": -1.0, ""out_lr_mult"": 1.0, ""out_w_scale"": 1.0, ""p0"": 0.0, ""preprocess"": ""div255"", ""rule"": ""dfa"", ""seed"": 0, ""shift_step"": 0, ""target_center"": 0, ""target_scale"": 5.0, ""whiten"": 0, ""width"": 300}","{""act"": ""tanh"", ""arch"": ""mlp"", ""batch"": 128, ""batchnorm"": 0, ""calibrate_head"": 0, ""center"": ""none"", ""classes"": 10, ""dataset"": ""mnist"", ""depth"": 3, ""fb_row_norm"": 0, ""fb_scale"": 1.0, ""freeze_bias"": 0, ""freeze_out"": 0, ""head"": ""mse"", ""hid_lr_mult"": 1.0, ""lr"": 0.001, ""muon"": 0, ""optimizer"": ""sgd"", ""out_bias_q"": -1.0, ""out_lr_mult"": 1.0, ""out_w_scale"": 1.0, ""p0"": 0.0, ""preprocess"": ""div255"", ""rule"": ""dfa"", ""shift_step"": 0, ""target_center"": 0, ""target_scale"": 5.0, ""whiten"": 0, ""width"": 300}",0.26541337233376205,0.10268148490845709,40,0.9789310693740844,1.2428726564700456
E3_generality,mse_s5,"{""act"": ""tanh"", ""arch"": ""mlp"", ""batch"": 128, ""batchnorm"": 0, ""calibrate_head"": 0, ""center"": ""none"", ""classes"": 10, ""dataset"": ""mnist"", ""depth"": 3, ""fb_row_norm"": 0, ""fb_scale"": 1.0, ""fb_seed"": 1, ""freeze_bias"": 0, ""freeze_out"": 0, ""head"": ""mse"", ""hid_lr_mult"": 1.0, ""lr"": 0.001, ""muon"": 0, ""optimizer"": ""sgd"", ""out_bias_q"": -1.0, ""out_lr_mult"": 1.0, ""out_w_scale"": 1.0, ""p0"": 0.0, ""preprocess"": ""div255"", ""rule"": ""dfa"", ""seed"": 1, ""shift_step"": 0, ""target_center"": 0, ""target_scale"": 5.0, ""whiten"": 0, ""width"": 300}","{""act"": ""tanh"", ""arch"": ""mlp"", ""batch"": 128, ""batchnorm"": 0, ""calibrate_head"": 0, ""center"": ""none"", ""classes"": 10, ""dataset"": ""mnist"", ""depth"": 3, ""fb_row_norm"": 0, ""fb_scale"": 1.0, ""freeze_bias"": 0, ""freeze_out"": 0, ""head"": ""mse"", ""hid_lr_mult"": 1.0, ""lr"": 0.001, ""muon"": 0, ""optimizer"": ""sgd"", ""out_bias_q"": -1.0, ""out_lr_mult"": 1.0, ""out_w_scale"": 1.0, ""p0"": 0.0, ""preprocess"": ""div255"", ""rule"": ""dfa"", ""shift_step"": 0, ""target_center"": 0, ""target_scale"": 5.0, ""whiten"": 0, ""width"": 300}",0.39284739555412473,0.09890748487004669,30,0.9850441217422484,2.102118676369733
E3_generality,mse_s5,"{""act"": ""tanh"", ""arch"": ""mlp"", ""batch"": 128, ""batchnorm"": 0, ""calibrate_head"": 0, ""center"": ""none"", ""classes"": 10, ""dataset"": ""mnist"", ""depth"": 3, ""fb_row_norm"": 0, ""fb_scale"": 1.0, ""fb_seed"": 2, ""freeze_bias"": 0, ""freeze_out"": 0, ""head"": ""mse"", ""hid_lr_mult"": 1.0, ""lr"": 0.001, ""muon"": 0, ""optimizer"": ""sgd"", ""out_bias_q"": -1.0, ""out_lr_mult"": 1.0, ""out_w_scale"": 1.0, ""p0"": 0.0, ""preprocess"": ""div255"", ""rule"": ""dfa"", ""seed"": 2, ""shift_step"": 0, ""target_center"": 0, ""target_scale"": 5.0, ""whiten"": 0, ""width"": 300}","{""act"": ""tanh"", ""arch"": ""mlp"", ""batch"": 128, ""batchnorm"": 0, ""calibrate_head"": 0, ""center"": ""none"", ""classes"": 10, ""dataset"": ""mnist"", ""depth"": 3, ""fb_row_norm"": 0, ""fb_scale"": 1.0, ""freeze_bias"": 0, ""freeze_out"": 0, ""head"": ""mse"", ""hid_lr_mult"": 1.0, ""lr"": 0.001, ""muon"": 0, ""optimizer"": ""sgd"", ""out_bias_q"": -1.0, ""out_lr_mult"": 1.0, ""out_w_scale"": 1.0, ""p0"": 0.0, ""preprocess"": ""div255"", ""rule"": ""dfa"", ""shift_step"": 0, ""target_center"": 0, ""target_scale"": 5.0, ""whiten"": 0, ""width"": 300}",0.4292995482261718,0.14721027925919608,30,0.9874711036682128,1.8024383927780965
E3_generality,multilabel,"{""act"": ""tanh"", ""arch"": ""mlp"", ""batch"": 128, ""batchnorm"": 0, ""calibrate_head"": 0, ""center"": ""none"", ""classes"": 10, ""dataset"": ""mnist"", ""depth"": 3, ""extra_bits"": 2, ""fb_row_norm"": 0, ""fb_scale"": 1.0, ""fb_seed"": 0, ""freeze_bias"": 0, ""freeze_out"": 0, ""head"": ""multilabel"", ""hid_lr_mult"": 1.0, ""lr"": 0.001, ""muon"": 0, ""optimizer"": ""sgd"", ""out_bias_q"": -1.0, ""out_lr_mult"": 1.0, ""out_w_scale"": 1.0, ""p0"": 0.0, ""preprocess"": ""div255"", ""rule"": ""dfa"", ""seed"": 0, ""shift_step"": 0, ""target_center"": 0, ""target_scale"": 1.0, ""whiten"": 0, ""width"": 300}","{""act"": ""tanh"", ""arch"": ""mlp"", ""batch"": 128, ""batchnorm"": 0, ""calibrate_head"": 0, ""center"": ""none"", ""classes"": 10, ""dataset"": ""mnist"", ""depth"": 3, ""extra_bits"": 2, ""fb_row_norm"": 0, ""fb_scale"": 1.0, ""freeze_bias"": 0, ""freeze_out"": 0, ""head"": ""multilabel"", ""hid_lr_mult"": 1.0, ""lr"": 0.001, ""muon"": 0, ""optimizer"": ""sgd"", ""out_bias_q"": -1.0, ""out_lr_mult"": 1.0, ""out_w_scale"": 1.0, ""p0"": 0.0, ""preprocess"": ""div255"", ""rule"": ""dfa"", ""shift_step"": 0, ""target_center"": 0, ""target_scale"": 1.0, ""whiten"": 0, ""width"": 300}",1.067935831432956,0.5559460312607672,290,0.9991029500961304,5.784117180203119
E3_generality,multilabel,"{""act"": ""tanh"", ""arch"": ""mlp"", ""batch"": 128, ""batchnorm"": 0, ""calibrate_head"": 0, ""center"": ""none"", ""classes"": 10, ""dataset"": ""mnist"", ""depth"": 3, ""extra_bits"": 2, ""fb_row_norm"": 0, ""fb_scale"": 1.0, ""fb_seed"": 1, ""freeze_bias"": 0, ""freeze_out"": 0, ""head"": ""multilabel"", ""hid_lr_mult"": 1.0, ""lr"": 0.001, ""muon"": 0, ""optimizer"": ""sgd"", ""out_bias_q"": -1.0, ""out_lr_mult"": 1.0, ""out_w_scale"": 1.0, ""p0"": 0.0, ""preprocess"": ""div255"", ""rule"": ""dfa"", ""seed"": 1, ""shift_step"": 0, ""target_center"": 0, ""target_scale"": 1.0, ""whiten"": 0, ""width"": 300}","{""act"": ""tanh"", ""arch"": ""mlp"", ""batch"": 128, ""batchnorm"": 0, ""calibrate_head"": 0, ""center"": ""none"", ""classes"": 10, ""dataset"": ""mnist"", ""depth"": 3, ""extra_bits"": 2, ""fb_row_norm"": 0, ""fb_scale"": 1.0, ""freeze_bias"": 0, ""freeze_out"": 0, ""head"": ""multilabel"", ""hid_lr_mult"": 1.0, ""lr"": 0.001, ""muon"": 0, ""optimizer"": ""sgd"", ""out_bias_q"": -1.0, ""out_lr_mult"": 1.0, ""out_w_scale"": 1.0, ""p0"": 0.0, ""preprocess"": ""div255"", ""rule"": ""dfa"", ""shift_step"": 0, ""target_center"": 0, ""target_scale"": 1.0, ""whiten"": 0, ""width"": 300}",1.0101544233000528,0.5453481788659114,280,0.99895441532135,4.39599274798763
E3_generality,multilabel,"{""act"": ""tanh"", ""arch"": ""mlp"", ""batch"": 128, ""batchnorm"": 0, ""calibrate_head"": 0, ""center"": ""none"", ""classes"": 10, ""dataset"": ""mnist"", ""depth"": 3, ""extra_bits"": 2, ""fb_row_norm"": 0, ""fb_scale"": 1.0, ""fb_seed"": 2, ""freeze_bias"": 0, ""freeze_out"": 0, ""head"": ""multilabel"", ""hid_lr_mult"": 1.0, ""lr"": 0.001, ""muon"": 0, ""optimizer"": ""sgd"", ""out_bias_q"": -1.0, ""out_lr_mult"": 1.0, ""out_w_scale"": 1.0, ""p0"": 0.0, ""preprocess"": ""div255"", ""rule"": ""dfa"", ""seed"": 2, ""shift_step"": 0, ""target_center"": 0, ""target_scale"": 1.0, ""whiten"": 0, ""width"": 300}","{""act"": ""tanh"", ""arch"": ""mlp"", ""batch"": 128, ""batchnorm"": 0, ""calibrate_head"": 0, ""center"": ""none"", ""classes"": 10, ""dataset"": ""mnist"", ""depth"": 3, ""extra_bits"": 2, ""fb_row_norm"": 0, ""fb_scale"": 1.0, ""freeze_bias"": 0, ""freeze_out"": 0, ""head"": ""multilabel"", ""hid_lr_mult"": 1.0, ""lr"": 0.001, ""muon"": 0, ""optimizer"": ""sgd"", ""out_bias_q"": -1.0, ""out_lr_mult"": 1.0, ""out_w_scale"": 1.0, ""p0"": 0.0, ""preprocess"": ""div255"", ""rule"": ""dfa"", ""shift_step"": 0, ""target_center"": 0, ""target_scale"": 1.0, ""whiten"": 0, ""width"": 300}",1.2211142263350285,0.5616341441359438,240,0.9983625411987304,4.600305403726988
E3_generality,relu,"{""act"": ""relu"", ""arch"": ""mlp"", ""batch"": 128, ""batchnorm"": 0, ""calibrate_head"": 0, ""center"": ""none"", ""classes"": 10, ""dataset"": ""mnist"", ""depth"": 3, ""fb_row_norm"": 0, ""fb_scale"": 1.0, ""fb_seed"": 0, ""freeze_bias"": 0, ""freeze_out"": 0, ""head"": ""sigmoid_bce"", ""hid_lr_mult"": 1.0, ""lr"": 0.001, ""muon"": 0, ""optimizer"": ""sgd"", ""out_bias_q"": -1.0, ""out_lr_mult"": 1.0, ""out_w_scale"": 1.0, ""p0"": 0.0, ""preprocess"": ""div255"", ""rule"": ""dfa"", ""seed"": 0, ""shift_step"": 0, ""target_center"": 0, ""target_scale"": 1.0, ""whiten"": 0, ""width"": 300}","{""act"": ""relu"", ""arch"": ""mlp"", ""batch"": 128, ""batchnorm"": 0, ""calibrate_head"": 0, ""center"": ""none"", ""classes"": 10, ""dataset"": ""mnist"", ""depth"": 3, ""fb_row_norm"": 0, ""fb_scale"": 1.0, ""freeze_bias"": 0, ""freeze_out"": 0, ""head"": ""sigmoid_bce"", ""hid_lr_mult"": 1.0, ""lr"": 0.001, ""muon"": 0, ""optimizer"": ""sgd"", ""out_bias_q"": -1.0, ""out_lr_mult"": 1.0, ""out_w_scale"": 1.0, ""p0"": 0.0, ""preprocess"": ""div255"", ""rule"": ""dfa"", ""shift_step"": 0, ""target_center"": 0, ""target_scale"": 1.0, ""whiten"": 0, ""width"": 300}",1.3804967406374486,0.6439005040247837,360,0.999247133731842,1.9606778798185376
E3_generality,relu,"{""act"": ""relu"", ""arch"": ""mlp"", ""batch"": 128, ""batchnorm"": 0, ""calibrate_head"": 0, ""center"": ""none"", ""classes"": 10, ""dataset"": ""mnist"", ""depth"": 3, ""fb_row_norm"": 0, ""fb_scale"": 1.0, ""fb_seed"": 1, ""freeze_bias"": 0, ""freeze_out"": 0, ""head"": ""sigmoid_bce"", ""hid_lr_mult"": 1.0, ""lr"": 0.001, ""muon"": 0, ""optimizer"": ""sgd"", ""out_bias_q"": -1.0, ""out_lr_mult"": 1.0, ""out_w_scale"": 1.0, ""p0"": 0.0, ""preprocess"": ""div255"", ""rule"": ""dfa"", ""seed"": 1, ""shift_step"": 0, ""target_center"": 0, ""target_scale"": 1.0, ""whiten"": 0, ""width"": 300}","{""act"": ""relu"", ""arch"": ""mlp"", ""batch"": 128, ""batchnorm"": 0, ""calibrate_head"": 0, ""center"": ""none"", ""classes"": 10, ""dataset"": ""mnist"", ""depth"": 3, ""fb_row_norm"": 0, ""fb_scale"": 1.0, ""freeze_bias"": 0, ""freeze_out"": 0, ""head"": ""sigmoid_bce"", ""hid_lr_mult"": 1.0, ""lr"": 0.001, ""muon"": 0, ""optimizer"": ""sgd"", ""out_bias_q"": -1.0, ""out_lr_mult"": 1.0, ""out_w_scale"": 1.0, ""p0"": 0.0, ""preprocess"": ""div255"", ""rule"": ""dfa"", ""shift_step"": 0, ""target_center"": 0, ""target_scale"": 1.0, ""whiten"": 0, ""width"": 300}",1.3792452900541154,0.6631719146304078,370,0.9991462230682372,2.000893729236647
E3_generality,relu,"{""act"": ""relu"", ""arch"": ""mlp"", ""batch"": 128, ""batchnorm"": 0, ""calibrate_head"": 0, ""center"": ""none"", ""classes"": 10, ""dataset"": ""mnist"", ""depth"": 3, ""fb_row_norm"": 0, ""fb_scale"": 1.0, ""fb_seed"": 2, ""freeze_bias"": 0, ""freeze_out"": 0, ""head"": ""sigmoid_bce"", ""hid_lr_mult"": 1.0, ""lr"": 0.001, ""muon"": 0, ""optimizer"": ""sgd"", ""out_bias_q"": -1.0, ""out_lr_mult"": 1.0, ""out_w_scale"": 1.0, ""p0"": 0.0, ""preprocess"": ""div255"", ""rule"": ""dfa"", ""seed"": 2, ""shift_step"": 0, ""target_center"": 0, ""target_scale"": 1.0, ""whiten"": 0, ""width"": 300}","{""act"": ""relu"", ""arch"": ""mlp"", ""batch"": 128, ""batchnorm"": 0, ""calibrate_head"": 0, ""center"": ""none"", ""classes"": 10, ""dataset"": ""mnist"", ""depth"": 3, ""fb_row_norm"": 0, ""fb_scale"": 1.0, ""freeze_bias"": 0, ""freeze_out"": 0, ""head"": ""sigmoid_bce"", ""hid_lr_mult"": 1.0, ""lr"": 0.001, ""muon"": 0, ""optimizer"": ""sgd"", ""out_bias_q"": -1.0, ""out_lr_mult"": 1.0, ""out_w_scale"": 1.0, ""p0"": 0.0, ""preprocess"": ""div255"", ""rule"": ""dfa"", ""shift_step"": 0, ""target_center"": 0, ""target_scale"": 1.0, ""whiten"": 0, ""width"": 300}",1.3178199983103325,0.6518913788374249,290,0.9983683824539183,1.5144592258205245
E3_generality,relu_lr3e4,"{""act"": ""relu"", ""arch"": ""mlp"", ""batch"": 128, ""batchnorm"": 0, ""calibrate_head"": 0, ""center"": ""none"", ""classes"": 10, ""dataset"": ""mnist"", ""depth"": 3, ""fb_row_norm"": 0, ""fb_scale"": 1.0, ""fb_seed"": 0, ""freeze_bias"": 0, ""freeze_out"": 0, ""head"": ""sigmoid_bce"", ""hid_lr_mult"": 1.0, ""lr"": 0.0003, ""muon"": 0, ""optimizer"": ""sgd"", ""out_bias_q"": -1.0, ""out_lr_mult"": 1.0, ""out_w_scale"": 1.0, ""p0"": 0.0, ""preprocess"": ""div255"", ""rule"": ""dfa"", ""seed"": 0, ""shift_step"": 0, ""target_center"": 0, ""target_scale"": 1.0, ""whiten"": 0, ""width"": 300}","{""act"": ""relu"", ""arch"": ""mlp"", ""batch"": 128, ""batchnorm"": 0, ""calibrate_head"": 0, ""center"": ""none"", ""classes"": 10, ""dataset"": ""mnist"", ""depth"": 3, ""fb_row_norm"": 0, ""fb_scale"": 1.0, ""freeze_bias"": 0, ""freeze_out"": 0, ""head"": ""sigmoid_bce"", ""hid_lr_mult"": 1.0, ""lr"": 0.0003, ""muon"": 0, ""optimizer"": ""sgd"", ""out_bias_q"": -1.0, ""out_lr_mult"": 1.0, ""out_w_scale"": 1.0, ""p0"": 0.0, ""preprocess"": ""div255"", ""rule"": ""dfa"", ""shift_step"": 0, ""target_center"": 0, ""target_scale"": 1.0, ""whiten"": 0, ""width"": 300}",1.345077612121144,0.6439005040247837,1180,0.9991507530212402,1.9263521381991755
E3_generality,relu_lr3e4,"{""act"": ""relu"", ""arch"": ""mlp"", ""batch"": 128, ""batchnorm"": 0, ""calibrate_head"": 0, ""center"": ""none"", ""classes"": 10, ""dataset"": ""mnist"", ""depth"": 3, ""fb_row_norm"": 0, ""fb_scale"": 1.0, ""fb_seed"": 1, ""freeze_bias"": 0, ""freeze_out"": 0, ""head"": ""sigmoid_bce"", ""hid_lr_mult"": 1.0, ""lr"": 0.0003, ""muon"": 0, ""optimizer"": ""sgd"", ""out_bias_q"": -1.0, ""out_lr_mult"": 1.0, ""out_w_scale"": 1.0, ""p0"": 0.0, ""preprocess"": ""div255"", ""rule"": ""dfa"", ""seed"": 1, ""shift_step"": 0, ""target_center"": 0, ""target_scale"": 1.0, ""whiten"": 0, ""width"": 300}","{""act"": ""relu"", ""arch"": ""mlp"", ""batch"": 128, ""batchnorm"": 0, ""calibrate_head"": 0, ""center"": ""none"", ""classes"": 10, ""dataset"": ""mnist"", ""depth"": 3, ""fb_row_norm"": 0, ""fb_scale"": 1.0, ""freeze_bias"": 0, ""freeze_out"": 0, ""head"": ""sigmoid_bce"", ""hid_lr_mult"": 1.0, ""lr"": 0.0003, ""muon"": 0, ""optimizer"": ""sgd"", ""out_bias_q"": -1.0, ""out_lr_mult"": 1.0, ""out_w_scale"": 1.0, ""p0"": 0.0, ""preprocess"": ""div255"", ""rule"": ""dfa"", ""shift_step"": 0, ""target_center"": 0, ""target_scale"": 1.0, ""whiten"": 0, ""width"": 300}",1.3876492411862917,0.6631719146304078,1180,0.9990591406822203,1.8785552941856496
E3_generality,relu_lr3e4,"{""act"": ""relu"", ""arch"": ""mlp"", ""batch"": 128, ""batchnorm"": 0, ""calibrate_head"": 0, ""center"": ""none"", ""classes"": 10, ""dataset"": ""mnist"", ""depth"": 3, ""fb_row_norm"": 0, ""fb_scale"": 1.0, ""fb_seed"": 2, ""freeze_bias"": 0, ""freeze_out"": 0, ""head"": ""sigmoid_bce"", ""hid_lr_mult"": 1.0, ""lr"": 0.0003, ""muon"": 0, ""optimizer"": ""sgd"", ""out_bias_q"": -1.0, ""out_lr_mult"": 1.0, ""out_w_scale"": 1.0, ""p0"": 0.0, ""preprocess"": ""div255"", ""rule"": ""dfa"", ""seed"": 2, ""shift_step"": 0, ""target_center"": 0, ""target_scale"": 1.0, ""whiten"": 0, ""width"": 300}","{""act"": ""relu"", ""arch"": ""mlp"", ""batch"": 128, ""batchnorm"": 0, ""calibrate_head"": 0, ""center"": ""none"", ""classes"": 10, ""dataset"": ""mnist"", ""depth"": 3, ""fb_row_norm"": 0, ""fb_scale"": 1.0, ""freeze_bias"": 0, ""freeze_out"": 0, ""head"": ""sigmoid_bce"", ""hid_lr_mult"": 1.0, ""lr"": 0.0003, ""muon"": 0, ""optimizer"": ""sgd"", ""out_bias_q"": -1.0, ""out_lr_mult"": 1.0, ""out_w_scale"": 1.0, ""p0"": 0.0, ""preprocess"": ""div255"", ""rule"": ""dfa"", ""shift_step"": 0, ""target_center"": 0, ""target_scale"": 1.0, ""whiten"": 0, ""width"": 300}",1.3633963694792637,0.6518913788374249,930,0.9982327222824096,1.5062141662785855
E3_generality,w900_depth6,"{""act"": ""tanh"", ""arch"": ""mlp"", ""batch"": 128, ""batchnorm"": 0, ""calibrate_head"": 0, ""center"": ""none"", ""classes"": 10, ""dataset"": ""mnist"", ""depth"": 6, ""fb_row_norm"": 0, ""fb_scale"": 1.0, ""fb_seed"": 0, ""freeze_bias"": 0, ""freeze_out"": 0, ""head"": ""sigmoid_bce"", ""hid_lr_mult"": 1.0, ""lr"": 0.001, ""muon"": 0, ""optimizer"": ""sgd"", ""out_bias_q"": -1.0, ""out_lr_mult"": 1.0, ""out_w_scale"": 1.0, ""p0"": 0.0, ""preprocess"": ""div255"", ""rule"": ""dfa"", ""seed"": 0, ""shift_step"": 0, ""target_center"": 0, ""target_scale"": 1.0, ""whiten"": 0, ""width"": 900}","{""act"": ""tanh"", ""arch"": ""mlp"", ""batch"": 128, ""batchnorm"": 0, ""calibrate_head"": 0, ""center"": ""none"", ""classes"": 10, ""dataset"": ""mnist"", ""depth"": 6, ""fb_row_norm"": 0, ""fb_scale"": 1.0, ""freeze_bias"": 0, ""freeze_out"": 0, ""head"": ""sigmoid_bce"", ""hid_lr_mult"": 1.0, ""lr"": 0.001, ""muon"": 0, ""optimizer"": ""sgd"", ""out_bias_q"": -1.0, ""out_lr_mult"": 1.0, ""out_w_scale"": 1.0, ""p0"": 0.0, ""preprocess"": ""div255"", ""rule"": ""dfa"", ""shift_step"": 0, ""target_center"": 0, ""target_scale"": 1.0, ""whiten"": 0, ""width"": 900}",0.909769486811634,0.6150341384562062,170,0.999993085861206,5.442772578143786
E3_generality,w900_depth6,"{""act"": ""tanh"", ""arch"": ""mlp"", ""batch"": 128, ""batchnorm"": 0, ""calibrate_head"": 0, ""center"": ""none"", ""classes"": 10, ""dataset"": ""mnist"", ""depth"": 6, ""fb_row_norm"": 0, ""fb_scale"": 1.0, ""fb_seed"": 1, ""freeze_bias"": 0, ""freeze_out"": 0, ""head"": ""sigmoid_bce"", ""hid_lr_mult"": 1.0, ""lr"": 0.001, ""muon"": 0, ""optimizer"": ""sgd"", ""out_bias_q"": -1.0, ""out_lr_mult"": 1.0, ""out_w_scale"": 1.0, ""p0"": 0.0, ""preprocess"": ""div255"", ""rule"": ""dfa"", ""seed"": 1, ""shift_step"": 0, ""target_center"": 0, ""target_scale"": 1.0, ""whiten"": 0, ""width"": 900}","{""act"": ""tanh"", ""arch"": ""mlp"", ""batch"": 128, ""batchnorm"": 0, ""calibrate_head"": 0, ""center"": ""none"", ""classes"": 10, ""dataset"": ""mnist"", ""depth"": 6, ""fb_row_norm"": 0, ""fb_scale"": 1.0, ""freeze_bias"": 0, ""freeze_out"": 0, ""head"": ""sigmoid_bce"", ""hid_lr_mult"": 1.0, ""lr"": 0.001, ""muon"": 0, ""optimizer"": ""sgd"", ""out_bias_q"": -1.0, ""out_lr_mult"": 1.0, ""out_w_scale"": 1.0, ""p0"": 0.0, ""preprocess"": ""div255"", ""rule"": ""dfa"", ""shift_step"": 0, ""target_center"": 0, ""target_scale"": 1.0, ""whiten"": 0, ""width"": 900}",1.0218905092879753,0.654524348074695,190,0.9999966621398926,5.751834935967227
E3_generality,w900_depth6,"{""act"": ""tanh"", ""arch"": ""mlp"", ""batch"": 128, ""batchnorm"": 0, ""calibrate_head"": 0, ""center"": ""none"", ""classes"": 10, ""dataset"": ""mnist"", ""depth"": 6, ""fb_row_norm"": 0, ""fb_scale"": 1.0, ""fb_seed"": 2, ""freeze_bias"": 0, ""freeze_out"": 0, ""head"": ""sigmoid_bce"", ""hid_lr_mult"": 1.0, ""lr"": 0.001, ""muon"": 0, ""optimizer"": ""sgd"", ""out_bias_q"": -1.0, ""out_lr_mult"": 1.0, ""out_w_scale"": 1.0, ""p0"": 0.0, ""preprocess"": ""div255"", ""rule"": ""dfa"", ""seed"": 2, ""shift_step"": 0, ""target_center"": 0, ""target_scale"": 1.0, ""whiten"": 0, ""width"": 900}","{""act"": ""tanh"", ""arch"": ""mlp"", ""batch"": 128, ""batchnorm"": 0, ""calibrate_head"": 0, ""center"": ""none"", ""classes"": 10, ""dataset"": ""mnist"", ""depth"": 6, ""fb_row_norm"": 0, ""fb_scale"": 1.0, ""freeze_bias"": 0, ""freeze_out"": 0, ""head"": ""sigmoid_bce"", ""hid_lr_mult"": 1.0, ""lr"": 0.001, ""muon"": 0, ""optimizer"": ""sgd"", ""out_bias_q"": -1.0, ""out_lr_mult"": 1.0, ""out_w_scale"": 1.0, ""p0"": 0.0, ""preprocess"": ""div255"", ""rule"": ""dfa"", ""shift_step"": 0, ""target_center"": 0, ""target_scale"": 1.0, ""whiten"": 0, ""width"": 900}",0.8550361462299588,0.6575497978506284,170,0.9999947547912598,5.547723838981733
E1_headline,base,"{""act"": ""tanh"", ""arch"": ""mlp"", ""batch"": 128, ""batchnorm"": 0, ""calibrate_head"": 0, ""center"": ""none"", ""classes"": 10, ""dataset"": ""mnist"", ""depth"": 3, ""fb_row_norm"": 0, ""fb_scale"": 1.0, ""fb_seed"": 0, ""freeze_bias"": 0, ""freeze_out"": 0, ""head"": ""sigmoid_bce"", ""hid_lr_mult"": 1.0, ""lr"": 0.001, ""muon"": 0, ""optimizer"": ""sgd"", ""out_bias_q"": -1.0, ""out_lr_mult"": 1.0, ""out_w_scale"": 1.0, ""p0"": 0.0, ""preprocess"": ""div255"", ""rule"": ""dfa"", ""seed"": 0, ""shift_step"": 0, ""target_center"": 0, ""target_scale"": 1.0, ""whiten"": 0, ""width"": 300}","{""act"": ""tanh"", ""arch"": ""mlp"", ""batch"": 128, ""batchnorm"": 0, ""calibrate_head"": 0, ""center"": ""none"", ""classes"": 10, ""dataset"": ""mnist"", ""depth"": 3, ""fb_row_norm"": 0, ""fb_scale"": 1.0, ""freeze_bias"": 0, ""freeze_out"": 0, ""head"": ""sigmoid_bce"", ""hid_lr_mult"": 1.0, ""lr"": 0.001, ""muon"": 0, ""optimizer"": ""sgd"", ""out_bias_q"": -1.0, ""out_lr_mult"": 1.0, ""out_w_scale"": 1.0, ""p0"": 0.0, ""preprocess"": ""div255"", ""rule"": ""dfa"", ""shift_step"": 0, ""target_center"": 0, ""target_scale"": 1.0, ""whiten"": 0, ""width"": 300}",1.2055869975267264,0.6305606949374066,310,0.9980725646018982,3.676325601922509
E1_headline,base,"{""act"": ""tanh"", ""arch"": ""mlp"", ""batch"": 128, ""batchnorm"": 0, ""calibrate_head"": 0, ""center"": ""none"", ""classes"": 10, ""dataset"": ""mnist"", ""depth"": 3, ""fb_row_norm"": 0, ""fb_scale"": 1.0, ""fb_seed"": 1, ""freeze_bias"": 0, ""freeze_out"": 0, ""head"": ""sigmoid_bce"", ""hid_lr_mult"": 1.0, ""lr"": 0.001, ""muon"": 0, ""optimizer"": ""sgd"", ""out_bias_q"": -1.0, ""out_lr_mult"": 1.0, ""out_w_scale"": 1.0, ""p0"": 0.0, ""preprocess"": ""div255"", ""rule"": ""dfa"", ""seed"": 0, ""shift_step"": 0, ""target_center"": 0, ""target_scale"": 1.0, ""whiten"": 0, ""width"": 300}","{""act"": ""tanh"", ""arch"": ""mlp"", ""batch"": 128, ""batchnorm"": 0, ""calibrate_head"": 0, ""center"": ""none"", ""classes"": 10, ""dataset"": ""mnist"", ""depth"": 3, ""fb_row_norm"": 0, ""fb_scale"": 1.0, ""freeze_bias"": 0, ""freeze_out"": 0, ""head"": ""sigmoid_bce"", ""hid_lr_mult"": 1.0, ""lr"": 0.001, ""muon"": 0, ""optimizer"": ""sgd"", ""out_bias_q"": -1.0, ""out_lr_mult"": 1.0, ""out_w_scale"": 1.0, ""p0"": 0.0, ""preprocess"": ""div255"", ""rule"": ""dfa"", ""shift_step"": 0, ""target_center"": 0, ""target_scale"": 1.0, ""whiten"": 0, ""width"": 300}",1.1961748173029736,0.6305606949374066,330,0.9980950951576232,4.598834566046826
E1_headline,base,"{""act"": ""tanh"", ""arch"": ""mlp"", ""batch"": 128, ""batchnorm"": 0, ""calibrate_head"": 0, ""center"": ""none"", ""classes"": 10, ""dataset"": ""mnist"", ""depth"": 3, ""fb_row_norm"": 0, ""fb_scale"": 1.0, ""fb_seed"": 2, ""freeze_bias"": 0, ""freeze_out"": 0, ""head"": ""sigmoid_bce"", ""hid_lr_mult"": 1.0, ""lr"": 0.001, ""muon"": 0, ""optimizer"": ""sgd"", ""out_bias_q"": -1.0, ""out_lr_mult"": 1.0, ""out_w_scale"": 1.0, ""p0"": 0.0, ""preprocess"": ""div255"", ""rule"": ""dfa"", ""seed"": 0, ""shift_step"": 0, ""target_center"": 0, ""target_scale"": 1.0, ""whiten"": 0, ""width"": 300}","{""act"": ""tanh"", ""arch"": ""mlp"", ""batch"": 128, ""batchnorm"": 0, ""calibrate_head"": 0, ""center"": ""none"", ""classes"": 10, ""dataset"": ""mnist"", ""depth"": 3, ""fb_row_norm"": 0, ""fb_scale"": 1.0, ""freeze_bias"": 0, ""freeze_out"": 0, ""head"": ""sigmoid_bce"", ""hid_lr_mult"": 1.0, ""lr"": 0.001, ""muon"": 0, ""optimizer"": ""sgd"", ""out_bias_q"": -1.0, ""out_lr_mult"": 1.0, ""out_w_scale"": 1.0, ""p0"": 0.0, ""preprocess"": ""div255"", ""rule"": ""dfa"", ""shift_step"": 0, ""target_center"": 0, ""target_scale"": 1.0, ""whiten"": 0, ""width"": 300}",1.2961037075644397,0.6305606949374066,350,0.998391330242157,4.378193973497714
E1_headline,base,"{""act"": ""tanh"", ""arch"": ""mlp"", ""batch"": 128, ""batchnorm"": 0, ""calibrate_head"": 0, ""center"": ""none"", ""classes"": 10, ""dataset"": ""mnist"", ""depth"": 3, ""fb_row_norm"": 0, ""fb_scale"": 1.0, ""fb_seed"": 0, ""freeze_bias"": 0, ""freeze_out"": 0, ""head"": ""sigmoid_bce"", ""hid_lr_mult"": 1.0, ""lr"": 0.001, ""muon"": 0, ""optimizer"": ""sgd"", ""out_bias_q"": -1.0, ""out_lr_mult"": 1.0, ""out_w_scale"": 1.0, ""p0"": 0.0, ""preprocess"": ""div255"", ""rule"": ""dfa"", ""seed"": 1, ""shift_step"": 0, ""target_center"": 0, ""target_scale"": 1.0, ""whiten"": 0, ""width"": 300}","{""act"": ""tanh"", ""arch"": ""mlp"", ""batch"": 128, ""batchnorm"": 0, ""calibrate_head"": 0, ""center"": ""none"", ""classes"": 10, ""dataset"": ""mnist"", ""depth"": 3, ""fb_row_norm"": 0, ""fb_scale"": 1.0, ""freeze_bias"": 0, ""freeze_out"": 0, ""head"": ""sigmoid_bce"", ""hid_lr_mult"": 1.0, ""lr"": 0.001, ""muon"": 0, ""optimizer"": ""sgd"", ""out_bias_q"": -1.0, ""out_lr_mult"": 1.0, ""out_w_scale"": 1.0, ""p0"": 0.0, ""preprocess"": ""div255"", ""rule"": ""dfa"", ""shift_step"": 0, ""target_center"": 0, ""target_scale"": 1.0, ""whiten"": 0, ""width"": 300}",1.4813972107534292,0.6452403026501693,340,0.9989173412322998,5.0144680781523165
E1_headline,base,"{""act"": ""tanh"", ""arch"": ""mlp"", ""batch"": 128, ""batchnorm"": 0, ""calibrate_head"": 0, ""center"": ""none"", ""classes"": 10, ""dataset"": ""mnist"", ""depth"": 3, ""fb_row_norm"": 0, ""fb_scale"": 1.0, ""fb_seed"": 1, ""freeze_bias"": 0, ""freeze_out"": 0, ""head"": ""sigmoid_bce"", ""hid_lr_mult"": 1.0, ""lr"": 0.001, ""muon"": 0, ""optimizer"": ""sgd"", ""out_bias_q"": -1.0, ""out_lr_mult"": 1.0, ""out_w_scale"": 1.0, ""p0"": 0.0, ""preprocess"": ""div255"", ""rule"": ""dfa"", ""seed"": 1, ""shift_step"": 0, ""target_center"": 0, ""target_scale"": 1.0, ""whiten"": 0, ""width"": 300}","{""act"": ""tanh"", ""arch"": ""mlp"", ""batch"": 128, ""batchnorm"": 0, ""calibrate_head"": 0, ""center"": ""none"", ""classes"": 10, ""dataset"": ""mnist"", ""depth"": 3, ""fb_row_norm"": 0, ""fb_scale"": 1.0, ""freeze_bias"": 0, ""freeze_out"": 0, ""head"": ""sigmoid_bce"", ""hid_lr_mult"": 1.0, ""lr"": 0.001, ""muon"": 0, ""optimizer"": ""sgd"", ""out_bias_q"": -1.0, ""out_lr_mult"": 1.0, ""out_w_scale"": 1.0, ""p0"": 0.0, ""preprocess"": ""div255"", ""rule"": ""dfa"", ""shift_step"": 0, ""target_center"": 0, ""target_scale"": 1.0, ""whiten"": 0, ""width"": 300}",1.445871314672747,0.6452403026501693,360,0.9989032745361328,5.577569118587211
E1_headline,base,"{""act"": ""tanh"", ""arch"": ""mlp"", ""batch"": 128, ""batchnorm"": 0, ""calibrate_head"": 0, ""center"": ""none"", ""classes"": 10, ""dataset"": ""mnist"", ""depth"": 3, ""fb_row_norm"": 0, ""fb_scale"": 1.0, ""fb_seed"": 2, ""freeze_bias"": 0, ""freeze_out"": 0, ""head"": ""sigmoid_bce"", ""hid_lr_mult"": 1.0, ""lr"": 0.001, ""muon"": 0, ""optimizer"": ""sgd"", ""out_bias_q"": -1.0, ""out_lr_mult"": 1.0, ""out_w_scale"": 1.0, ""p0"": 0.0, ""preprocess"": ""div255"", ""rule"": ""dfa"", ""seed"": 1, ""shift_step"": 0, ""target_center"": 0, ""target_scale"": 1.0, ""whiten"": 0, ""width"": 300}","{""act"": ""tanh"", ""arch"": ""mlp"", ""batch"": 128, ""batchnorm"": 0, ""calibrate_head"": 0, ""center"": ""none"", ""classes"": 10, ""dataset"": ""mnist"", ""depth"": 3, ""fb_row_norm"": 0, ""fb_scale"": 1.0, ""freeze_bias"": 0, ""freeze_out"": 0, ""head"": ""sigmoid_bce"", ""hid_lr_mult"": 1.0, ""lr"": 0.001, ""muon"": 0, ""optimizer"": ""sgd"", ""out_bias_q"": -1.0, ""out_lr_mult"": 1.0, ""out_w_scale"": 1.0, ""p0"": 0.0, ""preprocess"": ""div255"", ""rule"": ""dfa"", ""shift_step"": 0, ""target_center"": 0, ""target_scale"": 1.0, ""whiten"": 0, ""width"": 300}",1.410257641370428,0.6452403026501693,350,0.9986026287078856,5.418871947727809
E1_headline,base,"{""act"": ""tanh"", ""arch"": ""mlp"", ""batch"": 128, ""batchnorm"": 0, ""calibrate_head"": 0, ""center"": ""none"", ""classes"": 10, ""dataset"": ""mnist"", ""depth"": 3, ""fb_row_norm"": 0, ""fb_scale"": 1.0, ""fb_seed"": 0, ""freeze_bias"": 0, ""freeze_out"": 0, ""head"": ""sigmoid_bce"", ""hid_lr_mult"": 1.0, ""lr"": 0.001, ""muon"": 0, ""optimizer"": ""sgd"", ""out_bias_q"": -1.0, ""out_lr_mult"": 1.0, ""out_w_scale"": 1.0, ""p0"": 0.0, ""preprocess"": ""div255"", ""rule"": ""dfa"", ""seed"": 2, ""shift_step"": 0, ""target_center"": 0, ""target_scale"": 1.0, ""whiten"": 0, ""width"": 300}","{""act"": ""tanh"", ""arch"": ""mlp"", ""batch"": 128, ""batchnorm"": 0, ""calibrate_head"": 0, ""center"": ""none"", ""classes"": 10, ""dataset"": ""mnist"", ""depth"": 3, ""fb_row_norm"": 0, ""fb_scale"": 1.0, ""freeze_bias"": 0, ""freeze_out"": 0, ""head"": ""sigmoid_bce"", ""hid_lr_mult"": 1.0, ""lr"": 0.001, ""muon"": 0, ""optimizer"": ""sgd"", ""out_bias_q"": -1.0, ""out_lr_mult"": 1.0, ""out_w_scale"": 1.0, ""p0"": 0.0, ""preprocess"": ""div255"", ""rule"": ""dfa"", ""shift_step"": 0, ""target_center"": 0, ""target_scale"": 1.0, ""whiten"": 0, ""width"": 300}",1.2900299438705067,0.6187161984489938,350,0.9975038766860962,4.22967016317767
E1_headline,base,"{""act"": ""tanh"", ""arch"": ""mlp"", ""batch"": 128, ""batchnorm"": 0, ""calibrate_head"": 0, ""center"": ""none"", ""classes"": 10, ""dataset"": ""mnist"", ""depth"": 3, ""fb_row_norm"": 0, ""fb_scale"": 1.0, ""fb_seed"": 1, ""freeze_bias"": 0, ""freeze_out"": 0, ""head"": ""sigmoid_bce"", ""hid_lr_mult"": 1.0, ""lr"": 0.001, ""muon"": 0, ""optimizer"": ""sgd"", ""out_bias_q"": -1.0, ""out_lr_mult"": 1.0, ""out_w_scale"": 1.0, ""p0"": 0.0, ""preprocess"": ""div255"", ""rule"": ""dfa"", ""seed"": 2, ""shift_step"": 0, ""target_center"": 0, ""target_scale"": 1.0, ""whiten"": 0, ""width"": 300}","{""act"": ""tanh"", ""arch"": ""mlp"", ""batch"": 128, ""batchnorm"": 0, ""calibrate_head"": 0, ""center"": ""none"", ""classes"": 10, ""dataset"": ""mnist"", ""depth"": 3, ""fb_row_norm"": 0, ""fb_scale"": 1.0, ""freeze_bias"": 0, ""freeze_out"": 0, ""head"": ""sigmoid_bce"", ""hid_lr_mult"": 1.0, ""lr"": 0.001, ""muon"": 0, ""optimizer"": ""sgd"", ""out_bias_q"": -1.0, ""out_lr_mult"": 1.0, ""out_w_scale"": 1.0, ""p0"": 0.0, ""preprocess"": ""div255"", ""rule"": ""dfa"", ""shift_step"": 0, ""target_center"": 0, ""target_scale"": 1.0, ""whiten"": 0, ""width"": 300}",1.3588591946685749,0.6187161984489938,390,0.9990813732147216,4.747278966395653
E1_headline,base,"{""act"": ""tanh"", ""arch"": ""mlp"", ""batch"": 128, ""batchnorm"": 0, ""calibrate_head"": 0, ""center"": ""none"", ""classes"": 10, ""dataset"": ""mnist"", ""depth"": 3, ""fb_row_norm"": 0, ""fb_scale"": 1.0, ""fb_seed"": 2, ""freeze_bias"": 0, ""freeze_out"": 0, ""head"": ""sigmoid_bce"", ""hid_lr_mult"": 1.0, ""lr"": 0.001, ""muon"": 0, ""optimizer"": ""sgd"", ""out_bias_q"": -1.0, ""out_lr_mult"": 1.0, ""out_w_scale"": 1.0, ""p0"": 0.0, ""preprocess"": ""div255"", ""rule"": ""dfa"", ""seed"": 2, ""shift_step"": 0, ""target_center"": 0, ""target_scale"": 1.0, ""whiten"": 0, ""width"": 300}","{""act"": ""tanh"", ""arch"": ""mlp"", ""batch"": 128, ""batchnorm"": 0, ""calibrate_head"": 0, ""center"": ""none"", ""classes"": 10, ""dataset"": ""mnist"", ""depth"": 3, ""fb_row_norm"": 0, ""fb_scale"": 1.0, ""freeze_bias"": 0, ""freeze_out"": 0, ""head"": ""sigmoid_bce"", ""hid_lr_mult"": 1.0, ""lr"": 0.001, ""muon"": 0, ""optimizer"": ""sgd"", ""out_bias_q"": -1.0, ""out_lr_mult"": 1.0, ""out_w_scale"": 1.0, ""p0"": 0.0, ""preprocess"": ""div255"", ""rule"": ""dfa"", ""shift_step"": 0, ""target_center"": 0, ""target_scale"": 1.0, ""whiten"": 0, ""width"": 300}",1.2040565680969142,0.6187161984489938,310,0.9982762932777404,5.0140220285374095
E1_headline,base,"{""act"": ""tanh"", ""arch"": ""mlp"", ""batch"": 128, ""batchnorm"": 0, ""calibrate_head"": 0, ""center"": ""none"", ""classes"": 10, ""dataset"": ""mnist"", ""depth"": 3, ""fb_row_norm"": 0, ""fb_scale"": 1.0, ""fb_seed"": 0, ""freeze_bias"": 0, ""freeze_out"": 0, ""head"": ""sigmoid_bce"", ""hid_lr_mult"": 1.0, ""lr"": 0.001, ""muon"": 0, ""optimizer"": ""sgd"", ""out_bias_q"": -1.0, ""out_lr_mult"": 1.0, ""out_w_scale"": 1.0, ""p0"": 0.0, ""preprocess"": ""div255"", ""rule"": ""dfa"", ""seed"": 3, ""shift_step"": 0, ""target_center"": 0, ""target_scale"": 1.0, ""whiten"": 0, ""width"": 300}","{""act"": ""tanh"", ""arch"": ""mlp"", ""batch"": 128, ""batchnorm"": 0, ""calibrate_head"": 0, ""center"": ""none"", ""classes"": 10, ""dataset"": ""mnist"", ""depth"": 3, ""fb_row_norm"": 0, ""fb_scale"": 1.0, ""freeze_bias"": 0, ""freeze_out"": 0, ""head"": ""sigmoid_bce"", ""hid_lr_mult"": 1.0, ""lr"": 0.001, ""muon"": 0, ""optimizer"": ""sgd"", ""out_bias_q"": -1.0, ""out_lr_mult"": 1.0, ""out_w_scale"": 1.0, ""p0"": 0.0, ""preprocess"": ""div255"", ""rule"": ""dfa"", ""shift_step"": 0, ""target_center"": 0, ""target_scale"": 1.0, ""whiten"": 0, ""width"": 300}",1.1934450827905292,0.5978702893265915,370,0.9984082579612732,4.7349506770960845
E1_headline,base,"{""act"": ""tanh"", ""arch"": ""mlp"", ""batch"": 128, ""batchnorm"": 0, ""calibrate_head"": 0, ""center"": ""none"", ""classes"": 10, ""dataset"": ""mnist"", ""depth"": 3, ""fb_row_norm"": 0, ""fb_scale"": 1.0, ""fb_seed"": 1, ""freeze_bias"": 0, ""freeze_out"": 0, ""head"": ""sigmoid_bce"", ""hid_lr_mult"": 1.0, ""lr"": 0.001, ""muon"": 0, ""optimizer"": ""sgd"", ""out_bias_q"": -1.0, ""out_lr_mult"": 1.0, ""out_w_scale"": 1.0, ""p0"": 0.0, ""preprocess"": ""div255"", ""rule"": ""dfa"", ""seed"": 3, ""shift_step"": 0, ""target_center"": 0, ""target_scale"": 1.0, ""whiten"": 0, ""width"": 300}","{""act"": ""tanh"", ""arch"": ""mlp"", ""batch"": 128, ""batchnorm"": 0, ""calibrate_head"": 0, ""center"": ""none"", ""classes"": 10, ""dataset"": ""mnist"", ""depth"": 3, ""fb_row_norm"": 0, ""fb_scale"": 1.0, ""freeze_bias"": 0, ""freeze_out"": 0, ""head"": ""sigmoid_bce"", ""hid_lr_mult"": 1.0, ""lr"": 0.001, ""muon"": 0, ""optimizer"": ""sgd"", ""out_bias_q"": -1.0, ""out_lr_mult"": 1.0, ""out_w_scale"": 1.0, ""p0"": 0.0, ""preprocess"": ""div255"", ""rule"": ""dfa"", ""shift_step"": 0, ""target_center"": 0, ""target_scale"": 1.0, ""whiten"": 0, ""width"": 300}",1.1434019687699293,0.5978702893265915,340,0.998460590839386,4.452273270996731
E1_headline,base,"{""act"": ""tanh"", ""arch"": ""mlp"", ""batch"": 128, ""batchnorm"": 0, ""calibrate_head"": 0, ""center"": ""none"", ""classes"": 10, ""dataset"": ""mnist"", ""depth"": 3, ""fb_row_norm"": 0, ""fb_scale"": 1.0, ""fb_seed"": 2, ""freeze_bias"": 0, ""freeze_out"": 0, ""head"": ""sigmoid_bce"", ""hid_lr_mult"": 1.0, ""lr"": 0.001, ""muon"": 0, ""optimizer"": ""sgd"", ""out_bias_q"": -1.0, ""out_lr_mult"": 1.0, ""out_w_scale"": 1.0, ""p0"": 0.0, ""preprocess"": ""div255"", ""rule"": ""dfa"", ""seed"": 3, ""shift_step"": 0, ""target_center"": 0, ""target_scale"": 1.0, ""whiten"": 0, ""width"": 300}","{""act"": ""tanh"", ""arch"": ""mlp"", ""batch"": 128, ""batchnorm"": 0, ""calibrate_head"": 0, ""center"": ""none"", ""classes"": 10, ""dataset"": ""mnist"", ""depth"": 3, ""fb_row_norm"": 0, ""fb_scale"": 1.0, ""freeze_bias"": 0, ""freeze_out"": 0, ""head"": ""sigmoid_bce"", ""hid_lr_mult"": 1.0, ""lr"": 0.001, ""muon"": 0, ""optimizer"": ""sgd"", ""out_bias_q"": -1.0, ""out_lr_mult"": 1.0, ""out_w_scale"": 1.0, ""p0"": 0.0, ""preprocess"": ""div255"", ""rule"": ""dfa"", ""shift_step"": 0, ""target_center"": 0, ""target_scale"": 1.0, ""whiten"": 0, ""width"": 300}",1.2922682331680484,0.5978702893265915,330,0.9980003237724304,4.299547982939208
E1_headline,base,"{""act"": ""tanh"", ""arch"": ""mlp"", ""batch"": 128, ""batchnorm"": 0, ""calibrate_head"": 0, ""center"": ""none"", ""classes"": 10, ""dataset"": ""mnist"", ""depth"": 3, ""fb_row_norm"": 0, ""fb_scale"": 1.0, ""fb_seed"": 0, ""freeze_bias"": 0, ""freeze_out"": 0, ""head"": ""sigmoid_bce"", ""hid_lr_mult"": 1.0, ""lr"": 0.001, ""muon"": 0, ""optimizer"": ""sgd"", ""out_bias_q"": -1.0, ""out_lr_mult"": 1.0, ""out_w_scale"": 1.0, ""p0"": 0.0, ""preprocess"": ""div255"", ""rule"": ""dfa"", ""seed"": 4, ""shift_step"": 0, ""target_center"": 0, ""target_scale"": 1.0, ""whiten"": 0, ""width"": 300}","{""act"": ""tanh"", ""arch"": ""mlp"", ""batch"": 128, ""batchnorm"": 0, ""calibrate_head"": 0, ""center"": ""none"", ""classes"": 10, ""dataset"": ""mnist"", ""depth"": 3, ""fb_row_norm"": 0, ""fb_scale"": 1.0, ""freeze_bias"": 0, ""freeze_out"": 0, ""head"": ""sigmoid_bce"", ""hid_lr_mult"": 1.0, ""lr"": 0.001, ""muon"": 0, ""optimizer"": ""sgd"", ""out_bias_q"": -1.0, ""out_lr_mult"": 1.0, ""out_w_scale"": 1.0, ""p0"": 0.0, ""preprocess"": ""div255"", ""rule"": ""dfa"", ""shift_step"": 0, ""target_center"": 0, ""target_scale"": 1.0, ""whiten"": 0, ""width"": 300}",1.2552083310927582,0.642886127466288,350,0.99859619140625,4.545095458251601
E1_headline,base,"{""act"": ""tanh"", ""arch"": ""mlp"", ""batch"": 128, ""batchnorm"": 0, ""calibrate_head"": 0, ""center"": ""none"", ""classes"": 10, ""dataset"": ""mnist"", ""depth"": 3, ""fb_row_norm"": 0, ""fb_scale"": 1.0, ""fb_seed"": 1, ""freeze_bias"": 0, ""freeze_out"": 0, ""head"": ""sigmoid_bce"", ""hid_lr_mult"": 1.0, ""lr"": 0.001, ""muon"": 0, ""optimizer"": ""sgd"", ""out_bias_q"": -1.0, ""out_lr_mult"": 1.0, ""out_w_scale"": 1.0, ""p0"": 0.0, ""preprocess"": ""div255"", ""rule"": ""dfa"", ""seed"": 4, ""shift_step"": 0, ""target_center"": 0, ""target_scale"": 1.0, ""whiten"": 0, ""width"": 300}","{""act"": ""tanh"", ""arch"": ""mlp"", ""batch"": 128, ""batchnorm"": 0, ""calibrate_head"": 0, ""center"": ""none"", ""classes"": 10, ""dataset"": ""mnist"", ""depth"": 3, ""fb_row_norm"": 0, ""fb_scale"": 1.0, ""freeze_bias"": 0, ""freeze_out"": 0, ""head"": ""sigmoid_bce"", ""hid_lr_mult"": 1.0, ""lr"": 0.001, ""muon"": 0, ""optimizer"": ""sgd"", ""out_bias_q"": -1.0, ""out_lr_mult"": 1.0, ""out_w_scale"": 1.0, ""p0"": 0.0, ""preprocess"": ""div255"", ""rule"": ""dfa"", ""shift_step"": 0, ""target_center"": 0, ""target_scale"": 1.0, ""whiten"": 0, ""width"": 300}",1.120286651117031,0.642886127466288,300,0.99744975566864,4.363199290204674
E1_headline,base,"{""act"": ""tanh"", ""arch"": ""mlp"", ""batch"": 128, ""batchnorm"": 0, ""calibrate_head"": 0, ""center"": ""none"", ""classes"": 10, ""dataset"": ""mnist"", ""depth"": 3, ""fb_row_norm"": 0, ""fb_scale"": 1.0, ""fb_seed"": 2, ""freeze_bias"": 0, ""freeze_out"": 0, ""head"": ""sigmoid_bce"", ""hid_lr_mult"": 1.0, ""lr"": 0.001, ""muon"": 0, ""optimizer"": ""sgd"", ""out_bias_q"": -1.0, ""out_lr_mult"": 1.0, ""out_w_scale"": 1.0, ""p0"": 0.0, ""preprocess"": ""div255"", ""rule"": ""dfa"", ""seed"": 4, ""shift_step"": 0, ""target_center"": 0, ""target_scale"": 1.0, ""whiten"": 0, ""width"": 300}","{""act"": ""tanh"", ""arch"": ""mlp"", ""batch"": 128, ""batchnorm"": 0, ""calibrate_head"": 0, ""center"": ""none"", ""classes"": 10, ""dataset"": ""mnist"", ""depth"": 3, ""fb_row_norm"": 0, ""fb_scale"": 1.0, ""freeze_bias"": 0, ""freeze_out"": 0, ""head"": ""sigmoid_bce"", ""hid_lr_mult"": 1.0, ""lr"": 0.001, ""muon"": 0, ""optimizer"": ""sgd"", ""out_bias_q"": -1.0, ""out_lr_mult"": 1.0, ""out_w_scale"": 1.0, ""p0"": 0.0, ""preprocess"": ""div255"", ""rule"": ""dfa"", ""shift_step"": 0, ""target_center"": 0, ""target_scale"": 1.0, ""whiten"": 0, ""width"": 300}",1.2997195443872147,0.642886127466288,320,0.998175859451294,4.373448576319689
E1_headline,fa,"{""act"": ""tanh"", ""arch"": ""mlp"", ""batch"": 128, ""batchnorm"": 0, ""calibrate_head"": 0, ""center"": ""none"", ""classes"": 10, ""dataset"": ""mnist"", ""depth"": 3, ""fb_row_norm"": 0, ""fb_scale"": 1.0, ""fb_seed"": 1, ""freeze_bias"": 0, ""freeze_out"": 0, ""head"": ""sigmoid_bce"", ""hid_lr_mult"": 1.0, ""lr"": 0.001, ""muon"": 0, ""optimizer"": ""sgd"", ""out_bias_q"": -1.0, ""out_lr_mult"": 1.0, ""out_w_scale"": 1.0, ""p0"": 0.0, ""preprocess"": ""div255"", ""rule"": ""fa"", ""seed"": 0, ""shift_step"": 0, ""target_center"": 0, ""target_scale"": 1.0, ""whiten"": 0, ""width"": 300}","{""act"": ""tanh"", ""arch"": ""mlp"", ""batch"": 128, ""batchnorm"": 0, ""calibrate_head"": 0, ""center"": ""none"", ""classes"": 10, ""dataset"": ""mnist"", ""depth"": 3, ""fb_row_norm"": 0, ""fb_scale"": 1.0, ""freeze_bias"": 0, ""freeze_out"": 0, ""head"": ""sigmoid_bce"", ""hid_lr_mult"": 1.0, ""lr"": 0.001, ""muon"": 0, ""optimizer"": ""sgd"", ""out_bias_q"": -1.0, ""out_lr_mult"": 1.0, ""out_w_scale"": 1.0, ""p0"": 0.0, ""preprocess"": ""div255"", ""rule"": ""fa"", ""shift_step"": 0, ""target_center"": 0, ""target_scale"": 1.0, ""whiten"": 0, ""width"": 300}",1.321670944878945,0.6305606949374066,400,0.9918385744094848,3.2171923727835727
E1_headline,fa,"{""act"": ""tanh"", ""arch"": ""mlp"", ""batch"": 128, ""batchnorm"": 0, ""calibrate_head"": 0, ""center"": ""none"", ""classes"": 10, ""dataset"": ""mnist"", ""depth"": 3, ""fb_row_norm"": 0, ""fb_scale"": 1.0, ""fb_seed"": 2, ""freeze_bias"": 0, ""freeze_out"": 0, ""head"": ""sigmoid_bce"", ""hid_lr_mult"": 1.0, ""lr"": 0.001, ""muon"": 0, ""optimizer"": ""sgd"", ""out_bias_q"": -1.0, ""out_lr_mult"": 1.0, ""out_w_scale"": 1.0, ""p0"": 0.0, ""preprocess"": ""div255"", ""rule"": ""fa"", ""seed"": 0, ""shift_step"": 0, ""target_center"": 0, ""target_scale"": 1.0, ""whiten"": 0, ""width"": 300}","{""act"": ""tanh"", ""arch"": ""mlp"", ""batch"": 128, ""batchnorm"": 0, ""calibrate_head"": 0, ""center"": ""none"", ""classes"": 10, ""dataset"": ""mnist"", ""depth"": 3, ""fb_row_norm"": 0, ""fb_scale"": 1.0, ""freeze_bias"": 0, ""freeze_out"": 0, ""head"": ""sigmoid_bce"", ""hid_lr_mult"": 1.0, ""lr"": 0.001, ""muon"": 0, ""optimizer"": ""sgd"", ""out_bias_q"": -1.0, ""out_lr_mult"": 1.0, ""out_w_scale"": 1.0, ""p0"": 0.0, ""preprocess"": ""div255"", ""rule"": ""fa"", ""shift_step"": 0, ""target_center"": 0, ""target_scale"": 1.0, ""whiten"": 0, ""width"": 300}",1.241233604041638,0.6305606949374066,360,0.9880975484848022,3.140328925498659
E1_headline,fa,"{""act"": ""tanh"", ""arch"": ""mlp"", ""batch"": 128, ""batchnorm"": 0, ""calibrate_head"": 0, ""center"": ""none"", ""classes"": 10, ""dataset"": ""mnist"", ""depth"": 3, ""fb_row_norm"": 0, ""fb_scale"": 1.0, ""fb_seed"": 0, ""freeze_bias"": 0, ""freeze_out"": 0, ""head"": ""sigmoid_bce"", ""hid_lr_mult"": 1.0, ""lr"": 0.001, ""muon"": 0, ""optimizer"": ""sgd"", ""out_bias_q"": -1.0, ""out_lr_mult"": 1.0, ""out_w_scale"": 1.0, ""p0"": 0.0, ""preprocess"": ""div255"", ""rule"": ""fa"", ""seed"": 1, ""shift_step"": 0, ""target_center"": 0, ""target_scale"": 1.0, ""whiten"": 0, ""width"": 300}","{""act"": ""tanh"", ""arch"": ""mlp"", ""batch"": 128, ""batchnorm"": 0, ""calibrate_head"": 0, ""center"": ""none"", ""classes"": 10, ""dataset"": ""mnist"", ""depth"": 3, ""fb_row_norm"": 0, ""fb_scale"": 1.0, ""freeze_bias"": 0, ""freeze_out"": 0, ""head"": ""sigmoid_bce"", ""hid_lr_mult"": 1.0, ""lr"": 0.001, ""muon"": 0, ""optimizer"": ""sgd"", ""out_bias_q"": -1.0, ""out_lr_mult"": 1.0, ""out_w_scale"": 1.0, ""p0"": 0.0, ""preprocess"": ""div255"", ""rule"": ""fa"", ""shift_step"": 0, ""target_center"": 0, ""target_scale"": 1.0, ""whiten"": 0, ""width"": 300}",1.3190459916629762,0.6452403026501693,380,0.9923376441001892,2.927470149633102
E1_headline,fa,"{""act"": ""tanh"", ""arch"": ""mlp"", ""batch"": 128, ""batchnorm"": 0, ""calibrate_head"": 0, ""center"": ""none"", ""classes"": 10, ""dataset"": ""mnist"", ""depth"": 3, ""fb_row_norm"": 0, ""fb_scale"": 1.0, ""fb_seed"": 2, ""freeze_bias"": 0, ""freeze_out"": 0, ""head"": ""sigmoid_bce"", ""hid_lr_mult"": 1.0, ""lr"": 0.001, ""muon"": 0, ""optimizer"": ""sgd"", ""out_bias_q"": -1.0, ""out_lr_mult"": 1.0, ""out_w_scale"": 1.0, ""p0"": 0.0, ""preprocess"": ""div255"", ""rule"": ""fa"", ""seed"": 1, ""shift_step"": 0, ""target_center"": 0, ""target_scale"": 1.0, ""whiten"": 0, ""width"": 300}","{""act"": ""tanh"", ""arch"": ""mlp"", ""batch"": 128, ""batchnorm"": 0, ""calibrate_head"": 0, ""center"": ""none"", ""classes"": 10, ""dataset"": ""mnist"", ""depth"": 3, ""fb_row_norm"": 0, ""fb_scale"": 1.0, ""freeze_bias"": 0, ""freeze_out"": 0, ""head"": ""sigmoid_bce"", ""hid_lr_mult"": 1.0, ""lr"": 0.001, ""muon"": 0, ""optimizer"": ""sgd"", ""out_bias_q"": -1.0, ""out_lr_mult"": 1.0, ""out_w_scale"": 1.0, ""p0"": 0.0, ""preprocess"": ""div255"", ""rule"": ""fa"", ""shift_step"": 0, ""target_center"": 0, ""target_scale"": 1.0, ""whiten"": 0, ""width"": 300}",1.376033838286138,0.6452403026501693,420,0.992842137813568,3.906597073944276
E1_headline,fa,"{""act"": ""tanh"", ""arch"": ""mlp"", ""batch"": 128, ""batchnorm"": 0, ""calibrate_head"": 0, ""center"": ""none"", ""classes"": 10, ""dataset"": ""mnist"", ""depth"": 3, ""fb_row_norm"": 0, ""fb_scale"": 1.0, ""fb_seed"": 0, ""freeze_bias"": 0, ""freeze_out"": 0, ""head"": ""sigmoid_bce"", ""hid_lr_mult"": 1.0, ""lr"": 0.001, ""muon"": 0, ""optimizer"": ""sgd"", ""out_bias_q"": -1.0, ""out_lr_mult"": 1.0, ""out_w_scale"": 1.0, ""p0"": 0.0, ""preprocess"": ""div255"", ""rule"": ""fa"", ""seed"": 2, ""shift_step"": 0, ""target_center"": 0, ""target_scale"": 1.0, ""whiten"": 0, ""width"": 300}","{""act"": ""tanh"", ""arch"": ""mlp"", ""batch"": 128, ""batchnorm"": 0, ""calibrate_head"": 0, ""center"": ""none"", ""classes"": 10, ""dataset"": ""mnist"", ""depth"": 3, ""fb_row_norm"": 0, ""fb_scale"": 1.0, ""freeze_bias"": 0, ""freeze_out"": 0, ""head"": ""sigmoid_bce"", ""hid_lr_mult"": 1.0, ""lr"": 0.001, ""muon"": 0, ""optimizer"": ""sgd"", ""out_bias_q"": -1.0, ""out_lr_mult"": 1.0, ""out_w_scale"": 1.0, ""p0"": 0.0, ""preprocess"": ""div255"", ""rule"": ""fa"", ""shift_step"": 0, ""target_center"": 0, ""target_scale"": 1.0, ""whiten"": 0, ""width"": 300}",1.4014140962810664,0.6187161984489938,370,0.9912010431289672,3.4932412022116037
E1_headline,fa,"{""act"": ""tanh"", ""arch"": ""mlp"", ""batch"": 128, ""batchnorm"": 0, ""calibrate_head"": 0, ""center"": ""none"", ""classes"": 10, ""dataset"": ""mnist"", ""depth"": 3, ""fb_row_norm"": 0, ""fb_scale"": 1.0, ""fb_seed"": 1, ""freeze_bias"": 0, ""freeze_out"": 0, ""head"": ""sigmoid_bce"", ""hid_lr_mult"": 1.0, ""lr"": 0.001, ""muon"": 0, ""optimizer"": ""sgd"", ""out_bias_q"": -1.0, ""out_lr_mult"": 1.0, ""out_w_scale"": 1.0, ""p0"": 0.0, ""preprocess"": ""div255"", ""rule"": ""fa"", ""seed"": 2, ""shift_step"": 0, ""target_center"": 0, ""target_scale"": 1.0, ""whiten"": 0, ""width"": 300}","{""act"": ""tanh"", ""arch"": ""mlp"", ""batch"": 128, ""batchnorm"": 0, ""calibrate_head"": 0, ""center"": ""none"", ""classes"": 10, ""dataset"": ""mnist"", ""depth"": 3, ""fb_row_norm"": 0, ""fb_scale"": 1.0, ""freeze_bias"": 0, ""freeze_out"": 0, ""head"": ""sigmoid_bce"", ""hid_lr_mult"": 1.0, ""lr"": 0.001, ""muon"": 0, ""optimizer"": ""sgd"", ""out_bias_q"": -1.0, ""out_lr_mult"": 1.0, ""out_w_scale"": 1.0, ""p0"": 0.0, ""preprocess"": ""div255"", ""rule"": ""fa"", ""shift_step"": 0, ""target_center"": 0, ""target_scale"": 1.0, ""whiten"": 0, ""width"": 300}",1.1317133932002046,0.6187161984489938,360,0.9900658130645752,3.026515016333158
E1_headline,fa,"{""act"": ""tanh"", ""arch"": ""mlp"", ""batch"": 128, ""batchnorm"": 0, ""calibrate_head"": 0, ""center"": ""none"", ""classes"": 10, ""dataset"": ""mnist"", ""depth"": 3, ""fb_row_norm"": 0, ""fb_scale"": 1.0, ""fb_seed"": 0, ""freeze_bias"": 0, ""freeze_out"": 0, ""head"": ""sigmoid_bce"", ""hid_lr_mult"": 1.0, ""lr"": 0.001, ""muon"": 0, ""optimizer"": ""sgd"", ""out_bias_q"": -1.0, ""out_lr_mult"": 1.0, ""out_w_scale"": 1.0, ""p0"": 0.0, ""preprocess"": ""div255"", ""rule"": ""fa"", ""seed"": 3, ""shift_step"": 0, ""target_center"": 0, ""target_scale"": 1.0, ""whiten"": 0, ""width"": 300}","{""act"": ""tanh"", ""arch"": ""mlp"", ""batch"": 128, ""batchnorm"": 0, ""calibrate_head"": 0, ""center"": ""none"", ""classes"": 10, ""dataset"": ""mnist"", ""depth"": 3, ""fb_row_norm"": 0, ""fb_scale"": 1.0, ""freeze_bias"": 0, ""freeze_out"": 0, ""head"": ""sigmoid_bce"", ""hid_lr_mult"": 1.0, ""lr"": 0.001, ""muon"": 0, ""optimizer"": ""sgd"", ""out_bias_q"": -1.0, ""out_lr_mult"": 1.0, ""out_w_scale"": 1.0, ""p0"": 0.0, ""preprocess"": ""div255"", ""rule"": ""fa"", ""shift_step"": 0, ""target_center"": 0, ""target_scale"": 1.0, ""whiten"": 0, ""width"": 300}",1.199102783471218,0.5978702893265915,460,0.9928067922592164,3.2654335311885005
E1_headline,fa,"{""act"": ""tanh"", ""arch"": ""mlp"", ""batch"": 128, ""batchnorm"": 0, ""calibrate_head"": 0, ""center"": ""none"", ""classes"": 10, ""dataset"": ""mnist"", ""depth"": 3, ""fb_row_norm"": 0, ""fb_scale"": 1.0, ""fb_seed"": 1, ""freeze_bias"": 0, ""freeze_out"": 0, ""head"": ""sigmoid_bce"", ""hid_lr_mult"": 1.0, ""lr"": 0.001, ""muon"": 0, ""optimizer"": ""sgd"", ""out_bias_q"": -1.0, ""out_lr_mult"": 1.0, ""out_w_scale"": 1.0, ""p0"": 0.0, ""preprocess"": ""div255"", ""rule"": ""fa"", ""seed"": 3, ""shift_step"": 0, ""target_center"": 0, ""target_scale"": 1.0, ""whiten"": 0, ""width"": 300}","{""act"": ""tanh"", ""arch"": ""mlp"", ""batch"": 128, ""batchnorm"": 0, ""calibrate_head"": 0, ""center"": ""none"", ""classes"": 10, ""dataset"": ""mnist"", ""depth"": 3, ""fb_row_norm"": 0, ""fb_scale"": 1.0, ""freeze_bias"": 0, ""freeze_out"": 0, ""head"": ""sigmoid_bce"", ""hid_lr_mult"": 1.0, ""lr"": 0.001, ""muon"": 0, ""optimizer"": ""sgd"", ""out_bias_q"": -1.0, ""out_lr_mult"": 1.0, ""out_w_scale"": 1.0, ""p0"": 0.0, ""preprocess"": ""div255"", ""rule"": ""fa"", ""shift_step"": 0, ""target_center"": 0, ""target_scale"": 1.0, ""whiten"": 0, ""width"": 300}",1.4649566995789183,0.5978702893265915,440,0.993877112865448,3.8840377209338097
E1_headline,fa,"{""act"": ""tanh"", ""arch"": ""mlp"", ""batch"": 128, ""batchnorm"": 0, ""calibrate_head"": 0, ""center"": ""none"", ""classes"": 10, ""dataset"": ""mnist"", ""depth"": 3, ""fb_row_norm"": 0, ""fb_scale"": 1.0, ""fb_seed"": 2, ""freeze_bias"": 0, ""freeze_out"": 0, ""head"": ""sigmoid_bce"", ""hid_lr_mult"": 1.0, ""lr"": 0.001, ""muon"": 0, ""optimizer"": ""sgd"", ""out_bias_q"": -1.0, ""out_lr_mult"": 1.0, ""out_w_scale"": 1.0, ""p0"": 0.0, ""preprocess"": ""div255"", ""rule"": ""fa"", ""seed"": 3, ""shift_step"": 0, ""target_center"": 0, ""target_scale"": 1.0, ""whiten"": 0, ""width"": 300}","{""act"": ""tanh"", ""arch"": ""mlp"", ""batch"": 128, ""batchnorm"": 0, ""calibrate_head"": 0, ""center"": ""none"", ""classes"": 10, ""dataset"": ""mnist"", ""depth"": 3, ""fb_row_norm"": 0, ""fb_scale"": 1.0, ""freeze_bias"": 0, ""freeze_out"": 0, ""head"": ""sigmoid_bce"", ""hid_lr_mult"": 1.0, ""lr"": 0.001, ""muon"": 0, ""optimizer"": ""sgd"", ""out_bias_q"": -1.0, ""out_lr_mult"": 1.0, ""out_w_scale"": 1.0, ""p0"": 0.0, ""preprocess"": ""div255"", ""rule"": ""fa"", ""shift_step"": 0, ""target_center"": 0, ""target_scale"": 1.0, ""whiten"": 0, ""width"": 300}",1.111233009860272,0.5978702893265915,330,0.9875813722610474,2.3543067499989045
E1_headline,fa,"{""act"": ""tanh"", ""arch"": ""mlp"", ""batch"": 128, ""batchnorm"": 0, ""calibrate_head"": 0, ""center"": ""none"", ""classes"": 10, ""dataset"": ""mnist"", ""depth"": 3, ""fb_row_norm"": 0, ""fb_scale"": 1.0, ""fb_seed"": 0, ""freeze_bias"": 0, ""freeze_out"": 0, ""head"": ""sigmoid_bce"", ""hid_lr_mult"": 1.0, ""lr"": 0.001, ""muon"": 0, ""optimizer"": ""sgd"", ""out_bias_q"": -1.0, ""out_lr_mult"": 1.0, ""out_w_scale"": 1.0, ""p0"": 0.0, ""preprocess"": ""div255"", ""rule"": ""fa"", ""seed"": 4, ""shift_step"": 0, ""target_center"": 0, ""target_scale"": 1.0, ""whiten"": 0, ""width"": 300}","{""act"": ""tanh"", ""arch"": ""mlp"", ""batch"": 128, ""batchnorm"": 0, ""calibrate_head"": 0, ""center"": ""none"", ""classes"": 10, ""dataset"": ""mnist"", ""depth"": 3, ""fb_row_norm"": 0, ""fb_scale"": 1.0, ""freeze_bias"": 0, ""freeze_out"": 0, ""head"": ""sigmoid_bce"", ""hid_lr_mult"": 1.0, ""lr"": 0.001, ""muon"": 0, ""optimizer"": ""sgd"", ""out_bias_q"": -1.0, ""out_lr_mult"": 1.0, ""out_w_scale"": 1.0, ""p0"": 0.0, ""preprocess"": ""div255"", ""rule"": ""fa"", ""shift_step"": 0, ""target_center"": 0, ""target_scale"": 1.0, ""whiten"": 0, ""width"": 300}",1.270164121055772,0.642886127466288,350,0.9902513027191162,2.949645165636612
E1_headline,fa,"{""act"": ""tanh"", ""arch"": ""mlp"", ""batch"": 128, ""batchnorm"": 0, ""calibrate_head"": 0, ""center"": ""none"", ""classes"": 10, ""dataset"": ""mnist"", ""depth"": 3, ""fb_row_norm"": 0, ""fb_scale"": 1.0, ""fb_seed"": 1, ""freeze_bias"": 0, ""freeze_out"": 0, ""head"": ""sigmoid_bce"", ""hid_lr_mult"": 1.0, ""lr"": 0.001, ""muon"": 0, ""optimizer"": ""sgd"", ""out_bias_q"": -1.0, ""out_lr_mult"": 1.0, ""out_w_scale"": 1.0, ""p0"": 0.0, ""preprocess"": ""div255"", ""rule"": ""fa"", ""seed"": 4, ""shift_step"": 0, ""target_center"": 0, ""target_scale"": 1.0, ""whiten"": 0, ""width"": 300}","{""act"": ""tanh"", ""arch"": ""mlp"", ""batch"": 128, ""batchnorm"": 0, ""calibrate_head"": 0, ""center"": ""none"", ""classes"": 10, ""dataset"": ""mnist"", ""depth"": 3, ""fb_row_norm"": 0, ""fb_scale"": 1.0, ""freeze_bias"": 0, ""freeze_out"": 0, ""head"": ""sigmoid_bce"", ""hid_lr_mult"": 1.0, ""lr"": 0.001, ""muon"": 0, ""optimizer"": ""sgd"", ""out_bias_q"": -1.0, ""out_lr_mult"": 1.0, ""out_w_scale"": 1.0, ""p0"": 0.0, ""preprocess"": ""div255"", ""rule"": ""fa"", ""shift_step"": 0, ""target_center"": 0, ""target_scale"": 1.0, ""whiten"": 0, ""width"": 300}",1.2401827632758926,0.642886127466288,390,0.9916293621063232,3.265530033267562
E1_headline,fa,"{""act"": ""tanh"", ""arch"": ""mlp"", ""batch"": 128, ""batchnorm"": 0, ""calibrate_head"": 0, ""center"": ""none"", ""classes"": 10, ""dataset"": ""mnist"", ""depth"": 3, ""fb_row_norm"": 0, ""fb_scale"": 1.0, ""fb_seed"": 2, ""freeze_bias"": 0, ""freeze_out"": 0, ""head"": ""sigmoid_bce"", ""hid_lr_mult"": 1.0, ""lr"": 0.001, ""muon"": 0, ""optimizer"": ""sgd"", ""out_bias_q"": -1.0, ""out_lr_mult"": 1.0, ""out_w_scale"": 1.0, ""p0"": 0.0, ""preprocess"": ""div255"", ""rule"": ""fa"", ""seed"": 4, ""shift_step"": 0, ""target_center"": 0, ""target_scale"": 1.0, ""whiten"": 0, ""width"": 300}","{""act"": ""tanh"", ""arch"": ""mlp"", ""batch"": 128, ""batchnorm"": 0, ""calibrate_head"": 0, ""center"": ""none"", ""classes"": 10, ""dataset"": ""mnist"", ""depth"": 3, ""fb_row_norm"": 0, ""fb_scale"": 1.0, ""freeze_bias"": 0, ""freeze_out"": 0, ""head"": ""sigmoid_bce"", ""hid_lr_mult"": 1.0, ""lr"": 0.001, ""muon"": 0, ""optimizer"": ""sgd"", ""out_bias_q"": -1.0, ""out_lr_mult"": 1.0, ""out_w_scale"": 1.0, ""p0"": 0.0, ""preprocess"": ""div255"", ""rule"": ""fa"", ""shift_step"": 0, ""target_center"": 0, ""target_scale"": 1.0, ""whiten"": 0, ""width"": 300}",1.305131364533792,0.642886127466288,400,0.9916855692863464,3.1297367161422978
E1_headline,softmax,"{""act"": ""tanh"", ""arch"": ""mlp"", ""batch"": 128, ""batchnorm"": 0, ""calibrate_head"": 0, ""center"": ""none"", ""classes"": 10, ""dataset"": ""mnist"", ""depth"": 3, ""fb_row_norm"": 0, ""fb_scale"": 1.0, ""fb_seed"": 0, ""freeze_bias"": 0, ""freeze_out"": 0, ""head"": ""softmax_ce"", ""hid_lr_mult"": 1.0, ""lr"": 0.001, ""muon"": 0, ""optimizer"": ""sgd"", ""out_bias_q"": -1.0, ""out_lr_mult"": 1.0, ""out_w_scale"": 1.0, ""p0"": 0.0, ""preprocess"": ""standardize"", ""rule"": ""dfa"", ""seed"": 0, ""shift_step"": 0, ""target_center"": 0, ""target_scale"": 1.0, ""whiten"": 0, ""width"": 300}","{""act"": ""tanh"", ""arch"": ""mlp"", ""batch"": 128, ""batchnorm"": 0, ""calibrate_head"": 0, ""center"": ""none"", ""classes"": 10, ""dataset"": ""mnist"", ""depth"": 3, ""fb_row_norm"": 0, ""fb_scale"": 1.0, ""freeze_bias"": 0, ""freeze_out"": 0, ""head"": ""softmax_ce"", ""hid_lr_mult"": 1.0, ""lr"": 0.001, ""muon"": 0, ""optimizer"": ""sgd"", ""out_bias_q"": -1.0, ""out_lr_mult"": 1.0, ""out_w_scale"": 1.0, ""p0"": 0.0, ""preprocess"": ""standardize"", ""rule"": ""dfa"", ""shift_step"": 0, ""target_center"": 0, ""target_scale"": 1.0, ""whiten"": 0, ""width"": 300}",0.09369894512280039,0.008944298813262032,0,0.2709206938743591,0.0718519654088676
E1_headline,softmax,"{""act"": ""tanh"", ""arch"": ""mlp"", ""batch"": 128, ""batchnorm"": 0, ""calibrate_head"": 0, ""center"": ""none"", ""classes"": 10, ""dataset"": ""mnist"", ""depth"": 3, ""fb_row_norm"": 0, ""fb_scale"": 1.0, ""fb_seed"": 1, ""freeze_bias"": 0, ""freeze_out"": 0, ""head"": ""softmax_ce"", ""hid_lr_mult"": 1.0, ""lr"": 0.001, ""muon"": 0, ""optimizer"": ""sgd"", ""out_bias_q"": -1.0, ""out_lr_mult"": 1.0, ""out_w_scale"": 1.0, ""p0"": 0.0, ""preprocess"": ""standardize"", ""rule"": ""dfa"", ""seed"": 0, ""shift_step"": 0, ""target_center"": 0, ""target_scale"": 1.0, ""whiten"": 0, ""width"": 300}","{""act"": ""tanh"", ""arch"": ""mlp"", ""batch"": 128, ""batchnorm"": 0, ""calibrate_head"": 0, ""center"": ""none"", ""classes"": 10, ""dataset"": ""mnist"", ""depth"": 3, ""fb_row_norm"": 0, ""fb_scale"": 1.0, ""freeze_bias"": 0, ""freeze_out"": 0, ""head"": ""softmax_ce"", ""hid_lr_mult"": 1.0, ""lr"": 0.001, ""muon"": 0, ""optimizer"": ""sgd"", ""out_bias_q"": -1.0, ""out_lr_mult"": 1.0, ""out_w_scale"": 1.0, ""p0"": 0.0, ""preprocess"": ""standardize"", ""rule"": ""dfa"", ""shift_step"": 0, ""target_center"": 0, ""target_scale"": 1.0, ""whiten"": 0, ""width"": 300}",0.09214920573882145,0.008944298813262032,0,0.248533010482788,-0.0218071602652222
E1_headline,softmax,"{""act"": ""tanh"", ""arch"": ""mlp"", ""batch"": 128, ""batchnorm"": 0, ""calibrate_head"": 0, ""center"": ""none"", ""classes"": 10, ""dataset"": ""mnist"", ""depth"": 3, ""fb_row_norm"": 0, ""fb_scale"": 1.0, ""fb_seed"": 2, ""freeze_bias"": 0, ""freeze_out"": 0, ""head"": ""softmax_ce"", ""hid_lr_mult"": 1.0, ""lr"": 0.001, ""muon"": 0, ""optimizer"": ""sgd"", ""out_bias_q"": -1.0, ""out_lr_mult"": 1.0, ""out_w_scale"": 1.0, ""p0"": 0.0, ""preprocess"": ""standardize"", ""rule"": ""dfa"", ""seed"": 0, ""shift_step"": 0, ""target_center"": 0, ""target_scale"": 1.0, ""whiten"": 0, ""width"": 300}","{""act"": ""tanh"", ""arch"": ""mlp"", ""batch"": 128, ""batchnorm"": 0, ""calibrate_head"": 0, ""center"": ""none"", ""classes"": 10, ""dataset"": ""mnist"", ""depth"": 3, ""fb_row_norm"": 0, ""fb_scale"": 1.0, ""freeze_bias"": 0, ""freeze_out"": 0, ""head"": ""softmax_ce"", ""hid_lr_mult"": 1.0, ""lr"": 0.001, ""muon"": 0, ""optimizer"": ""sgd"", ""out_bias_q"": -1.0, ""out_lr_mult"": 1.0, ""out_w_scale"": 1.0, ""p0"": 0.0, ""preprocess"": ""standardize"", ""rule"": ""dfa"", ""shift_step"": 0, ""target_center"": 0, ""target_scale"": 1.0, ""whiten"": 0, ""width"": 300}",0.08194631821687806,0.008944298813262032,0,0.2486433684825897,0.0631118912372194
E1_headline,softmax,"{""act"": ""tanh"", ""arch"": ""mlp"", ""batch"": 128, ""batchnorm"": 0, ""calibrate_head"": 0, ""center"": ""none"", ""classes"": 10, ""dataset"": ""mnist"", ""depth"": 3, ""fb_row_norm"": 0, ""fb_scale"": 1.0, ""fb_seed"": 0, ""freeze_bias"": 0, ""freeze_out"": 0, ""head"": ""softmax_ce"", ""hid_lr_mult"": 1.0, ""lr"": 0.001, ""muon"": 0, ""optimizer"": ""sgd"", ""out_bias_q"": -1.0, ""out_lr_mult"": 1.0, ""out_w_scale"": 1.0, ""p0"": 0.0, ""preprocess"": ""standardize"", ""rule"": ""dfa"", ""seed"": 1, ""shift_step"": 0, ""target_center"": 0, ""target_scale"": 1.0, ""whiten"": 0, ""width"": 300}","{""act"": ""tanh"", ""arch"": ""mlp"", ""batch"": 128, ""batchnorm"": 0, ""calibrate_head"": 0, ""center"": ""none"", ""classes"": 10, ""dataset"": ""mnist"", ""depth"": 3, ""fb_row_norm"": 0, ""fb_scale"": 1.0, ""freeze_bias"": 0, ""freeze_out"": 0, ""head"": ""softmax_ce"", ""hid_lr_mult"": 1.0, ""lr"": 0.001, ""muon"": 0, ""optimizer"": ""sgd"", ""out_bias_q"": -1.0, ""out_lr_mult"": 1.0, ""out_w_scale"": 1.0, ""p0"": 0.0, ""preprocess"": ""standardize"", ""rule"": ""dfa"", ""shift_step"": 0, ""target_center"": 0, ""target_scale"": 1.0, ""whiten"": 0, ""width"": 300}",0.10074910012931484,0.009004898648280859,0,0.2500573098659515,0.213261025966252
E1_headline,softmax,"{""act"": ""tanh"", ""arch"": ""mlp"", ""batch"": 128, ""batchnorm"": 0, ""calibrate_head"": 0, ""center"": ""none"", ""classes"": 10, ""dataset"": ""mnist"", ""depth"": 3, ""fb_row_norm"": 0, ""fb_scale"": 1.0, ""fb_seed"": 1, ""freeze_bias"": 0, ""freeze_out"": 0, ""head"": ""softmax_ce"", ""hid_lr_mult"": 1.0, ""lr"": 0.001, ""muon"": 0, ""optimizer"": ""sgd"", ""out_bias_q"": -1.0, ""out_lr_mult"": 1.0, ""out_w_scale"": 1.0, ""p0"": 0.0, ""preprocess"": ""standardize"", ""rule"": ""dfa"", ""seed"": 1, ""shift_step"": 0, ""target_center"": 0, ""target_scale"": 1.0, ""whiten"": 0, ""width"": 300}","{""act"": ""tanh"", ""arch"": ""mlp"", ""batch"": 128, ""batchnorm"": 0, ""calibrate_head"": 0, ""center"": ""none"", ""classes"": 10, ""dataset"": ""mnist"", ""depth"": 3, ""fb_row_norm"": 0, ""fb_scale"": 1.0, ""freeze_bias"": 0, ""freeze_out"": 0, ""head"": ""softmax_ce"", ""hid_lr_mult"": 1.0, ""lr"": 0.001, ""muon"": 0, ""optimizer"": ""sgd"", ""out_bias_q"": -1.0, ""out_lr_mult"": 1.0, ""out_w_scale"": 1.0, ""p0"": 0.0, ""preprocess"": ""standardize"", ""rule"": ""dfa"", ""shift_step"": 0, ""target_center"": 0, ""target_scale"": 1.0, ""whiten"": 0, ""width"": 300}",0.10142148713741228,0.009004898648280859,0,0.3001135885715484,0.36930222417804
E1_headline,softmax,"{""act"": ""tanh"", ""arch"": ""mlp"", ""batch"": 128, ""batchnorm"": 0, ""calibrate_head"": 0, ""center"": ""none"", ""classes"": 10, ""dataset"": ""mnist"", ""depth"": 3, ""fb_row_norm"": 0, ""fb_scale"": 1.0, ""fb_seed"": 2, ""freeze_bias"": 0, ""freeze_out"": 0, ""head"": ""softmax_ce"", ""hid_lr_mult"": 1.0, ""lr"": 0.001, ""muon"": 0, ""optimizer"": ""sgd"", ""out_bias_q"": -1.0, ""out_lr_mult"": 1.0, ""out_w_scale"": 1.0, ""p0"": 0.0, ""preprocess"": ""standardize"", ""rule"": ""dfa"", ""seed"": 1, ""shift_step"": 0, ""target_center"": 0, ""target_scale"": 1.0, ""whiten"": 0, ""width"": 300}","{""act"": ""tanh"", ""arch"": ""mlp"", ""batch"": 128, ""batchnorm"": 0, ""calibrate_head"": 0, ""center"": ""none"", ""classes"": 10, ""dataset"": ""mnist"", ""depth"": 3, ""fb_row_norm"": 0, ""fb_scale"": 1.0, ""freeze_bias"": 0, ""freeze_out"": 0, ""head"": ""softmax_ce"", ""hid_lr_mult"": 1.0, ""lr"": 0.001, ""muon"": 0, ""optimizer"": ""sgd"", ""out_bias_q"": -1.0, ""out_lr_mult"": 1.0, ""out_w_scale"": 1.0, ""p0"": 0.0, ""preprocess"": ""standardize"", ""rule"": ""dfa"", ""shift_step"": 0, ""target_center"": 0, ""target_scale"": 1.0, ""whiten"": 0, ""width"": 300}",0.09669762350088205,0.009004898648280859,0,0.2578989863395691,0.1726454885453523
E1_headline,softmax,"{""act"": ""tanh"", ""arch"": ""mlp"", ""batch"": 128, ""batchnorm"": 0, ""calibrate_head"": 0, ""center"": ""none"", ""classes"": 10, ""dataset"": ""mnist"", ""depth"": 3, ""fb_row_norm"": 0, ""fb_scale"": 1.0, ""fb_seed"": 0, ""freeze_bias"": 0, ""freeze_out"": 0, ""head"": ""softmax_ce"", ""hid_lr_mult"": 1.0, ""lr"": 0.001, ""muon"": 0, ""optimizer"": ""sgd"", ""out_bias_q"": -1.0, ""out_lr_mult"": 1.0, ""out_w_scale"": 1.0, ""p0"": 0.0, ""preprocess"": ""standardize"", ""rule"": ""dfa"", ""seed"": 2, ""shift_step"": 0, ""target_center"": 0, ""target_scale"": 1.0, ""whiten"": 0, ""width"": 300}","{""act"": ""tanh"", ""arch"": ""mlp"", ""batch"": 128, ""batchnorm"": 0, ""calibrate_head"": 0, ""center"": ""none"", ""classes"": 10, ""dataset"": ""mnist"", ""depth"": 3, ""fb_row_norm"": 0, ""fb_scale"": 1.0, ""freeze_bias"": 0, ""freeze_out"": 0, ""head"": ""softmax_ce"", ""hid_lr_mult"": 1.0, ""lr"": 0.001, ""muon"": 0, ""optimizer"": ""sgd"", ""out_bias_q"": -1.0, ""out_lr_mult"": 1.0, ""out_w_scale"": 1.0, ""p0"": 0.0, ""preprocess"": ""standardize"", ""rule"": ""dfa"", ""shift_step"": 0, ""target_center"": 0, ""target_scale"": 1.0, ""whiten"": 0, ""width"": 300}",0.08901794555972538,0.008463303177815445,0,0.2818630933761596,-0.0134521645028571
E1_headline,softmax,"{""act"": ""tanh"", ""arch"": ""mlp"", ""batch"": 128, ""batchnorm"": 0, ""calibrate_head"": 0, ""center"": ""none"", ""classes"": 10, ""dataset"": ""mnist"", ""depth"": 3, ""fb_row_norm"": 0, ""fb_scale"": 1.0, ""fb_seed"": 1, ""freeze_bias"": 0, ""freeze_out"": 0, ""head"": ""softmax_ce"", ""hid_lr_mult"": 1.0, ""lr"": 0.001, ""muon"": 0, ""optimizer"": ""sgd"", ""out_bias_q"": -1.0, ""out_lr_mult"": 1.0, ""out_w_scale"": 1.0, ""p0"": 0.0, ""preprocess"": ""standardize"", ""rule"": ""dfa"", ""seed"": 2, ""shift_step"": 0, ""target_center"": 0, ""target_scale"": 1.0, ""whiten"": 0, ""width"": 300}","{""act"": ""tanh"", ""arch"": ""mlp"", ""batch"": 128, ""batchnorm"": 0, ""calibrate_head"": 0, ""center"": ""none"", ""classes"": 10, ""dataset"": ""mnist"", ""depth"": 3, ""fb_row_norm"": 0, ""fb_scale"": 1.0, ""freeze_bias"": 0, ""freeze_out"": 0, ""head"": ""softmax_ce"", ""hid_lr_mult"": 1.0, ""lr"": 0.001, ""muon"": 0, ""optimizer"": ""sgd"", ""out_bias_q"": -1.0, ""out_lr_mult"": 1.0, ""out_w_scale"": 1.0, ""p0"": 0.0, ""preprocess"": ""standardize"", ""rule"": ""dfa"", ""shift_step"": 0, ""target_center"": 0, ""target_scale"": 1.0, ""whiten"": 0, ""width"": 300}",0.08609899014622119,0.008463303177815445,0,0.2567158043384552,-0.1064098142591971
E1_headline,softmax,"{""act"": ""tanh"", ""arch"": ""mlp"", ""batch"": 128, ""batchnorm"": 0, ""calibrate_head"": 0, ""center"": ""none"", ""classes"": 10, ""dataset"": ""mnist"", ""depth"": 3, ""fb_row_norm"": 0, ""fb_scale"": 1.0, ""fb_seed"": 2, ""freeze_bias"": 0, ""freeze_out"": 0, ""head"": ""softmax_ce"", ""hid_lr_mult"": 1.0, ""lr"": 0.001, ""muon"": 0, ""optimizer"": ""sgd"", ""out_bias_q"": -1.0, ""out_lr_mult"": 1.0, ""out_w_scale"": 1.0, ""p0"": 0.0, ""preprocess"": ""standardize"", ""rule"": ""dfa"", ""seed"": 2, ""shift_step"": 0, ""target_center"": 0, ""target_scale"": 1.0, ""whiten"": 0, ""width"": 300}","{""act"": ""tanh"", ""arch"": ""mlp"", ""batch"": 128, ""batchnorm"": 0, ""calibrate_head"": 0, ""center"": ""none"", ""classes"": 10, ""dataset"": ""mnist"", ""depth"": 3, ""fb_row_norm"": 0, ""fb_scale"": 1.0, ""freeze_bias"": 0, ""freeze_out"": 0, ""head"": ""softmax_ce"", ""hid_lr_mult"": 1.0, ""lr"": 0.001, ""muon"": 0, ""optimizer"": ""sgd"", ""out_bias_q"": -1.0, ""out_lr_mult"": 1.0, ""out_w_scale"": 1.0, ""p0"": 0.0, ""preprocess"": ""standardize"", ""rule"": ""dfa"", ""shift_step"": 0, ""target_center"": 0, ""target_scale"": 1.0, ""whiten"": 0, ""width"": 300}",0.09793291745427647,0.008463303177815445,0,0.3184877038002014,-0.0293668917965385
E1_headline,softmax,"{""act"": ""tanh"", ""arch"": ""mlp"", ""batch"": 128, ""batchnorm"": 0, ""calibrate_head"": 0, ""center"": ""none"", ""classes"": 10, ""dataset"": ""mnist"", ""depth"": 3, ""fb_row_norm"": 0, ""fb_scale"": 1.0, ""fb_seed"": 0, ""freeze_bias"": 0, ""freeze_out"": 0, ""head"": ""softmax_ce"", ""hid_lr_mult"": 1.0, ""lr"": 0.001, ""muon"": 0, ""optimizer"": ""sgd"", ""out_bias_q"": -1.0, ""out_lr_mult"": 1.0, ""out_w_scale"": 1.0, ""p0"": 0.0, ""preprocess"": ""standardize"", ""rule"": ""dfa"", ""seed"": 3, ""shift_step"": 0, ""target_center"": 0, ""target_scale"": 1.0, ""whiten"": 0, ""width"": 300}","{""act"": ""tanh"", ""arch"": ""mlp"", ""batch"": 128, ""batchnorm"": 0, ""calibrate_head"": 0, ""center"": ""none"", ""classes"": 10, ""dataset"": ""mnist"", ""depth"": 3, ""fb_row_norm"": 0, ""fb_scale"": 1.0, ""freeze_bias"": 0, ""freeze_out"": 0, ""head"": ""softmax_ce"", ""hid_lr_mult"": 1.0, ""lr"": 0.001, ""muon"": 0, ""optimizer"": ""sgd"", ""out_bias_q"": -1.0, ""out_lr_mult"": 1.0, ""out_w_scale"": 1.0, ""p0"": 0.0, ""preprocess"": ""standardize"", ""rule"": ""dfa"", ""shift_step"": 0, ""target_center"": 0, ""target_scale"": 1.0, ""whiten"": 0, ""width"": 300}",0.10255422965918244,0.009896573626997963,0,0.2644372582435608,0.0323918014308795
E1_headline,softmax,"{""act"": ""tanh"", ""arch"": ""mlp"", ""batch"": 128, ""batchnorm"": 0, ""calibrate_head"": 0, ""center"": ""none"", ""classes"": 10, ""dataset"": ""mnist"", ""depth"": 3, ""fb_row_norm"": 0, ""fb_scale"": 1.0, ""fb_seed"": 1, ""freeze_bias"": 0, ""freeze_out"": 0, ""head"": ""softmax_ce"", ""hid_lr_mult"": 1.0, ""lr"": 0.001, ""muon"": 0, ""optimizer"": ""sgd"", ""out_bias_q"": -1.0, ""out_lr_mult"": 1.0, ""out_w_scale"": 1.0, ""p0"": 0.0, ""preprocess"": ""standardize"", ""rule"": ""dfa"", ""seed"": 3, ""shift_step"": 0, ""target_center"": 0, ""target_scale"": 1.0, ""whiten"": 0, ""width"": 300}","{""act"": ""tanh"", ""arch"": ""mlp"", ""batch"": 128, ""batchnorm"": 0, ""calibrate_head"": 0, ""center"": ""none"", ""classes"": 10, ""dataset"": ""mnist"", ""depth"": 3, ""fb_row_norm"": 0, ""fb_scale"": 1.0, ""freeze_bias"": 0, ""freeze_out"": 0, ""head"": ""softmax_ce"", ""hid_lr_mult"": 1.0, ""lr"": 0.001, ""muon"": 0, ""optimizer"": ""sgd"", ""out_bias_q"": -1.0, ""out_lr_mult"": 1.0, ""out_w_scale"": 1.0, ""p0"": 0.0, ""preprocess"": ""standardize"", ""rule"": ""dfa"", ""shift_step"": 0, ""target_center"": 0, ""target_scale"": 1.0, ""whiten"": 0, ""width"": 300}",0.09689639811960109,0.009896573626997963,0,0.2644372582435608,0.0985838311904433
E1_headline,softmax,"{""act"": ""tanh"", ""arch"": ""mlp"", ""batch"": 128, ""batchnorm"": 0, ""calibrate_head"": 0, ""center"": ""none"", ""classes"": 10, ""dataset"": ""mnist"", ""depth"": 3, ""fb_row_norm"": 0, ""fb_scale"": 1.0, ""fb_seed"": 2, ""freeze_bias"": 0, ""freeze_out"": 0, ""head"": ""softmax_ce"", ""hid_lr_mult"": 1.0, ""lr"": 0.001, ""muon"": 0, ""optimizer"": ""sgd"", ""out_bias_q"": -1.0, ""out_lr_mult"": 1.0, ""out_w_scale"": 1.0, ""p0"": 0.0, ""preprocess"": ""standardize"", ""rule"": ""dfa"", ""seed"": 3, ""shift_step"": 0, ""target_center"": 0, ""target_scale"": 1.0, ""whiten"": 0, ""width"": 300}","{""act"": ""tanh"", ""arch"": ""mlp"", ""batch"": 128, ""batchnorm"": 0, ""calibrate_head"": 0, ""center"": ""none"", ""classes"": 10, ""dataset"": ""mnist"", ""depth"": 3, ""fb_row_norm"": 0, ""fb_scale"": 1.0, ""freeze_bias"": 0, ""freeze_out"": 0, ""head"": ""softmax_ce"", ""hid_lr_mult"": 1.0, ""lr"": 0.001, ""muon"": 0, ""optimizer"": ""sgd"", ""out_bias_q"": -1.0, ""out_lr_mult"": 1.0, ""out_w_scale"": 1.0, ""p0"": 0.0, ""preprocess"": ""standardize"", ""rule"": ""dfa"", ""shift_step"": 0, ""target_center"": 0, ""target_scale"": 1.0, ""whiten"": 0, ""width"": 300}",0.10338263492710803,0.009896573626997963,0,0.3560921847820282,0.2079995268320902
E1_headline,softmax,"{""act"": ""tanh"", ""arch"": ""mlp"", ""batch"": 128, ""batchnorm"": 0, ""calibrate_head"": 0, ""center"": ""none"", ""classes"": 10, ""dataset"": ""mnist"", ""depth"": 3, ""fb_row_norm"": 0, ""fb_scale"": 1.0, ""fb_seed"": 0, ""freeze_bias"": 0, ""freeze_out"": 0, ""head"": ""softmax_ce"", ""hid_lr_mult"": 1.0, ""lr"": 0.001, ""muon"": 0, ""optimizer"": ""sgd"", ""out_bias_q"": -1.0, ""out_lr_mult"": 1.0, ""out_w_scale"": 1.0, ""p0"": 0.0, ""preprocess"": ""standardize"", ""rule"": ""dfa"", ""seed"": 4, ""shift_step"": 0, ""target_center"": 0, ""target_scale"": 1.0, ""whiten"": 0, ""width"": 300}","{""act"": ""tanh"", ""arch"": ""mlp"", ""batch"": 128, ""batchnorm"": 0, ""calibrate_head"": 0, ""center"": ""none"", ""classes"": 10, ""dataset"": ""mnist"", ""depth"": 3, ""fb_row_norm"": 0, ""fb_scale"": 1.0, ""freeze_bias"": 0, ""freeze_out"": 0, ""head"": ""softmax_ce"", ""hid_lr_mult"": 1.0, ""lr"": 0.001, ""muon"": 0, ""optimizer"": ""sgd"", ""out_bias_q"": -1.0, ""out_lr_mult"": 1.0, ""out_w_scale"": 1.0, ""p0"": 0.0, ""preprocess"": ""standardize"", ""rule"": ""dfa"", ""shift_step"": 0, ""target_center"": 0, ""target_scale"": 1.0, ""whiten"": 0, ""width"": 300}",0.07310791750737711,0.005379988643133881,0,0.2492224872112274,0.1323846351557279
E1_headline,softmax,"{""act"": ""tanh"", ""arch"": ""mlp"", ""batch"": 128, ""batchnorm"": 0, ""calibrate_head"": 0, ""center"": ""none"", ""classes"": 10, ""dataset"": ""mnist"", ""depth"": 3, ""fb_row_norm"": 0, ""fb_scale"": 1.0, ""fb_seed"": 1, ""freeze_bias"": 0, ""freeze_out"": 0, ""head"": ""softmax_ce"", ""hid_lr_mult"": 1.0, ""lr"": 0.001, ""muon"": 0, ""optimizer"": ""sgd"", ""out_bias_q"": -1.0, ""out_lr_mult"": 1.0, ""out_w_scale"": 1.0, ""p0"": 0.0, ""preprocess"": ""standardize"", ""rule"": ""dfa"", ""seed"": 4, ""shift_step"": 0, ""target_center"": 0, ""target_scale"": 1.0, ""whiten"": 0, ""width"": 300}","{""act"": ""tanh"", ""arch"": ""mlp"", ""batch"": 128, ""batchnorm"": 0, ""calibrate_head"": 0, ""center"": ""none"", ""classes"": 10, ""dataset"": ""mnist"", ""depth"": 3, ""fb_row_norm"": 0, ""fb_scale"": 1.0, ""freeze_bias"": 0, ""freeze_out"": 0, ""head"": ""softmax_ce"", ""hid_lr_mult"": 1.0, ""lr"": 0.001, ""muon"": 0, ""optimizer"": ""sgd"", ""out_bias_q"": -1.0, ""out_lr_mult"": 1.0, ""out_w_scale"": 1.0, ""p0"": 0.0, ""preprocess"": ""standardize"", ""rule"": ""dfa"", ""shift_step"": 0, ""target_center"": 0, ""target_scale"": 1.0, ""whiten"": 0, ""width"": 300}",0.06283575471735368,0.005379988643133881,0,0.2377773225307464,0.0868639800734225
E1_headline,softmax,"{""act"": ""tanh"", ""arch"": ""mlp"", ""batch"": 128, ""batchnorm"": 0, ""calibrate_head"": 0, ""center"": ""none"", ""classes"": 10, ""dataset"": ""mnist"", ""depth"": 3, ""fb_row_norm"": 0, ""fb_scale"": 1.0, ""fb_seed"": 2, ""freeze_bias"": 0, ""freeze_out"": 0, ""head"": ""softmax_ce"", ""hid_lr_mult"": 1.0, ""lr"": 0.001, ""muon"": 0, ""optimizer"": ""sgd"", ""out_bias_q"": -1.0, ""out_lr_mult"": 1.0, ""out_w_scale"": 1.0, ""p0"": 0.0, ""preprocess"": ""standardize"", ""rule"": ""dfa"", ""seed"": 4, ""shift_step"": 0, ""target_center"": 0, ""target_scale"": 1.0, ""whiten"": 0, ""width"": 300}","{""act"": ""tanh"", ""arch"": ""mlp"", ""batch"": 128, ""batchnorm"": 0, ""calibrate_head"": 0, ""center"": ""none"", ""classes"": 10, ""dataset"": ""mnist"", ""depth"": 3, ""fb_row_norm"": 0, ""fb_scale"": 1.0, ""freeze_bias"": 0, ""freeze_out"": 0, ""head"": ""softmax_ce"", ""hid_lr_mult"": 1.0, ""lr"": 0.001, ""muon"": 0, ""optimizer"": ""sgd"", ""out_bias_q"": -1.0, ""out_lr_mult"": 1.0, ""out_w_scale"": 1.0, ""p0"": 0.0, ""preprocess"": ""standardize"", ""rule"": ""dfa"", ""shift_step"": 0, ""target_center"": 0, ""target_scale"": 1.0, ""whiten"": 0, ""width"": 300}",0.07797311415518353,0.005379988643133881,0,0.2567762434482574,0.1752859682413201
E1_headline,softmax_imb07,"{""act"": ""tanh"", ""arch"": ""mlp"", ""batch"": 128, ""batchnorm"": 0, ""calibrate_head"": 0, ""center"": ""none"", ""classes"": 10, ""dataset"": ""mnist"", ""depth"": 3, ""fb_row_norm"": 0, ""fb_scale"": 1.0, ""fb_seed"": 0, ""freeze_bias"": 0, ""freeze_out"": 0, ""head"": ""softmax_ce"", ""hid_lr_mult"": 1.0, ""lr"": 0.001, ""muon"": 0, ""optimizer"": ""sgd"", ""out_bias_q"": -1.0, ""out_lr_mult"": 1.0, ""out_w_scale"": 1.0, ""p0"": 0.7, ""preprocess"": ""standardize"", ""rule"": ""dfa"", ""seed"": 0, ""shift_step"": 0, ""target_center"": 0, ""target_scale"": 1.0, ""whiten"": 0, ""width"": 300}","{""act"": ""tanh"", ""arch"": ""mlp"", ""batch"": 128, ""batchnorm"": 0, ""calibrate_head"": 0, ""center"": ""none"", ""classes"": 10, ""dataset"": ""mnist"", ""depth"": 3, ""fb_row_norm"": 0, ""fb_scale"": 1.0, ""freeze_bias"": 0, ""freeze_out"": 0, ""head"": ""softmax_ce"", ""hid_lr_mult"": 1.0, ""lr"": 0.001, ""muon"": 0, ""optimizer"": ""sgd"", ""out_bias_q"": -1.0, ""out_lr_mult"": 1.0, ""out_w_scale"": 1.0, ""p0"": 0.7, ""preprocess"": ""standardize"", ""rule"": ""dfa"", ""shift_step"": 0, ""target_center"": 0, ""target_scale"": 1.0, ""whiten"": 0, ""width"": 300}",1.0880631559502836,0.5230977900935547,60,0.977142870426178,4.281358019060312
E1_headline,softmax_imb07,"{""act"": ""tanh"", ""arch"": ""mlp"", ""batch"": 128, ""batchnorm"": 0, ""calibrate_head"": 0, ""center"": ""none"", ""classes"": 10, ""dataset"": ""mnist"", ""depth"": 3, ""fb_row_norm"": 0, ""fb_scale"": 1.0, ""fb_seed"": 1, ""freeze_bias"": 0, ""freeze_out"": 0, ""head"": ""softmax_ce"", ""hid_lr_mult"": 1.0, ""lr"": 0.001, ""muon"": 0, ""optimizer"": ""sgd"", ""out_bias_q"": -1.0, ""out_lr_mult"": 1.0, ""out_w_scale"": 1.0, ""p0"": 0.7, ""preprocess"": ""standardize"", ""rule"": ""dfa"", ""seed"": 0, ""shift_step"": 0, ""target_center"": 0, ""target_scale"": 1.0, ""whiten"": 0, ""width"": 300}","{""act"": ""tanh"", ""arch"": ""mlp"", ""batch"": 128, ""batchnorm"": 0, ""calibrate_head"": 0, ""center"": ""none"", ""classes"": 10, ""dataset"": ""mnist"", ""depth"": 3, ""fb_row_norm"": 0, ""fb_scale"": 1.0, ""freeze_bias"": 0, ""freeze_out"": 0, ""head"": ""softmax_ce"", ""hid_lr_mult"": 1.0, ""lr"": 0.001, ""muon"": 0, ""optimizer"": ""sgd"", ""out_bias_q"": -1.0, ""out_lr_mult"": 1.0, ""out_w_scale"": 1.0, ""p0"": 0.7, ""preprocess"": ""standardize"", ""rule"": ""dfa"", ""shift_step"": 0, ""target_center"": 0, ""target_scale"": 1.0, ""whiten"": 0, ""width"": 300}",1.0589245867659345,0.5230977900935547,60,0.96576988697052,4.403729094359552
E1_headline,softmax_imb07,"{""act"": ""tanh"", ""arch"": ""mlp"", ""batch"": 128, ""batchnorm"": 0, ""calibrate_head"": 0, ""center"": ""none"", ""classes"": 10, ""dataset"": ""mnist"", ""depth"": 3, ""fb_row_norm"": 0, ""fb_scale"": 1.0, ""fb_seed"": 2, ""freeze_bias"": 0, ""freeze_out"": 0, ""head"": ""softmax_ce"", ""hid_lr_mult"": 1.0, ""lr"": 0.001, ""muon"": 0, ""optimizer"": ""sgd"", ""out_bias_q"": -1.0, ""out_lr_mult"": 1.0, ""out_w_scale"": 1.0, ""p0"": 0.7, ""preprocess"": ""standardize"", ""rule"": ""dfa"", ""seed"": 0, ""shift_step"": 0, ""target_center"": 0, ""target_scale"": 1.0, ""whiten"": 0, ""width"": 300}","{""act"": ""tanh"", ""arch"": ""mlp"", ""batch"": 128, ""batchnorm"": 0, ""calibrate_head"": 0, ""center"": ""none"", ""classes"": 10, ""dataset"": ""mnist"", ""depth"": 3, ""fb_row_norm"": 0, ""fb_scale"": 1.0, ""freeze_bias"": 0, ""freeze_out"": 0, ""head"": ""softmax_ce"", ""hid_lr_mult"": 1.0, ""lr"": 0.001, ""muon"": 0, ""optimizer"": ""sgd"", ""out_bias_q"": -1.0, ""out_lr_mult"": 1.0, ""out_w_scale"": 1.0, ""p0"": 0.7, ""preprocess"": ""standardize"", ""rule"": ""dfa"", ""shift_step"": 0, ""target_center"": 0, ""target_scale"": 1.0, ""whiten"": 0, ""width"": 300}",1.0516819470903143,0.5230977900935547,60,0.9636065363883972,4.3153471607087575
E1_headline,softmax_imb07,"{""act"": ""tanh"", ""arch"": ""mlp"", ""batch"": 128, ""batchnorm"": 0, ""calibrate_head"": 0, ""center"": ""none"", ""classes"": 10, ""dataset"": ""mnist"", ""depth"": 3, ""fb_row_norm"": 0, ""fb_scale"": 1.0, ""fb_seed"": 0, ""freeze_bias"": 0, ""freeze_out"": 0, ""head"": ""softmax_ce"", ""hid_lr_mult"": 1.0, ""lr"": 0.001, ""muon"": 0, ""optimizer"": ""sgd"", ""out_bias_q"": -1.0, ""out_lr_mult"": 1.0, ""out_w_scale"": 1.0, ""p0"": 0.7, ""preprocess"": ""standardize"", ""rule"": ""dfa"", ""seed"": 1, ""shift_step"": 0, ""target_center"": 0, ""target_scale"": 1.0, ""whiten"": 0, ""width"": 300}","{""act"": ""tanh"", ""arch"": ""mlp"", ""batch"": 128, ""batchnorm"": 0, ""calibrate_head"": 0, ""center"": ""none"", ""classes"": 10, ""dataset"": ""mnist"", ""depth"": 3, ""fb_row_norm"": 0, ""fb_scale"": 1.0, ""freeze_bias"": 0, ""freeze_out"": 0, ""head"": ""softmax_ce"", ""hid_lr_mult"": 1.0, ""lr"": 0.001, ""muon"": 0, ""optimizer"": ""sgd"", ""out_bias_q"": -1.0, ""out_lr_mult"": 1.0, ""out_w_scale"": 1.0, ""p0"": 0.7, ""preprocess"": ""standardize"", ""rule"": ""dfa"", ""shift_step"": 0, ""target_center"": 0, ""target_scale"": 1.0, ""whiten"": 0, ""width"": 300}",0.895062463306481,0.4659788044050383,20,0.9060553908348083,2.433479298951765
E1_headline,softmax_imb07,"{""act"": ""tanh"", ""arch"": ""mlp"", ""batch"": 128, ""batchnorm"": 0, ""calibrate_head"": 0, ""center"": ""none"", ""classes"": 10, ""dataset"": ""mnist"", ""depth"": 3, ""fb_row_norm"": 0, ""fb_scale"": 1.0, ""fb_seed"": 1, ""freeze_bias"": 0, ""freeze_out"": 0, ""head"": ""softmax_ce"", ""hid_lr_mult"": 1.0, ""lr"": 0.001, ""muon"": 0, ""optimizer"": ""sgd"", ""out_bias_q"": -1.0, ""out_lr_mult"": 1.0, ""out_w_scale"": 1.0, ""p0"": 0.7, ""preprocess"": ""standardize"", ""rule"": ""dfa"", ""seed"": 1, ""shift_step"": 0, ""target_center"": 0, ""target_scale"": 1.0, ""whiten"": 0, ""width"": 300}","{""act"": ""tanh"", ""arch"": ""mlp"", ""batch"": 128, ""batchnorm"": 0, ""calibrate_head"": 0, ""center"": ""none"", ""classes"": 10, ""dataset"": ""mnist"", ""depth"": 3, ""fb_row_norm"": 0, ""fb_scale"": 1.0, ""freeze_bias"": 0, ""freeze_out"": 0, ""head"": ""softmax_ce"", ""hid_lr_mult"": 1.0, ""lr"": 0.001, ""muon"": 0, ""optimizer"": ""sgd"", ""out_bias_q"": -1.0, ""out_lr_mult"": 1.0, ""out_w_scale"": 1.0, ""p0"": 0.7, ""preprocess"": ""standardize"", ""rule"": ""dfa"", ""shift_step"": 0, ""target_center"": 0, ""target_scale"": 1.0, ""whiten"": 0, ""width"": 300}",0.9521881426087431,0.4659788044050383,40,0.954731285572052,3.533241902925604
E1_headline,softmax_imb07,"{""act"": ""tanh"", ""arch"": ""mlp"", ""batch"": 128, ""batchnorm"": 0, ""calibrate_head"": 0, ""center"": ""none"", ""classes"": 10, ""dataset"": ""mnist"", ""depth"": 3, ""fb_row_norm"": 0, ""fb_scale"": 1.0, ""fb_seed"": 2, ""freeze_bias"": 0, ""freeze_out"": 0, ""head"": ""softmax_ce"", ""hid_lr_mult"": 1.0, ""lr"": 0.001, ""muon"": 0, ""optimizer"": ""sgd"", ""out_bias_q"": -1.0, ""out_lr_mult"": 1.0, ""out_w_scale"": 1.0, ""p0"": 0.7, ""preprocess"": ""standardize"", ""rule"": ""dfa"", ""seed"": 1, ""shift_step"": 0, ""target_center"": 0, ""target_scale"": 1.0, ""whiten"": 0, ""width"": 300}","{""act"": ""tanh"", ""arch"": ""mlp"", ""batch"": 128, ""batchnorm"": 0, ""calibrate_head"": 0, ""center"": ""none"", ""classes"": 10, ""dataset"": ""mnist"", ""depth"": 3, ""fb_row_norm"": 0, ""fb_scale"": 1.0, ""freeze_bias"": 0, ""freeze_out"": 0, ""head"": ""softmax_ce"", ""hid_lr_mult"": 1.0, ""lr"": 0.001, ""muon"": 0, ""optimizer"": ""sgd"", ""out_bias_q"": -1.0, ""out_lr_mult"": 1.0, ""out_w_scale"": 1.0, ""p0"": 0.7, ""preprocess"": ""standardize"", ""rule"": ""dfa"", ""shift_step"": 0, ""target_center"": 0, ""target_scale"": 1.0, ""whiten"": 0, ""width"": 300}",0.8687216488444256,0.4659788044050383,20,0.9032764434814452,1.8609058700688463
E1_headline,softmax_imb07,"{""act"": ""tanh"", ""arch"": ""mlp"", ""batch"": 128, ""batchnorm"": 0, ""calibrate_head"": 0, ""center"": ""none"", ""classes"": 10, ""dataset"": ""mnist"", ""depth"": 3, ""fb_row_norm"": 0, ""fb_scale"": 1.0, ""fb_seed"": 0, ""freeze_bias"": 0, ""freeze_out"": 0, ""head"": ""softmax_ce"", ""hid_lr_mult"": 1.0, ""lr"": 0.001, ""muon"": 0, ""optimizer"": ""sgd"", ""out_bias_q"": -1.0, ""out_lr_mult"": 1.0, ""out_w_scale"": 1.0, ""p0"": 0.7, ""preprocess"": ""standardize"", ""rule"": ""dfa"", ""seed"": 2, ""shift_step"": 0, ""target_center"": 0, ""target_scale"": 1.0, ""whiten"": 0, ""width"": 300}","{""act"": ""tanh"", ""arch"": ""mlp"", ""batch"": 128, ""batchnorm"": 0, ""calibrate_head"": 0, ""center"": ""none"", ""classes"": 10, ""dataset"": ""mnist"", ""depth"": 3, ""fb_row_norm"": 0, ""fb_scale"": 1.0, ""freeze_bias"": 0, ""freeze_out"": 0, ""head"": ""softmax_ce"", ""hid_lr_mult"": 1.0, ""lr"": 0.001, ""muon"": 0, ""optimizer"": ""sgd"", ""out_bias_q"": -1.0, ""out_lr_mult"": 1.0, ""out_w_scale"": 1.0, ""p0"": 0.7, ""preprocess"": ""standardize"", ""rule"": ""dfa"", ""shift_step"": 0, ""target_center"": 0, ""target_scale"": 1.0, ""whiten"": 0, ""width"": 300}",0.9333270742467015,0.4495042307953382,40,0.9297701716423036,3.509804686314742
E1_headline,softmax_imb07,"{""act"": ""tanh"", ""arch"": ""mlp"", ""batch"": 128, ""batchnorm"": 0, ""calibrate_head"": 0, ""center"": ""none"", ""classes"": 10, ""dataset"": ""mnist"", ""depth"": 3, ""fb_row_norm"": 0, ""fb_scale"": 1.0, ""fb_seed"": 1, ""freeze_bias"": 0, ""freeze_out"": 0, ""head"": ""softmax_ce"", ""hid_lr_mult"": 1.0, ""lr"": 0.001, ""muon"": 0, ""optimizer"": ""sgd"", ""out_bias_q"": -1.0, ""out_lr_mult"": 1.0, ""out_w_scale"": 1.0, ""p0"": 0.7, ""preprocess"": ""standardize"", ""rule"": ""dfa"", ""seed"": 2, ""shift_step"": 0, ""target_center"": 0, ""target_scale"": 1.0, ""whiten"": 0, ""width"": 300}","{""act"": ""tanh"", ""arch"": ""mlp"", ""batch"": 128, ""batchnorm"": 0, ""calibrate_head"": 0, ""center"": ""none"", ""classes"": 10, ""dataset"": ""mnist"", ""depth"": 3, ""fb_row_norm"": 0, ""fb_scale"": 1.0, ""freeze_bias"": 0, ""freeze_out"": 0, ""head"": ""softmax_ce"", ""hid_lr_mult"": 1.0, ""lr"": 0.001, ""muon"": 0, ""optimizer"": ""sgd"", ""out_bias_q"": -1.0, ""out_lr_mult"": 1.0, ""out_w_scale"": 1.0, ""p0"": 0.7, ""preprocess"": ""standardize"", ""rule"": ""dfa"", ""shift_step"": 0, ""target_center"": 0, ""target_scale"": 1.0, ""whiten"": 0, ""width"": 300}",0.9814010342481334,0.4495042307953382,50,0.9603277444839478,3.698447392858634
E1_headline,softmax_imb07,"{""act"": ""tanh"", ""arch"": ""mlp"", ""batch"": 128, ""batchnorm"": 0, ""calibrate_head"": 0, ""center"": ""none"", ""classes"": 10, ""dataset"": ""mnist"", ""depth"": 3, ""fb_row_norm"": 0, ""fb_scale"": 1.0, ""fb_seed"": 2, ""freeze_bias"": 0, ""freeze_out"": 0, ""head"": ""softmax_ce"", ""hid_lr_mult"": 1.0, ""lr"": 0.001, ""muon"": 0, ""optimizer"": ""sgd"", ""out_bias_q"": -1.0, ""out_lr_mult"": 1.0, ""out_w_scale"": 1.0, ""p0"": 0.7, ""preprocess"": ""standardize"", ""rule"": ""dfa"", ""seed"": 2, ""shift_step"": 0, ""target_center"": 0, ""target_scale"": 1.0, ""whiten"": 0, ""width"": 300}","{""act"": ""tanh"", ""arch"": ""mlp"", ""batch"": 128, ""batchnorm"": 0, ""calibrate_head"": 0, ""center"": ""none"", ""classes"": 10, ""dataset"": ""mnist"", ""depth"": 3, ""fb_row_norm"": 0, ""fb_scale"": 1.0, ""freeze_bias"": 0, ""freeze_out"": 0, ""head"": ""softmax_ce"", ""hid_lr_mult"": 1.0, ""lr"": 0.001, ""muon"": 0, ""optimizer"": ""sgd"", ""out_bias_q"": -1.0, ""out_lr_mult"": 1.0, ""out_w_scale"": 1.0, ""p0"": 0.7, ""preprocess"": ""standardize"", ""rule"": ""dfa"", ""shift_step"": 0, ""target_center"": 0, ""target_scale"": 1.0, ""whiten"": 0, ""width"": 300}",1.006692156347369,0.4495042307953382,50,0.9464222192764282,4.257071070652932
E1_headline,softmax_imb07,"{""act"": ""tanh"", ""arch"": ""mlp"", ""batch"": 128, ""batchnorm"": 0, ""calibrate_head"": 0, ""center"": ""none"", ""classes"": 10, ""dataset"": ""mnist"", ""depth"": 3, ""fb_row_norm"": 0, ""fb_scale"": 1.0, ""fb_seed"": 0, ""freeze_bias"": 0, ""freeze_out"": 0, ""head"": ""softmax_ce"", ""hid_lr_mult"": 1.0, ""lr"": 0.001, ""muon"": 0, ""optimizer"": ""sgd"", ""out_bias_q"": -1.0, ""out_lr_mult"": 1.0, ""out_w_scale"": 1.0, ""p0"": 0.7, ""preprocess"": ""standardize"", ""rule"": ""dfa"", ""seed"": 3, ""shift_step"": 0, ""target_center"": 0, ""target_scale"": 1.0, ""whiten"": 0, ""width"": 300}","{""act"": ""tanh"", ""arch"": ""mlp"", ""batch"": 128, ""batchnorm"": 0, ""calibrate_head"": 0, ""center"": ""none"", ""classes"": 10, ""dataset"": ""mnist"", ""depth"": 3, ""fb_row_norm"": 0, ""fb_scale"": 1.0, ""freeze_bias"": 0, ""freeze_out"": 0, ""head"": ""softmax_ce"", ""hid_lr_mult"": 1.0, ""lr"": 0.001, ""muon"": 0, ""optimizer"": ""sgd"", ""out_bias_q"": -1.0, ""out_lr_mult"": 1.0, ""out_w_scale"": 1.0, ""p0"": 0.7, ""preprocess"": ""standardize"", ""rule"": ""dfa"", ""shift_step"": 0, ""target_center"": 0, ""target_scale"": 1.0, ""whiten"": 0, ""width"": 300}",1.120170706260453,0.48330412870890416,50,0.9676716923713684,4.058610847753962
E1_headline,softmax_imb07,"{""act"": ""tanh"", ""arch"": ""mlp"", ""batch"": 128, ""batchnorm"": 0, ""calibrate_head"": 0, ""center"": ""none"", ""classes"": 10, ""dataset"": ""mnist"", ""depth"": 3, ""fb_row_norm"": 0, ""fb_scale"": 1.0, ""fb_seed"": 1, ""freeze_bias"": 0, ""freeze_out"": 0, ""head"": ""softmax_ce"", ""hid_lr_mult"": 1.0, ""lr"": 0.001, ""muon"": 0, ""optimizer"": ""sgd"", ""out_bias_q"": -1.0, ""out_lr_mult"": 1.0, ""out_w_scale"": 1.0, ""p0"": 0.7, ""preprocess"": ""standardize"", ""rule"": ""dfa"", ""seed"": 3, ""shift_step"": 0, ""target_center"": 0, ""target_scale"": 1.0, ""whiten"": 0, ""width"": 300}","{""act"": ""tanh"", ""arch"": ""mlp"", ""batch"": 128, ""batchnorm"": 0, ""calibrate_head"": 0, ""center"": ""none"", ""classes"": 10, ""dataset"": ""mnist"", ""depth"": 3, ""fb_row_norm"": 0, ""fb_scale"": 1.0, ""freeze_bias"": 0, ""freeze_out"": 0, ""head"": ""softmax_ce"", ""hid_lr_mult"": 1.0, ""lr"": 0.001, ""muon"": 0, ""optimizer"": ""sgd"", ""out_bias_q"": -1.0, ""out_lr_mult"": 1.0, ""out_w_scale"": 1.0, ""p0"": 0.7, ""preprocess"": ""standardize"", ""rule"": ""dfa"", ""shift_step"": 0, ""target_center"": 0, ""target_scale"": 1.0, ""whiten"": 0, ""width"": 300}",0.932331847465764,0.48330412870890416,10,0.9075826406478882,2.899385174489981
E1_headline,softmax_imb07,"{""act"": ""tanh"", ""arch"": ""mlp"", ""batch"": 128, ""batchnorm"": 0, ""calibrate_head"": 0, ""center"": ""none"", ""classes"": 10, ""dataset"": ""mnist"", ""depth"": 3, ""fb_row_norm"": 0, ""fb_scale"": 1.0, ""fb_seed"": 2, ""freeze_bias"": 0, ""freeze_out"": 0, ""head"": ""softmax_ce"", ""hid_lr_mult"": 1.0, ""lr"": 0.001, ""muon"": 0, ""optimizer"": ""sgd"", ""out_bias_q"": -1.0, ""out_lr_mult"": 1.0, ""out_w_scale"": 1.0, ""p0"": 0.7, ""preprocess"": ""standardize"", ""rule"": ""dfa"", ""seed"": 3, ""shift_step"": 0, ""target_center"": 0, ""target_scale"": 1.0, ""whiten"": 0, ""width"": 300}","{""act"": ""tanh"", ""arch"": ""mlp"", ""batch"": 128, ""batchnorm"": 0, ""calibrate_head"": 0, ""center"": ""none"", ""classes"": 10, ""dataset"": ""mnist"", ""depth"": 3, ""fb_row_norm"": 0, ""fb_scale"": 1.0, ""freeze_bias"": 0, ""freeze_out"": 0, ""head"": ""softmax_ce"", ""hid_lr_mult"": 1.0, ""lr"": 0.001, ""muon"": 0, ""optimizer"": ""sgd"", ""out_bias_q"": -1.0, ""out_lr_mult"": 1.0, ""out_w_scale"": 1.0, ""p0"": 0.7, ""preprocess"": ""standardize"", ""rule"": ""dfa"", ""shift_step"": 0, ""target_center"": 0, ""target_scale"": 1.0, ""whiten"": 0, ""width"": 300}",1.0471858647149208,0.48330412870890416,50,0.9590773582458496,4.371827644368809
E1_headline,softmax_imb07,"{""act"": ""tanh"", ""arch"": ""mlp"", ""batch"": 128, ""batchnorm"": 0, ""calibrate_head"": 0, ""center"": ""none"", ""classes"": 10, ""dataset"": ""mnist"", ""depth"": 3, ""fb_row_norm"": 0, ""fb_scale"": 1.0, ""fb_seed"": 0, ""freeze_bias"": 0, ""freeze_out"": 0, ""head"": ""softmax_ce"", ""hid_lr_mult"": 1.0, ""lr"": 0.001, ""muon"": 0, ""optimizer"": ""sgd"", ""out_bias_q"": -1.0, ""out_lr_mult"": 1.0, ""out_w_scale"": 1.0, ""p0"": 0.7, ""preprocess"": ""standardize"", ""rule"": ""dfa"", ""seed"": 4, ""shift_step"": 0, ""target_center"": 0, ""target_scale"": 1.0, ""whiten"": 0, ""width"": 300}","{""act"": ""tanh"", ""arch"": ""mlp"", ""batch"": 128, ""batchnorm"": 0, ""calibrate_head"": 0, ""center"": ""none"", ""classes"": 10, ""dataset"": ""mnist"", ""depth"": 3, ""fb_row_norm"": 0, ""fb_scale"": 1.0, ""freeze_bias"": 0, ""freeze_out"": 0, ""head"": ""softmax_ce"", ""hid_lr_mult"": 1.0, ""lr"": 0.001, ""muon"": 0, ""optimizer"": ""sgd"", ""out_bias_q"": -1.0, ""out_lr_mult"": 1.0, ""out_w_scale"": 1.0, ""p0"": 0.7, ""preprocess"": ""standardize"", ""rule"": ""dfa"", ""shift_step"": 0, ""target_center"": 0, ""target_scale"": 1.0, ""whiten"": 0, ""width"": 300}",0.7992854221948941,0.45798308158293166,0,0.8928772211074829,3.197443012279459
E1_headline,softmax_imb07,"{""act"": ""tanh"", ""arch"": ""mlp"", ""batch"": 128, ""batchnorm"": 0, ""calibrate_head"": 0, ""center"": ""none"", ""classes"": 10, ""dataset"": ""mnist"", ""depth"": 3, ""fb_row_norm"": 0, ""fb_scale"": 1.0, ""fb_seed"": 1, ""freeze_bias"": 0, ""freeze_out"": 0, ""head"": ""softmax_ce"", ""hid_lr_mult"": 1.0, ""lr"": 0.001, ""muon"": 0, ""optimizer"": ""sgd"", ""out_bias_q"": -1.0, ""out_lr_mult"": 1.0, ""out_w_scale"": 1.0, ""p0"": 0.7, ""preprocess"": ""standardize"", ""rule"": ""dfa"", ""seed"": 4, ""shift_step"": 0, ""target_center"": 0, ""target_scale"": 1.0, ""whiten"": 0, ""width"": 300}","{""act"": ""tanh"", ""arch"": ""mlp"", ""batch"": 128, ""batchnorm"": 0, ""calibrate_head"": 0, ""center"": ""none"", ""classes"": 10, ""dataset"": ""mnist"", ""depth"": 3, ""fb_row_norm"": 0, ""fb_scale"": 1.0, ""freeze_bias"": 0, ""freeze_out"": 0, ""head"": ""softmax_ce"", ""hid_lr_mult"": 1.0, ""lr"": 0.001, ""muon"": 0, ""optimizer"": ""sgd"", ""out_bias_q"": -1.0, ""out_lr_mult"": 1.0, ""out_w_scale"": 1.0, ""p0"": 0.7, ""preprocess"": ""standardize"", ""rule"": ""dfa"", ""shift_step"": 0, ""target_center"": 0, ""target_scale"": 1.0, ""whiten"": 0, ""width"": 300}",0.9048221265072001,0.45798308158293166,30,0.9126204252243042,2.5331452048848857
E1_headline,softmax_imb07,"{""act"": ""tanh"", ""arch"": ""mlp"", ""batch"": 128, ""batchnorm"": 0, ""calibrate_head"": 0, ""center"": ""none"", ""classes"": 10, ""dataset"": ""mnist"", ""depth"": 3, ""fb_row_norm"": 0, ""fb_scale"": 1.0, ""fb_seed"": 2, ""freeze_bias"": 0, ""freeze_out"": 0, ""head"": ""softmax_ce"", ""hid_lr_mult"": 1.0, ""lr"": 0.001, ""muon"": 0, ""optimizer"": ""sgd"", ""out_bias_q"": -1.0, ""out_lr_mult"": 1.0, ""out_w_scale"": 1.0, ""p0"": 0.7, ""preprocess"": ""standardize"", ""rule"": ""dfa"", ""seed"": 4, ""shift_step"": 0, ""target_center"": 0, ""target_scale"": 1.0, ""whiten"": 0, ""width"": 300}","{""act"": ""tanh"", ""arch"": ""mlp"", ""batch"": 128, ""batchnorm"": 0, ""calibrate_head"": 0, ""center"": ""none"", ""classes"": 10, ""dataset"": ""mnist"", ""depth"": 3, ""fb_row_norm"": 0, ""fb_scale"": 1.0, ""freeze_bias"": 0, ""freeze_out"": 0, ""head"": ""softmax_ce"", ""hid_lr_mult"": 1.0, ""lr"": 0.001, ""muon"": 0, ""optimizer"": ""sgd"", ""out_bias_q"": -1.0, ""out_lr_mult"": 1.0, ""out_w_scale"": 1.0, ""p0"": 0.7, ""preprocess"": ""standardize"", ""rule"": ""dfa"", ""shift_step"": 0, ""target_center"": 0, ""target_scale"": 1.0, ""whiten"": 0, ""width"": 300}",0.9031086175703565,0.4579831254715453,30,0.9257246851921082,3.127074399665599
