exp,tag,seed,fb_seed,rule,drive,ebar0,maxcos_L,minp300_L,maxcos_1,minp300_1,kappa_end_L,kt_l1,kt_l2,kt_l3,t_transient,kt_L,condition_key,kt_l4,kt_l5,kt_l6
E1_headline,aligned,0,0,aligned,1.2692182064056396,1.2692182064056396,0.7685266137123108,0.8860039114952087,0.7441952228546143,0.9575956463813782,3.62324919876809,0.2390039707259548,0.1085324455784458,0.1161927488710241,20,0.1161927488710241,"{""act"": ""tanh"", ""arch"": ""mlp"", ""batch"": 128, ""batchnorm"": 0, ""calibrate_head"": 0, ""center"": ""none"", ""classes"": 10, ""dataset"": ""mnist"", ""depth"": 3, ""fb_row_norm"": 0, ""fb_scale"": 1.0, ""fb_seed"": 0, ""freeze_bias"": 0, ""freeze_out"": 0, ""head"": ""sigmoid_bce"", ""hid_lr_mult"": 1.0, ""lr"": 0.001, ""muon"": 0, ""optimizer"": ""sgd"", ""out_bias_q"": -1.0, ""out_lr_mult"": 1.0, ""out_w_scale"": 1.0, ""p0"": 0.0, ""preprocess"": ""div255"", ""rule"": ""aligned"", ""seed"": 0, ""shift_step"": 0, ""target_center"": 0, ""target_scale"": 1.0, ""whiten"": 0, ""width"": 300}",,,
E1_headline,aligned,0,1,aligned,1.2692182064056396,1.2692182064056396,0.7675832509994507,0.8859950304031372,0.7448235154151917,0.958695113658905,3.6232808270403463,0.2397493620966465,0.1083105947533151,0.1159416450088926,20,0.1159416450088926,"{""act"": ""tanh"", ""arch"": ""mlp"", ""batch"": 128, ""batchnorm"": 0, ""calibrate_head"": 0, ""center"": ""none"", ""classes"": 10, ""dataset"": ""mnist"", ""depth"": 3, ""fb_row_norm"": 0, ""fb_scale"": 1.0, ""fb_seed"": 1, ""freeze_bias"": 0, ""freeze_out"": 0, ""head"": ""sigmoid_bce"", ""hid_lr_mult"": 1.0, ""lr"": 0.001, ""muon"": 0, ""optimizer"": ""sgd"", ""out_bias_q"": -1.0, ""out_lr_mult"": 1.0, ""out_w_scale"": 1.0, ""p0"": 0.0, ""preprocess"": ""div255"", ""rule"": ""aligned"", ""seed"": 0, ""shift_step"": 0, ""target_center"": 0, ""target_scale"": 1.0, ""whiten"": 0, ""width"": 300}",,,
E1_headline,aligned,0,2,aligned,1.2692182064056396,1.2692182064056396,0.7685556411743164,0.8860849142074585,0.7444908022880554,0.9578855633735656,3.631237918135578,0.2394470282497221,0.1085757602172446,0.1164088182613719,20,0.1164088182613719,"{""act"": ""tanh"", ""arch"": ""mlp"", ""batch"": 128, ""batchnorm"": 0, ""calibrate_head"": 0, ""center"": ""none"", ""classes"": 10, ""dataset"": ""mnist"", ""depth"": 3, ""fb_row_norm"": 0, ""fb_scale"": 1.0, ""fb_seed"": 2, ""freeze_bias"": 0, ""freeze_out"": 0, ""head"": ""sigmoid_bce"", ""hid_lr_mult"": 1.0, ""lr"": 0.001, ""muon"": 0, ""optimizer"": ""sgd"", ""out_bias_q"": -1.0, ""out_lr_mult"": 1.0, ""out_w_scale"": 1.0, ""p0"": 0.0, ""preprocess"": ""div255"", ""rule"": ""aligned"", ""seed"": 0, ""shift_step"": 0, ""target_center"": 0, ""target_scale"": 1.0, ""whiten"": 0, ""width"": 300}",,,
E1_headline,aligned,1,0,aligned,1.3514316082000732,1.3514316082000732,0.7676225304603577,0.8759191632270813,0.7488237023353577,0.9568198323249816,3.6350760342498063,0.1897209732496697,0.0835898354289836,0.0820137080920317,10,0.0820137080920317,"{""act"": ""tanh"", ""arch"": ""mlp"", ""batch"": 128, ""batchnorm"": 0, ""calibrate_head"": 0, ""center"": ""none"", ""classes"": 10, ""dataset"": ""mnist"", ""depth"": 3, ""fb_row_norm"": 0, ""fb_scale"": 1.0, ""fb_seed"": 0, ""freeze_bias"": 0, ""freeze_out"": 0, ""head"": ""sigmoid_bce"", ""hid_lr_mult"": 1.0, ""lr"": 0.001, ""muon"": 0, ""optimizer"": ""sgd"", ""out_bias_q"": -1.0, ""out_lr_mult"": 1.0, ""out_w_scale"": 1.0, ""p0"": 0.0, ""preprocess"": ""div255"", ""rule"": ""aligned"", ""seed"": 1, ""shift_step"": 0, ""target_center"": 0, ""target_scale"": 1.0, ""whiten"": 0, ""width"": 300}",,,
E1_headline,aligned,1,1,aligned,1.3514316082000732,1.3514316082000732,0.7667833566665649,0.875990629196167,0.7494087815284729,0.9580079913139344,3.6353067529407688,0.1901985876546957,0.0835228732562217,0.0819139650420462,10,0.0819139650420462,"{""act"": ""tanh"", ""arch"": ""mlp"", ""batch"": 128, ""batchnorm"": 0, ""calibrate_head"": 0, ""center"": ""none"", ""classes"": 10, ""dataset"": ""mnist"", ""depth"": 3, ""fb_row_norm"": 0, ""fb_scale"": 1.0, ""fb_seed"": 1, ""freeze_bias"": 0, ""freeze_out"": 0, ""head"": ""sigmoid_bce"", ""hid_lr_mult"": 1.0, ""lr"": 0.001, ""muon"": 0, ""optimizer"": ""sgd"", ""out_bias_q"": -1.0, ""out_lr_mult"": 1.0, ""out_w_scale"": 1.0, ""p0"": 0.0, ""preprocess"": ""div255"", ""rule"": ""aligned"", ""seed"": 1, ""shift_step"": 0, ""target_center"": 0, ""target_scale"": 1.0, ""whiten"": 0, ""width"": 300}",,,
E1_headline,aligned,1,2,aligned,1.3514316082000732,1.3514316082000732,0.7676360607147217,0.8760481476783752,0.7490901947021484,0.95715594291687,3.642290947779499,0.1899293238329099,0.0835945888158524,0.0820897833532368,10,0.0820897833532368,"{""act"": ""tanh"", ""arch"": ""mlp"", ""batch"": 128, ""batchnorm"": 0, ""calibrate_head"": 0, ""center"": ""none"", ""classes"": 10, ""dataset"": ""mnist"", ""depth"": 3, ""fb_row_norm"": 0, ""fb_scale"": 1.0, ""fb_seed"": 2, ""freeze_bias"": 0, ""freeze_out"": 0, ""head"": ""sigmoid_bce"", ""hid_lr_mult"": 1.0, ""lr"": 0.001, ""muon"": 0, ""optimizer"": ""sgd"", ""out_bias_q"": -1.0, ""out_lr_mult"": 1.0, ""out_w_scale"": 1.0, ""p0"": 0.0, ""preprocess"": ""div255"", ""rule"": ""aligned"", ""seed"": 1, ""shift_step"": 0, ""target_center"": 0, ""target_scale"": 1.0, ""whiten"": 0, ""width"": 300}",,,
E1_headline,aligned,2,0,aligned,1.247653603553772,1.247653603553772,0.7829654216766357,0.871727705001831,0.7361471652984619,0.9564574360847472,3.894263252229489,0.270640697601366,0.1450029563018509,0.1360157052365757,20,0.1360157052365757,"{""act"": ""tanh"", ""arch"": ""mlp"", ""batch"": 128, ""batchnorm"": 0, ""calibrate_head"": 0, ""center"": ""none"", ""classes"": 10, ""dataset"": ""mnist"", ""depth"": 3, ""fb_row_norm"": 0, ""fb_scale"": 1.0, ""fb_seed"": 0, ""freeze_bias"": 0, ""freeze_out"": 0, ""head"": ""sigmoid_bce"", ""hid_lr_mult"": 1.0, ""lr"": 0.001, ""muon"": 0, ""optimizer"": ""sgd"", ""out_bias_q"": -1.0, ""out_lr_mult"": 1.0, ""out_w_scale"": 1.0, ""p0"": 0.0, ""preprocess"": ""div255"", ""rule"": ""aligned"", ""seed"": 2, ""shift_step"": 0, ""target_center"": 0, ""target_scale"": 1.0, ""whiten"": 0, ""width"": 300}",,,
E1_headline,aligned,2,1,aligned,1.247653603553772,1.247653603553772,0.782164454460144,0.8717423677444458,0.7366545796394348,0.9575838446617126,3.895810172164086,0.2709460848617659,0.1444961330387471,0.1356772041421885,20,0.1356772041421885,"{""act"": ""tanh"", ""arch"": ""mlp"", ""batch"": 128, ""batchnorm"": 0, ""calibrate_head"": 0, ""center"": ""none"", ""classes"": 10, ""dataset"": ""mnist"", ""depth"": 3, ""fb_row_norm"": 0, ""fb_scale"": 1.0, ""fb_seed"": 1, ""freeze_bias"": 0, ""freeze_out"": 0, ""head"": ""sigmoid_bce"", ""hid_lr_mult"": 1.0, ""lr"": 0.001, ""muon"": 0, ""optimizer"": ""sgd"", ""out_bias_q"": -1.0, ""out_lr_mult"": 1.0, ""out_w_scale"": 1.0, ""p0"": 0.0, ""preprocess"": ""div255"", ""rule"": ""aligned"", ""seed"": 2, ""shift_step"": 0, ""target_center"": 0, ""target_scale"": 1.0, ""whiten"": 0, ""width"": 300}",,,
E1_headline,aligned,2,2,aligned,1.247653603553772,1.247653603553772,0.7830854654312134,0.8717716932296753,0.736443042755127,0.956760585308075,3.9062240313081538,0.2709263935639101,0.1449587938460223,0.1362508731467118,20,0.1362508731467118,"{""act"": ""tanh"", ""arch"": ""mlp"", ""batch"": 128, ""batchnorm"": 0, ""calibrate_head"": 0, ""center"": ""none"", ""classes"": 10, ""dataset"": ""mnist"", ""depth"": 3, ""fb_row_norm"": 0, ""fb_scale"": 1.0, ""fb_seed"": 2, ""freeze_bias"": 0, ""freeze_out"": 0, ""head"": ""sigmoid_bce"", ""hid_lr_mult"": 1.0, ""lr"": 0.001, ""muon"": 0, ""optimizer"": ""sgd"", ""out_bias_q"": -1.0, ""out_lr_mult"": 1.0, ""out_w_scale"": 1.0, ""p0"": 0.0, ""preprocess"": ""div255"", ""rule"": ""aligned"", ""seed"": 2, ""shift_step"": 0, ""target_center"": 0, ""target_scale"": 1.0, ""whiten"": 0, ""width"": 300}",,,
E1_headline,aligned,3,0,aligned,1.1960808038711548,1.1960808038711548,0.791534960269928,0.882820188999176,0.751510500907898,0.9579787850379944,3.890266861859519,0.2290586745622181,0.1180399694191234,0.1197343739660649,20,0.1197343739660649,"{""act"": ""tanh"", ""arch"": ""mlp"", ""batch"": 128, ""batchnorm"": 0, ""calibrate_head"": 0, ""center"": ""none"", ""classes"": 10, ""dataset"": ""mnist"", ""depth"": 3, ""fb_row_norm"": 0, ""fb_scale"": 1.0, ""fb_seed"": 0, ""freeze_bias"": 0, ""freeze_out"": 0, ""head"": ""sigmoid_bce"", ""hid_lr_mult"": 1.0, ""lr"": 0.001, ""muon"": 0, ""optimizer"": ""sgd"", ""out_bias_q"": -1.0, ""out_lr_mult"": 1.0, ""out_w_scale"": 1.0, ""p0"": 0.0, ""preprocess"": ""div255"", ""rule"": ""aligned"", ""seed"": 3, ""shift_step"": 0, ""target_center"": 0, ""target_scale"": 1.0, ""whiten"": 0, ""width"": 300}",,,
E1_headline,aligned,3,1,aligned,1.1960808038711548,1.1960808038711548,0.790740430355072,0.8828716278076172,0.7523505091667175,0.9589035511016846,3.891402826790919,0.2295138007738504,0.1177345541029011,0.1194402293824112,20,0.1194402293824112,"{""act"": ""tanh"", ""arch"": ""mlp"", ""batch"": 128, ""batchnorm"": 0, ""calibrate_head"": 0, ""center"": ""none"", ""classes"": 10, ""dataset"": ""mnist"", ""depth"": 3, ""fb_row_norm"": 0, ""fb_scale"": 1.0, ""fb_seed"": 1, ""freeze_bias"": 0, ""freeze_out"": 0, ""head"": ""sigmoid_bce"", ""hid_lr_mult"": 1.0, ""lr"": 0.001, ""muon"": 0, ""optimizer"": ""sgd"", ""out_bias_q"": -1.0, ""out_lr_mult"": 1.0, ""out_w_scale"": 1.0, ""p0"": 0.0, ""preprocess"": ""div255"", ""rule"": ""aligned"", ""seed"": 3, ""shift_step"": 0, ""target_center"": 0, ""target_scale"": 1.0, ""whiten"": 0, ""width"": 300}",,,
E1_headline,aligned,3,2,aligned,1.1960808038711548,1.1960808038711548,0.7916008830070496,0.8829253911972046,0.7519286274909973,0.9582260847091676,3.900279090968932,0.2293721937246172,0.1180453513792859,0.1199261016112159,20,0.1199261016112159,"{""act"": ""tanh"", ""arch"": ""mlp"", ""batch"": 128, ""batchnorm"": 0, ""calibrate_head"": 0, ""center"": ""none"", ""classes"": 10, ""dataset"": ""mnist"", ""depth"": 3, ""fb_row_norm"": 0, ""fb_scale"": 1.0, ""fb_seed"": 2, ""freeze_bias"": 0, ""freeze_out"": 0, ""head"": ""sigmoid_bce"", ""hid_lr_mult"": 1.0, ""lr"": 0.001, ""muon"": 0, ""optimizer"": ""sgd"", ""out_bias_q"": -1.0, ""out_lr_mult"": 1.0, ""out_w_scale"": 1.0, ""p0"": 0.0, ""preprocess"": ""div255"", ""rule"": ""aligned"", ""seed"": 3, ""shift_step"": 0, ""target_center"": 0, ""target_scale"": 1.0, ""whiten"": 0, ""width"": 300}",,,
E1_headline,aligned,4,0,aligned,1.324767827987671,1.324767827987671,0.7504141926765442,0.8921507000923157,0.7277064919471741,0.95991712808609,3.3938996843970446,0.2620753304105481,0.1359636813567597,0.1246487899665566,20,0.1246487899665566,"{""act"": ""tanh"", ""arch"": ""mlp"", ""batch"": 128, ""batchnorm"": 0, ""calibrate_head"": 0, ""center"": ""none"", ""classes"": 10, ""dataset"": ""mnist"", ""depth"": 3, ""fb_row_norm"": 0, ""fb_scale"": 1.0, ""fb_seed"": 0, ""freeze_bias"": 0, ""freeze_out"": 0, ""head"": ""sigmoid_bce"", ""hid_lr_mult"": 1.0, ""lr"": 0.001, ""muon"": 0, ""optimizer"": ""sgd"", ""out_bias_q"": -1.0, ""out_lr_mult"": 1.0, ""out_w_scale"": 1.0, ""p0"": 0.0, ""preprocess"": ""div255"", ""rule"": ""aligned"", ""seed"": 4, ""shift_step"": 0, ""target_center"": 0, ""target_scale"": 1.0, ""whiten"": 0, ""width"": 300}",,,
E1_headline,aligned,4,1,aligned,1.324767827987671,1.324767827987671,0.7496147751808167,0.8922399878501892,0.7281282544136047,0.961003303527832,3.3933941547226527,0.2623058185656495,0.1355279750605292,0.1243025508403427,20,0.1243025508403427,"{""act"": ""tanh"", ""arch"": ""mlp"", ""batch"": 128, ""batchnorm"": 0, ""calibrate_head"": 0, ""center"": ""none"", ""classes"": 10, ""dataset"": ""mnist"", ""depth"": 3, ""fb_row_norm"": 0, ""fb_scale"": 1.0, ""fb_seed"": 1, ""freeze_bias"": 0, ""freeze_out"": 0, ""head"": ""sigmoid_bce"", ""hid_lr_mult"": 1.0, ""lr"": 0.001, ""muon"": 0, ""optimizer"": ""sgd"", ""out_bias_q"": -1.0, ""out_lr_mult"": 1.0, ""out_w_scale"": 1.0, ""p0"": 0.0, ""preprocess"": ""div255"", ""rule"": ""aligned"", ""seed"": 4, ""shift_step"": 0, ""target_center"": 0, ""target_scale"": 1.0, ""whiten"": 0, ""width"": 300}",,,
E1_headline,aligned,4,2,aligned,1.324767827987671,1.324767827987671,0.7505450248718262,0.8922373056411743,0.7279679775238037,0.9602133631706238,3.401517897075346,0.2623073866319861,0.1359169444145186,0.1248179896433649,20,0.1248179896433649,"{""act"": ""tanh"", ""arch"": ""mlp"", ""batch"": 128, ""batchnorm"": 0, ""calibrate_head"": 0, ""center"": ""none"", ""classes"": 10, ""dataset"": ""mnist"", ""depth"": 3, ""fb_row_norm"": 0, ""fb_scale"": 1.0, ""fb_seed"": 2, ""freeze_bias"": 0, ""freeze_out"": 0, ""head"": ""sigmoid_bce"", ""hid_lr_mult"": 1.0, ""lr"": 0.001, ""muon"": 0, ""optimizer"": ""sgd"", ""out_bias_q"": -1.0, ""out_lr_mult"": 1.0, ""out_w_scale"": 1.0, ""p0"": 0.0, ""preprocess"": ""div255"", ""rule"": ""aligned"", ""seed"": 4, ""shift_step"": 0, ""target_center"": 0, ""target_scale"": 1.0, ""whiten"": 0, ""width"": 300}",,,
E1_headline,base,0,0,dfa,1.2692182064056396,1.2692182064056396,0.9980725646018982,0.2263269871473312,0.894025981426239,0.7242494821548462,14.0534719159783,1.4921227197202316,2.540925627593533,3.676325601922509,70,3.676325601922509,"{""act"": ""tanh"", ""arch"": ""mlp"", ""batch"": 128, ""batchnorm"": 0, ""calibrate_head"": 0, ""center"": ""none"", ""classes"": 10, ""dataset"": ""mnist"", ""depth"": 3, ""fb_row_norm"": 0, ""fb_scale"": 1.0, ""fb_seed"": 0, ""freeze_bias"": 0, ""freeze_out"": 0, ""head"": ""sigmoid_bce"", ""hid_lr_mult"": 1.0, ""lr"": 0.001, ""muon"": 0, ""optimizer"": ""sgd"", ""out_bias_q"": -1.0, ""out_lr_mult"": 1.0, ""out_w_scale"": 1.0, ""p0"": 0.0, ""preprocess"": ""div255"", ""rule"": ""dfa"", ""seed"": 0, ""shift_step"": 0, ""target_center"": 0, ""target_scale"": 1.0, ""whiten"": 0, ""width"": 300}",,,
E1_headline,base,0,1,dfa,1.2692182064056396,1.2692182064056396,0.9980950951576232,0.2220896929502487,0.8871484398841858,0.7276175618171692,16.82091692777195,1.6733449010456936,2.8935900303664024,4.598834566046826,80,4.598834566046826,"{""act"": ""tanh"", ""arch"": ""mlp"", ""batch"": 128, ""batchnorm"": 0, ""calibrate_head"": 0, ""center"": ""none"", ""classes"": 10, ""dataset"": ""mnist"", ""depth"": 3, ""fb_row_norm"": 0, ""fb_scale"": 1.0, ""fb_seed"": 1, ""freeze_bias"": 0, ""freeze_out"": 0, ""head"": ""sigmoid_bce"", ""hid_lr_mult"": 1.0, ""lr"": 0.001, ""muon"": 0, ""optimizer"": ""sgd"", ""out_bias_q"": -1.0, ""out_lr_mult"": 1.0, ""out_w_scale"": 1.0, ""p0"": 0.0, ""preprocess"": ""div255"", ""rule"": ""dfa"", ""seed"": 0, ""shift_step"": 0, ""target_center"": 0, ""target_scale"": 1.0, ""whiten"": 0, ""width"": 300}",,,
E1_headline,base,0,2,dfa,1.2692182064056396,1.2692182064056396,0.998391330242157,0.2531242668628692,0.9046690464019777,0.7298750877380371,16.826551964780244,1.7135598903675928,3.0843221725990078,4.378193973497714,70,4.378193973497714,"{""act"": ""tanh"", ""arch"": ""mlp"", ""batch"": 128, ""batchnorm"": 0, ""calibrate_head"": 0, ""center"": ""none"", ""classes"": 10, ""dataset"": ""mnist"", ""depth"": 3, ""fb_row_norm"": 0, ""fb_scale"": 1.0, ""fb_seed"": 2, ""freeze_bias"": 0, ""freeze_out"": 0, ""head"": ""sigmoid_bce"", ""hid_lr_mult"": 1.0, ""lr"": 0.001, ""muon"": 0, ""optimizer"": ""sgd"", ""out_bias_q"": -1.0, ""out_lr_mult"": 1.0, ""out_w_scale"": 1.0, ""p0"": 0.0, ""preprocess"": ""div255"", ""rule"": ""dfa"", ""seed"": 0, ""shift_step"": 0, ""target_center"": 0, ""target_scale"": 1.0, ""whiten"": 0, ""width"": 300}",,,
E1_headline,base,1,0,dfa,1.3514316082000732,1.3514316082000732,0.9989173412322998,0.1967181712388992,0.9143717885017396,0.6761212348937988,17.339508466643768,1.7613541217985982,3.418701087303472,5.0144680781523165,70,5.0144680781523165,"{""act"": ""tanh"", ""arch"": ""mlp"", ""batch"": 128, ""batchnorm"": 0, ""calibrate_head"": 0, ""center"": ""none"", ""classes"": 10, ""dataset"": ""mnist"", ""depth"": 3, ""fb_row_norm"": 0, ""fb_scale"": 1.0, ""fb_seed"": 0, ""freeze_bias"": 0, ""freeze_out"": 0, ""head"": ""sigmoid_bce"", ""hid_lr_mult"": 1.0, ""lr"": 0.001, ""muon"": 0, ""optimizer"": ""sgd"", ""out_bias_q"": -1.0, ""out_lr_mult"": 1.0, ""out_w_scale"": 1.0, ""p0"": 0.0, ""preprocess"": ""div255"", ""rule"": ""dfa"", ""seed"": 1, ""shift_step"": 0, ""target_center"": 0, ""target_scale"": 1.0, ""whiten"": 0, ""width"": 300}",,,
E1_headline,base,1,1,dfa,1.3514316082000732,1.3514316082000732,0.9989032745361328,0.1923276931047439,0.9021816849708556,0.6914756894111633,18.5263183818089,1.8664388013642907,3.418635580270249,5.577569118587211,80,5.577569118587211,"{""act"": ""tanh"", ""arch"": ""mlp"", ""batch"": 128, ""batchnorm"": 0, ""calibrate_head"": 0, ""center"": ""none"", ""classes"": 10, ""dataset"": ""mnist"", ""depth"": 3, ""fb_row_norm"": 0, ""fb_scale"": 1.0, ""fb_seed"": 1, ""freeze_bias"": 0, ""freeze_out"": 0, ""head"": ""sigmoid_bce"", ""hid_lr_mult"": 1.0, ""lr"": 0.001, ""muon"": 0, ""optimizer"": ""sgd"", ""out_bias_q"": -1.0, ""out_lr_mult"": 1.0, ""out_w_scale"": 1.0, ""p0"": 0.0, ""preprocess"": ""div255"", ""rule"": ""dfa"", ""seed"": 1, ""shift_step"": 0, ""target_center"": 0, ""target_scale"": 1.0, ""whiten"": 0, ""width"": 300}",,,
E1_headline,base,1,2,dfa,1.3514316082000732,1.3514316082000732,0.9986026287078856,0.2091501355171203,0.9102286100387572,0.6766589283943176,18.006439263862067,1.87241982866572,3.62923543769886,5.418871947727809,70,5.418871947727809,"{""act"": ""tanh"", ""arch"": ""mlp"", ""batch"": 128, ""batchnorm"": 0, ""calibrate_head"": 0, ""center"": ""none"", ""classes"": 10, ""dataset"": ""mnist"", ""depth"": 3, ""fb_row_norm"": 0, ""fb_scale"": 1.0, ""fb_seed"": 2, ""freeze_bias"": 0, ""freeze_out"": 0, ""head"": ""sigmoid_bce"", ""hid_lr_mult"": 1.0, ""lr"": 0.001, ""muon"": 0, ""optimizer"": ""sgd"", ""out_bias_q"": -1.0, ""out_lr_mult"": 1.0, ""out_w_scale"": 1.0, ""p0"": 0.0, ""preprocess"": ""div255"", ""rule"": ""dfa"", ""seed"": 1, ""shift_step"": 0, ""target_center"": 0, ""target_scale"": 1.0, ""whiten"": 0, ""width"": 300}",,,
E1_headline,base,2,0,dfa,1.247653603553772,1.247653603553772,0.9975038766860962,0.2798041403293609,0.9066154956817628,0.7107887864112854,16.91873191954543,1.5927960779143246,2.993362037436027,4.22967016317767,80,4.22967016317767,"{""act"": ""tanh"", ""arch"": ""mlp"", ""batch"": 128, ""batchnorm"": 0, ""calibrate_head"": 0, ""center"": ""none"", ""classes"": 10, ""dataset"": ""mnist"", ""depth"": 3, ""fb_row_norm"": 0, ""fb_scale"": 1.0, ""fb_seed"": 0, ""freeze_bias"": 0, ""freeze_out"": 0, ""head"": ""sigmoid_bce"", ""hid_lr_mult"": 1.0, ""lr"": 0.001, ""muon"": 0, ""optimizer"": ""sgd"", ""out_bias_q"": -1.0, ""out_lr_mult"": 1.0, ""out_w_scale"": 1.0, ""p0"": 0.0, ""preprocess"": ""div255"", ""rule"": ""dfa"", ""seed"": 2, ""shift_step"": 0, ""target_center"": 0, ""target_scale"": 1.0, ""whiten"": 0, ""width"": 300}",,,
E1_headline,base,2,1,dfa,1.247653603553772,1.247653603553772,0.9990813732147216,0.1824692338705063,0.9062361121177672,0.7132661938667297,17.32838455891533,1.6070245509151948,2.976983677901601,4.747278966395653,70,4.747278966395653,"{""act"": ""tanh"", ""arch"": ""mlp"", ""batch"": 128, ""batchnorm"": 0, ""calibrate_head"": 0, ""center"": ""none"", ""classes"": 10, ""dataset"": ""mnist"", ""depth"": 3, ""fb_row_norm"": 0, ""fb_scale"": 1.0, ""fb_seed"": 1, ""freeze_bias"": 0, ""freeze_out"": 0, ""head"": ""sigmoid_bce"", ""hid_lr_mult"": 1.0, ""lr"": 0.001, ""muon"": 0, ""optimizer"": ""sgd"", ""out_bias_q"": -1.0, ""out_lr_mult"": 1.0, ""out_w_scale"": 1.0, ""p0"": 0.0, ""preprocess"": ""div255"", ""rule"": ""dfa"", ""seed"": 2, ""shift_step"": 0, ""target_center"": 0, ""target_scale"": 1.0, ""whiten"": 0, ""width"": 300}",,,
E1_headline,base,2,2,dfa,1.247653603553772,1.247653603553772,0.9982762932777404,0.2242631614208221,0.9032276272773744,0.7118026614189148,15.4016151386935,1.7945374288185971,3.412173004859885,5.0140220285374095,80,5.0140220285374095,"{""act"": ""tanh"", ""arch"": ""mlp"", ""batch"": 128, ""batchnorm"": 0, ""calibrate_head"": 0, ""center"": ""none"", ""classes"": 10, ""dataset"": ""mnist"", ""depth"": 3, ""fb_row_norm"": 0, ""fb_scale"": 1.0, ""fb_seed"": 2, ""freeze_bias"": 0, ""freeze_out"": 0, ""head"": ""sigmoid_bce"", ""hid_lr_mult"": 1.0, ""lr"": 0.001, ""muon"": 0, ""optimizer"": ""sgd"", ""out_bias_q"": -1.0, ""out_lr_mult"": 1.0, ""out_w_scale"": 1.0, ""p0"": 0.0, ""preprocess"": ""div255"", ""rule"": ""dfa"", ""seed"": 2, ""shift_step"": 0, ""target_center"": 0, ""target_scale"": 1.0, ""whiten"": 0, ""width"": 300}",,,
E1_headline,base,3,0,dfa,1.1960808038711548,1.1960808038711548,0.9984082579612732,0.2242960184812545,0.9171748161315918,0.6698843240737915,17.431425066171116,1.7144669755121,3.4399095587419404,4.7349506770960845,80,4.7349506770960845,"{""act"": ""tanh"", ""arch"": ""mlp"", ""batch"": 128, ""batchnorm"": 0, ""calibrate_head"": 0, ""center"": ""none"", ""classes"": 10, ""dataset"": ""mnist"", ""depth"": 3, ""fb_row_norm"": 0, ""fb_scale"": 1.0, ""fb_seed"": 0, ""freeze_bias"": 0, ""freeze_out"": 0, ""head"": ""sigmoid_bce"", ""hid_lr_mult"": 1.0, ""lr"": 0.001, ""muon"": 0, ""optimizer"": ""sgd"", ""out_bias_q"": -1.0, ""out_lr_mult"": 1.0, ""out_w_scale"": 1.0, ""p0"": 0.0, ""preprocess"": ""div255"", ""rule"": ""dfa"", ""seed"": 3, ""shift_step"": 0, ""target_center"": 0, ""target_scale"": 1.0, ""whiten"": 0, ""width"": 300}",,,
E1_headline,base,3,1,dfa,1.1960808038711548,1.1960808038711548,0.998460590839386,0.2148691266775131,0.8984485864639282,0.7237449288368225,17.848154020489083,1.6408324201326072,2.847821475878094,4.452273270996731,80,4.452273270996731,"{""act"": ""tanh"", ""arch"": ""mlp"", ""batch"": 128, ""batchnorm"": 0, ""calibrate_head"": 0, ""center"": ""none"", ""classes"": 10, ""dataset"": ""mnist"", ""depth"": 3, ""fb_row_norm"": 0, ""fb_scale"": 1.0, ""fb_seed"": 1, ""freeze_bias"": 0, ""freeze_out"": 0, ""head"": ""sigmoid_bce"", ""hid_lr_mult"": 1.0, ""lr"": 0.001, ""muon"": 0, ""optimizer"": ""sgd"", ""out_bias_q"": -1.0, ""out_lr_mult"": 1.0, ""out_w_scale"": 1.0, ""p0"": 0.0, ""preprocess"": ""div255"", ""rule"": ""dfa"", ""seed"": 3, ""shift_step"": 0, ""target_center"": 0, ""target_scale"": 1.0, ""whiten"": 0, ""width"": 300}",,,
E1_headline,base,3,2,dfa,1.1960808038711548,1.1960808038711548,0.9980003237724304,0.2409958690404892,0.8934328556060791,0.7294034361839294,17.271716634736862,1.6334135575700124,2.8587206560298863,4.299547982939208,80,4.299547982939208,"{""act"": ""tanh"", ""arch"": ""mlp"", ""batch"": 128, ""batchnorm"": 0, ""calibrate_head"": 0, ""center"": ""none"", ""classes"": 10, ""dataset"": ""mnist"", ""depth"": 3, ""fb_row_norm"": 0, ""fb_scale"": 1.0, ""fb_seed"": 2, ""freeze_bias"": 0, ""freeze_out"": 0, ""head"": ""sigmoid_bce"", ""hid_lr_mult"": 1.0, ""lr"": 0.001, ""muon"": 0, ""optimizer"": ""sgd"", ""out_bias_q"": -1.0, ""out_lr_mult"": 1.0, ""out_w_scale"": 1.0, ""p0"": 0.0, ""preprocess"": ""div255"", ""rule"": ""dfa"", ""seed"": 3, ""shift_step"": 0, ""target_center"": 0, ""target_scale"": 1.0, ""whiten"": 0, ""width"": 300}",,,
E1_headline,base,4,0,dfa,1.324767827987671,1.324767827987671,0.99859619140625,0.208631157875061,0.9133049249649048,0.6886773705482483,17.422451034647963,1.6610940540207573,3.301805043027336,4.545095458251601,70,4.545095458251601,"{""act"": ""tanh"", ""arch"": ""mlp"", ""batch"": 128, ""batchnorm"": 0, ""calibrate_head"": 0, ""center"": ""none"", ""classes"": 10, ""dataset"": ""mnist"", ""depth"": 3, ""fb_row_norm"": 0, ""fb_scale"": 1.0, ""fb_seed"": 0, ""freeze_bias"": 0, ""freeze_out"": 0, ""head"": ""sigmoid_bce"", ""hid_lr_mult"": 1.0, ""lr"": 0.001, ""muon"": 0, ""optimizer"": ""sgd"", ""out_bias_q"": -1.0, ""out_lr_mult"": 1.0, ""out_w_scale"": 1.0, ""p0"": 0.0, ""preprocess"": ""div255"", ""rule"": ""dfa"", ""seed"": 4, ""shift_step"": 0, ""target_center"": 0, ""target_scale"": 1.0, ""whiten"": 0, ""width"": 300}",,,
E1_headline,base,4,1,dfa,1.324767827987671,1.324767827987671,0.99744975566864,0.2823956310749054,0.8950793743133545,0.7368824481964111,18.049316014594663,1.6417382275701609,2.988670879259235,4.363199290204674,80,4.363199290204674,"{""act"": ""tanh"", ""arch"": ""mlp"", ""batch"": 128, ""batchnorm"": 0, ""calibrate_head"": 0, ""center"": ""none"", ""classes"": 10, ""dataset"": ""mnist"", ""depth"": 3, ""fb_row_norm"": 0, ""fb_scale"": 1.0, ""fb_seed"": 1, ""freeze_bias"": 0, ""freeze_out"": 0, ""head"": ""sigmoid_bce"", ""hid_lr_mult"": 1.0, ""lr"": 0.001, ""muon"": 0, ""optimizer"": ""sgd"", ""out_bias_q"": -1.0, ""out_lr_mult"": 1.0, ""out_w_scale"": 1.0, ""p0"": 0.0, ""preprocess"": ""div255"", ""rule"": ""dfa"", ""seed"": 4, ""shift_step"": 0, ""target_center"": 0, ""target_scale"": 1.0, ""whiten"": 0, ""width"": 300}",,,
E1_headline,base,4,2,dfa,1.324767827987671,1.324767827987671,0.998175859451294,0.220174178481102,0.9003204107284546,0.7159628868103027,16.56253391967539,1.7070460060918196,3.1462200717991915,4.373448576319689,80,4.373448576319689,"{""act"": ""tanh"", ""arch"": ""mlp"", ""batch"": 128, ""batchnorm"": 0, ""calibrate_head"": 0, ""center"": ""none"", ""classes"": 10, ""dataset"": ""mnist"", ""depth"": 3, ""fb_row_norm"": 0, ""fb_scale"": 1.0, ""fb_seed"": 2, ""freeze_bias"": 0, ""freeze_out"": 0, ""head"": ""sigmoid_bce"", ""hid_lr_mult"": 1.0, ""lr"": 0.001, ""muon"": 0, ""optimizer"": ""sgd"", ""out_bias_q"": -1.0, ""out_lr_mult"": 1.0, ""out_w_scale"": 1.0, ""p0"": 0.0, ""preprocess"": ""div255"", ""rule"": ""dfa"", ""seed"": 4, ""shift_step"": 0, ""target_center"": 0, ""target_scale"": 1.0, ""whiten"": 0, ""width"": 300}",,,
E1_headline,center_delta,0,0,dfa,1.2692182064056396,1.2692182064056396,0.5288453698158264,0.8552682399749756,0.5753377079963684,0.9392639398574828,99.6320630268113,38.1590001599436,88.20538513235692,99.6320630268113,3000,99.6320630268113,"{""act"": ""tanh"", ""arch"": ""mlp"", ""batch"": 128, ""batchnorm"": 0, ""calibrate_head"": 0, ""center"": ""delta"", ""classes"": 10, ""dataset"": ""mnist"", ""depth"": 3, ""fb_row_norm"": 0, ""fb_scale"": 1.0, ""fb_seed"": 0, ""freeze_bias"": 0, ""freeze_out"": 0, ""head"": ""sigmoid_bce"", ""hid_lr_mult"": 1.0, ""lr"": 0.001, ""muon"": 0, ""optimizer"": ""sgd"", ""out_bias_q"": -1.0, ""out_lr_mult"": 1.0, ""out_w_scale"": 1.0, ""p0"": 0.0, ""preprocess"": ""div255"", ""rule"": ""dfa"", ""seed"": 0, ""shift_step"": 0, ""target_center"": 0, ""target_scale"": 1.0, ""whiten"": 0, ""width"": 300}",,,
E1_headline,center_delta,0,1,dfa,1.2692182064056396,1.2692182064056396,0.4584457576274872,0.893832802772522,0.5603103637695312,0.9406810998916626,73.43218868381274,32.19790587573333,59.73304482156609,73.43218868381274,3000,73.43218868381274,"{""act"": ""tanh"", ""arch"": ""mlp"", ""batch"": 128, ""batchnorm"": 0, ""calibrate_head"": 0, ""center"": ""delta"", ""classes"": 10, ""dataset"": ""mnist"", ""depth"": 3, ""fb_row_norm"": 0, ""fb_scale"": 1.0, ""fb_seed"": 1, ""freeze_bias"": 0, ""freeze_out"": 0, ""head"": ""sigmoid_bce"", ""hid_lr_mult"": 1.0, ""lr"": 0.001, ""muon"": 0, ""optimizer"": ""sgd"", ""out_bias_q"": -1.0, ""out_lr_mult"": 1.0, ""out_w_scale"": 1.0, ""p0"": 0.0, ""preprocess"": ""div255"", ""rule"": ""dfa"", ""seed"": 0, ""shift_step"": 0, ""target_center"": 0, ""target_scale"": 1.0, ""whiten"": 0, ""width"": 300}",,,
E1_headline,center_delta,0,2,dfa,1.2692182064056396,1.2692182064056396,0.5421352982521057,0.8448178172111511,0.5562245845794678,0.9339678883552552,100.47995934980815,37.6583556913488,83.5004096375641,100.47995934980815,3000,100.47995934980815,"{""act"": ""tanh"", ""arch"": ""mlp"", ""batch"": 128, ""batchnorm"": 0, ""calibrate_head"": 0, ""center"": ""delta"", ""classes"": 10, ""dataset"": ""mnist"", ""depth"": 3, ""fb_row_norm"": 0, ""fb_scale"": 1.0, ""fb_seed"": 2, ""freeze_bias"": 0, ""freeze_out"": 0, ""head"": ""sigmoid_bce"", ""hid_lr_mult"": 1.0, ""lr"": 0.001, ""muon"": 0, ""optimizer"": ""sgd"", ""out_bias_q"": -1.0, ""out_lr_mult"": 1.0, ""out_w_scale"": 1.0, ""p0"": 0.0, ""preprocess"": ""div255"", ""rule"": ""dfa"", ""seed"": 0, ""shift_step"": 0, ""target_center"": 0, ""target_scale"": 1.0, ""whiten"": 0, ""width"": 300}",,,
E1_headline,center_delta,1,0,dfa,1.3514316082000732,1.3514316082000732,0.5508618950843811,0.4755617380142212,0.5382559299468994,0.8980246186256409,114.03794073550974,39.07906195128376,97.06871693380516,114.03794073550974,3000,114.03794073550974,"{""act"": ""tanh"", ""arch"": ""mlp"", ""batch"": 128, ""batchnorm"": 0, ""calibrate_head"": 0, ""center"": ""delta"", ""classes"": 10, ""dataset"": ""mnist"", ""depth"": 3, ""fb_row_norm"": 0, ""fb_scale"": 1.0, ""fb_seed"": 0, ""freeze_bias"": 0, ""freeze_out"": 0, ""head"": ""sigmoid_bce"", ""hid_lr_mult"": 1.0, ""lr"": 0.001, ""muon"": 0, ""optimizer"": ""sgd"", ""out_bias_q"": -1.0, ""out_lr_mult"": 1.0, ""out_w_scale"": 1.0, ""p0"": 0.0, ""preprocess"": ""div255"", ""rule"": ""dfa"", ""seed"": 1, ""shift_step"": 0, ""target_center"": 0, ""target_scale"": 1.0, ""whiten"": 0, ""width"": 300}",,,
E1_headline,center_delta,1,1,dfa,1.3514316082000732,1.3514316082000732,0.5516651272773743,0.5274276733398438,0.5117236375808716,0.9091067910194396,117.20522444461278,40.37938546177909,90.8322167260324,117.20522444461278,3000,117.20522444461278,"{""act"": ""tanh"", ""arch"": ""mlp"", ""batch"": 128, ""batchnorm"": 0, ""calibrate_head"": 0, ""center"": ""delta"", ""classes"": 10, ""dataset"": ""mnist"", ""depth"": 3, ""fb_row_norm"": 0, ""fb_scale"": 1.0, ""fb_seed"": 1, ""freeze_bias"": 0, ""freeze_out"": 0, ""head"": ""sigmoid_bce"", ""hid_lr_mult"": 1.0, ""lr"": 0.001, ""muon"": 0, ""optimizer"": ""sgd"", ""out_bias_q"": -1.0, ""out_lr_mult"": 1.0, ""out_w_scale"": 1.0, ""p0"": 0.0, ""preprocess"": ""div255"", ""rule"": ""dfa"", ""seed"": 1, ""shift_step"": 0, ""target_center"": 0, ""target_scale"": 1.0, ""whiten"": 0, ""width"": 300}",,,
E1_headline,center_delta,1,2,dfa,1.3514316082000732,1.3514316082000732,0.5168434977531433,0.7492882013320923,0.5247688293457031,0.9297548532485962,102.6355810150375,39.32004535510017,85.86304520234653,102.6355810150375,3000,102.6355810150375,"{""act"": ""tanh"", ""arch"": ""mlp"", ""batch"": 128, ""batchnorm"": 0, ""calibrate_head"": 0, ""center"": ""delta"", ""classes"": 10, ""dataset"": ""mnist"", ""depth"": 3, ""fb_row_norm"": 0, ""fb_scale"": 1.0, ""fb_seed"": 2, ""freeze_bias"": 0, ""freeze_out"": 0, ""head"": ""sigmoid_bce"", ""hid_lr_mult"": 1.0, ""lr"": 0.001, ""muon"": 0, ""optimizer"": ""sgd"", ""out_bias_q"": -1.0, ""out_lr_mult"": 1.0, ""out_w_scale"": 1.0, ""p0"": 0.0, ""preprocess"": ""div255"", ""rule"": ""dfa"", ""seed"": 1, ""shift_step"": 0, ""target_center"": 0, ""target_scale"": 1.0, ""whiten"": 0, ""width"": 300}",,,
E1_headline,center_delta,2,0,dfa,1.247653603553772,1.247653603553772,0.4722411334514618,0.8833589553833008,0.5615759491920471,0.9436829090118408,87.01395009234245,35.72881571716572,78.88701631885884,87.01395009234245,3000,87.01395009234245,"{""act"": ""tanh"", ""arch"": ""mlp"", ""batch"": 128, ""batchnorm"": 0, ""calibrate_head"": 0, ""center"": ""delta"", ""classes"": 10, ""dataset"": ""mnist"", ""depth"": 3, ""fb_row_norm"": 0, ""fb_scale"": 1.0, ""fb_seed"": 0, ""freeze_bias"": 0, ""freeze_out"": 0, ""head"": ""sigmoid_bce"", ""hid_lr_mult"": 1.0, ""lr"": 0.001, ""muon"": 0, ""optimizer"": ""sgd"", ""out_bias_q"": -1.0, ""out_lr_mult"": 1.0, ""out_w_scale"": 1.0, ""p0"": 0.0, ""preprocess"": ""div255"", ""rule"": ""dfa"", ""seed"": 2, ""shift_step"": 0, ""target_center"": 0, ""target_scale"": 1.0, ""whiten"": 0, ""width"": 300}",,,
E1_headline,center_delta,2,1,dfa,1.247653603553772,1.247653603553772,0.520337700843811,0.8504082560539246,0.5281188488006592,0.9424484968185424,108.9105928654229,38.84107163954746,80.37319285029791,108.9105928654229,3000,108.9105928654229,"{""act"": ""tanh"", ""arch"": ""mlp"", ""batch"": 128, ""batchnorm"": 0, ""calibrate_head"": 0, ""center"": ""delta"", ""classes"": 10, ""dataset"": ""mnist"", ""depth"": 3, ""fb_row_norm"": 0, ""fb_scale"": 1.0, ""fb_seed"": 1, ""freeze_bias"": 0, ""freeze_out"": 0, ""head"": ""sigmoid_bce"", ""hid_lr_mult"": 1.0, ""lr"": 0.001, ""muon"": 0, ""optimizer"": ""sgd"", ""out_bias_q"": -1.0, ""out_lr_mult"": 1.0, ""out_w_scale"": 1.0, ""p0"": 0.0, ""preprocess"": ""div255"", ""rule"": ""dfa"", ""seed"": 2, ""shift_step"": 0, ""target_center"": 0, ""target_scale"": 1.0, ""whiten"": 0, ""width"": 300}",,,
E1_headline,center_delta,2,2,dfa,1.247653603553772,1.247653603553772,0.4560545682907104,0.8119069337844849,0.5293197631835938,0.9395528435707092,100.72287779825749,40.17235633426933,86.4912875507452,100.72287779825749,3000,100.72287779825749,"{""act"": ""tanh"", ""arch"": ""mlp"", ""batch"": 128, ""batchnorm"": 0, ""calibrate_head"": 0, ""center"": ""delta"", ""classes"": 10, ""dataset"": ""mnist"", ""depth"": 3, ""fb_row_norm"": 0, ""fb_scale"": 1.0, ""fb_seed"": 2, ""freeze_bias"": 0, ""freeze_out"": 0, ""head"": ""sigmoid_bce"", ""hid_lr_mult"": 1.0, ""lr"": 0.001, ""muon"": 0, ""optimizer"": ""sgd"", ""out_bias_q"": -1.0, ""out_lr_mult"": 1.0, ""out_w_scale"": 1.0, ""p0"": 0.0, ""preprocess"": ""div255"", ""rule"": ""dfa"", ""seed"": 2, ""shift_step"": 0, ""target_center"": 0, ""target_scale"": 1.0, ""whiten"": 0, ""width"": 300}",,,
E1_headline,center_delta,3,0,dfa,1.1960808038711548,1.1960808038711548,0.5591962337493896,0.7350038886070251,0.5806268453598022,0.930028200149536,101.43795351963648,38.74020459378044,92.1438986289417,101.43795351963648,3000,101.43795351963648,"{""act"": ""tanh"", ""arch"": ""mlp"", ""batch"": 128, ""batchnorm"": 0, ""calibrate_head"": 0, ""center"": ""delta"", ""classes"": 10, ""dataset"": ""mnist"", ""depth"": 3, ""fb_row_norm"": 0, ""fb_scale"": 1.0, ""fb_seed"": 0, ""freeze_bias"": 0, ""freeze_out"": 0, ""head"": ""sigmoid_bce"", ""hid_lr_mult"": 1.0, ""lr"": 0.001, ""muon"": 0, ""optimizer"": ""sgd"", ""out_bias_q"": -1.0, ""out_lr_mult"": 1.0, ""out_w_scale"": 1.0, ""p0"": 0.0, ""preprocess"": ""div255"", ""rule"": ""dfa"", ""seed"": 3, ""shift_step"": 0, ""target_center"": 0, ""target_scale"": 1.0, ""whiten"": 0, ""width"": 300}",,,
E1_headline,center_delta,3,1,dfa,1.1960808038711548,1.1960808038711548,0.6720611453056335,0.7999967336654663,0.5653523206710815,0.9349936246871948,110.39991732222953,35.943567110840185,79.02653103836025,110.39991732222953,3000,110.39991732222953,"{""act"": ""tanh"", ""arch"": ""mlp"", ""batch"": 128, ""batchnorm"": 0, ""calibrate_head"": 0, ""center"": ""delta"", ""classes"": 10, ""dataset"": ""mnist"", ""depth"": 3, ""fb_row_norm"": 0, ""fb_scale"": 1.0, ""fb_seed"": 1, ""freeze_bias"": 0, ""freeze_out"": 0, ""head"": ""sigmoid_bce"", ""hid_lr_mult"": 1.0, ""lr"": 0.001, ""muon"": 0, ""optimizer"": ""sgd"", ""out_bias_q"": -1.0, ""out_lr_mult"": 1.0, ""out_w_scale"": 1.0, ""p0"": 0.0, ""preprocess"": ""div255"", ""rule"": ""dfa"", ""seed"": 3, ""shift_step"": 0, ""target_center"": 0, ""target_scale"": 1.0, ""whiten"": 0, ""width"": 300}",,,
E1_headline,center_delta,3,2,dfa,1.1960808038711548,1.1960808038711548,0.5877275466918945,0.6091715097427368,0.5528181195259094,0.9269139766693116,128.03043595127502,43.95363190149642,101.02238157379118,128.03043595127502,3000,128.03043595127502,"{""act"": ""tanh"", ""arch"": ""mlp"", ""batch"": 128, ""batchnorm"": 0, ""calibrate_head"": 0, ""center"": ""delta"", ""classes"": 10, ""dataset"": ""mnist"", ""depth"": 3, ""fb_row_norm"": 0, ""fb_scale"": 1.0, ""fb_seed"": 2, ""freeze_bias"": 0, ""freeze_out"": 0, ""head"": ""sigmoid_bce"", ""hid_lr_mult"": 1.0, ""lr"": 0.001, ""muon"": 0, ""optimizer"": ""sgd"", ""out_bias_q"": -1.0, ""out_lr_mult"": 1.0, ""out_w_scale"": 1.0, ""p0"": 0.0, ""preprocess"": ""div255"", ""rule"": ""dfa"", ""seed"": 3, ""shift_step"": 0, ""target_center"": 0, ""target_scale"": 1.0, ""whiten"": 0, ""width"": 300}",,,
E1_headline,center_delta,4,0,dfa,1.324767827987671,1.324767827987671,0.4330068528652191,0.7578819394111633,0.5341271162033081,0.9308173060417176,104.17261332948092,40.68443863596767,95.91010435309396,104.17261332948092,3000,104.17261332948092,"{""act"": ""tanh"", ""arch"": ""mlp"", ""batch"": 128, ""batchnorm"": 0, ""calibrate_head"": 0, ""center"": ""delta"", ""classes"": 10, ""dataset"": ""mnist"", ""depth"": 3, ""fb_row_norm"": 0, ""fb_scale"": 1.0, ""fb_seed"": 0, ""freeze_bias"": 0, ""freeze_out"": 0, ""head"": ""sigmoid_bce"", ""hid_lr_mult"": 1.0, ""lr"": 0.001, ""muon"": 0, ""optimizer"": ""sgd"", ""out_bias_q"": -1.0, ""out_lr_mult"": 1.0, ""out_w_scale"": 1.0, ""p0"": 0.0, ""preprocess"": ""div255"", ""rule"": ""dfa"", ""seed"": 4, ""shift_step"": 0, ""target_center"": 0, ""target_scale"": 1.0, ""whiten"": 0, ""width"": 300}",,,
E1_headline,center_delta,4,1,dfa,1.324767827987671,1.324767827987671,0.4633989334106445,0.7613976001739502,0.5225515961647034,0.9280548095703124,114.16047166327606,41.98540934987847,92.82641831647652,114.16047166327606,3000,114.16047166327606,"{""act"": ""tanh"", ""arch"": ""mlp"", ""batch"": 128, ""batchnorm"": 0, ""calibrate_head"": 0, ""center"": ""delta"", ""classes"": 10, ""dataset"": ""mnist"", ""depth"": 3, ""fb_row_norm"": 0, ""fb_scale"": 1.0, ""fb_seed"": 1, ""freeze_bias"": 0, ""freeze_out"": 0, ""head"": ""sigmoid_bce"", ""hid_lr_mult"": 1.0, ""lr"": 0.001, ""muon"": 0, ""optimizer"": ""sgd"", ""out_bias_q"": -1.0, ""out_lr_mult"": 1.0, ""out_w_scale"": 1.0, ""p0"": 0.0, ""preprocess"": ""div255"", ""rule"": ""dfa"", ""seed"": 4, ""shift_step"": 0, ""target_center"": 0, ""target_scale"": 1.0, ""whiten"": 0, ""width"": 300}",,,
E1_headline,center_delta,4,2,dfa,1.324767827987671,1.324767827987671,0.5008898377418518,0.5954822301864624,0.4991433620452881,0.9265721440315248,114.8294219853121,41.49961856612379,93.67055282813548,114.8294219853121,3000,114.8294219853121,"{""act"": ""tanh"", ""arch"": ""mlp"", ""batch"": 128, ""batchnorm"": 0, ""calibrate_head"": 0, ""center"": ""delta"", ""classes"": 10, ""dataset"": ""mnist"", ""depth"": 3, ""fb_row_norm"": 0, ""fb_scale"": 1.0, ""fb_seed"": 2, ""freeze_bias"": 0, ""freeze_out"": 0, ""head"": ""sigmoid_bce"", ""hid_lr_mult"": 1.0, ""lr"": 0.001, ""muon"": 0, ""optimizer"": ""sgd"", ""out_bias_q"": -1.0, ""out_lr_mult"": 1.0, ""out_w_scale"": 1.0, ""p0"": 0.0, ""preprocess"": ""div255"", ""rule"": ""dfa"", ""seed"": 4, ""shift_step"": 0, ""target_center"": 0, ""target_scale"": 1.0, ""whiten"": 0, ""width"": 300}",,,
E1_headline,center_e,0,0,dfa,1.2692182064056396,1.2692182064056396,0.3545146286487579,0.937033712863922,0.3549448549747467,0.9904417991638184,47.06930894006229,70.70890387737745,34.17119625244025,47.06930894006229,3000,47.06930894006229,"{""act"": ""tanh"", ""arch"": ""mlp"", ""batch"": 128, ""batchnorm"": 0, ""calibrate_head"": 0, ""center"": ""e"", ""classes"": 10, ""dataset"": ""mnist"", ""depth"": 3, ""fb_row_norm"": 0, ""fb_scale"": 1.0, ""fb_seed"": 0, ""freeze_bias"": 0, ""freeze_out"": 0, ""head"": ""sigmoid_bce"", ""hid_lr_mult"": 1.0, ""lr"": 0.001, ""muon"": 0, ""optimizer"": ""sgd"", ""out_bias_q"": -1.0, ""out_lr_mult"": 1.0, ""out_w_scale"": 1.0, ""p0"": 0.0, ""preprocess"": ""div255"", ""rule"": ""dfa"", ""seed"": 0, ""shift_step"": 0, ""target_center"": 0, ""target_scale"": 1.0, ""whiten"": 0, ""width"": 300}",,,
E1_headline,center_e,0,1,dfa,1.2692182064056396,1.2692182064056396,0.3540035486221313,0.9202103614807128,0.3544527292251587,0.9874898195266724,45.10787985836701,76.75462230039928,30.864082367010404,45.10787985836701,3000,45.10787985836701,"{""act"": ""tanh"", ""arch"": ""mlp"", ""batch"": 128, ""batchnorm"": 0, ""calibrate_head"": 0, ""center"": ""e"", ""classes"": 10, ""dataset"": ""mnist"", ""depth"": 3, ""fb_row_norm"": 0, ""fb_scale"": 1.0, ""fb_seed"": 1, ""freeze_bias"": 0, ""freeze_out"": 0, ""head"": ""sigmoid_bce"", ""hid_lr_mult"": 1.0, ""lr"": 0.001, ""muon"": 0, ""optimizer"": ""sgd"", ""out_bias_q"": -1.0, ""out_lr_mult"": 1.0, ""out_w_scale"": 1.0, ""p0"": 0.0, ""preprocess"": ""div255"", ""rule"": ""dfa"", ""seed"": 0, ""shift_step"": 0, ""target_center"": 0, ""target_scale"": 1.0, ""whiten"": 0, ""width"": 300}",,,
E1_headline,center_e,0,2,dfa,1.2692182064056396,1.2692182064056396,0.3540035486221313,0.9191195964813232,0.3557083904743194,0.9894422888755798,44.598117157231535,71.01924343711316,34.645286416433905,44.598117157231535,3000,44.598117157231535,"{""act"": ""tanh"", ""arch"": ""mlp"", ""batch"": 128, ""batchnorm"": 0, ""calibrate_head"": 0, ""center"": ""e"", ""classes"": 10, ""dataset"": ""mnist"", ""depth"": 3, ""fb_row_norm"": 0, ""fb_scale"": 1.0, ""fb_seed"": 2, ""freeze_bias"": 0, ""freeze_out"": 0, ""head"": ""sigmoid_bce"", ""hid_lr_mult"": 1.0, ""lr"": 0.001, ""muon"": 0, ""optimizer"": ""sgd"", ""out_bias_q"": -1.0, ""out_lr_mult"": 1.0, ""out_w_scale"": 1.0, ""p0"": 0.0, ""preprocess"": ""div255"", ""rule"": ""dfa"", ""seed"": 0, ""shift_step"": 0, ""target_center"": 0, ""target_scale"": 1.0, ""whiten"": 0, ""width"": 300}",,,
E1_headline,center_e,1,0,dfa,1.3514316082000732,1.3514316082000732,0.387746512889862,0.9221999049186708,0.3873637318611145,0.9830918312072754,50.08348221974552,70.81366862132501,34.61700661724623,50.08348221974552,3000,50.08348221974552,"{""act"": ""tanh"", ""arch"": ""mlp"", ""batch"": 128, ""batchnorm"": 0, ""calibrate_head"": 0, ""center"": ""e"", ""classes"": 10, ""dataset"": ""mnist"", ""depth"": 3, ""fb_row_norm"": 0, ""fb_scale"": 1.0, ""fb_seed"": 0, ""freeze_bias"": 0, ""freeze_out"": 0, ""head"": ""sigmoid_bce"", ""hid_lr_mult"": 1.0, ""lr"": 0.001, ""muon"": 0, ""optimizer"": ""sgd"", ""out_bias_q"": -1.0, ""out_lr_mult"": 1.0, ""out_w_scale"": 1.0, ""p0"": 0.0, ""preprocess"": ""div255"", ""rule"": ""dfa"", ""seed"": 1, ""shift_step"": 0, ""target_center"": 0, ""target_scale"": 1.0, ""whiten"": 0, ""width"": 300}",,,
E1_headline,center_e,1,1,dfa,1.3514316082000732,1.3514316082000732,0.391764372587204,0.9543123841285706,0.3879089951515198,0.988448441028595,51.17829088425214,72.0666427828564,32.90069554356689,51.17829088425214,3000,51.17829088425214,"{""act"": ""tanh"", ""arch"": ""mlp"", ""batch"": 128, ""batchnorm"": 0, ""calibrate_head"": 0, ""center"": ""e"", ""classes"": 10, ""dataset"": ""mnist"", ""depth"": 3, ""fb_row_norm"": 0, ""fb_scale"": 1.0, ""fb_seed"": 1, ""freeze_bias"": 0, ""freeze_out"": 0, ""head"": ""sigmoid_bce"", ""hid_lr_mult"": 1.0, ""lr"": 0.001, ""muon"": 0, ""optimizer"": ""sgd"", ""out_bias_q"": -1.0, ""out_lr_mult"": 1.0, ""out_w_scale"": 1.0, ""p0"": 0.0, ""preprocess"": ""div255"", ""rule"": ""dfa"", ""seed"": 1, ""shift_step"": 0, ""target_center"": 0, ""target_scale"": 1.0, ""whiten"": 0, ""width"": 300}",,,
E1_headline,center_e,1,2,dfa,1.3514316082000732,1.3514316082000732,0.3900504410266876,0.9478809237480164,0.3877899944782257,0.9868943691253662,52.69181421351448,64.77786201221049,34.11735142605267,52.69181421351448,3000,52.69181421351448,"{""act"": ""tanh"", ""arch"": ""mlp"", ""batch"": 128, ""batchnorm"": 0, ""calibrate_head"": 0, ""center"": ""e"", ""classes"": 10, ""dataset"": ""mnist"", ""depth"": 3, ""fb_row_norm"": 0, ""fb_scale"": 1.0, ""fb_seed"": 2, ""freeze_bias"": 0, ""freeze_out"": 0, ""head"": ""sigmoid_bce"", ""hid_lr_mult"": 1.0, ""lr"": 0.001, ""muon"": 0, ""optimizer"": ""sgd"", ""out_bias_q"": -1.0, ""out_lr_mult"": 1.0, ""out_w_scale"": 1.0, ""p0"": 0.0, ""preprocess"": ""div255"", ""rule"": ""dfa"", ""seed"": 1, ""shift_step"": 0, ""target_center"": 0, ""target_scale"": 1.0, ""whiten"": 0, ""width"": 300}",,,
E1_headline,center_e,2,0,dfa,1.247653603553772,1.247653603553772,0.3911522030830383,0.9443275928497314,0.4126372337341308,0.9858370423316956,43.75441475319512,74.91713759178971,31.048104008522127,43.75441475319512,3000,43.75441475319512,"{""act"": ""tanh"", ""arch"": ""mlp"", ""batch"": 128, ""batchnorm"": 0, ""calibrate_head"": 0, ""center"": ""e"", ""classes"": 10, ""dataset"": ""mnist"", ""depth"": 3, ""fb_row_norm"": 0, ""fb_scale"": 1.0, ""fb_seed"": 0, ""freeze_bias"": 0, ""freeze_out"": 0, ""head"": ""sigmoid_bce"", ""hid_lr_mult"": 1.0, ""lr"": 0.001, ""muon"": 0, ""optimizer"": ""sgd"", ""out_bias_q"": -1.0, ""out_lr_mult"": 1.0, ""out_w_scale"": 1.0, ""p0"": 0.0, ""preprocess"": ""div255"", ""rule"": ""dfa"", ""seed"": 2, ""shift_step"": 0, ""target_center"": 0, ""target_scale"": 1.0, ""whiten"": 0, ""width"": 300}",,,
E1_headline,center_e,2,1,dfa,1.247653603553772,1.247653603553772,0.3918405771255493,0.9268981218338012,0.4126372337341308,0.9858370423316956,45.64385729224719,73.20145077930036,30.630930948036944,45.64385729224719,3000,45.64385729224719,"{""act"": ""tanh"", ""arch"": ""mlp"", ""batch"": 128, ""batchnorm"": 0, ""calibrate_head"": 0, ""center"": ""e"", ""classes"": 10, ""dataset"": ""mnist"", ""depth"": 3, ""fb_row_norm"": 0, ""fb_scale"": 1.0, ""fb_seed"": 1, ""freeze_bias"": 0, ""freeze_out"": 0, ""head"": ""sigmoid_bce"", ""hid_lr_mult"": 1.0, ""lr"": 0.001, ""muon"": 0, ""optimizer"": ""sgd"", ""out_bias_q"": -1.0, ""out_lr_mult"": 1.0, ""out_w_scale"": 1.0, ""p0"": 0.0, ""preprocess"": ""div255"", ""rule"": ""dfa"", ""seed"": 2, ""shift_step"": 0, ""target_center"": 0, ""target_scale"": 1.0, ""whiten"": 0, ""width"": 300}",,,
E1_headline,center_e,2,2,dfa,1.247653603553772,1.247653603553772,0.3910796046257019,0.9347896575927734,0.4126372337341308,0.9858370423316956,31.85360842520975,68.987005192698,27.77405789156229,31.85360842520975,3000,31.85360842520975,"{""act"": ""tanh"", ""arch"": ""mlp"", ""batch"": 128, ""batchnorm"": 0, ""calibrate_head"": 0, ""center"": ""e"", ""classes"": 10, ""dataset"": ""mnist"", ""depth"": 3, ""fb_row_norm"": 0, ""fb_scale"": 1.0, ""fb_seed"": 2, ""freeze_bias"": 0, ""freeze_out"": 0, ""head"": ""sigmoid_bce"", ""hid_lr_mult"": 1.0, ""lr"": 0.001, ""muon"": 0, ""optimizer"": ""sgd"", ""out_bias_q"": -1.0, ""out_lr_mult"": 1.0, ""out_w_scale"": 1.0, ""p0"": 0.0, ""preprocess"": ""div255"", ""rule"": ""dfa"", ""seed"": 2, ""shift_step"": 0, ""target_center"": 0, ""target_scale"": 1.0, ""whiten"": 0, ""width"": 300}",,,
E1_headline,center_e,3,0,dfa,1.1960808038711548,1.1960808038711548,0.3630390167236328,0.9375826716423036,0.4067066311836242,0.9870036244392396,37.9325556547335,72.12908944556011,31.731753927707786,37.9325556547335,3000,37.9325556547335,"{""act"": ""tanh"", ""arch"": ""mlp"", ""batch"": 128, ""batchnorm"": 0, ""calibrate_head"": 0, ""center"": ""e"", ""classes"": 10, ""dataset"": ""mnist"", ""depth"": 3, ""fb_row_norm"": 0, ""fb_scale"": 1.0, ""fb_seed"": 0, ""freeze_bias"": 0, ""freeze_out"": 0, ""head"": ""sigmoid_bce"", ""hid_lr_mult"": 1.0, ""lr"": 0.001, ""muon"": 0, ""optimizer"": ""sgd"", ""out_bias_q"": -1.0, ""out_lr_mult"": 1.0, ""out_w_scale"": 1.0, ""p0"": 0.0, ""preprocess"": ""div255"", ""rule"": ""dfa"", ""seed"": 3, ""shift_step"": 0, ""target_center"": 0, ""target_scale"": 1.0, ""whiten"": 0, ""width"": 300}",,,
E1_headline,center_e,3,1,dfa,1.1960808038711548,1.1960808038711548,0.3630390167236328,0.9296041131019592,0.4067066311836242,0.9870036244392396,50.21057023487985,69.79903719344755,30.79746806892221,50.21057023487985,3000,50.21057023487985,"{""act"": ""tanh"", ""arch"": ""mlp"", ""batch"": 128, ""batchnorm"": 0, ""calibrate_head"": 0, ""center"": ""e"", ""classes"": 10, ""dataset"": ""mnist"", ""depth"": 3, ""fb_row_norm"": 0, ""fb_scale"": 1.0, ""fb_seed"": 1, ""freeze_bias"": 0, ""freeze_out"": 0, ""head"": ""sigmoid_bce"", ""hid_lr_mult"": 1.0, ""lr"": 0.001, ""muon"": 0, ""optimizer"": ""sgd"", ""out_bias_q"": -1.0, ""out_lr_mult"": 1.0, ""out_w_scale"": 1.0, ""p0"": 0.0, ""preprocess"": ""div255"", ""rule"": ""dfa"", ""seed"": 3, ""shift_step"": 0, ""target_center"": 0, ""target_scale"": 1.0, ""whiten"": 0, ""width"": 300}",,,
E1_headline,center_e,3,2,dfa,1.1960808038711548,1.1960808038711548,0.3630390167236328,0.9231470823287964,0.4071457087993622,0.9870036244392396,47.46591570357308,71.05509279772699,34.774725285757576,47.46591570357308,3000,47.46591570357308,"{""act"": ""tanh"", ""arch"": ""mlp"", ""batch"": 128, ""batchnorm"": 0, ""calibrate_head"": 0, ""center"": ""e"", ""classes"": 10, ""dataset"": ""mnist"", ""depth"": 3, ""fb_row_norm"": 0, ""fb_scale"": 1.0, ""fb_seed"": 2, ""freeze_bias"": 0, ""freeze_out"": 0, ""head"": ""sigmoid_bce"", ""hid_lr_mult"": 1.0, ""lr"": 0.001, ""muon"": 0, ""optimizer"": ""sgd"", ""out_bias_q"": -1.0, ""out_lr_mult"": 1.0, ""out_w_scale"": 1.0, ""p0"": 0.0, ""preprocess"": ""div255"", ""rule"": ""dfa"", ""seed"": 3, ""shift_step"": 0, ""target_center"": 0, ""target_scale"": 1.0, ""whiten"": 0, ""width"": 300}",,,
E1_headline,center_e,4,0,dfa,1.324767827987671,1.324767827987671,0.3955017924308777,0.9389516711235046,0.4106832444667816,0.9866453409194946,57.05063936988528,68.92210236803193,37.25616776441622,57.05063936988528,3000,57.05063936988528,"{""act"": ""tanh"", ""arch"": ""mlp"", ""batch"": 128, ""batchnorm"": 0, ""calibrate_head"": 0, ""center"": ""e"", ""classes"": 10, ""dataset"": ""mnist"", ""depth"": 3, ""fb_row_norm"": 0, ""fb_scale"": 1.0, ""fb_seed"": 0, ""freeze_bias"": 0, ""freeze_out"": 0, ""head"": ""sigmoid_bce"", ""hid_lr_mult"": 1.0, ""lr"": 0.001, ""muon"": 0, ""optimizer"": ""sgd"", ""out_bias_q"": -1.0, ""out_lr_mult"": 1.0, ""out_w_scale"": 1.0, ""p0"": 0.0, ""preprocess"": ""div255"", ""rule"": ""dfa"", ""seed"": 4, ""shift_step"": 0, ""target_center"": 0, ""target_scale"": 1.0, ""whiten"": 0, ""width"": 300}",,,
E1_headline,center_e,4,1,dfa,1.324767827987671,1.324767827987671,0.3955017924308777,0.9320682287216188,0.4106832444667816,0.9866453409194946,55.38036502587528,70.08894601300729,32.162672783668214,55.38036502587528,3000,55.38036502587528,"{""act"": ""tanh"", ""arch"": ""mlp"", ""batch"": 128, ""batchnorm"": 0, ""calibrate_head"": 0, ""center"": ""e"", ""classes"": 10, ""dataset"": ""mnist"", ""depth"": 3, ""fb_row_norm"": 0, ""fb_scale"": 1.0, ""fb_seed"": 1, ""freeze_bias"": 0, ""freeze_out"": 0, ""head"": ""sigmoid_bce"", ""hid_lr_mult"": 1.0, ""lr"": 0.001, ""muon"": 0, ""optimizer"": ""sgd"", ""out_bias_q"": -1.0, ""out_lr_mult"": 1.0, ""out_w_scale"": 1.0, ""p0"": 0.0, ""preprocess"": ""div255"", ""rule"": ""dfa"", ""seed"": 4, ""shift_step"": 0, ""target_center"": 0, ""target_scale"": 1.0, ""whiten"": 0, ""width"": 300}",,,
E1_headline,center_e,4,2,dfa,1.324767827987671,1.324767827987671,0.3955017924308777,0.9142312407493592,0.4106832444667816,0.9866453409194946,53.09417989794516,66.60517612878431,32.71686231720451,53.09417989794516,3000,53.09417989794516,"{""act"": ""tanh"", ""arch"": ""mlp"", ""batch"": 128, ""batchnorm"": 0, ""calibrate_head"": 0, ""center"": ""e"", ""classes"": 10, ""dataset"": ""mnist"", ""depth"": 3, ""fb_row_norm"": 0, ""fb_scale"": 1.0, ""fb_seed"": 2, ""freeze_bias"": 0, ""freeze_out"": 0, ""head"": ""sigmoid_bce"", ""hid_lr_mult"": 1.0, ""lr"": 0.001, ""muon"": 0, ""optimizer"": ""sgd"", ""out_bias_q"": -1.0, ""out_lr_mult"": 1.0, ""out_w_scale"": 1.0, ""p0"": 0.0, ""preprocess"": ""div255"", ""rule"": ""dfa"", ""seed"": 4, ""shift_step"": 0, ""target_center"": 0, ""target_scale"": 1.0, ""whiten"": 0, ""width"": 300}",,,
E1_headline,fa,0,0,fa,1.2692182064056396,1.2692182064056396,0.9933845400810242,0.3105885982513428,0.7511383891105652,0.8994792699813843,9.76635084994241,2.066880776588643,2.4093724619713397,3.583254239617504,80,3.583254239617504,"{""act"": ""tanh"", ""arch"": ""mlp"", ""batch"": 128, ""batchnorm"": 0, ""calibrate_head"": 0, ""center"": ""none"", ""classes"": 10, ""dataset"": ""mnist"", ""depth"": 3, ""fb_row_norm"": 0, ""fb_scale"": 1.0, ""fb_seed"": 0, ""freeze_bias"": 0, ""freeze_out"": 0, ""head"": ""sigmoid_bce"", ""hid_lr_mult"": 1.0, ""lr"": 0.001, ""muon"": 0, ""optimizer"": ""sgd"", ""out_bias_q"": -1.0, ""out_lr_mult"": 1.0, ""out_w_scale"": 1.0, ""p0"": 0.0, ""preprocess"": ""div255"", ""rule"": ""fa"", ""seed"": 0, ""shift_step"": 0, ""target_center"": 0, ""target_scale"": 1.0, ""whiten"": 0, ""width"": 300}",,,
E1_headline,fa,0,1,fa,1.2692182064056396,1.2692182064056396,0.9918385744094848,0.3326587677001953,0.7561956644058228,0.905139148235321,8.766996933699248,1.92930882678354,2.2856210539736046,3.2171923727835727,80,3.2171923727835727,"{""act"": ""tanh"", ""arch"": ""mlp"", ""batch"": 128, ""batchnorm"": 0, ""calibrate_head"": 0, ""center"": ""none"", ""classes"": 10, ""dataset"": ""mnist"", ""depth"": 3, ""fb_row_norm"": 0, ""fb_scale"": 1.0, ""fb_seed"": 1, ""freeze_bias"": 0, ""freeze_out"": 0, ""head"": ""sigmoid_bce"", ""hid_lr_mult"": 1.0, ""lr"": 0.001, ""muon"": 0, ""optimizer"": ""sgd"", ""out_bias_q"": -1.0, ""out_lr_mult"": 1.0, ""out_w_scale"": 1.0, ""p0"": 0.0, ""preprocess"": ""div255"", ""rule"": ""fa"", ""seed"": 0, ""shift_step"": 0, ""target_center"": 0, ""target_scale"": 1.0, ""whiten"": 0, ""width"": 300}",,,
E1_headline,fa,0,2,fa,1.2692182064056396,1.2692182064056396,0.9880975484848022,0.3862776160240173,0.7434781789779663,0.906075119972229,9.41130104440773,1.917155665367935,2.175724856846732,3.140328925498659,90,3.140328925498659,"{""act"": ""tanh"", ""arch"": ""mlp"", ""batch"": 128, ""batchnorm"": 0, ""calibrate_head"": 0, ""center"": ""none"", ""classes"": 10, ""dataset"": ""mnist"", ""depth"": 3, ""fb_row_norm"": 0, ""fb_scale"": 1.0, ""fb_seed"": 2, ""freeze_bias"": 0, ""freeze_out"": 0, ""head"": ""sigmoid_bce"", ""hid_lr_mult"": 1.0, ""lr"": 0.001, ""muon"": 0, ""optimizer"": ""sgd"", ""out_bias_q"": -1.0, ""out_lr_mult"": 1.0, ""out_w_scale"": 1.0, ""p0"": 0.0, ""preprocess"": ""div255"", ""rule"": ""fa"", ""seed"": 0, ""shift_step"": 0, ""target_center"": 0, ""target_scale"": 1.0, ""whiten"": 0, ""width"": 300}",,,
E1_headline,fa,1,0,fa,1.3514316082000732,1.3514316082000732,0.9923376441001892,0.3424742817878723,0.7669447064399719,0.905132532119751,9.177315979821572,1.7262127126061844,2.03881254222627,2.927470149633102,70,2.927470149633102,"{""act"": ""tanh"", ""arch"": ""mlp"", ""batch"": 128, ""batchnorm"": 0, ""calibrate_head"": 0, ""center"": ""none"", ""classes"": 10, ""dataset"": ""mnist"", ""depth"": 3, ""fb_row_norm"": 0, ""fb_scale"": 1.0, ""fb_seed"": 0, ""freeze_bias"": 0, ""freeze_out"": 0, ""head"": ""sigmoid_bce"", ""hid_lr_mult"": 1.0, ""lr"": 0.001, ""muon"": 0, ""optimizer"": ""sgd"", ""out_bias_q"": -1.0, ""out_lr_mult"": 1.0, ""out_w_scale"": 1.0, ""p0"": 0.0, ""preprocess"": ""div255"", ""rule"": ""fa"", ""seed"": 1, ""shift_step"": 0, ""target_center"": 0, ""target_scale"": 1.0, ""whiten"": 0, ""width"": 300}",,,
E1_headline,fa,1,1,fa,1.3514316082000732,1.3514316082000732,0.9899535179138184,0.3701941668987274,0.7470304369926453,0.9088357090950012,8.00898852880584,1.6439721608898006,1.7603617113295378,2.492576705880873,70,2.492576705880873,"{""act"": ""tanh"", ""arch"": ""mlp"", ""batch"": 128, ""batchnorm"": 0, ""calibrate_head"": 0, ""center"": ""none"", ""classes"": 10, ""dataset"": ""mnist"", ""depth"": 3, ""fb_row_norm"": 0, ""fb_scale"": 1.0, ""fb_seed"": 1, ""freeze_bias"": 0, ""freeze_out"": 0, ""head"": ""sigmoid_bce"", ""hid_lr_mult"": 1.0, ""lr"": 0.001, ""muon"": 0, ""optimizer"": ""sgd"", ""out_bias_q"": -1.0, ""out_lr_mult"": 1.0, ""out_w_scale"": 1.0, ""p0"": 0.0, ""preprocess"": ""div255"", ""rule"": ""fa"", ""seed"": 1, ""shift_step"": 0, ""target_center"": 0, ""target_scale"": 1.0, ""whiten"": 0, ""width"": 300}",,,
E1_headline,fa,1,2,fa,1.3514316082000732,1.3514316082000732,0.992842137813568,0.3099720180034637,0.7726577520370483,0.9019671678543092,10.463520017760104,2.1577879351491145,2.6280108920721625,3.906597073944276,80,3.906597073944276,"{""act"": ""tanh"", ""arch"": ""mlp"", ""batch"": 128, ""batchnorm"": 0, ""calibrate_head"": 0, ""center"": ""none"", ""classes"": 10, ""dataset"": ""mnist"", ""depth"": 3, ""fb_row_norm"": 0, ""fb_scale"": 1.0, ""fb_seed"": 2, ""freeze_bias"": 0, ""freeze_out"": 0, ""head"": ""sigmoid_bce"", ""hid_lr_mult"": 1.0, ""lr"": 0.001, ""muon"": 0, ""optimizer"": ""sgd"", ""out_bias_q"": -1.0, ""out_lr_mult"": 1.0, ""out_w_scale"": 1.0, ""p0"": 0.0, ""preprocess"": ""div255"", ""rule"": ""fa"", ""seed"": 1, ""shift_step"": 0, ""target_center"": 0, ""target_scale"": 1.0, ""whiten"": 0, ""width"": 300}",,,
E1_headline,fa,2,0,fa,1.247653603553772,1.247653603553772,0.9912010431289672,0.3153919875621795,0.7450575828552246,0.9090328216552734,9.057607820948189,1.8915238383113009,2.236580247603094,3.4932412022116037,80,3.4932412022116037,"{""act"": ""tanh"", ""arch"": ""mlp"", ""batch"": 128, ""batchnorm"": 0, ""calibrate_head"": 0, ""center"": ""none"", ""classes"": 10, ""dataset"": ""mnist"", ""depth"": 3, ""fb_row_norm"": 0, ""fb_scale"": 1.0, ""fb_seed"": 0, ""freeze_bias"": 0, ""freeze_out"": 0, ""head"": ""sigmoid_bce"", ""hid_lr_mult"": 1.0, ""lr"": 0.001, ""muon"": 0, ""optimizer"": ""sgd"", ""out_bias_q"": -1.0, ""out_lr_mult"": 1.0, ""out_w_scale"": 1.0, ""p0"": 0.0, ""preprocess"": ""div255"", ""rule"": ""fa"", ""seed"": 2, ""shift_step"": 0, ""target_center"": 0, ""target_scale"": 1.0, ""whiten"": 0, ""width"": 300}",,,
E1_headline,fa,2,1,fa,1.247653603553772,1.247653603553772,0.9900658130645752,0.3569642603397369,0.7511274218559265,0.9089192748069764,8.2906943542058,1.823286632948682,2.1608029648991423,3.026515016333158,90,3.026515016333158,"{""act"": ""tanh"", ""arch"": ""mlp"", ""batch"": 128, ""batchnorm"": 0, ""calibrate_head"": 0, ""center"": ""none"", ""classes"": 10, ""dataset"": ""mnist"", ""depth"": 3, ""fb_row_norm"": 0, ""fb_scale"": 1.0, ""fb_seed"": 1, ""freeze_bias"": 0, ""freeze_out"": 0, ""head"": ""sigmoid_bce"", ""hid_lr_mult"": 1.0, ""lr"": 0.001, ""muon"": 0, ""optimizer"": ""sgd"", ""out_bias_q"": -1.0, ""out_lr_mult"": 1.0, ""out_w_scale"": 1.0, ""p0"": 0.0, ""preprocess"": ""div255"", ""rule"": ""fa"", ""seed"": 2, ""shift_step"": 0, ""target_center"": 0, ""target_scale"": 1.0, ""whiten"": 0, ""width"": 300}",,,
E1_headline,fa,2,2,fa,1.247653603553772,1.247653603553772,0.9889937043190002,0.3893482983112335,0.7630985975265503,0.9113187193870544,9.67134763417114,1.7021269337827718,2.0004027017320407,2.621607032757124,80,2.621607032757124,"{""act"": ""tanh"", ""arch"": ""mlp"", ""batch"": 128, ""batchnorm"": 0, ""calibrate_head"": 0, ""center"": ""none"", ""classes"": 10, ""dataset"": ""mnist"", ""depth"": 3, ""fb_row_norm"": 0, ""fb_scale"": 1.0, ""fb_seed"": 2, ""freeze_bias"": 0, ""freeze_out"": 0, ""head"": ""sigmoid_bce"", ""hid_lr_mult"": 1.0, ""lr"": 0.001, ""muon"": 0, ""optimizer"": ""sgd"", ""out_bias_q"": -1.0, ""out_lr_mult"": 1.0, ""out_w_scale"": 1.0, ""p0"": 0.0, ""preprocess"": ""div255"", ""rule"": ""fa"", ""seed"": 2, ""shift_step"": 0, ""target_center"": 0, ""target_scale"": 1.0, ""whiten"": 0, ""width"": 300}",,,
E1_headline,fa,3,0,fa,1.1960808038711548,1.1960808038711548,0.9928067922592164,0.3003791570663452,0.7624732851982117,0.9072195887565612,9.209267906013546,1.821545514727736,2.104574451137155,3.2654335311885005,80,3.2654335311885005,"{""act"": ""tanh"", ""arch"": ""mlp"", ""batch"": 128, ""batchnorm"": 0, ""calibrate_head"": 0, ""center"": ""none"", ""classes"": 10, ""dataset"": ""mnist"", ""depth"": 3, ""fb_row_norm"": 0, ""fb_scale"": 1.0, ""fb_seed"": 0, ""freeze_bias"": 0, ""freeze_out"": 0, ""head"": ""sigmoid_bce"", ""hid_lr_mult"": 1.0, ""lr"": 0.001, ""muon"": 0, ""optimizer"": ""sgd"", ""out_bias_q"": -1.0, ""out_lr_mult"": 1.0, ""out_w_scale"": 1.0, ""p0"": 0.0, ""preprocess"": ""div255"", ""rule"": ""fa"", ""seed"": 3, ""shift_step"": 0, ""target_center"": 0, ""target_scale"": 1.0, ""whiten"": 0, ""width"": 300}",,,
E1_headline,fa,3,1,fa,1.1960808038711548,1.1960808038711548,0.993877112865448,0.2706629633903503,0.7661781311035156,0.9053298830986024,10.210331472755886,2.141369720455501,2.6105962688610616,3.8840377209338097,80,3.8840377209338097,"{""act"": ""tanh"", ""arch"": ""mlp"", ""batch"": 128, ""batchnorm"": 0, ""calibrate_head"": 0, ""center"": ""none"", ""classes"": 10, ""dataset"": ""mnist"", ""depth"": 3, ""fb_row_norm"": 0, ""fb_scale"": 1.0, ""fb_seed"": 1, ""freeze_bias"": 0, ""freeze_out"": 0, ""head"": ""sigmoid_bce"", ""hid_lr_mult"": 1.0, ""lr"": 0.001, ""muon"": 0, ""optimizer"": ""sgd"", ""out_bias_q"": -1.0, ""out_lr_mult"": 1.0, ""out_w_scale"": 1.0, ""p0"": 0.0, ""preprocess"": ""div255"", ""rule"": ""fa"", ""seed"": 3, ""shift_step"": 0, ""target_center"": 0, ""target_scale"": 1.0, ""whiten"": 0, ""width"": 300}",,,
E1_headline,fa,3,2,fa,1.1960808038711548,1.1960808038711548,0.9875813722610474,0.4207212626934051,0.7564564347267151,0.9101580381393432,8.745136584534038,1.6124749010629396,1.728780950698153,2.3543067499989045,90,2.3543067499989045,"{""act"": ""tanh"", ""arch"": ""mlp"", ""batch"": 128, ""batchnorm"": 0, ""calibrate_head"": 0, ""center"": ""none"", ""classes"": 10, ""dataset"": ""mnist"", ""depth"": 3, ""fb_row_norm"": 0, ""fb_scale"": 1.0, ""fb_seed"": 2, ""freeze_bias"": 0, ""freeze_out"": 0, ""head"": ""sigmoid_bce"", ""hid_lr_mult"": 1.0, ""lr"": 0.001, ""muon"": 0, ""optimizer"": ""sgd"", ""out_bias_q"": -1.0, ""out_lr_mult"": 1.0, ""out_w_scale"": 1.0, ""p0"": 0.0, ""preprocess"": ""div255"", ""rule"": ""fa"", ""seed"": 3, ""shift_step"": 0, ""target_center"": 0, ""target_scale"": 1.0, ""whiten"": 0, ""width"": 300}",,,
E1_headline,fa,4,0,fa,1.324767827987671,1.324767827987671,0.9902513027191162,0.3546413481235504,0.7478796243667603,0.9120492935180664,9.459744407694568,1.8522633943996216,2.1481124960657136,2.949645165636612,80,2.949645165636612,"{""act"": ""tanh"", ""arch"": ""mlp"", ""batch"": 128, ""batchnorm"": 0, ""calibrate_head"": 0, ""center"": ""none"", ""classes"": 10, ""dataset"": ""mnist"", ""depth"": 3, ""fb_row_norm"": 0, ""fb_scale"": 1.0, ""fb_seed"": 0, ""freeze_bias"": 0, ""freeze_out"": 0, ""head"": ""sigmoid_bce"", ""hid_lr_mult"": 1.0, ""lr"": 0.001, ""muon"": 0, ""optimizer"": ""sgd"", ""out_bias_q"": -1.0, ""out_lr_mult"": 1.0, ""out_w_scale"": 1.0, ""p0"": 0.0, ""preprocess"": ""div255"", ""rule"": ""fa"", ""seed"": 4, ""shift_step"": 0, ""target_center"": 0, ""target_scale"": 1.0, ""whiten"": 0, ""width"": 300}",,,
E1_headline,fa,4,1,fa,1.324767827987671,1.324767827987671,0.9916293621063232,0.32526895403862,0.7542464137077332,0.9052530527114868,9.38484645946374,1.9257942154106984,2.3173187582243626,3.265530033267562,80,3.265530033267562,"{""act"": ""tanh"", ""arch"": ""mlp"", ""batch"": 128, ""batchnorm"": 0, ""calibrate_head"": 0, ""center"": ""none"", ""classes"": 10, ""dataset"": ""mnist"", ""depth"": 3, ""fb_row_norm"": 0, ""fb_scale"": 1.0, ""fb_seed"": 1, ""freeze_bias"": 0, ""freeze_out"": 0, ""head"": ""sigmoid_bce"", ""hid_lr_mult"": 1.0, ""lr"": 0.001, ""muon"": 0, ""optimizer"": ""sgd"", ""out_bias_q"": -1.0, ""out_lr_mult"": 1.0, ""out_w_scale"": 1.0, ""p0"": 0.0, ""preprocess"": ""div255"", ""rule"": ""fa"", ""seed"": 4, ""shift_step"": 0, ""target_center"": 0, ""target_scale"": 1.0, ""whiten"": 0, ""width"": 300}",,,
E1_headline,fa,4,2,fa,1.324767827987671,1.324767827987671,0.9916855692863464,0.3473597168922424,0.7684884071350098,0.9034044742584229,10.06384773392132,1.831114658994281,2.180741274116352,3.1297367161422978,80,3.1297367161422978,"{""act"": ""tanh"", ""arch"": ""mlp"", ""batch"": 128, ""batchnorm"": 0, ""calibrate_head"": 0, ""center"": ""none"", ""classes"": 10, ""dataset"": ""mnist"", ""depth"": 3, ""fb_row_norm"": 0, ""fb_scale"": 1.0, ""fb_seed"": 2, ""freeze_bias"": 0, ""freeze_out"": 0, ""head"": ""sigmoid_bce"", ""hid_lr_mult"": 1.0, ""lr"": 0.001, ""muon"": 0, ""optimizer"": ""sgd"", ""out_bias_q"": -1.0, ""out_lr_mult"": 1.0, ""out_w_scale"": 1.0, ""p0"": 0.0, ""preprocess"": ""div255"", ""rule"": ""fa"", ""seed"": 4, ""shift_step"": 0, ""target_center"": 0, ""target_scale"": 1.0, ""whiten"": 0, ""width"": 300}",,,
E1_headline,frzbias,0,0,dfa,1.2692182064056396,1.2692182064056396,0.9979491829872132,0.2298229783773422,0.8906937837600708,0.731623113155365,14.07104493881565,1.5099260523628717,2.5283040350609816,3.652068084196603,70,3.652068084196603,"{""act"": ""tanh"", ""arch"": ""mlp"", ""batch"": 128, ""batchnorm"": 0, ""calibrate_head"": 0, ""center"": ""none"", ""classes"": 10, ""dataset"": ""mnist"", ""depth"": 3, ""fb_row_norm"": 0, ""fb_scale"": 1.0, ""fb_seed"": 0, ""freeze_bias"": 1, ""freeze_out"": 0, ""head"": ""sigmoid_bce"", ""hid_lr_mult"": 1.0, ""lr"": 0.001, ""muon"": 0, ""optimizer"": ""sgd"", ""out_bias_q"": -1.0, ""out_lr_mult"": 1.0, ""out_w_scale"": 1.0, ""p0"": 0.0, ""preprocess"": ""div255"", ""rule"": ""dfa"", ""seed"": 0, ""shift_step"": 0, ""target_center"": 0, ""target_scale"": 1.0, ""whiten"": 0, ""width"": 300}",,,
E1_headline,frzbias,0,1,dfa,1.2692182064056396,1.2692182064056396,0.9979546666145324,0.2254765629768371,0.8836078643798828,0.7351081371307373,16.796091930662794,1.6907203768193175,2.871618671309633,4.558844091017709,80,4.558844091017709,"{""act"": ""tanh"", ""arch"": ""mlp"", ""batch"": 128, ""batchnorm"": 0, ""calibrate_head"": 0, ""center"": ""none"", ""classes"": 10, ""dataset"": ""mnist"", ""depth"": 3, ""fb_row_norm"": 0, ""fb_scale"": 1.0, ""fb_seed"": 1, ""freeze_bias"": 1, ""freeze_out"": 0, ""head"": ""sigmoid_bce"", ""hid_lr_mult"": 1.0, ""lr"": 0.001, ""muon"": 0, ""optimizer"": ""sgd"", ""out_bias_q"": -1.0, ""out_lr_mult"": 1.0, ""out_w_scale"": 1.0, ""p0"": 0.0, ""preprocess"": ""div255"", ""rule"": ""dfa"", ""seed"": 0, ""shift_step"": 0, ""target_center"": 0, ""target_scale"": 1.0, ""whiten"": 0, ""width"": 300}",,,
E1_headline,frzbias,0,2,dfa,1.2692182064056396,1.2692182064056396,0.998259663581848,0.2572105228900909,0.90144145488739,0.7369545698165894,16.84203181626479,1.7342836400679091,3.0689219675674666,4.353642356129241,70,4.353642356129241,"{""act"": ""tanh"", ""arch"": ""mlp"", ""batch"": 128, ""batchnorm"": 0, ""calibrate_head"": 0, ""center"": ""none"", ""classes"": 10, ""dataset"": ""mnist"", ""depth"": 3, ""fb_row_norm"": 0, ""fb_scale"": 1.0, ""fb_seed"": 2, ""freeze_bias"": 1, ""freeze_out"": 0, ""head"": ""sigmoid_bce"", ""hid_lr_mult"": 1.0, ""lr"": 0.001, ""muon"": 0, ""optimizer"": ""sgd"", ""out_bias_q"": -1.0, ""out_lr_mult"": 1.0, ""out_w_scale"": 1.0, ""p0"": 0.0, ""preprocess"": ""div255"", ""rule"": ""dfa"", ""seed"": 0, ""shift_step"": 0, ""target_center"": 0, ""target_scale"": 1.0, ""whiten"": 0, ""width"": 300}",,,
E1_headline,frzbias,1,0,dfa,1.3514316082000732,1.3514316082000732,0.9988349676132202,0.1998546868562698,0.911543309688568,0.6846844553947449,17.382238127683166,1.7809456424978491,3.3952079279189715,4.9814524068014086,70,4.9814524068014086,"{""act"": ""tanh"", ""arch"": ""mlp"", ""batch"": 128, ""batchnorm"": 0, ""calibrate_head"": 0, ""center"": ""none"", ""classes"": 10, ""dataset"": ""mnist"", ""depth"": 3, ""fb_row_norm"": 0, ""fb_scale"": 1.0, ""fb_seed"": 0, ""freeze_bias"": 1, ""freeze_out"": 0, ""head"": ""sigmoid_bce"", ""hid_lr_mult"": 1.0, ""lr"": 0.001, ""muon"": 0, ""optimizer"": ""sgd"", ""out_bias_q"": -1.0, ""out_lr_mult"": 1.0, ""out_w_scale"": 1.0, ""p0"": 0.0, ""preprocess"": ""div255"", ""rule"": ""dfa"", ""seed"": 1, ""shift_step"": 0, ""target_center"": 0, ""target_scale"": 1.0, ""whiten"": 0, ""width"": 300}",,,
E1_headline,frzbias,1,1,dfa,1.3514316082000732,1.3514316082000732,0.9988324642181396,0.1951832622289657,0.8990970849990845,0.6993362307548523,18.51306397282208,1.8867875011921167,3.395311842977291,5.541679172709599,80,5.541679172709599,"{""act"": ""tanh"", ""arch"": ""mlp"", ""batch"": 128, ""batchnorm"": 0, ""calibrate_head"": 0, ""center"": ""none"", ""classes"": 10, ""dataset"": ""mnist"", ""depth"": 3, ""fb_row_norm"": 0, ""fb_scale"": 1.0, ""fb_seed"": 1, ""freeze_bias"": 1, ""freeze_out"": 0, ""head"": ""sigmoid_bce"", ""hid_lr_mult"": 1.0, ""lr"": 0.001, ""muon"": 0, ""optimizer"": ""sgd"", ""out_bias_q"": -1.0, ""out_lr_mult"": 1.0, ""out_w_scale"": 1.0, ""p0"": 0.0, ""preprocess"": ""div255"", ""rule"": ""dfa"", ""seed"": 1, ""shift_step"": 0, ""target_center"": 0, ""target_scale"": 1.0, ""whiten"": 0, ""width"": 300}",,,
E1_headline,frzbias,1,2,dfa,1.3514316082000732,1.3514316082000732,0.998506724834442,0.2125224769115448,0.907265841960907,0.6845800280570984,17.998523044849808,1.889255268628603,3.5955382643427374,5.37168435765203,70,5.37168435765203,"{""act"": ""tanh"", ""arch"": ""mlp"", ""batch"": 128, ""batchnorm"": 0, ""calibrate_head"": 0, ""center"": ""none"", ""classes"": 10, ""dataset"": ""mnist"", ""depth"": 3, ""fb_row_norm"": 0, ""fb_scale"": 1.0, ""fb_seed"": 2, ""freeze_bias"": 1, ""freeze_out"": 0, ""head"": ""sigmoid_bce"", ""hid_lr_mult"": 1.0, ""lr"": 0.001, ""muon"": 0, ""optimizer"": ""sgd"", ""out_bias_q"": -1.0, ""out_lr_mult"": 1.0, ""out_w_scale"": 1.0, ""p0"": 0.0, ""preprocess"": ""div255"", ""rule"": ""dfa"", ""seed"": 1, ""shift_step"": 0, ""target_center"": 0, ""target_scale"": 1.0, ""whiten"": 0, ""width"": 300}",,,
E1_headline,frzbias,2,0,dfa,1.247653603553772,1.247653603553772,0.9973449110984802,0.2830267250537872,0.9031171798706056,0.7193317413330078,16.905872858868644,1.6109014340628651,2.9742211122635287,4.2026447290601565,80,4.2026447290601565,"{""act"": ""tanh"", ""arch"": ""mlp"", ""batch"": 128, ""batchnorm"": 0, ""calibrate_head"": 0, ""center"": ""none"", ""classes"": 10, ""dataset"": ""mnist"", ""depth"": 3, ""fb_row_norm"": 0, ""fb_scale"": 1.0, ""fb_seed"": 0, ""freeze_bias"": 1, ""freeze_out"": 0, ""head"": ""sigmoid_bce"", ""hid_lr_mult"": 1.0, ""lr"": 0.001, ""muon"": 0, ""optimizer"": ""sgd"", ""out_bias_q"": -1.0, ""out_lr_mult"": 1.0, ""out_w_scale"": 1.0, ""p0"": 0.0, ""preprocess"": ""div255"", ""rule"": ""dfa"", ""seed"": 2, ""shift_step"": 0, ""target_center"": 0, ""target_scale"": 1.0, ""whiten"": 0, ""width"": 300}",,,
E1_headline,frzbias,2,1,dfa,1.247653603553772,1.247653603553772,0.9990082383155824,0.1856676191091537,0.9027031064033508,0.7209487557411194,17.292611946867297,1.6258727937639523,2.9600729690852363,4.722078764193815,70,4.722078764193815,"{""act"": ""tanh"", ""arch"": ""mlp"", ""batch"": 128, ""batchnorm"": 0, ""calibrate_head"": 0, ""center"": ""none"", ""classes"": 10, ""dataset"": ""mnist"", ""depth"": 3, ""fb_row_norm"": 0, ""fb_scale"": 1.0, ""fb_seed"": 1, ""freeze_bias"": 1, ""freeze_out"": 0, ""head"": ""sigmoid_bce"", ""hid_lr_mult"": 1.0, ""lr"": 0.001, ""muon"": 0, ""optimizer"": ""sgd"", ""out_bias_q"": -1.0, ""out_lr_mult"": 1.0, ""out_w_scale"": 1.0, ""p0"": 0.0, ""preprocess"": ""div255"", ""rule"": ""dfa"", ""seed"": 2, ""shift_step"": 0, ""target_center"": 0, ""target_scale"": 1.0, ""whiten"": 0, ""width"": 300}",,,
E1_headline,frzbias,2,2,dfa,1.247653603553772,1.247653603553772,0.9981415271759032,0.2278013080358505,0.8997470736503601,0.719728946685791,15.450449793458152,1.813205503306487,3.3881509139731683,4.9777639790016455,80,4.9777639790016455,"{""act"": ""tanh"", ""arch"": ""mlp"", ""batch"": 128, ""batchnorm"": 0, ""calibrate_head"": 0, ""center"": ""none"", ""classes"": 10, ""dataset"": ""mnist"", ""depth"": 3, ""fb_row_norm"": 0, ""fb_scale"": 1.0, ""fb_seed"": 2, ""freeze_bias"": 1, ""freeze_out"": 0, ""head"": ""sigmoid_bce"", ""hid_lr_mult"": 1.0, ""lr"": 0.001, ""muon"": 0, ""optimizer"": ""sgd"", ""out_bias_q"": -1.0, ""out_lr_mult"": 1.0, ""out_w_scale"": 1.0, ""p0"": 0.0, ""preprocess"": ""div255"", ""rule"": ""dfa"", ""seed"": 2, ""shift_step"": 0, ""target_center"": 0, ""target_scale"": 1.0, ""whiten"": 0, ""width"": 300}",,,
E1_headline,frzbias,3,0,dfa,1.1960808038711548,1.1960808038711548,0.9983075857162476,0.2280637472867965,0.9143569469451904,0.6786069273948669,17.363105307305336,1.734352793328929,3.421242189456994,4.714089302275594,80,4.714089302275594,"{""act"": ""tanh"", ""arch"": ""mlp"", ""batch"": 128, ""batchnorm"": 0, ""calibrate_head"": 0, ""center"": ""none"", ""classes"": 10, ""dataset"": ""mnist"", ""depth"": 3, ""fb_row_norm"": 0, ""fb_scale"": 1.0, ""fb_seed"": 0, ""freeze_bias"": 1, ""freeze_out"": 0, ""head"": ""sigmoid_bce"", ""hid_lr_mult"": 1.0, ""lr"": 0.001, ""muon"": 0, ""optimizer"": ""sgd"", ""out_bias_q"": -1.0, ""out_lr_mult"": 1.0, ""out_w_scale"": 1.0, ""p0"": 0.0, ""preprocess"": ""div255"", ""rule"": ""dfa"", ""seed"": 3, ""shift_step"": 0, ""target_center"": 0, ""target_scale"": 1.0, ""whiten"": 0, ""width"": 300}",,,
E1_headline,frzbias,3,1,dfa,1.1960808038711548,1.1960808038711548,0.99834406375885,0.2187070846557617,0.895293116569519,0.7312076687812805,17.82896922385878,1.661899194165246,2.8348336016755487,4.428238087465793,80,4.428238087465793,"{""act"": ""tanh"", ""arch"": ""mlp"", ""batch"": 128, ""batchnorm"": 0, ""calibrate_head"": 0, ""center"": ""none"", ""classes"": 10, ""dataset"": ""mnist"", ""depth"": 3, ""fb_row_norm"": 0, ""fb_scale"": 1.0, ""fb_seed"": 1, ""freeze_bias"": 1, ""freeze_out"": 0, ""head"": ""sigmoid_bce"", ""hid_lr_mult"": 1.0, ""lr"": 0.001, ""muon"": 0, ""optimizer"": ""sgd"", ""out_bias_q"": -1.0, ""out_lr_mult"": 1.0, ""out_w_scale"": 1.0, ""p0"": 0.0, ""preprocess"": ""div255"", ""rule"": ""dfa"", ""seed"": 3, ""shift_step"": 0, ""target_center"": 0, ""target_scale"": 1.0, ""whiten"": 0, ""width"": 300}",,,
E1_headline,frzbias,3,2,dfa,1.1960808038711548,1.1960808038711548,0.9978806972503662,0.2446926981210708,0.8903917670249939,0.7367088794708252,17.22922688411853,1.653013402370053,2.846034152596531,4.274488876520289,80,4.274488876520289,"{""act"": ""tanh"", ""arch"": ""mlp"", ""batch"": 128, ""batchnorm"": 0, ""calibrate_head"": 0, ""center"": ""none"", ""classes"": 10, ""dataset"": ""mnist"", ""depth"": 3, ""fb_row_norm"": 0, ""fb_scale"": 1.0, ""fb_seed"": 2, ""freeze_bias"": 1, ""freeze_out"": 0, ""head"": ""sigmoid_bce"", ""hid_lr_mult"": 1.0, ""lr"": 0.001, ""muon"": 0, ""optimizer"": ""sgd"", ""out_bias_q"": -1.0, ""out_lr_mult"": 1.0, ""out_w_scale"": 1.0, ""p0"": 0.0, ""preprocess"": ""div255"", ""rule"": ""dfa"", ""seed"": 3, ""shift_step"": 0, ""target_center"": 0, ""target_scale"": 1.0, ""whiten"": 0, ""width"": 300}",,,
E1_headline,frzbias,4,0,dfa,1.324767827987671,1.324767827987671,0.998493492603302,0.2120829969644546,0.910220742225647,0.6974482536315918,17.368133089065225,1.6801114525498757,3.283775435232602,4.520598713512725,70,4.520598713512725,"{""act"": ""tanh"", ""arch"": ""mlp"", ""batch"": 128, ""batchnorm"": 0, ""calibrate_head"": 0, ""center"": ""none"", ""classes"": 10, ""dataset"": ""mnist"", ""depth"": 3, ""fb_row_norm"": 0, ""fb_scale"": 1.0, ""fb_seed"": 0, ""freeze_bias"": 1, ""freeze_out"": 0, ""head"": ""sigmoid_bce"", ""hid_lr_mult"": 1.0, ""lr"": 0.001, ""muon"": 0, ""optimizer"": ""sgd"", ""out_bias_q"": -1.0, ""out_lr_mult"": 1.0, ""out_w_scale"": 1.0, ""p0"": 0.0, ""preprocess"": ""div255"", ""rule"": ""dfa"", ""seed"": 4, ""shift_step"": 0, ""target_center"": 0, ""target_scale"": 1.0, ""whiten"": 0, ""width"": 300}",,,
E1_headline,frzbias,4,1,dfa,1.324767827987671,1.324767827987671,0.9972622394561768,0.2862038016319275,0.8913912177085876,0.7447943687438965,18.028831059527693,1.6586869151370178,2.964888552199814,4.325403528268445,80,4.325403528268445,"{""act"": ""tanh"", ""arch"": ""mlp"", ""batch"": 128, ""batchnorm"": 0, ""calibrate_head"": 0, ""center"": ""none"", ""classes"": 10, ""dataset"": ""mnist"", ""depth"": 3, ""fb_row_norm"": 0, ""fb_scale"": 1.0, ""fb_seed"": 1, ""freeze_bias"": 1, ""freeze_out"": 0, ""head"": ""sigmoid_bce"", ""hid_lr_mult"": 1.0, ""lr"": 0.001, ""muon"": 0, ""optimizer"": ""sgd"", ""out_bias_q"": -1.0, ""out_lr_mult"": 1.0, ""out_w_scale"": 1.0, ""p0"": 0.0, ""preprocess"": ""div255"", ""rule"": ""dfa"", ""seed"": 4, ""shift_step"": 0, ""target_center"": 0, ""target_scale"": 1.0, ""whiten"": 0, ""width"": 300}",,,
E1_headline,frzbias,4,2,dfa,1.324767827987671,1.324767827987671,0.9980241656303406,0.2246474921703338,0.8966737985610962,0.7244766354560852,16.55006410481034,1.725943069690089,3.1236976650482204,4.338530258151793,80,4.338530258151793,"{""act"": ""tanh"", ""arch"": ""mlp"", ""batch"": 128, ""batchnorm"": 0, ""calibrate_head"": 0, ""center"": ""none"", ""classes"": 10, ""dataset"": ""mnist"", ""depth"": 3, ""fb_row_norm"": 0, ""fb_scale"": 1.0, ""fb_seed"": 2, ""freeze_bias"": 1, ""freeze_out"": 0, ""head"": ""sigmoid_bce"", ""hid_lr_mult"": 1.0, ""lr"": 0.001, ""muon"": 0, ""optimizer"": ""sgd"", ""out_bias_q"": -1.0, ""out_lr_mult"": 1.0, ""out_w_scale"": 1.0, ""p0"": 0.0, ""preprocess"": ""div255"", ""rule"": ""dfa"", ""seed"": 4, ""shift_step"": 0, ""target_center"": 0, ""target_scale"": 1.0, ""whiten"": 0, ""width"": 300}",,,
E1_headline,frzout,0,0,dfa,1.2692182064056396,1.2692182064056396,0.999994695186615,0.0210179276764392,0.9771345257759094,0.2472692281007766,464.50325915197743,60.15091948164481,383.2445393165914,464.50325915197743,1500,464.50325915197743,"{""act"": ""tanh"", ""arch"": ""mlp"", ""batch"": 128, ""batchnorm"": 0, ""calibrate_head"": 0, ""center"": ""none"", ""classes"": 10, ""dataset"": ""mnist"", ""depth"": 3, ""fb_row_norm"": 0, ""fb_scale"": 1.0, ""fb_seed"": 0, ""freeze_bias"": 0, ""freeze_out"": 1, ""head"": ""sigmoid_bce"", ""hid_lr_mult"": 1.0, ""lr"": 0.001, ""muon"": 0, ""optimizer"": ""sgd"", ""out_bias_q"": -1.0, ""out_lr_mult"": 1.0, ""out_w_scale"": 1.0, ""p0"": 0.0, ""preprocess"": ""div255"", ""rule"": ""dfa"", ""seed"": 0, ""shift_step"": 0, ""target_center"": 0, ""target_scale"": 1.0, ""whiten"": 0, ""width"": 300}",,,
E1_headline,frzout,0,1,dfa,1.2692182064056396,1.2692182064056396,0.999999463558197,0.0156767182052135,0.9724573493003844,0.2687716782093048,488.8103937807819,63.413601628993824,401.45545477528,488.8103937807819,1500,488.8103937807819,"{""act"": ""tanh"", ""arch"": ""mlp"", ""batch"": 128, ""batchnorm"": 0, ""calibrate_head"": 0, ""center"": ""none"", ""classes"": 10, ""dataset"": ""mnist"", ""depth"": 3, ""fb_row_norm"": 0, ""fb_scale"": 1.0, ""fb_seed"": 1, ""freeze_bias"": 0, ""freeze_out"": 1, ""head"": ""sigmoid_bce"", ""hid_lr_mult"": 1.0, ""lr"": 0.001, ""muon"": 0, ""optimizer"": ""sgd"", ""out_bias_q"": -1.0, ""out_lr_mult"": 1.0, ""out_w_scale"": 1.0, ""p0"": 0.0, ""preprocess"": ""div255"", ""rule"": ""dfa"", ""seed"": 0, ""shift_step"": 0, ""target_center"": 0, ""target_scale"": 1.0, ""whiten"": 0, ""width"": 300}",,,
E1_headline,frzout,0,2,dfa,1.2692182064056396,1.2692182064056396,0.9999988079071044,0.0293035823851823,0.9801903367042542,0.2140838652849197,581.1403700033729,75.61036273577643,501.7756781124136,581.1403700033729,1500,581.1403700033729,"{""act"": ""tanh"", ""arch"": ""mlp"", ""batch"": 128, ""batchnorm"": 0, ""calibrate_head"": 0, ""center"": ""none"", ""classes"": 10, ""dataset"": ""mnist"", ""depth"": 3, ""fb_row_norm"": 0, ""fb_scale"": 1.0, ""fb_seed"": 2, ""freeze_bias"": 0, ""freeze_out"": 1, ""head"": ""sigmoid_bce"", ""hid_lr_mult"": 1.0, ""lr"": 0.001, ""muon"": 0, ""optimizer"": ""sgd"", ""out_bias_q"": -1.0, ""out_lr_mult"": 1.0, ""out_w_scale"": 1.0, ""p0"": 0.0, ""preprocess"": ""div255"", ""rule"": ""dfa"", ""seed"": 0, ""shift_step"": 0, ""target_center"": 0, ""target_scale"": 1.0, ""whiten"": 0, ""width"": 300}",,,
E1_headline,frzout,1,0,dfa,1.3514316082000732,1.3514316082000732,0.9999991655349731,0.0210753250867128,0.9767093062400818,0.2138224691152572,589.7719118250881,75.97016816122367,502.6284587551664,589.7719118250881,1500,589.7719118250881,"{""act"": ""tanh"", ""arch"": ""mlp"", ""batch"": 128, ""batchnorm"": 0, ""calibrate_head"": 0, ""center"": ""none"", ""classes"": 10, ""dataset"": ""mnist"", ""depth"": 3, ""fb_row_norm"": 0, ""fb_scale"": 1.0, ""fb_seed"": 0, ""freeze_bias"": 0, ""freeze_out"": 1, ""head"": ""sigmoid_bce"", ""hid_lr_mult"": 1.0, ""lr"": 0.001, ""muon"": 0, ""optimizer"": ""sgd"", ""out_bias_q"": -1.0, ""out_lr_mult"": 1.0, ""out_w_scale"": 1.0, ""p0"": 0.0, ""preprocess"": ""div255"", ""rule"": ""dfa"", ""seed"": 1, ""shift_step"": 0, ""target_center"": 0, ""target_scale"": 1.0, ""whiten"": 0, ""width"": 300}",,,
E1_headline,frzout,1,1,dfa,1.3514316082000732,1.3514316082000732,0.9999936819076538,0.0209458377212286,0.9743475317955016,0.2459121644496917,608.06244837948,77.76307462965902,494.5872375348477,608.06244837948,1500,608.06244837948,"{""act"": ""tanh"", ""arch"": ""mlp"", ""batch"": 128, ""batchnorm"": 0, ""calibrate_head"": 0, ""center"": ""none"", ""classes"": 10, ""dataset"": ""mnist"", ""depth"": 3, ""fb_row_norm"": 0, ""fb_scale"": 1.0, ""fb_seed"": 1, ""freeze_bias"": 0, ""freeze_out"": 1, ""head"": ""sigmoid_bce"", ""hid_lr_mult"": 1.0, ""lr"": 0.001, ""muon"": 0, ""optimizer"": ""sgd"", ""out_bias_q"": -1.0, ""out_lr_mult"": 1.0, ""out_w_scale"": 1.0, ""p0"": 0.0, ""preprocess"": ""div255"", ""rule"": ""dfa"", ""seed"": 1, ""shift_step"": 0, ""target_center"": 0, ""target_scale"": 1.0, ""whiten"": 0, ""width"": 300}",,,
E1_headline,frzout,1,2,dfa,1.3514316082000732,1.3514316082000732,0.9999971389770508,0.0136409029364585,0.9792383909225464,0.2155605256557464,628.2538257599076,80.98357603853734,528.6697650420845,628.2538257599076,1500,628.2538257599076,"{""act"": ""tanh"", ""arch"": ""mlp"", ""batch"": 128, ""batchnorm"": 0, ""calibrate_head"": 0, ""center"": ""none"", ""classes"": 10, ""dataset"": ""mnist"", ""depth"": 3, ""fb_row_norm"": 0, ""fb_scale"": 1.0, ""fb_seed"": 2, ""freeze_bias"": 0, ""freeze_out"": 1, ""head"": ""sigmoid_bce"", ""hid_lr_mult"": 1.0, ""lr"": 0.001, ""muon"": 0, ""optimizer"": ""sgd"", ""out_bias_q"": -1.0, ""out_lr_mult"": 1.0, ""out_w_scale"": 1.0, ""p0"": 0.0, ""preprocess"": ""div255"", ""rule"": ""dfa"", ""seed"": 1, ""shift_step"": 0, ""target_center"": 0, ""target_scale"": 1.0, ""whiten"": 0, ""width"": 300}",,,
E1_headline,frzout,2,0,dfa,1.247653603553772,1.247653603553772,0.9999977350234984,0.0157638862729072,0.9771820306777954,0.2223634421825409,482.9487815479576,62.96197875349958,409.588057392897,482.9487815479576,1500,482.9487815479576,"{""act"": ""tanh"", ""arch"": ""mlp"", ""batch"": 128, ""batchnorm"": 0, ""calibrate_head"": 0, ""center"": ""none"", ""classes"": 10, ""dataset"": ""mnist"", ""depth"": 3, ""fb_row_norm"": 0, ""fb_scale"": 1.0, ""fb_seed"": 0, ""freeze_bias"": 0, ""freeze_out"": 1, ""head"": ""sigmoid_bce"", ""hid_lr_mult"": 1.0, ""lr"": 0.001, ""muon"": 0, ""optimizer"": ""sgd"", ""out_bias_q"": -1.0, ""out_lr_mult"": 1.0, ""out_w_scale"": 1.0, ""p0"": 0.0, ""preprocess"": ""div255"", ""rule"": ""dfa"", ""seed"": 2, ""shift_step"": 0, ""target_center"": 0, ""target_scale"": 1.0, ""whiten"": 0, ""width"": 300}",,,
E1_headline,frzout,2,1,dfa,1.247653603553772,1.247653603553772,0.9999991655349731,0.0105895064771175,0.9817849397659302,0.2025041729211807,574.251633491858,73.83585604505213,497.61818280587823,574.251633491858,1500,574.251633491858,"{""act"": ""tanh"", ""arch"": ""mlp"", ""batch"": 128, ""batchnorm"": 0, ""calibrate_head"": 0, ""center"": ""none"", ""classes"": 10, ""dataset"": ""mnist"", ""depth"": 3, ""fb_row_norm"": 0, ""fb_scale"": 1.0, ""fb_seed"": 1, ""freeze_bias"": 0, ""freeze_out"": 1, ""head"": ""sigmoid_bce"", ""hid_lr_mult"": 1.0, ""lr"": 0.001, ""muon"": 0, ""optimizer"": ""sgd"", ""out_bias_q"": -1.0, ""out_lr_mult"": 1.0, ""out_w_scale"": 1.0, ""p0"": 0.0, ""preprocess"": ""div255"", ""rule"": ""dfa"", ""seed"": 2, ""shift_step"": 0, ""target_center"": 0, ""target_scale"": 1.0, ""whiten"": 0, ""width"": 300}",,,
E1_headline,frzout,2,2,dfa,1.247653603553772,1.247653603553772,0.9999983310699464,0.0145143503323197,0.9766053557395936,0.2596917748451233,510.7990451037007,66.47947572026284,418.1421024522644,510.7990451037007,1500,510.7990451037007,"{""act"": ""tanh"", ""arch"": ""mlp"", ""batch"": 128, ""batchnorm"": 0, ""calibrate_head"": 0, ""center"": ""none"", ""classes"": 10, ""dataset"": ""mnist"", ""depth"": 3, ""fb_row_norm"": 0, ""fb_scale"": 1.0, ""fb_seed"": 2, ""freeze_bias"": 0, ""freeze_out"": 1, ""head"": ""sigmoid_bce"", ""hid_lr_mult"": 1.0, ""lr"": 0.001, ""muon"": 0, ""optimizer"": ""sgd"", ""out_bias_q"": -1.0, ""out_lr_mult"": 1.0, ""out_w_scale"": 1.0, ""p0"": 0.0, ""preprocess"": ""div255"", ""rule"": ""dfa"", ""seed"": 2, ""shift_step"": 0, ""target_center"": 0, ""target_scale"": 1.0, ""whiten"": 0, ""width"": 300}",,,
E1_headline,frzout,3,0,dfa,1.1960808038711548,1.1960808038711548,0.9999992847442628,0.0104074422270059,0.9789458513259888,0.2200629860162735,487.7762959862868,63.34541054489639,410.7154968808917,487.7762959862868,1500,487.7762959862868,"{""act"": ""tanh"", ""arch"": ""mlp"", ""batch"": 128, ""batchnorm"": 0, ""calibrate_head"": 0, ""center"": ""none"", ""classes"": 10, ""dataset"": ""mnist"", ""depth"": 3, ""fb_row_norm"": 0, ""fb_scale"": 1.0, ""fb_seed"": 0, ""freeze_bias"": 0, ""freeze_out"": 1, ""head"": ""sigmoid_bce"", ""hid_lr_mult"": 1.0, ""lr"": 0.001, ""muon"": 0, ""optimizer"": ""sgd"", ""out_bias_q"": -1.0, ""out_lr_mult"": 1.0, ""out_w_scale"": 1.0, ""p0"": 0.0, ""preprocess"": ""div255"", ""rule"": ""dfa"", ""seed"": 3, ""shift_step"": 0, ""target_center"": 0, ""target_scale"": 1.0, ""whiten"": 0, ""width"": 300}",,,
E1_headline,frzout,3,1,dfa,1.1960808038711548,1.1960808038711548,0.9999984502792358,0.0297147892415523,0.9714690446853638,0.2784620225429535,356.2807532861262,47.12963570190289,285.68878746499536,356.2807532861262,1500,356.2807532861262,"{""act"": ""tanh"", ""arch"": ""mlp"", ""batch"": 128, ""batchnorm"": 0, ""calibrate_head"": 0, ""center"": ""none"", ""classes"": 10, ""dataset"": ""mnist"", ""depth"": 3, ""fb_row_norm"": 0, ""fb_scale"": 1.0, ""fb_seed"": 1, ""freeze_bias"": 0, ""freeze_out"": 1, ""head"": ""sigmoid_bce"", ""hid_lr_mult"": 1.0, ""lr"": 0.001, ""muon"": 0, ""optimizer"": ""sgd"", ""out_bias_q"": -1.0, ""out_lr_mult"": 1.0, ""out_w_scale"": 1.0, ""p0"": 0.0, ""preprocess"": ""div255"", ""rule"": ""dfa"", ""seed"": 3, ""shift_step"": 0, ""target_center"": 0, ""target_scale"": 1.0, ""whiten"": 0, ""width"": 300}",,,
E1_headline,frzout,3,2,dfa,1.1960808038711548,1.1960808038711548,0.9999992847442628,0.0092352367937564,0.9732517600059508,0.2762505114078522,528.5135226351883,68.23977401025881,430.2787348970981,528.5135226351883,1500,528.5135226351883,"{""act"": ""tanh"", ""arch"": ""mlp"", ""batch"": 128, ""batchnorm"": 0, ""calibrate_head"": 0, ""center"": ""none"", ""classes"": 10, ""dataset"": ""mnist"", ""depth"": 3, ""fb_row_norm"": 0, ""fb_scale"": 1.0, ""fb_seed"": 2, ""freeze_bias"": 0, ""freeze_out"": 1, ""head"": ""sigmoid_bce"", ""hid_lr_mult"": 1.0, ""lr"": 0.001, ""muon"": 0, ""optimizer"": ""sgd"", ""out_bias_q"": -1.0, ""out_lr_mult"": 1.0, ""out_w_scale"": 1.0, ""p0"": 0.0, ""preprocess"": ""div255"", ""rule"": ""dfa"", ""seed"": 3, ""shift_step"": 0, ""target_center"": 0, ""target_scale"": 1.0, ""whiten"": 0, ""width"": 300}",,,
E1_headline,frzout,4,0,dfa,1.324767827987671,1.324767827987671,0.9999990463256836,0.0183186214417219,0.979996383190155,0.2355770915746688,540.5296166188843,70.04044163460786,457.21973954918974,540.5296166188843,1500,540.5296166188843,"{""act"": ""tanh"", ""arch"": ""mlp"", ""batch"": 128, ""batchnorm"": 0, ""calibrate_head"": 0, ""center"": ""none"", ""classes"": 10, ""dataset"": ""mnist"", ""depth"": 3, ""fb_row_norm"": 0, ""fb_scale"": 1.0, ""fb_seed"": 0, ""freeze_bias"": 0, ""freeze_out"": 1, ""head"": ""sigmoid_bce"", ""hid_lr_mult"": 1.0, ""lr"": 0.001, ""muon"": 0, ""optimizer"": ""sgd"", ""out_bias_q"": -1.0, ""out_lr_mult"": 1.0, ""out_w_scale"": 1.0, ""p0"": 0.0, ""preprocess"": ""div255"", ""rule"": ""dfa"", ""seed"": 4, ""shift_step"": 0, ""target_center"": 0, ""target_scale"": 1.0, ""whiten"": 0, ""width"": 300}",,,
E1_headline,frzout,4,1,dfa,1.324767827987671,1.324767827987671,0.9999991655349731,0.0199019629508256,0.9761029481887816,0.2323070615530014,618.7437967748573,80.00672410612559,521.4690168630648,618.7437967748573,1500,618.7437967748573,"{""act"": ""tanh"", ""arch"": ""mlp"", ""batch"": 128, ""batchnorm"": 0, ""calibrate_head"": 0, ""center"": ""none"", ""classes"": 10, ""dataset"": ""mnist"", ""depth"": 3, ""fb_row_norm"": 0, ""fb_scale"": 1.0, ""fb_seed"": 1, ""freeze_bias"": 0, ""freeze_out"": 1, ""head"": ""sigmoid_bce"", ""hid_lr_mult"": 1.0, ""lr"": 0.001, ""muon"": 0, ""optimizer"": ""sgd"", ""out_bias_q"": -1.0, ""out_lr_mult"": 1.0, ""out_w_scale"": 1.0, ""p0"": 0.0, ""preprocess"": ""div255"", ""rule"": ""dfa"", ""seed"": 4, ""shift_step"": 0, ""target_center"": 0, ""target_scale"": 1.0, ""whiten"": 0, ""width"": 300}",,,
E1_headline,frzout,4,2,dfa,1.324767827987671,1.324767827987671,0.9999960660934448,0.0160315427929162,0.9743558168411256,0.223559096455574,495.06619801628,64.91386613795325,426.1268167346543,495.06619801628,1500,495.06619801628,"{""act"": ""tanh"", ""arch"": ""mlp"", ""batch"": 128, ""batchnorm"": 0, ""calibrate_head"": 0, ""center"": ""none"", ""classes"": 10, ""dataset"": ""mnist"", ""depth"": 3, ""fb_row_norm"": 0, ""fb_scale"": 1.0, ""fb_seed"": 2, ""freeze_bias"": 0, ""freeze_out"": 1, ""head"": ""sigmoid_bce"", ""hid_lr_mult"": 1.0, ""lr"": 0.001, ""muon"": 0, ""optimizer"": ""sgd"", ""out_bias_q"": -1.0, ""out_lr_mult"": 1.0, ""out_w_scale"": 1.0, ""p0"": 0.0, ""preprocess"": ""div255"", ""rule"": ""dfa"", ""seed"": 4, ""shift_step"": 0, ""target_center"": 0, ""target_scale"": 1.0, ""whiten"": 0, ""width"": 300}",,,
E1_headline,gated,0,0,dfa,1.2692182064056396,1.2692182064056396,0.3545146286487579,0.937033712863922,0.3549448549747467,0.9904417991638184,47.06930894006229,70.70890387737745,34.17119625244025,47.06930894006229,3000,47.06930894006229,"{""act"": ""tanh"", ""arch"": ""mlp"", ""batch"": 128, ""batchnorm"": 0, ""calibrate_head"": 0, ""center"": ""gated"", ""classes"": 10, ""dataset"": ""mnist"", ""depth"": 3, ""fb_row_norm"": 0, ""fb_scale"": 1.0, ""fb_seed"": 0, ""freeze_bias"": 0, ""freeze_out"": 0, ""gate_thr"": 0.1, ""head"": ""sigmoid_bce"", ""hid_lr_mult"": 1.0, ""lr"": 0.001, ""muon"": 0, ""optimizer"": ""sgd"", ""out_bias_q"": -1.0, ""out_lr_mult"": 1.0, ""out_w_scale"": 1.0, ""p0"": 0.0, ""preprocess"": ""div255"", ""rule"": ""dfa"", ""seed"": 0, ""shift_step"": 0, ""target_center"": 0, ""target_scale"": 1.0, ""whiten"": 0, ""width"": 300}",,,
E1_headline,gated,0,1,dfa,1.2692182064056396,1.2692182064056396,0.3540035486221313,0.9202103614807128,0.3544527292251587,0.9874898195266724,45.10787985836701,76.75462230039928,30.864082367010404,45.10787985836701,3000,45.10787985836701,"{""act"": ""tanh"", ""arch"": ""mlp"", ""batch"": 128, ""batchnorm"": 0, ""calibrate_head"": 0, ""center"": ""gated"", ""classes"": 10, ""dataset"": ""mnist"", ""depth"": 3, ""fb_row_norm"": 0, ""fb_scale"": 1.0, ""fb_seed"": 1, ""freeze_bias"": 0, ""freeze_out"": 0, ""gate_thr"": 0.1, ""head"": ""sigmoid_bce"", ""hid_lr_mult"": 1.0, ""lr"": 0.001, ""muon"": 0, ""optimizer"": ""sgd"", ""out_bias_q"": -1.0, ""out_lr_mult"": 1.0, ""out_w_scale"": 1.0, ""p0"": 0.0, ""preprocess"": ""div255"", ""rule"": ""dfa"", ""seed"": 0, ""shift_step"": 0, ""target_center"": 0, ""target_scale"": 1.0, ""whiten"": 0, ""width"": 300}",,,
E1_headline,gated,0,2,dfa,1.2692182064056396,1.2692182064056396,0.3540035486221313,0.9191195964813232,0.3557083904743194,0.9894422888755798,44.598117157231535,71.01924343711316,34.645286416433905,44.598117157231535,3000,44.598117157231535,"{""act"": ""tanh"", ""arch"": ""mlp"", ""batch"": 128, ""batchnorm"": 0, ""calibrate_head"": 0, ""center"": ""gated"", ""classes"": 10, ""dataset"": ""mnist"", ""depth"": 3, ""fb_row_norm"": 0, ""fb_scale"": 1.0, ""fb_seed"": 2, ""freeze_bias"": 0, ""freeze_out"": 0, ""gate_thr"": 0.1, ""head"": ""sigmoid_bce"", ""hid_lr_mult"": 1.0, ""lr"": 0.001, ""muon"": 0, ""optimizer"": ""sgd"", ""out_bias_q"": -1.0, ""out_lr_mult"": 1.0, ""out_w_scale"": 1.0, ""p0"": 0.0, ""preprocess"": ""div255"", ""rule"": ""dfa"", ""seed"": 0, ""shift_step"": 0, ""target_center"": 0, ""target_scale"": 1.0, ""whiten"": 0, ""width"": 300}",,,
E1_headline,gated,1,0,dfa,1.3514316082000732,1.3514316082000732,0.387746512889862,0.9221999049186708,0.3873637318611145,0.9830918312072754,50.08348221974552,70.81366862132501,34.61700661724623,50.08348221974552,3000,50.08348221974552,"{""act"": ""tanh"", ""arch"": ""mlp"", ""batch"": 128, ""batchnorm"": 0, ""calibrate_head"": 0, ""center"": ""gated"", ""classes"": 10, ""dataset"": ""mnist"", ""depth"": 3, ""fb_row_norm"": 0, ""fb_scale"": 1.0, ""fb_seed"": 0, ""freeze_bias"": 0, ""freeze_out"": 0, ""gate_thr"": 0.1, ""head"": ""sigmoid_bce"", ""hid_lr_mult"": 1.0, ""lr"": 0.001, ""muon"": 0, ""optimizer"": ""sgd"", ""out_bias_q"": -1.0, ""out_lr_mult"": 1.0, ""out_w_scale"": 1.0, ""p0"": 0.0, ""preprocess"": ""div255"", ""rule"": ""dfa"", ""seed"": 1, ""shift_step"": 0, ""target_center"": 0, ""target_scale"": 1.0, ""whiten"": 0, ""width"": 300}",,,
E1_headline,gated,1,1,dfa,1.3514316082000732,1.3514316082000732,0.391764372587204,0.9543123841285706,0.3879089951515198,0.988448441028595,51.17829088425214,72.0666427828564,32.90069554356689,51.17829088425214,3000,51.17829088425214,"{""act"": ""tanh"", ""arch"": ""mlp"", ""batch"": 128, ""batchnorm"": 0, ""calibrate_head"": 0, ""center"": ""gated"", ""classes"": 10, ""dataset"": ""mnist"", ""depth"": 3, ""fb_row_norm"": 0, ""fb_scale"": 1.0, ""fb_seed"": 1, ""freeze_bias"": 0, ""freeze_out"": 0, ""gate_thr"": 0.1, ""head"": ""sigmoid_bce"", ""hid_lr_mult"": 1.0, ""lr"": 0.001, ""muon"": 0, ""optimizer"": ""sgd"", ""out_bias_q"": -1.0, ""out_lr_mult"": 1.0, ""out_w_scale"": 1.0, ""p0"": 0.0, ""preprocess"": ""div255"", ""rule"": ""dfa"", ""seed"": 1, ""shift_step"": 0, ""target_center"": 0, ""target_scale"": 1.0, ""whiten"": 0, ""width"": 300}",,,
E1_headline,gated,1,2,dfa,1.3514316082000732,1.3514316082000732,0.3900504410266876,0.9478809237480164,0.3877899944782257,0.9868943691253662,52.69181421351448,64.77786201221049,34.11735142605267,52.69181421351448,3000,52.69181421351448,"{""act"": ""tanh"", ""arch"": ""mlp"", ""batch"": 128, ""batchnorm"": 0, ""calibrate_head"": 0, ""center"": ""gated"", ""classes"": 10, ""dataset"": ""mnist"", ""depth"": 3, ""fb_row_norm"": 0, ""fb_scale"": 1.0, ""fb_seed"": 2, ""freeze_bias"": 0, ""freeze_out"": 0, ""gate_thr"": 0.1, ""head"": ""sigmoid_bce"", ""hid_lr_mult"": 1.0, ""lr"": 0.001, ""muon"": 0, ""optimizer"": ""sgd"", ""out_bias_q"": -1.0, ""out_lr_mult"": 1.0, ""out_w_scale"": 1.0, ""p0"": 0.0, ""preprocess"": ""div255"", ""rule"": ""dfa"", ""seed"": 1, ""shift_step"": 0, ""target_center"": 0, ""target_scale"": 1.0, ""whiten"": 0, ""width"": 300}",,,
E1_headline,gated,2,0,dfa,1.247653603553772,1.247653603553772,0.3911522030830383,0.9443275928497314,0.4126372337341308,0.9858370423316956,43.75441475319512,74.91713759178971,31.048104008522127,43.75441475319512,3000,43.75441475319512,"{""act"": ""tanh"", ""arch"": ""mlp"", ""batch"": 128, ""batchnorm"": 0, ""calibrate_head"": 0, ""center"": ""gated"", ""classes"": 10, ""dataset"": ""mnist"", ""depth"": 3, ""fb_row_norm"": 0, ""fb_scale"": 1.0, ""fb_seed"": 0, ""freeze_bias"": 0, ""freeze_out"": 0, ""gate_thr"": 0.1, ""head"": ""sigmoid_bce"", ""hid_lr_mult"": 1.0, ""lr"": 0.001, ""muon"": 0, ""optimizer"": ""sgd"", ""out_bias_q"": -1.0, ""out_lr_mult"": 1.0, ""out_w_scale"": 1.0, ""p0"": 0.0, ""preprocess"": ""div255"", ""rule"": ""dfa"", ""seed"": 2, ""shift_step"": 0, ""target_center"": 0, ""target_scale"": 1.0, ""whiten"": 0, ""width"": 300}",,,
E1_headline,gated,2,1,dfa,1.247653603553772,1.247653603553772,0.3918405771255493,0.9268981218338012,0.4126372337341308,0.9858370423316956,45.64385729224719,73.20145077930036,30.630930948036944,45.64385729224719,3000,45.64385729224719,"{""act"": ""tanh"", ""arch"": ""mlp"", ""batch"": 128, ""batchnorm"": 0, ""calibrate_head"": 0, ""center"": ""gated"", ""classes"": 10, ""dataset"": ""mnist"", ""depth"": 3, ""fb_row_norm"": 0, ""fb_scale"": 1.0, ""fb_seed"": 1, ""freeze_bias"": 0, ""freeze_out"": 0, ""gate_thr"": 0.1, ""head"": ""sigmoid_bce"", ""hid_lr_mult"": 1.0, ""lr"": 0.001, ""muon"": 0, ""optimizer"": ""sgd"", ""out_bias_q"": -1.0, ""out_lr_mult"": 1.0, ""out_w_scale"": 1.0, ""p0"": 0.0, ""preprocess"": ""div255"", ""rule"": ""dfa"", ""seed"": 2, ""shift_step"": 0, ""target_center"": 0, ""target_scale"": 1.0, ""whiten"": 0, ""width"": 300}",,,
E1_headline,gated,2,2,dfa,1.247653603553772,1.247653603553772,0.3910796046257019,0.9347896575927734,0.4126372337341308,0.9858370423316956,31.85360842520975,68.987005192698,27.77405789156229,31.85360842520975,3000,31.85360842520975,"{""act"": ""tanh"", ""arch"": ""mlp"", ""batch"": 128, ""batchnorm"": 0, ""calibrate_head"": 0, ""center"": ""gated"", ""classes"": 10, ""dataset"": ""mnist"", ""depth"": 3, ""fb_row_norm"": 0, ""fb_scale"": 1.0, ""fb_seed"": 2, ""freeze_bias"": 0, ""freeze_out"": 0, ""gate_thr"": 0.1, ""head"": ""sigmoid_bce"", ""hid_lr_mult"": 1.0, ""lr"": 0.001, ""muon"": 0, ""optimizer"": ""sgd"", ""out_bias_q"": -1.0, ""out_lr_mult"": 1.0, ""out_w_scale"": 1.0, ""p0"": 0.0, ""preprocess"": ""div255"", ""rule"": ""dfa"", ""seed"": 2, ""shift_step"": 0, ""target_center"": 0, ""target_scale"": 1.0, ""whiten"": 0, ""width"": 300}",,,
E1_headline,gated,3,0,dfa,1.1960808038711548,1.1960808038711548,0.3630390167236328,0.9375826716423036,0.4067066311836242,0.9870036244392396,37.9325556547335,72.12908944556011,31.731753927707786,37.9325556547335,3000,37.9325556547335,"{""act"": ""tanh"", ""arch"": ""mlp"", ""batch"": 128, ""batchnorm"": 0, ""calibrate_head"": 0, ""center"": ""gated"", ""classes"": 10, ""dataset"": ""mnist"", ""depth"": 3, ""fb_row_norm"": 0, ""fb_scale"": 1.0, ""fb_seed"": 0, ""freeze_bias"": 0, ""freeze_out"": 0, ""gate_thr"": 0.1, ""head"": ""sigmoid_bce"", ""hid_lr_mult"": 1.0, ""lr"": 0.001, ""muon"": 0, ""optimizer"": ""sgd"", ""out_bias_q"": -1.0, ""out_lr_mult"": 1.0, ""out_w_scale"": 1.0, ""p0"": 0.0, ""preprocess"": ""div255"", ""rule"": ""dfa"", ""seed"": 3, ""shift_step"": 0, ""target_center"": 0, ""target_scale"": 1.0, ""whiten"": 0, ""width"": 300}",,,
E1_headline,gated,3,1,dfa,1.1960808038711548,1.1960808038711548,0.3630390167236328,0.9296041131019592,0.4067066311836242,0.9870036244392396,50.21057023487985,69.79903719344755,30.79746806892221,50.21057023487985,3000,50.21057023487985,"{""act"": ""tanh"", ""arch"": ""mlp"", ""batch"": 128, ""batchnorm"": 0, ""calibrate_head"": 0, ""center"": ""gated"", ""classes"": 10, ""dataset"": ""mnist"", ""depth"": 3, ""fb_row_norm"": 0, ""fb_scale"": 1.0, ""fb_seed"": 1, ""freeze_bias"": 0, ""freeze_out"": 0, ""gate_thr"": 0.1, ""head"": ""sigmoid_bce"", ""hid_lr_mult"": 1.0, ""lr"": 0.001, ""muon"": 0, ""optimizer"": ""sgd"", ""out_bias_q"": -1.0, ""out_lr_mult"": 1.0, ""out_w_scale"": 1.0, ""p0"": 0.0, ""preprocess"": ""div255"", ""rule"": ""dfa"", ""seed"": 3, ""shift_step"": 0, ""target_center"": 0, ""target_scale"": 1.0, ""whiten"": 0, ""width"": 300}",,,
E1_headline,gated,3,2,dfa,1.1960808038711548,1.1960808038711548,0.3630390167236328,0.9231470823287964,0.4071457087993622,0.9870036244392396,47.46591570357308,71.05509279772699,34.774725285757576,47.46591570357308,3000,47.46591570357308,"{""act"": ""tanh"", ""arch"": ""mlp"", ""batch"": 128, ""batchnorm"": 0, ""calibrate_head"": 0, ""center"": ""gated"", ""classes"": 10, ""dataset"": ""mnist"", ""depth"": 3, ""fb_row_norm"": 0, ""fb_scale"": 1.0, ""fb_seed"": 2, ""freeze_bias"": 0, ""freeze_out"": 0, ""gate_thr"": 0.1, ""head"": ""sigmoid_bce"", ""hid_lr_mult"": 1.0, ""lr"": 0.001, ""muon"": 0, ""optimizer"": ""sgd"", ""out_bias_q"": -1.0, ""out_lr_mult"": 1.0, ""out_w_scale"": 1.0, ""p0"": 0.0, ""preprocess"": ""div255"", ""rule"": ""dfa"", ""seed"": 3, ""shift_step"": 0, ""target_center"": 0, ""target_scale"": 1.0, ""whiten"": 0, ""width"": 300}",,,
E1_headline,gated,4,0,dfa,1.324767827987671,1.324767827987671,0.3955017924308777,0.9389516711235046,0.4106832444667816,0.9866453409194946,57.05063936988528,68.92210236803193,37.25616776441622,57.05063936988528,3000,57.05063936988528,"{""act"": ""tanh"", ""arch"": ""mlp"", ""batch"": 128, ""batchnorm"": 0, ""calibrate_head"": 0, ""center"": ""gated"", ""classes"": 10, ""dataset"": ""mnist"", ""depth"": 3, ""fb_row_norm"": 0, ""fb_scale"": 1.0, ""fb_seed"": 0, ""freeze_bias"": 0, ""freeze_out"": 0, ""gate_thr"": 0.1, ""head"": ""sigmoid_bce"", ""hid_lr_mult"": 1.0, ""lr"": 0.001, ""muon"": 0, ""optimizer"": ""sgd"", ""out_bias_q"": -1.0, ""out_lr_mult"": 1.0, ""out_w_scale"": 1.0, ""p0"": 0.0, ""preprocess"": ""div255"", ""rule"": ""dfa"", ""seed"": 4, ""shift_step"": 0, ""target_center"": 0, ""target_scale"": 1.0, ""whiten"": 0, ""width"": 300}",,,
E1_headline,gated,4,1,dfa,1.324767827987671,1.324767827987671,0.3955017924308777,0.9320682287216188,0.4106832444667816,0.9866453409194946,55.38036502587528,70.08894601300729,32.162672783668214,55.38036502587528,3000,55.38036502587528,"{""act"": ""tanh"", ""arch"": ""mlp"", ""batch"": 128, ""batchnorm"": 0, ""calibrate_head"": 0, ""center"": ""gated"", ""classes"": 10, ""dataset"": ""mnist"", ""depth"": 3, ""fb_row_norm"": 0, ""fb_scale"": 1.0, ""fb_seed"": 1, ""freeze_bias"": 0, ""freeze_out"": 0, ""gate_thr"": 0.1, ""head"": ""sigmoid_bce"", ""hid_lr_mult"": 1.0, ""lr"": 0.001, ""muon"": 0, ""optimizer"": ""sgd"", ""out_bias_q"": -1.0, ""out_lr_mult"": 1.0, ""out_w_scale"": 1.0, ""p0"": 0.0, ""preprocess"": ""div255"", ""rule"": ""dfa"", ""seed"": 4, ""shift_step"": 0, ""target_center"": 0, ""target_scale"": 1.0, ""whiten"": 0, ""width"": 300}",,,
E1_headline,gated,4,2,dfa,1.324767827987671,1.324767827987671,0.3955017924308777,0.9142312407493592,0.4106832444667816,0.9866453409194946,53.09417989794516,66.60517612878431,32.71686231720451,53.09417989794516,3000,53.09417989794516,"{""act"": ""tanh"", ""arch"": ""mlp"", ""batch"": 128, ""batchnorm"": 0, ""calibrate_head"": 0, ""center"": ""gated"", ""classes"": 10, ""dataset"": ""mnist"", ""depth"": 3, ""fb_row_norm"": 0, ""fb_scale"": 1.0, ""fb_seed"": 2, ""freeze_bias"": 0, ""freeze_out"": 0, ""gate_thr"": 0.1, ""head"": ""sigmoid_bce"", ""hid_lr_mult"": 1.0, ""lr"": 0.001, ""muon"": 0, ""optimizer"": ""sgd"", ""out_bias_q"": -1.0, ""out_lr_mult"": 1.0, ""out_w_scale"": 1.0, ""p0"": 0.0, ""preprocess"": ""div255"", ""rule"": ""dfa"", ""seed"": 4, ""shift_step"": 0, ""target_center"": 0, ""target_scale"": 1.0, ""whiten"": 0, ""width"": 300}",,,
E1_headline,outlr10,0,0,dfa,1.2692182064056396,1.2692182064056396,0.91960209608078,0.8440855145454407,0.7254881262779236,0.9193956851959229,2.2475548985292493,0.5950922248923133,0.463957513590797,0.4610921435286044,30,0.4610921435286044,"{""act"": ""tanh"", ""arch"": ""mlp"", ""batch"": 128, ""batchnorm"": 0, ""calibrate_head"": 0, ""center"": ""none"", ""classes"": 10, ""dataset"": ""mnist"", ""depth"": 3, ""fb_row_norm"": 0, ""fb_scale"": 1.0, ""fb_seed"": 0, ""freeze_bias"": 0, ""freeze_out"": 0, ""head"": ""sigmoid_bce"", ""hid_lr_mult"": 1.0, ""lr"": 0.001, ""muon"": 0, ""optimizer"": ""sgd"", ""out_bias_q"": -1.0, ""out_lr_mult"": 10.0, ""out_w_scale"": 1.0, ""p0"": 0.0, ""preprocess"": ""div255"", ""rule"": ""dfa"", ""seed"": 0, ""shift_step"": 0, ""target_center"": 0, ""target_scale"": 1.0, ""whiten"": 0, ""width"": 300}",,,
E1_headline,outlr10,0,1,dfa,1.2692182064056396,1.2692182064056396,0.911215603351593,0.8196292519569397,0.6992654204368591,0.92961186170578,2.3055724559398527,0.5962660260012665,0.4272597605307644,0.4752863444016979,30,0.4752863444016979,"{""act"": ""tanh"", ""arch"": ""mlp"", ""batch"": 128, ""batchnorm"": 0, ""calibrate_head"": 0, ""center"": ""none"", ""classes"": 10, ""dataset"": ""mnist"", ""depth"": 3, ""fb_row_norm"": 0, ""fb_scale"": 1.0, ""fb_seed"": 1, ""freeze_bias"": 0, ""freeze_out"": 0, ""head"": ""sigmoid_bce"", ""hid_lr_mult"": 1.0, ""lr"": 0.001, ""muon"": 0, ""optimizer"": ""sgd"", ""out_bias_q"": -1.0, ""out_lr_mult"": 10.0, ""out_w_scale"": 1.0, ""p0"": 0.0, ""preprocess"": ""div255"", ""rule"": ""dfa"", ""seed"": 0, ""shift_step"": 0, ""target_center"": 0, ""target_scale"": 1.0, ""whiten"": 0, ""width"": 300}",,,
E1_headline,outlr10,0,2,dfa,1.2692182064056396,1.2692182064056396,0.9222875237464904,0.8148261308670044,0.736412763595581,0.9122753143310548,2.401290028797665,0.658510531105136,0.516523899742909,0.5040857138708147,30,0.5040857138708147,"{""act"": ""tanh"", ""arch"": ""mlp"", ""batch"": 128, ""batchnorm"": 0, ""calibrate_head"": 0, ""center"": ""none"", ""classes"": 10, ""dataset"": ""mnist"", ""depth"": 3, ""fb_row_norm"": 0, ""fb_scale"": 1.0, ""fb_seed"": 2, ""freeze_bias"": 0, ""freeze_out"": 0, ""head"": ""sigmoid_bce"", ""hid_lr_mult"": 1.0, ""lr"": 0.001, ""muon"": 0, ""optimizer"": ""sgd"", ""out_bias_q"": -1.0, ""out_lr_mult"": 10.0, ""out_w_scale"": 1.0, ""p0"": 0.0, ""preprocess"": ""div255"", ""rule"": ""dfa"", ""seed"": 0, ""shift_step"": 0, ""target_center"": 0, ""target_scale"": 1.0, ""whiten"": 0, ""width"": 300}",,,
E1_headline,outlr10,1,0,dfa,1.3514316082000732,1.3514316082000732,0.9346346855163574,0.7867029309272766,0.7555701732635498,0.9108225107192992,2.345245113879645,0.6753893561671053,0.5460733838250679,0.5675721149059773,30,0.5675721149059773,"{""act"": ""tanh"", ""arch"": ""mlp"", ""batch"": 128, ""batchnorm"": 0, ""calibrate_head"": 0, ""center"": ""none"", ""classes"": 10, ""dataset"": ""mnist"", ""depth"": 3, ""fb_row_norm"": 0, ""fb_scale"": 1.0, ""fb_seed"": 0, ""freeze_bias"": 0, ""freeze_out"": 0, ""head"": ""sigmoid_bce"", ""hid_lr_mult"": 1.0, ""lr"": 0.001, ""muon"": 0, ""optimizer"": ""sgd"", ""out_bias_q"": -1.0, ""out_lr_mult"": 10.0, ""out_w_scale"": 1.0, ""p0"": 0.0, ""preprocess"": ""div255"", ""rule"": ""dfa"", ""seed"": 1, ""shift_step"": 0, ""target_center"": 0, ""target_scale"": 1.0, ""whiten"": 0, ""width"": 300}",,,
E1_headline,outlr10,1,1,dfa,1.3514316082000732,1.3514316082000732,0.9378601312637328,0.7829656004905701,0.7349727749824524,0.9154727458953856,2.328092644323659,0.6835544305060125,0.5279433602575873,0.5886785626796814,30,0.5886785626796814,"{""act"": ""tanh"", ""arch"": ""mlp"", ""batch"": 128, ""batchnorm"": 0, ""calibrate_head"": 0, ""center"": ""none"", ""classes"": 10, ""dataset"": ""mnist"", ""depth"": 3, ""fb_row_norm"": 0, ""fb_scale"": 1.0, ""fb_seed"": 1, ""freeze_bias"": 0, ""freeze_out"": 0, ""head"": ""sigmoid_bce"", ""hid_lr_mult"": 1.0, ""lr"": 0.001, ""muon"": 0, ""optimizer"": ""sgd"", ""out_bias_q"": -1.0, ""out_lr_mult"": 10.0, ""out_w_scale"": 1.0, ""p0"": 0.0, ""preprocess"": ""div255"", ""rule"": ""dfa"", ""seed"": 1, ""shift_step"": 0, ""target_center"": 0, ""target_scale"": 1.0, ""whiten"": 0, ""width"": 300}",,,
E1_headline,outlr10,1,2,dfa,1.3514316082000732,1.3514316082000732,0.9314393401145936,0.7956743836402893,0.7455953359603882,0.9050796627998352,2.376694229034008,0.6473261551253966,0.5322356592510009,0.5554806726494934,30,0.5554806726494934,"{""act"": ""tanh"", ""arch"": ""mlp"", ""batch"": 128, ""batchnorm"": 0, ""calibrate_head"": 0, ""center"": ""none"", ""classes"": 10, ""dataset"": ""mnist"", ""depth"": 3, ""fb_row_norm"": 0, ""fb_scale"": 1.0, ""fb_seed"": 2, ""freeze_bias"": 0, ""freeze_out"": 0, ""head"": ""sigmoid_bce"", ""hid_lr_mult"": 1.0, ""lr"": 0.001, ""muon"": 0, ""optimizer"": ""sgd"", ""out_bias_q"": -1.0, ""out_lr_mult"": 10.0, ""out_w_scale"": 1.0, ""p0"": 0.0, ""preprocess"": ""div255"", ""rule"": ""dfa"", ""seed"": 1, ""shift_step"": 0, ""target_center"": 0, ""target_scale"": 1.0, ""whiten"": 0, ""width"": 300}",,,
E1_headline,outlr10,2,0,dfa,1.247653603553772,1.247653603553772,0.9227603077888488,0.8181485533714294,0.7378751635551453,0.9131069779396056,2.292323663883614,0.6004842019278267,0.5100038753478102,0.495122552210919,30,0.495122552210919,"{""act"": ""tanh"", ""arch"": ""mlp"", ""batch"": 128, ""batchnorm"": 0, ""calibrate_head"": 0, ""center"": ""none"", ""classes"": 10, ""dataset"": ""mnist"", ""depth"": 3, ""fb_row_norm"": 0, ""fb_scale"": 1.0, ""fb_seed"": 0, ""freeze_bias"": 0, ""freeze_out"": 0, ""head"": ""sigmoid_bce"", ""hid_lr_mult"": 1.0, ""lr"": 0.001, ""muon"": 0, ""optimizer"": ""sgd"", ""out_bias_q"": -1.0, ""out_lr_mult"": 10.0, ""out_w_scale"": 1.0, ""p0"": 0.0, ""preprocess"": ""div255"", ""rule"": ""dfa"", ""seed"": 2, ""shift_step"": 0, ""target_center"": 0, ""target_scale"": 1.0, ""whiten"": 0, ""width"": 300}",,,
E1_headline,outlr10,2,1,dfa,1.247653603553772,1.247653603553772,0.9386762380599976,0.7950869798660278,0.7332746982574463,0.9164416790008544,2.336520087534593,0.6045753591193856,0.507237890142812,0.537700253444364,30,0.537700253444364,"{""act"": ""tanh"", ""arch"": ""mlp"", ""batch"": 128, ""batchnorm"": 0, ""calibrate_head"": 0, ""center"": ""none"", ""classes"": 10, ""dataset"": ""mnist"", ""depth"": 3, ""fb_row_norm"": 0, ""fb_scale"": 1.0, ""fb_seed"": 1, ""freeze_bias"": 0, ""freeze_out"": 0, ""head"": ""sigmoid_bce"", ""hid_lr_mult"": 1.0, ""lr"": 0.001, ""muon"": 0, ""optimizer"": ""sgd"", ""out_bias_q"": -1.0, ""out_lr_mult"": 10.0, ""out_w_scale"": 1.0, ""p0"": 0.0, ""preprocess"": ""div255"", ""rule"": ""dfa"", ""seed"": 2, ""shift_step"": 0, ""target_center"": 0, ""target_scale"": 1.0, ""whiten"": 0, ""width"": 300}",,,
E1_headline,outlr10,2,2,dfa,1.247653603553772,1.247653603553772,0.9180731177330016,0.8230535984039307,0.7324819564819336,0.913754105567932,2.218065316439298,0.6243695519866124,0.521426796789233,0.4969878298587631,30,0.4969878298587631,"{""act"": ""tanh"", ""arch"": ""mlp"", ""batch"": 128, ""batchnorm"": 0, ""calibrate_head"": 0, ""center"": ""none"", ""classes"": 10, ""dataset"": ""mnist"", ""depth"": 3, ""fb_row_norm"": 0, ""fb_scale"": 1.0, ""fb_seed"": 2, ""freeze_bias"": 0, ""freeze_out"": 0, ""head"": ""sigmoid_bce"", ""hid_lr_mult"": 1.0, ""lr"": 0.001, ""muon"": 0, ""optimizer"": ""sgd"", ""out_bias_q"": -1.0, ""out_lr_mult"": 10.0, ""out_w_scale"": 1.0, ""p0"": 0.0, ""preprocess"": ""div255"", ""rule"": ""dfa"", ""seed"": 2, ""shift_step"": 0, ""target_center"": 0, ""target_scale"": 1.0, ""whiten"": 0, ""width"": 300}",,,
E1_headline,outlr10,3,0,dfa,1.1960808038711548,1.1960808038711548,0.9280382394790648,0.8077947497367859,0.7579078078269958,0.914379358291626,2.282862010844073,0.6176132333260921,0.5312186031638195,0.5057633481302871,30,0.5057633481302871,"{""act"": ""tanh"", ""arch"": ""mlp"", ""batch"": 128, ""batchnorm"": 0, ""calibrate_head"": 0, ""center"": ""none"", ""classes"": 10, ""dataset"": ""mnist"", ""depth"": 3, ""fb_row_norm"": 0, ""fb_scale"": 1.0, ""fb_seed"": 0, ""freeze_bias"": 0, ""freeze_out"": 0, ""head"": ""sigmoid_bce"", ""hid_lr_mult"": 1.0, ""lr"": 0.001, ""muon"": 0, ""optimizer"": ""sgd"", ""out_bias_q"": -1.0, ""out_lr_mult"": 10.0, ""out_w_scale"": 1.0, ""p0"": 0.0, ""preprocess"": ""div255"", ""rule"": ""dfa"", ""seed"": 3, ""shift_step"": 0, ""target_center"": 0, ""target_scale"": 1.0, ""whiten"": 0, ""width"": 300}",,,
E1_headline,outlr10,3,1,dfa,1.1960808038711548,1.1960808038711548,0.9179701805114746,0.82552570104599,0.7160199880599976,0.9255634546279908,2.3969981985314512,0.6047035758683003,0.4499870044539019,0.4813048947312622,30,0.4813048947312622,"{""act"": ""tanh"", ""arch"": ""mlp"", ""batch"": 128, ""batchnorm"": 0, ""calibrate_head"": 0, ""center"": ""none"", ""classes"": 10, ""dataset"": ""mnist"", ""depth"": 3, ""fb_row_norm"": 0, ""fb_scale"": 1.0, ""fb_seed"": 1, ""freeze_bias"": 0, ""freeze_out"": 0, ""head"": ""sigmoid_bce"", ""hid_lr_mult"": 1.0, ""lr"": 0.001, ""muon"": 0, ""optimizer"": ""sgd"", ""out_bias_q"": -1.0, ""out_lr_mult"": 10.0, ""out_w_scale"": 1.0, ""p0"": 0.0, ""preprocess"": ""div255"", ""rule"": ""dfa"", ""seed"": 3, ""shift_step"": 0, ""target_center"": 0, ""target_scale"": 1.0, ""whiten"": 0, ""width"": 300}",,,
E1_headline,outlr10,3,2,dfa,1.1960808038711548,1.1960808038711548,0.9279829263687134,0.8111464977264404,0.741961658000946,0.9178413152694702,2.421773426863724,0.6412156053247673,0.5295161429002051,0.545703236313968,30,0.545703236313968,"{""act"": ""tanh"", ""arch"": ""mlp"", ""batch"": 128, ""batchnorm"": 0, ""calibrate_head"": 0, ""center"": ""none"", ""classes"": 10, ""dataset"": ""mnist"", ""depth"": 3, ""fb_row_norm"": 0, ""fb_scale"": 1.0, ""fb_seed"": 2, ""freeze_bias"": 0, ""freeze_out"": 0, ""head"": ""sigmoid_bce"", ""hid_lr_mult"": 1.0, ""lr"": 0.001, ""muon"": 0, ""optimizer"": ""sgd"", ""out_bias_q"": -1.0, ""out_lr_mult"": 10.0, ""out_w_scale"": 1.0, ""p0"": 0.0, ""preprocess"": ""div255"", ""rule"": ""dfa"", ""seed"": 3, ""shift_step"": 0, ""target_center"": 0, ""target_scale"": 1.0, ""whiten"": 0, ""width"": 300}",,,
E1_headline,outlr10,4,0,dfa,1.324767827987671,1.324767827987671,0.9211588501930236,0.8203158378601074,0.7577610015869141,0.9109755158424376,2.346790047902737,0.6311924141901326,0.5640912213386302,0.5126776863235214,30,0.5126776863235214,"{""act"": ""tanh"", ""arch"": ""mlp"", ""batch"": 128, ""batchnorm"": 0, ""calibrate_head"": 0, ""center"": ""none"", ""classes"": 10, ""dataset"": ""mnist"", ""depth"": 3, ""fb_row_norm"": 0, ""fb_scale"": 1.0, ""fb_seed"": 0, ""freeze_bias"": 0, ""freeze_out"": 0, ""head"": ""sigmoid_bce"", ""hid_lr_mult"": 1.0, ""lr"": 0.001, ""muon"": 0, ""optimizer"": ""sgd"", ""out_bias_q"": -1.0, ""out_lr_mult"": 10.0, ""out_w_scale"": 1.0, ""p0"": 0.0, ""preprocess"": ""div255"", ""rule"": ""dfa"", ""seed"": 4, ""shift_step"": 0, ""target_center"": 0, ""target_scale"": 1.0, ""whiten"": 0, ""width"": 300}",,,
E1_headline,outlr10,4,1,dfa,1.324767827987671,1.324767827987671,0.9060013890266418,0.851715087890625,0.7212386131286621,0.928396999835968,2.499942431507673,0.6062936430000951,0.480085583854068,0.4695566542551602,30,0.4695566542551602,"{""act"": ""tanh"", ""arch"": ""mlp"", ""batch"": 128, ""batchnorm"": 0, ""calibrate_head"": 0, ""center"": ""none"", ""classes"": 10, ""dataset"": ""mnist"", ""depth"": 3, ""fb_row_norm"": 0, ""fb_scale"": 1.0, ""fb_seed"": 1, ""freeze_bias"": 0, ""freeze_out"": 0, ""head"": ""sigmoid_bce"", ""hid_lr_mult"": 1.0, ""lr"": 0.001, ""muon"": 0, ""optimizer"": ""sgd"", ""out_bias_q"": -1.0, ""out_lr_mult"": 10.0, ""out_w_scale"": 1.0, ""p0"": 0.0, ""preprocess"": ""div255"", ""rule"": ""dfa"", ""seed"": 4, ""shift_step"": 0, ""target_center"": 0, ""target_scale"": 1.0, ""whiten"": 0, ""width"": 300}",,,
E1_headline,outlr10,4,2,dfa,1.324767827987671,1.324767827987671,0.905752956867218,0.8364557027816772,0.7304129004478455,0.9161881804466248,2.3832812076475456,0.6451012290935239,0.5283401152585889,0.4869843674855705,30,0.4869843674855705,"{""act"": ""tanh"", ""arch"": ""mlp"", ""batch"": 128, ""batchnorm"": 0, ""calibrate_head"": 0, ""center"": ""none"", ""classes"": 10, ""dataset"": ""mnist"", ""depth"": 3, ""fb_row_norm"": 0, ""fb_scale"": 1.0, ""fb_seed"": 2, ""freeze_bias"": 0, ""freeze_out"": 0, ""head"": ""sigmoid_bce"", ""hid_lr_mult"": 1.0, ""lr"": 0.001, ""muon"": 0, ""optimizer"": ""sgd"", ""out_bias_q"": -1.0, ""out_lr_mult"": 10.0, ""out_w_scale"": 1.0, ""p0"": 0.0, ""preprocess"": ""div255"", ""rule"": ""dfa"", ""seed"": 4, ""shift_step"": 0, ""target_center"": 0, ""target_scale"": 1.0, ""whiten"": 0, ""width"": 300}",,,
E1_headline,pixcenter,0,0,dfa,1.2690526247024536,1.2690526247024536,0.8697566390037537,0.7239618897438049,0.1026625633239746,0.9922178983688354,4.479399422483225,0.1824484208919284,0.3236790096838232,0.8880658148507665,170,0.8880658148507665,"{""act"": ""tanh"", ""arch"": ""mlp"", ""batch"": 128, ""batchnorm"": 0, ""calibrate_head"": 0, ""center"": ""none"", ""classes"": 10, ""dataset"": ""mnist"", ""depth"": 3, ""fb_row_norm"": 0, ""fb_scale"": 1.0, ""fb_seed"": 0, ""freeze_bias"": 0, ""freeze_out"": 0, ""head"": ""sigmoid_bce"", ""hid_lr_mult"": 1.0, ""lr"": 0.001, ""muon"": 0, ""optimizer"": ""sgd"", ""out_bias_q"": -1.0, ""out_lr_mult"": 1.0, ""out_w_scale"": 1.0, ""p0"": 0.0, ""preprocess"": ""pixcenter"", ""rule"": ""dfa"", ""seed"": 0, ""shift_step"": 0, ""target_center"": 0, ""target_scale"": 1.0, ""whiten"": 0, ""width"": 300}",,,
E1_headline,pixcenter,0,1,dfa,1.2690526247024536,1.2690526247024536,0.8728721141815186,0.7141963839530945,0.0935434401035308,0.991120219230652,5.173448052824619,0.1869100061181582,0.3164041401544821,1.018803032066136,170,1.018803032066136,"{""act"": ""tanh"", ""arch"": ""mlp"", ""batch"": 128, ""batchnorm"": 0, ""calibrate_head"": 0, ""center"": ""none"", ""classes"": 10, ""dataset"": ""mnist"", ""depth"": 3, ""fb_row_norm"": 0, ""fb_scale"": 1.0, ""fb_seed"": 1, ""freeze_bias"": 0, ""freeze_out"": 0, ""head"": ""sigmoid_bce"", ""hid_lr_mult"": 1.0, ""lr"": 0.001, ""muon"": 0, ""optimizer"": ""sgd"", ""out_bias_q"": -1.0, ""out_lr_mult"": 1.0, ""out_w_scale"": 1.0, ""p0"": 0.0, ""preprocess"": ""pixcenter"", ""rule"": ""dfa"", ""seed"": 0, ""shift_step"": 0, ""target_center"": 0, ""target_scale"": 1.0, ""whiten"": 0, ""width"": 300}",,,
E1_headline,pixcenter,0,2,dfa,1.2690526247024536,1.2690526247024536,0.8875230550765991,0.6997519135475159,0.1136401146650314,0.9911705851554872,5.405392571433385,0.1979755479214113,0.3647555757827136,1.1029386134098784,170,1.1029386134098784,"{""act"": ""tanh"", ""arch"": ""mlp"", ""batch"": 128, ""batchnorm"": 0, ""calibrate_head"": 0, ""center"": ""none"", ""classes"": 10, ""dataset"": ""mnist"", ""depth"": 3, ""fb_row_norm"": 0, ""fb_scale"": 1.0, ""fb_seed"": 2, ""freeze_bias"": 0, ""freeze_out"": 0, ""head"": ""sigmoid_bce"", ""hid_lr_mult"": 1.0, ""lr"": 0.001, ""muon"": 0, ""optimizer"": ""sgd"", ""out_bias_q"": -1.0, ""out_lr_mult"": 1.0, ""out_w_scale"": 1.0, ""p0"": 0.0, ""preprocess"": ""pixcenter"", ""rule"": ""dfa"", ""seed"": 0, ""shift_step"": 0, ""target_center"": 0, ""target_scale"": 1.0, ""whiten"": 0, ""width"": 300}",,,
E1_headline,pixcenter,1,0,dfa,1.2642813920974731,1.2642813920974731,0.8907289505004883,0.6559011340141296,0.1137957572937011,0.9904836416244508,5.689489427829495,0.1932617416971994,0.3684404926013697,1.1754443055811037,160,1.1754443055811037,"{""act"": ""tanh"", ""arch"": ""mlp"", ""batch"": 128, ""batchnorm"": 0, ""calibrate_head"": 0, ""center"": ""none"", ""classes"": 10, ""dataset"": ""mnist"", ""depth"": 3, ""fb_row_norm"": 0, ""fb_scale"": 1.0, ""fb_seed"": 0, ""freeze_bias"": 0, ""freeze_out"": 0, ""head"": ""sigmoid_bce"", ""hid_lr_mult"": 1.0, ""lr"": 0.001, ""muon"": 0, ""optimizer"": ""sgd"", ""out_bias_q"": -1.0, ""out_lr_mult"": 1.0, ""out_w_scale"": 1.0, ""p0"": 0.0, ""preprocess"": ""pixcenter"", ""rule"": ""dfa"", ""seed"": 1, ""shift_step"": 0, ""target_center"": 0, ""target_scale"": 1.0, ""whiten"": 0, ""width"": 300}",,,
E1_headline,pixcenter,1,1,dfa,1.2642813920974731,1.2642813920974731,0.8918196558952332,0.669984757900238,0.0994040071964263,0.9899504780769348,5.653699315953878,0.1943015839464599,0.3474056426050768,1.2272900886217213,170,1.2272900886217213,"{""act"": ""tanh"", ""arch"": ""mlp"", ""batch"": 128, ""batchnorm"": 0, ""calibrate_head"": 0, ""center"": ""none"", ""classes"": 10, ""dataset"": ""mnist"", ""depth"": 3, ""fb_row_norm"": 0, ""fb_scale"": 1.0, ""fb_seed"": 1, ""freeze_bias"": 0, ""freeze_out"": 0, ""head"": ""sigmoid_bce"", ""hid_lr_mult"": 1.0, ""lr"": 0.001, ""muon"": 0, ""optimizer"": ""sgd"", ""out_bias_q"": -1.0, ""out_lr_mult"": 1.0, ""out_w_scale"": 1.0, ""p0"": 0.0, ""preprocess"": ""pixcenter"", ""rule"": ""dfa"", ""seed"": 1, ""shift_step"": 0, ""target_center"": 0, ""target_scale"": 1.0, ""whiten"": 0, ""width"": 300}",,,
E1_headline,pixcenter,1,2,dfa,1.2642813920974731,1.2642813920974731,0.8573190569877625,0.6854899525642395,0.1136289462447166,0.99021577835083,5.787455472964024,0.2050219520658658,0.40183900333056,1.2993293213023944,180,1.2993293213023944,"{""act"": ""tanh"", ""arch"": ""mlp"", ""batch"": 128, ""batchnorm"": 0, ""calibrate_head"": 0, ""center"": ""none"", ""classes"": 10, ""dataset"": ""mnist"", ""depth"": 3, ""fb_row_norm"": 0, ""fb_scale"": 1.0, ""fb_seed"": 2, ""freeze_bias"": 0, ""freeze_out"": 0, ""head"": ""sigmoid_bce"", ""hid_lr_mult"": 1.0, ""lr"": 0.001, ""muon"": 0, ""optimizer"": ""sgd"", ""out_bias_q"": -1.0, ""out_lr_mult"": 1.0, ""out_w_scale"": 1.0, ""p0"": 0.0, ""preprocess"": ""pixcenter"", ""rule"": ""dfa"", ""seed"": 1, ""shift_step"": 0, ""target_center"": 0, ""target_scale"": 1.0, ""whiten"": 0, ""width"": 300}",,,
E1_headline,pixcenter,2,0,dfa,1.2689590454101562,1.2689590454101562,0.880124032497406,0.7035245895385742,0.1105726957321167,0.992018461227417,4.898789459329903,0.1905959278363972,0.3392935559175524,0.9633604794440156,170,0.9633604794440156,"{""act"": ""tanh"", ""arch"": ""mlp"", ""batch"": 128, ""batchnorm"": 0, ""calibrate_head"": 0, ""center"": ""none"", ""classes"": 10, ""dataset"": ""mnist"", ""depth"": 3, ""fb_row_norm"": 0, ""fb_scale"": 1.0, ""fb_seed"": 0, ""freeze_bias"": 0, ""freeze_out"": 0, ""head"": ""sigmoid_bce"", ""hid_lr_mult"": 1.0, ""lr"": 0.001, ""muon"": 0, ""optimizer"": ""sgd"", ""out_bias_q"": -1.0, ""out_lr_mult"": 1.0, ""out_w_scale"": 1.0, ""p0"": 0.0, ""preprocess"": ""pixcenter"", ""rule"": ""dfa"", ""seed"": 2, ""shift_step"": 0, ""target_center"": 0, ""target_scale"": 1.0, ""whiten"": 0, ""width"": 300}",,,
E1_headline,pixcenter,2,1,dfa,1.2689590454101562,1.2689590454101562,0.9031323194503784,0.6693496704101562,0.0989428535103797,0.9901317358016968,5.457549373122135,0.1967347026974443,0.341797355358542,1.178204756923966,170,1.178204756923966,"{""act"": ""tanh"", ""arch"": ""mlp"", ""batch"": 128, ""batchnorm"": 0, ""calibrate_head"": 0, ""center"": ""none"", ""classes"": 10, ""dataset"": ""mnist"", ""depth"": 3, ""fb_row_norm"": 0, ""fb_scale"": 1.0, ""fb_seed"": 1, ""freeze_bias"": 0, ""freeze_out"": 0, ""head"": ""sigmoid_bce"", ""hid_lr_mult"": 1.0, ""lr"": 0.001, ""muon"": 0, ""optimizer"": ""sgd"", ""out_bias_q"": -1.0, ""out_lr_mult"": 1.0, ""out_w_scale"": 1.0, ""p0"": 0.0, ""preprocess"": ""pixcenter"", ""rule"": ""dfa"", ""seed"": 2, ""shift_step"": 0, ""target_center"": 0, ""target_scale"": 1.0, ""whiten"": 0, ""width"": 300}",,,
E1_headline,pixcenter,2,2,dfa,1.2689590454101562,1.2689590454101562,0.8103895783424377,0.7344874739646912,0.0995348542928695,0.9897700548171996,4.7939106329975605,0.1975093216255611,0.34976624294205,1.004490731320465,180,1.004490731320465,"{""act"": ""tanh"", ""arch"": ""mlp"", ""batch"": 128, ""batchnorm"": 0, ""calibrate_head"": 0, ""center"": ""none"", ""classes"": 10, ""dataset"": ""mnist"", ""depth"": 3, ""fb_row_norm"": 0, ""fb_scale"": 1.0, ""fb_seed"": 2, ""freeze_bias"": 0, ""freeze_out"": 0, ""head"": ""sigmoid_bce"", ""hid_lr_mult"": 1.0, ""lr"": 0.001, ""muon"": 0, ""optimizer"": ""sgd"", ""out_bias_q"": -1.0, ""out_lr_mult"": 1.0, ""out_w_scale"": 1.0, ""p0"": 0.0, ""preprocess"": ""pixcenter"", ""rule"": ""dfa"", ""seed"": 2, ""shift_step"": 0, ""target_center"": 0, ""target_scale"": 1.0, ""whiten"": 0, ""width"": 300}",,,
E1_headline,pixcenter,3,0,dfa,1.2642155885696411,1.2642155885696411,0.8841668367385864,0.6659266352653503,0.1130456253886222,0.9917428493499756,5.213614219345824,0.2019484559679544,0.3867814539213531,1.176284862228576,180,1.176284862228576,"{""act"": ""tanh"", ""arch"": ""mlp"", ""batch"": 128, ""batchnorm"": 0, ""calibrate_head"": 0, ""center"": ""none"", ""classes"": 10, ""dataset"": ""mnist"", ""depth"": 3, ""fb_row_norm"": 0, ""fb_scale"": 1.0, ""fb_seed"": 0, ""freeze_bias"": 0, ""freeze_out"": 0, ""head"": ""sigmoid_bce"", ""hid_lr_mult"": 1.0, ""lr"": 0.001, ""muon"": 0, ""optimizer"": ""sgd"", ""out_bias_q"": -1.0, ""out_lr_mult"": 1.0, ""out_w_scale"": 1.0, ""p0"": 0.0, ""preprocess"": ""pixcenter"", ""rule"": ""dfa"", ""seed"": 3, ""shift_step"": 0, ""target_center"": 0, ""target_scale"": 1.0, ""whiten"": 0, ""width"": 300}",,,
E1_headline,pixcenter,3,1,dfa,1.2642155885696411,1.2642155885696411,0.8695304989814758,0.7090017795562744,0.084777221083641,0.9903178811073304,5.125357142196989,0.1921398413117526,0.3225674883695013,1.087988223651131,180,1.087988223651131,"{""act"": ""tanh"", ""arch"": ""mlp"", ""batch"": 128, ""batchnorm"": 0, ""calibrate_head"": 0, ""center"": ""none"", ""classes"": 10, ""dataset"": ""mnist"", ""depth"": 3, ""fb_row_norm"": 0, ""fb_scale"": 1.0, ""fb_seed"": 1, ""freeze_bias"": 0, ""freeze_out"": 0, ""head"": ""sigmoid_bce"", ""hid_lr_mult"": 1.0, ""lr"": 0.001, ""muon"": 0, ""optimizer"": ""sgd"", ""out_bias_q"": -1.0, ""out_lr_mult"": 1.0, ""out_w_scale"": 1.0, ""p0"": 0.0, ""preprocess"": ""pixcenter"", ""rule"": ""dfa"", ""seed"": 3, ""shift_step"": 0, ""target_center"": 0, ""target_scale"": 1.0, ""whiten"": 0, ""width"": 300}",,,
E1_headline,pixcenter,3,2,dfa,1.2642155885696411,1.2642155885696411,0.8551486134529114,0.7290483117103577,0.0950038060545921,0.9895622730255128,5.400789708491104,0.1971478486878808,0.3475697909986093,1.0905286377006942,180,1.0905286377006942,"{""act"": ""tanh"", ""arch"": ""mlp"", ""batch"": 128, ""batchnorm"": 0, ""calibrate_head"": 0, ""center"": ""none"", ""classes"": 10, ""dataset"": ""mnist"", ""depth"": 3, ""fb_row_norm"": 0, ""fb_scale"": 1.0, ""fb_seed"": 2, ""freeze_bias"": 0, ""freeze_out"": 0, ""head"": ""sigmoid_bce"", ""hid_lr_mult"": 1.0, ""lr"": 0.001, ""muon"": 0, ""optimizer"": ""sgd"", ""out_bias_q"": -1.0, ""out_lr_mult"": 1.0, ""out_w_scale"": 1.0, ""p0"": 0.0, ""preprocess"": ""pixcenter"", ""rule"": ""dfa"", ""seed"": 3, ""shift_step"": 0, ""target_center"": 0, ""target_scale"": 1.0, ""whiten"": 0, ""width"": 300}",,,
E1_headline,pixcenter,4,0,dfa,1.2655861377716064,1.2655861377716064,0.8562564849853516,0.7103813886642456,0.1182525232434272,0.9923955798149108,5.037550156934497,0.2000540962797335,0.3817716085986375,1.0479449151912972,170,1.0479449151912972,"{""act"": ""tanh"", ""arch"": ""mlp"", ""batch"": 128, ""batchnorm"": 0, ""calibrate_head"": 0, ""center"": ""none"", ""classes"": 10, ""dataset"": ""mnist"", ""depth"": 3, ""fb_row_norm"": 0, ""fb_scale"": 1.0, ""fb_seed"": 0, ""freeze_bias"": 0, ""freeze_out"": 0, ""head"": ""sigmoid_bce"", ""hid_lr_mult"": 1.0, ""lr"": 0.001, ""muon"": 0, ""optimizer"": ""sgd"", ""out_bias_q"": -1.0, ""out_lr_mult"": 1.0, ""out_w_scale"": 1.0, ""p0"": 0.0, ""preprocess"": ""pixcenter"", ""rule"": ""dfa"", ""seed"": 4, ""shift_step"": 0, ""target_center"": 0, ""target_scale"": 1.0, ""whiten"": 0, ""width"": 300}",,,
E1_headline,pixcenter,4,1,dfa,1.2655861377716064,1.2655861377716064,0.8396735191345215,0.7581130862236023,0.0894477739930152,0.9894720911979676,5.654361145569801,0.191349067420734,0.3269399245861831,1.0397734259648288,180,1.0397734259648288,"{""act"": ""tanh"", ""arch"": ""mlp"", ""batch"": 128, ""batchnorm"": 0, ""calibrate_head"": 0, ""center"": ""none"", ""classes"": 10, ""dataset"": ""mnist"", ""depth"": 3, ""fb_row_norm"": 0, ""fb_scale"": 1.0, ""fb_seed"": 1, ""freeze_bias"": 0, ""freeze_out"": 0, ""head"": ""sigmoid_bce"", ""hid_lr_mult"": 1.0, ""lr"": 0.001, ""muon"": 0, ""optimizer"": ""sgd"", ""out_bias_q"": -1.0, ""out_lr_mult"": 1.0, ""out_w_scale"": 1.0, ""p0"": 0.0, ""preprocess"": ""pixcenter"", ""rule"": ""dfa"", ""seed"": 4, ""shift_step"": 0, ""target_center"": 0, ""target_scale"": 1.0, ""whiten"": 0, ""width"": 300}",,,
E1_headline,pixcenter,4,2,dfa,1.2655861377716064,1.2655861377716064,0.8437563180923462,0.7295111417770386,0.1023409068584442,0.9917557835578918,5.073784748338143,0.1964570990014058,0.3506451719048532,1.0097744335802947,180,1.0097744335802947,"{""act"": ""tanh"", ""arch"": ""mlp"", ""batch"": 128, ""batchnorm"": 0, ""calibrate_head"": 0, ""center"": ""none"", ""classes"": 10, ""dataset"": ""mnist"", ""depth"": 3, ""fb_row_norm"": 0, ""fb_scale"": 1.0, ""fb_seed"": 2, ""freeze_bias"": 0, ""freeze_out"": 0, ""head"": ""sigmoid_bce"", ""hid_lr_mult"": 1.0, ""lr"": 0.001, ""muon"": 0, ""optimizer"": ""sgd"", ""out_bias_q"": -1.0, ""out_lr_mult"": 1.0, ""out_w_scale"": 1.0, ""p0"": 0.0, ""preprocess"": ""pixcenter"", ""rule"": ""dfa"", ""seed"": 4, ""shift_step"": 0, ""target_center"": 0, ""target_scale"": 1.0, ""whiten"": 0, ""width"": 300}",,,
E1_headline,pixcenter_frzbias,0,0,dfa,1.2690526247024536,1.2690526247024536,0.0664650127291679,0.9077869653701782,0.0033510613720864,0.9915589094161988,4.644808654550299,2.340151519114765,2.628261913743335,4.644808654550299,3000,4.644808654550299,"{""act"": ""tanh"", ""arch"": ""mlp"", ""batch"": 128, ""batchnorm"": 0, ""calibrate_head"": 0, ""center"": ""none"", ""classes"": 10, ""dataset"": ""mnist"", ""depth"": 3, ""fb_row_norm"": 0, ""fb_scale"": 1.0, ""fb_seed"": 0, ""freeze_bias"": 1, ""freeze_out"": 0, ""head"": ""sigmoid_bce"", ""hid_lr_mult"": 1.0, ""lr"": 0.001, ""muon"": 0, ""optimizer"": ""sgd"", ""out_bias_q"": -1.0, ""out_lr_mult"": 1.0, ""out_w_scale"": 1.0, ""p0"": 0.0, ""preprocess"": ""pixcenter"", ""rule"": ""dfa"", ""seed"": 0, ""shift_step"": 0, ""target_center"": 0, ""target_scale"": 1.0, ""whiten"": 0, ""width"": 300}",,,
E1_headline,pixcenter_frzbias,0,1,dfa,1.2690526247024536,1.2690526247024536,0.0766941010951995,0.9093373417854308,0.0036838189698755,0.9906741976737976,4.961667829632692,2.356233543493116,2.630306482033937,4.961667829632692,3000,4.961667829632692,"{""act"": ""tanh"", ""arch"": ""mlp"", ""batch"": 128, ""batchnorm"": 0, ""calibrate_head"": 0, ""center"": ""none"", ""classes"": 10, ""dataset"": ""mnist"", ""depth"": 3, ""fb_row_norm"": 0, ""fb_scale"": 1.0, ""fb_seed"": 1, ""freeze_bias"": 1, ""freeze_out"": 0, ""head"": ""sigmoid_bce"", ""hid_lr_mult"": 1.0, ""lr"": 0.001, ""muon"": 0, ""optimizer"": ""sgd"", ""out_bias_q"": -1.0, ""out_lr_mult"": 1.0, ""out_w_scale"": 1.0, ""p0"": 0.0, ""preprocess"": ""pixcenter"", ""rule"": ""dfa"", ""seed"": 0, ""shift_step"": 0, ""target_center"": 0, ""target_scale"": 1.0, ""whiten"": 0, ""width"": 300}",,,
E1_headline,pixcenter_frzbias,0,2,dfa,1.2690526247024536,1.2690526247024536,0.0661340728402137,0.8921505212783813,0.003907564561814,0.9907401204109192,5.029772611740903,2.366507189478804,2.687950708494676,5.029772611740903,3000,5.029772611740903,"{""act"": ""tanh"", ""arch"": ""mlp"", ""batch"": 128, ""batchnorm"": 0, ""calibrate_head"": 0, ""center"": ""none"", ""classes"": 10, ""dataset"": ""mnist"", ""depth"": 3, ""fb_row_norm"": 0, ""fb_scale"": 1.0, ""fb_seed"": 2, ""freeze_bias"": 1, ""freeze_out"": 0, ""head"": ""sigmoid_bce"", ""hid_lr_mult"": 1.0, ""lr"": 0.001, ""muon"": 0, ""optimizer"": ""sgd"", ""out_bias_q"": -1.0, ""out_lr_mult"": 1.0, ""out_w_scale"": 1.0, ""p0"": 0.0, ""preprocess"": ""pixcenter"", ""rule"": ""dfa"", ""seed"": 0, ""shift_step"": 0, ""target_center"": 0, ""target_scale"": 1.0, ""whiten"": 0, ""width"": 300}",,,
E1_headline,pixcenter_frzbias,1,0,dfa,1.2642813920974731,1.2642813920974731,0.0931532680988311,0.9171766638755798,0.005606741644442,0.9898993968963624,5.020102031373367,2.237904190393531,2.562054107911377,4.819730055729184,2750,4.819730055729184,"{""act"": ""tanh"", ""arch"": ""mlp"", ""batch"": 128, ""batchnorm"": 0, ""calibrate_head"": 0, ""center"": ""none"", ""classes"": 10, ""dataset"": ""mnist"", ""depth"": 3, ""fb_row_norm"": 0, ""fb_scale"": 1.0, ""fb_seed"": 0, ""freeze_bias"": 1, ""freeze_out"": 0, ""head"": ""sigmoid_bce"", ""hid_lr_mult"": 1.0, ""lr"": 0.001, ""muon"": 0, ""optimizer"": ""sgd"", ""out_bias_q"": -1.0, ""out_lr_mult"": 1.0, ""out_w_scale"": 1.0, ""p0"": 0.0, ""preprocess"": ""pixcenter"", ""rule"": ""dfa"", ""seed"": 1, ""shift_step"": 0, ""target_center"": 0, ""target_scale"": 1.0, ""whiten"": 0, ""width"": 300}",,,
E1_headline,pixcenter_frzbias,1,1,dfa,1.2642813920974731,1.2642813920974731,0.0902782380580902,0.9382244348526,0.0054322783835232,0.9916915893554688,4.851953413868561,2.2802817314314163,2.573772556449628,4.699606438332764,2800,4.699606438332764,"{""act"": ""tanh"", ""arch"": ""mlp"", ""batch"": 128, ""batchnorm"": 0, ""calibrate_head"": 0, ""center"": ""none"", ""classes"": 10, ""dataset"": ""mnist"", ""depth"": 3, ""fb_row_norm"": 0, ""fb_scale"": 1.0, ""fb_seed"": 1, ""freeze_bias"": 1, ""freeze_out"": 0, ""head"": ""sigmoid_bce"", ""hid_lr_mult"": 1.0, ""lr"": 0.001, ""muon"": 0, ""optimizer"": ""sgd"", ""out_bias_q"": -1.0, ""out_lr_mult"": 1.0, ""out_w_scale"": 1.0, ""p0"": 0.0, ""preprocess"": ""pixcenter"", ""rule"": ""dfa"", ""seed"": 1, ""shift_step"": 0, ""target_center"": 0, ""target_scale"": 1.0, ""whiten"": 0, ""width"": 300}",,,
E1_headline,pixcenter_frzbias,1,2,dfa,1.2642813920974731,1.2642813920974731,0.0843359380960464,0.9349947571754456,0.0063394848257303,0.9907562136650084,4.914672117670684,2.3445923345231856,2.649240134312476,4.89035672716046,2970,4.89035672716046,"{""act"": ""tanh"", ""arch"": ""mlp"", ""batch"": 128, ""batchnorm"": 0, ""calibrate_head"": 0, ""center"": ""none"", ""classes"": 10, ""dataset"": ""mnist"", ""depth"": 3, ""fb_row_norm"": 0, ""fb_scale"": 1.0, ""fb_seed"": 2, ""freeze_bias"": 1, ""freeze_out"": 0, ""head"": ""sigmoid_bce"", ""hid_lr_mult"": 1.0, ""lr"": 0.001, ""muon"": 0, ""optimizer"": ""sgd"", ""out_bias_q"": -1.0, ""out_lr_mult"": 1.0, ""out_w_scale"": 1.0, ""p0"": 0.0, ""preprocess"": ""pixcenter"", ""rule"": ""dfa"", ""seed"": 1, ""shift_step"": 0, ""target_center"": 0, ""target_scale"": 1.0, ""whiten"": 0, ""width"": 300}",,,
E1_headline,pixcenter_frzbias,2,0,dfa,1.2689590454101562,1.2689590454101562,0.0798646360635757,0.9404337406158448,0.0033528604544699,0.9918065071105956,4.507060900797683,2.3629113453442074,2.641139274875167,4.435171271729348,2910,4.435171271729348,"{""act"": ""tanh"", ""arch"": ""mlp"", ""batch"": 128, ""batchnorm"": 0, ""calibrate_head"": 0, ""center"": ""none"", ""classes"": 10, ""dataset"": ""mnist"", ""depth"": 3, ""fb_row_norm"": 0, ""fb_scale"": 1.0, ""fb_seed"": 0, ""freeze_bias"": 1, ""freeze_out"": 0, ""head"": ""sigmoid_bce"", ""hid_lr_mult"": 1.0, ""lr"": 0.001, ""muon"": 0, ""optimizer"": ""sgd"", ""out_bias_q"": -1.0, ""out_lr_mult"": 1.0, ""out_w_scale"": 1.0, ""p0"": 0.0, ""preprocess"": ""pixcenter"", ""rule"": ""dfa"", ""seed"": 2, ""shift_step"": 0, ""target_center"": 0, ""target_scale"": 1.0, ""whiten"": 0, ""width"": 300}",,,
E1_headline,pixcenter_frzbias,2,1,dfa,1.2689590454101562,1.2689590454101562,0.1023492142558097,0.9255015254020692,0.0061351247131824,0.991243839263916,4.758745043528159,2.218569122624888,2.4699641254643905,4.4238882975673,2610,4.4238882975673,"{""act"": ""tanh"", ""arch"": ""mlp"", ""batch"": 128, ""batchnorm"": 0, ""calibrate_head"": 0, ""center"": ""none"", ""classes"": 10, ""dataset"": ""mnist"", ""depth"": 3, ""fb_row_norm"": 0, ""fb_scale"": 1.0, ""fb_seed"": 1, ""freeze_bias"": 1, ""freeze_out"": 0, ""head"": ""sigmoid_bce"", ""hid_lr_mult"": 1.0, ""lr"": 0.001, ""muon"": 0, ""optimizer"": ""sgd"", ""out_bias_q"": -1.0, ""out_lr_mult"": 1.0, ""out_w_scale"": 1.0, ""p0"": 0.0, ""preprocess"": ""pixcenter"", ""rule"": ""dfa"", ""seed"": 2, ""shift_step"": 0, ""target_center"": 0, ""target_scale"": 1.0, ""whiten"": 0, ""width"": 300}",,,
E1_headline,pixcenter_frzbias,2,2,dfa,1.2689590454101562,1.2689590454101562,0.0877052545547485,0.9086644649505616,0.0090186921879649,0.9904546141624452,4.755304814139615,2.2426917744000257,2.518338143886584,4.563691797198705,2750,4.563691797198705,"{""act"": ""tanh"", ""arch"": ""mlp"", ""batch"": 128, ""batchnorm"": 0, ""calibrate_head"": 0, ""center"": ""none"", ""classes"": 10, ""dataset"": ""mnist"", ""depth"": 3, ""fb_row_norm"": 0, ""fb_scale"": 1.0, ""fb_seed"": 2, ""freeze_bias"": 1, ""freeze_out"": 0, ""head"": ""sigmoid_bce"", ""hid_lr_mult"": 1.0, ""lr"": 0.001, ""muon"": 0, ""optimizer"": ""sgd"", ""out_bias_q"": -1.0, ""out_lr_mult"": 1.0, ""out_w_scale"": 1.0, ""p0"": 0.0, ""preprocess"": ""pixcenter"", ""rule"": ""dfa"", ""seed"": 2, ""shift_step"": 0, ""target_center"": 0, ""target_scale"": 1.0, ""whiten"": 0, ""width"": 300}",,,
E1_headline,pixcenter_frzbias,3,0,dfa,1.2642155885696411,1.2642155885696411,0.0746243596076965,0.9278175830841064,0.0012758725788444,0.9912585616111756,4.688671132537698,2.3342474794990102,2.6478931135428008,4.688671132537698,3000,4.688671132537698,"{""act"": ""tanh"", ""arch"": ""mlp"", ""batch"": 128, ""batchnorm"": 0, ""calibrate_head"": 0, ""center"": ""none"", ""classes"": 10, ""dataset"": ""mnist"", ""depth"": 3, ""fb_row_norm"": 0, ""fb_scale"": 1.0, ""fb_seed"": 0, ""freeze_bias"": 1, ""freeze_out"": 0, ""head"": ""sigmoid_bce"", ""hid_lr_mult"": 1.0, ""lr"": 0.001, ""muon"": 0, ""optimizer"": ""sgd"", ""out_bias_q"": -1.0, ""out_lr_mult"": 1.0, ""out_w_scale"": 1.0, ""p0"": 0.0, ""preprocess"": ""pixcenter"", ""rule"": ""dfa"", ""seed"": 3, ""shift_step"": 0, ""target_center"": 0, ""target_scale"": 1.0, ""whiten"": 0, ""width"": 300}",,,
E1_headline,pixcenter_frzbias,3,1,dfa,1.2642155885696411,1.2642155885696411,0.0677246004343032,0.91569185256958,0.0011492990888655,0.9913325309753418,4.678748776534645,2.314197176244937,2.582922349324283,4.678748776534645,3000,4.678748776534645,"{""act"": ""tanh"", ""arch"": ""mlp"", ""batch"": 128, ""batchnorm"": 0, ""calibrate_head"": 0, ""center"": ""none"", ""classes"": 10, ""dataset"": ""mnist"", ""depth"": 3, ""fb_row_norm"": 0, ""fb_scale"": 1.0, ""fb_seed"": 1, ""freeze_bias"": 1, ""freeze_out"": 0, ""head"": ""sigmoid_bce"", ""hid_lr_mult"": 1.0, ""lr"": 0.001, ""muon"": 0, ""optimizer"": ""sgd"", ""out_bias_q"": -1.0, ""out_lr_mult"": 1.0, ""out_w_scale"": 1.0, ""p0"": 0.0, ""preprocess"": ""pixcenter"", ""rule"": ""dfa"", ""seed"": 3, ""shift_step"": 0, ""target_center"": 0, ""target_scale"": 1.0, ""whiten"": 0, ""width"": 300}",,,
E1_headline,pixcenter_frzbias,3,2,dfa,1.2642155885696411,1.2642155885696411,0.0677630305290222,0.9083154797554016,0.0009904556209221,0.9903193116188048,4.899815800974447,2.3772846681593287,2.6545233501731422,4.899815800974447,3000,4.899815800974447,"{""act"": ""tanh"", ""arch"": ""mlp"", ""batch"": 128, ""batchnorm"": 0, ""calibrate_head"": 0, ""center"": ""none"", ""classes"": 10, ""dataset"": ""mnist"", ""depth"": 3, ""fb_row_norm"": 0, ""fb_scale"": 1.0, ""fb_seed"": 2, ""freeze_bias"": 1, ""freeze_out"": 0, ""head"": ""sigmoid_bce"", ""hid_lr_mult"": 1.0, ""lr"": 0.001, ""muon"": 0, ""optimizer"": ""sgd"", ""out_bias_q"": -1.0, ""out_lr_mult"": 1.0, ""out_w_scale"": 1.0, ""p0"": 0.0, ""preprocess"": ""pixcenter"", ""rule"": ""dfa"", ""seed"": 3, ""shift_step"": 0, ""target_center"": 0, ""target_scale"": 1.0, ""whiten"": 0, ""width"": 300}",,,
E1_headline,pixcenter_frzbias,4,0,dfa,1.2655861377716064,1.2655861377716064,0.0886007100343704,0.9299346804618835,0.0072720409370958,0.9919360280036926,4.903363946530254,2.3565635936547475,2.6526770330513685,4.903363946530254,3000,4.903363946530254,"{""act"": ""tanh"", ""arch"": ""mlp"", ""batch"": 128, ""batchnorm"": 0, ""calibrate_head"": 0, ""center"": ""none"", ""classes"": 10, ""dataset"": ""mnist"", ""depth"": 3, ""fb_row_norm"": 0, ""fb_scale"": 1.0, ""fb_seed"": 0, ""freeze_bias"": 1, ""freeze_out"": 0, ""head"": ""sigmoid_bce"", ""hid_lr_mult"": 1.0, ""lr"": 0.001, ""muon"": 0, ""optimizer"": ""sgd"", ""out_bias_q"": -1.0, ""out_lr_mult"": 1.0, ""out_w_scale"": 1.0, ""p0"": 0.0, ""preprocess"": ""pixcenter"", ""rule"": ""dfa"", ""seed"": 4, ""shift_step"": 0, ""target_center"": 0, ""target_scale"": 1.0, ""whiten"": 0, ""width"": 300}",,,
E1_headline,pixcenter_frzbias,4,1,dfa,1.2655861377716064,1.2655861377716064,0.0820026025176048,0.9346712827682496,0.0042460565455257,0.9911330938339232,4.568003570933557,2.36720912743886,2.5974457304776126,4.568003570933557,3000,4.568003570933557,"{""act"": ""tanh"", ""arch"": ""mlp"", ""batch"": 128, ""batchnorm"": 0, ""calibrate_head"": 0, ""center"": ""none"", ""classes"": 10, ""dataset"": ""mnist"", ""depth"": 3, ""fb_row_norm"": 0, ""fb_scale"": 1.0, ""fb_seed"": 1, ""freeze_bias"": 1, ""freeze_out"": 0, ""head"": ""sigmoid_bce"", ""hid_lr_mult"": 1.0, ""lr"": 0.001, ""muon"": 0, ""optimizer"": ""sgd"", ""out_bias_q"": -1.0, ""out_lr_mult"": 1.0, ""out_w_scale"": 1.0, ""p0"": 0.0, ""preprocess"": ""pixcenter"", ""rule"": ""dfa"", ""seed"": 4, ""shift_step"": 0, ""target_center"": 0, ""target_scale"": 1.0, ""whiten"": 0, ""width"": 300}",,,
E1_headline,pixcenter_frzbias,4,2,dfa,1.2655861377716064,1.2655861377716064,0.0817928537726402,0.9379007816314696,0.0044433316215872,0.992274522781372,4.851391213081051,2.40900410573629,2.7013540327049097,4.851391213081051,3000,4.851391213081051,"{""act"": ""tanh"", ""arch"": ""mlp"", ""batch"": 128, ""batchnorm"": 0, ""calibrate_head"": 0, ""center"": ""none"", ""classes"": 10, ""dataset"": ""mnist"", ""depth"": 3, ""fb_row_norm"": 0, ""fb_scale"": 1.0, ""fb_seed"": 2, ""freeze_bias"": 1, ""freeze_out"": 0, ""head"": ""sigmoid_bce"", ""hid_lr_mult"": 1.0, ""lr"": 0.001, ""muon"": 0, ""optimizer"": ""sgd"", ""out_bias_q"": -1.0, ""out_lr_mult"": 1.0, ""out_w_scale"": 1.0, ""p0"": 0.0, ""preprocess"": ""pixcenter"", ""rule"": ""dfa"", ""seed"": 4, ""shift_step"": 0, ""target_center"": 0, ""target_scale"": 1.0, ""whiten"": 0, ""width"": 300}",,,
E1_headline,priorbias,0,0,dfa,0.0415895916521549,0.0415895916521549,0.3622415363788605,0.9254024028778076,0.5814120769500732,0.974346160888672,0.6007547349220089,0.2311654547355539,0.7427704852609486,0.6007547349220089,3000,0.6007547349220089,"{""act"": ""tanh"", ""arch"": ""mlp"", ""batch"": 128, ""batchnorm"": 0, ""calibrate_head"": 0, ""center"": ""none"", ""classes"": 10, ""dataset"": ""mnist"", ""depth"": 3, ""fb_row_norm"": 0, ""fb_scale"": 1.0, ""fb_seed"": 0, ""freeze_bias"": 0, ""freeze_out"": 0, ""head"": ""sigmoid_bce"", ""hid_lr_mult"": 1.0, ""lr"": 0.001, ""muon"": 0, ""optimizer"": ""sgd"", ""out_bias_q"": 0.1, ""out_lr_mult"": 1.0, ""out_w_scale"": 1.0, ""p0"": 0.0, ""preprocess"": ""div255"", ""rule"": ""dfa"", ""seed"": 0, ""shift_step"": 0, ""target_center"": 0, ""target_scale"": 1.0, ""whiten"": 0, ""width"": 300}",,,
E1_headline,priorbias,0,1,dfa,0.0415895916521549,0.0415895916521549,0.3540035486221313,0.9495709538459778,0.5282183885574341,0.9815573692321776,1.142696060555285,0.3653306124631097,1.041941111591884,1.142696060555285,3000,1.142696060555285,"{""act"": ""tanh"", ""arch"": ""mlp"", ""batch"": 128, ""batchnorm"": 0, ""calibrate_head"": 0, ""center"": ""none"", ""classes"": 10, ""dataset"": ""mnist"", ""depth"": 3, ""fb_row_norm"": 0, ""fb_scale"": 1.0, ""fb_seed"": 1, ""freeze_bias"": 0, ""freeze_out"": 0, ""head"": ""sigmoid_bce"", ""hid_lr_mult"": 1.0, ""lr"": 0.001, ""muon"": 0, ""optimizer"": ""sgd"", ""out_bias_q"": 0.1, ""out_lr_mult"": 1.0, ""out_w_scale"": 1.0, ""p0"": 0.0, ""preprocess"": ""div255"", ""rule"": ""dfa"", ""seed"": 0, ""shift_step"": 0, ""target_center"": 0, ""target_scale"": 1.0, ""whiten"": 0, ""width"": 300}",,,
E1_headline,priorbias,0,2,dfa,0.0415895916521549,0.0415895916521549,0.3549954891204834,0.944502294063568,0.5624943971633911,0.9863476157188416,1.5917450504852575,1.2029048919436516,1.8277874549089888,1.5917450504852575,3000,1.5917450504852575,"{""act"": ""tanh"", ""arch"": ""mlp"", ""batch"": 128, ""batchnorm"": 0, ""calibrate_head"": 0, ""center"": ""none"", ""classes"": 10, ""dataset"": ""mnist"", ""depth"": 3, ""fb_row_norm"": 0, ""fb_scale"": 1.0, ""fb_seed"": 2, ""freeze_bias"": 0, ""freeze_out"": 0, ""head"": ""sigmoid_bce"", ""hid_lr_mult"": 1.0, ""lr"": 0.001, ""muon"": 0, ""optimizer"": ""sgd"", ""out_bias_q"": 0.1, ""out_lr_mult"": 1.0, ""out_w_scale"": 1.0, ""p0"": 0.0, ""preprocess"": ""div255"", ""rule"": ""dfa"", ""seed"": 0, ""shift_step"": 0, ""target_center"": 0, ""target_scale"": 1.0, ""whiten"": 0, ""width"": 300}",,,
E1_headline,priorbias,1,0,dfa,0.1067334040999412,0.1067334040999412,0.6130558848381042,0.9397205114364624,0.5923673510551453,0.9698593616485596,4.06813084537207,2.9149717835538045,4.609266397798256,4.06813084537207,3000,4.06813084537207,"{""act"": ""tanh"", ""arch"": ""mlp"", ""batch"": 128, ""batchnorm"": 0, ""calibrate_head"": 0, ""center"": ""none"", ""classes"": 10, ""dataset"": ""mnist"", ""depth"": 3, ""fb_row_norm"": 0, ""fb_scale"": 1.0, ""fb_seed"": 0, ""freeze_bias"": 0, ""freeze_out"": 0, ""head"": ""sigmoid_bce"", ""hid_lr_mult"": 1.0, ""lr"": 0.001, ""muon"": 0, ""optimizer"": ""sgd"", ""out_bias_q"": 0.1, ""out_lr_mult"": 1.0, ""out_w_scale"": 1.0, ""p0"": 0.0, ""preprocess"": ""div255"", ""rule"": ""dfa"", ""seed"": 1, ""shift_step"": 0, ""target_center"": 0, ""target_scale"": 1.0, ""whiten"": 0, ""width"": 300}",,,
E1_headline,priorbias,1,1,dfa,0.1067334040999412,0.1067334040999412,0.935681700706482,0.6921672224998474,0.7308942079544067,0.8869994282722473,4.0646696602964205,2.7036957209153734,3.6865663977622343,4.0646696602964205,3000,4.0646696602964205,"{""act"": ""tanh"", ""arch"": ""mlp"", ""batch"": 128, ""batchnorm"": 0, ""calibrate_head"": 0, ""center"": ""none"", ""classes"": 10, ""dataset"": ""mnist"", ""depth"": 3, ""fb_row_norm"": 0, ""fb_scale"": 1.0, ""fb_seed"": 1, ""freeze_bias"": 0, ""freeze_out"": 0, ""head"": ""sigmoid_bce"", ""hid_lr_mult"": 1.0, ""lr"": 0.001, ""muon"": 0, ""optimizer"": ""sgd"", ""out_bias_q"": 0.1, ""out_lr_mult"": 1.0, ""out_w_scale"": 1.0, ""p0"": 0.0, ""preprocess"": ""div255"", ""rule"": ""dfa"", ""seed"": 1, ""shift_step"": 0, ""target_center"": 0, ""target_scale"": 1.0, ""whiten"": 0, ""width"": 300}",,,
E1_headline,priorbias,1,2,dfa,0.1067334040999412,0.1067334040999412,0.5149911046028137,0.9425466656684875,0.5843208432197571,0.974825382232666,4.352271718194579,2.985080258569752,4.709718400589253,4.352271718194579,3000,4.352271718194579,"{""act"": ""tanh"", ""arch"": ""mlp"", ""batch"": 128, ""batchnorm"": 0, ""calibrate_head"": 0, ""center"": ""none"", ""classes"": 10, ""dataset"": ""mnist"", ""depth"": 3, ""fb_row_norm"": 0, ""fb_scale"": 1.0, ""fb_seed"": 2, ""freeze_bias"": 0, ""freeze_out"": 0, ""head"": ""sigmoid_bce"", ""hid_lr_mult"": 1.0, ""lr"": 0.001, ""muon"": 0, ""optimizer"": ""sgd"", ""out_bias_q"": 0.1, ""out_lr_mult"": 1.0, ""out_w_scale"": 1.0, ""p0"": 0.0, ""preprocess"": ""div255"", ""rule"": ""dfa"", ""seed"": 1, ""shift_step"": 0, ""target_center"": 0, ""target_scale"": 1.0, ""whiten"": 0, ""width"": 300}",,,
E1_headline,priorbias,2,0,dfa,0.0941637977957725,0.0941637977957725,0.4645185768604278,0.946932315826416,0.5716928839683533,0.9852874279022216,0.2721122876669764,0.3008918453494458,0.3363258797313917,0.2721122876669764,3000,0.2721122876669764,"{""act"": ""tanh"", ""arch"": ""mlp"", ""batch"": 128, ""batchnorm"": 0, ""calibrate_head"": 0, ""center"": ""none"", ""classes"": 10, ""dataset"": ""mnist"", ""depth"": 3, ""fb_row_norm"": 0, ""fb_scale"": 1.0, ""fb_seed"": 0, ""freeze_bias"": 0, ""freeze_out"": 0, ""head"": ""sigmoid_bce"", ""hid_lr_mult"": 1.0, ""lr"": 0.001, ""muon"": 0, ""optimizer"": ""sgd"", ""out_bias_q"": 0.1, ""out_lr_mult"": 1.0, ""out_w_scale"": 1.0, ""p0"": 0.0, ""preprocess"": ""div255"", ""rule"": ""dfa"", ""seed"": 2, ""shift_step"": 0, ""target_center"": 0, ""target_scale"": 1.0, ""whiten"": 0, ""width"": 300}",,,
E1_headline,priorbias,2,1,dfa,0.0941637977957725,0.0941637977957725,0.4191257953643799,0.9464455246925354,0.5255333781242371,0.9747588634490968,-0.3006081564214202,-0.3192341324171299,-0.2750128921990027,-0.3006081564214202,3000,-0.3006081564214202,"{""act"": ""tanh"", ""arch"": ""mlp"", ""batch"": 128, ""batchnorm"": 0, ""calibrate_head"": 0, ""center"": ""none"", ""classes"": 10, ""dataset"": ""mnist"", ""depth"": 3, ""fb_row_norm"": 0, ""fb_scale"": 1.0, ""fb_seed"": 1, ""freeze_bias"": 0, ""freeze_out"": 0, ""head"": ""sigmoid_bce"", ""hid_lr_mult"": 1.0, ""lr"": 0.001, ""muon"": 0, ""optimizer"": ""sgd"", ""out_bias_q"": 0.1, ""out_lr_mult"": 1.0, ""out_w_scale"": 1.0, ""p0"": 0.0, ""preprocess"": ""div255"", ""rule"": ""dfa"", ""seed"": 2, ""shift_step"": 0, ""target_center"": 0, ""target_scale"": 1.0, ""whiten"": 0, ""width"": 300}",,,
E1_headline,priorbias,2,2,dfa,0.0941637977957725,0.0941637977957725,0.4454432725906372,0.9460355043411256,0.5726544260978699,0.9774681329727172,0.6380329314542065,0.6775911989683034,0.8043778014433113,0.6380329314542065,3000,0.6380329314542065,"{""act"": ""tanh"", ""arch"": ""mlp"", ""batch"": 128, ""batchnorm"": 0, ""calibrate_head"": 0, ""center"": ""none"", ""classes"": 10, ""dataset"": ""mnist"", ""depth"": 3, ""fb_row_norm"": 0, ""fb_scale"": 1.0, ""fb_seed"": 2, ""freeze_bias"": 0, ""freeze_out"": 0, ""head"": ""sigmoid_bce"", ""hid_lr_mult"": 1.0, ""lr"": 0.001, ""muon"": 0, ""optimizer"": ""sgd"", ""out_bias_q"": 0.1, ""out_lr_mult"": 1.0, ""out_w_scale"": 1.0, ""p0"": 0.0, ""preprocess"": ""div255"", ""rule"": ""dfa"", ""seed"": 2, ""shift_step"": 0, ""target_center"": 0, ""target_scale"": 1.0, ""whiten"": 0, ""width"": 300}",,,
E1_headline,priorbias,3,0,dfa,0.0801147744059562,0.0801147744059562,0.4993859529495239,0.9452073574066162,0.599490761756897,0.9682464599609376,-0.9195558494494817,-0.3521923873270313,-1.100548148685326,-0.9195558494494817,3000,-0.9195558494494817,"{""act"": ""tanh"", ""arch"": ""mlp"", ""batch"": 128, ""batchnorm"": 0, ""calibrate_head"": 0, ""center"": ""none"", ""classes"": 10, ""dataset"": ""mnist"", ""depth"": 3, ""fb_row_norm"": 0, ""fb_scale"": 1.0, ""fb_seed"": 0, ""freeze_bias"": 0, ""freeze_out"": 0, ""head"": ""sigmoid_bce"", ""hid_lr_mult"": 1.0, ""lr"": 0.001, ""muon"": 0, ""optimizer"": ""sgd"", ""out_bias_q"": 0.1, ""out_lr_mult"": 1.0, ""out_w_scale"": 1.0, ""p0"": 0.0, ""preprocess"": ""div255"", ""rule"": ""dfa"", ""seed"": 3, ""shift_step"": 0, ""target_center"": 0, ""target_scale"": 1.0, ""whiten"": 0, ""width"": 300}",,,
E1_headline,priorbias,3,1,dfa,0.0801147744059562,0.0801147744059562,0.3933203816413879,0.9508309364318848,0.5675691962242126,0.9821553826332092,0.2843270793757643,0.174192854979353,0.2716353440544454,0.2843270793757643,3000,0.2843270793757643,"{""act"": ""tanh"", ""arch"": ""mlp"", ""batch"": 128, ""batchnorm"": 0, ""calibrate_head"": 0, ""center"": ""none"", ""classes"": 10, ""dataset"": ""mnist"", ""depth"": 3, ""fb_row_norm"": 0, ""fb_scale"": 1.0, ""fb_seed"": 1, ""freeze_bias"": 0, ""freeze_out"": 0, ""head"": ""sigmoid_bce"", ""hid_lr_mult"": 1.0, ""lr"": 0.001, ""muon"": 0, ""optimizer"": ""sgd"", ""out_bias_q"": 0.1, ""out_lr_mult"": 1.0, ""out_w_scale"": 1.0, ""p0"": 0.0, ""preprocess"": ""div255"", ""rule"": ""dfa"", ""seed"": 3, ""shift_step"": 0, ""target_center"": 0, ""target_scale"": 1.0, ""whiten"": 0, ""width"": 300}",,,
E1_headline,priorbias,3,2,dfa,0.0801147744059562,0.0801147744059562,0.4378026127815246,0.9412181973457336,0.5796403884887695,0.9798175692558287,0.3379239021246842,0.2723786721465592,0.3499302848789233,0.3379239021246842,3000,0.3379239021246842,"{""act"": ""tanh"", ""arch"": ""mlp"", ""batch"": 128, ""batchnorm"": 0, ""calibrate_head"": 0, ""center"": ""none"", ""classes"": 10, ""dataset"": ""mnist"", ""depth"": 3, ""fb_row_norm"": 0, ""fb_scale"": 1.0, ""fb_seed"": 2, ""freeze_bias"": 0, ""freeze_out"": 0, ""head"": ""sigmoid_bce"", ""hid_lr_mult"": 1.0, ""lr"": 0.001, ""muon"": 0, ""optimizer"": ""sgd"", ""out_bias_q"": 0.1, ""out_lr_mult"": 1.0, ""out_w_scale"": 1.0, ""p0"": 0.0, ""preprocess"": ""div255"", ""rule"": ""dfa"", ""seed"": 3, ""shift_step"": 0, ""target_center"": 0, ""target_scale"": 1.0, ""whiten"": 0, ""width"": 300}",,,
E1_headline,priorbias,4,0,dfa,0.0752343609929084,0.0752343609929084,0.4272396564483642,0.9480352997779846,0.5961467623710632,0.9851660132408142,2.365284932529411,1.845474924031915,2.788455585503488,2.365284932529411,3000,2.365284932529411,"{""act"": ""tanh"", ""arch"": ""mlp"", ""batch"": 128, ""batchnorm"": 0, ""calibrate_head"": 0, ""center"": ""none"", ""classes"": 10, ""dataset"": ""mnist"", ""depth"": 3, ""fb_row_norm"": 0, ""fb_scale"": 1.0, ""fb_seed"": 0, ""freeze_bias"": 0, ""freeze_out"": 0, ""head"": ""sigmoid_bce"", ""hid_lr_mult"": 1.0, ""lr"": 0.001, ""muon"": 0, ""optimizer"": ""sgd"", ""out_bias_q"": 0.1, ""out_lr_mult"": 1.0, ""out_w_scale"": 1.0, ""p0"": 0.0, ""preprocess"": ""div255"", ""rule"": ""dfa"", ""seed"": 4, ""shift_step"": 0, ""target_center"": 0, ""target_scale"": 1.0, ""whiten"": 0, ""width"": 300}",,,
E1_headline,priorbias,4,1,dfa,0.0752343609929084,0.0752343609929084,0.4138727486133575,0.94362473487854,0.5457316637039185,0.9805778861045836,3.048125968848061,2.224309089653836,2.9342328996607865,3.048125968848061,3000,3.048125968848061,"{""act"": ""tanh"", ""arch"": ""mlp"", ""batch"": 128, ""batchnorm"": 0, ""calibrate_head"": 0, ""center"": ""none"", ""classes"": 10, ""dataset"": ""mnist"", ""depth"": 3, ""fb_row_norm"": 0, ""fb_scale"": 1.0, ""fb_seed"": 1, ""freeze_bias"": 0, ""freeze_out"": 0, ""head"": ""sigmoid_bce"", ""hid_lr_mult"": 1.0, ""lr"": 0.001, ""muon"": 0, ""optimizer"": ""sgd"", ""out_bias_q"": 0.1, ""out_lr_mult"": 1.0, ""out_w_scale"": 1.0, ""p0"": 0.0, ""preprocess"": ""div255"", ""rule"": ""dfa"", ""seed"": 4, ""shift_step"": 0, ""target_center"": 0, ""target_scale"": 1.0, ""whiten"": 0, ""width"": 300}",,,
E1_headline,priorbias,4,2,dfa,0.0752343609929084,0.0752343609929084,0.4745303094387054,0.9508454203605652,0.5740616321563721,0.9784428477287292,2.2239264624178703,2.039093128597354,2.6951723048247205,2.2239264624178703,3000,2.2239264624178703,"{""act"": ""tanh"", ""arch"": ""mlp"", ""batch"": 128, ""batchnorm"": 0, ""calibrate_head"": 0, ""center"": ""none"", ""classes"": 10, ""dataset"": ""mnist"", ""depth"": 3, ""fb_row_norm"": 0, ""fb_scale"": 1.0, ""fb_seed"": 2, ""freeze_bias"": 0, ""freeze_out"": 0, ""head"": ""sigmoid_bce"", ""hid_lr_mult"": 1.0, ""lr"": 0.001, ""muon"": 0, ""optimizer"": ""sgd"", ""out_bias_q"": 0.1, ""out_lr_mult"": 1.0, ""out_w_scale"": 1.0, ""p0"": 0.0, ""preprocess"": ""div255"", ""rule"": ""dfa"", ""seed"": 4, ""shift_step"": 0, ""target_center"": 0, ""target_scale"": 1.0, ""whiten"": 0, ""width"": 300}",,,
E1_headline,softmax,0,0,dfa,0.0904107093811035,0.0904107093811035,0.2709206938743591,0.9329913258552552,0.2673662304878235,0.9613423347473145,0.0705822191664626,0.7279369517423563,0.1130061242939597,0.0718519654088676,1400,0.0718519654088676,"{""act"": ""tanh"", ""arch"": ""mlp"", ""batch"": 128, ""batchnorm"": 0, ""calibrate_head"": 0, ""center"": ""none"", ""classes"": 10, ""dataset"": ""mnist"", ""depth"": 3, ""fb_row_norm"": 0, ""fb_scale"": 1.0, ""fb_seed"": 0, ""freeze_bias"": 0, ""freeze_out"": 0, ""head"": ""softmax_ce"", ""hid_lr_mult"": 1.0, ""lr"": 0.001, ""muon"": 0, ""optimizer"": ""sgd"", ""out_bias_q"": -1.0, ""out_lr_mult"": 1.0, ""out_w_scale"": 1.0, ""p0"": 0.0, ""preprocess"": ""standardize"", ""rule"": ""dfa"", ""seed"": 0, ""shift_step"": 0, ""target_center"": 0, ""target_scale"": 1.0, ""whiten"": 0, ""width"": 300}",,,
E1_headline,softmax,0,1,dfa,0.0904107093811035,0.0904107093811035,0.248533010482788,0.9348626732826232,0.2618377208709717,0.9529383182525636,-0.0041809811314726,-0.3653739353766088,-0.0445442234473324,-0.0218071602652222,1250,-0.0218071602652222,"{""act"": ""tanh"", ""arch"": ""mlp"", ""batch"": 128, ""batchnorm"": 0, ""calibrate_head"": 0, ""center"": ""none"", ""classes"": 10, ""dataset"": ""mnist"", ""depth"": 3, ""fb_row_norm"": 0, ""fb_scale"": 1.0, ""fb_seed"": 1, ""freeze_bias"": 0, ""freeze_out"": 0, ""head"": ""softmax_ce"", ""hid_lr_mult"": 1.0, ""lr"": 0.001, ""muon"": 0, ""optimizer"": ""sgd"", ""out_bias_q"": -1.0, ""out_lr_mult"": 1.0, ""out_w_scale"": 1.0, ""p0"": 0.0, ""preprocess"": ""standardize"", ""rule"": ""dfa"", ""seed"": 0, ""shift_step"": 0, ""target_center"": 0, ""target_scale"": 1.0, ""whiten"": 0, ""width"": 300}",,,
E1_headline,softmax,0,2,dfa,0.0904107093811035,0.0904107093811035,0.2486433684825897,0.9098244905471802,0.2577226758003235,0.9651214480400084,0.0746532551791831,1.4524457168167475,0.1123112534697535,0.0631118912372194,960,0.0631118912372194,"{""act"": ""tanh"", ""arch"": ""mlp"", ""batch"": 128, ""batchnorm"": 0, ""calibrate_head"": 0, ""center"": ""none"", ""classes"": 10, ""dataset"": ""mnist"", ""depth"": 3, ""fb_row_norm"": 0, ""fb_scale"": 1.0, ""fb_seed"": 2, ""freeze_bias"": 0, ""freeze_out"": 0, ""head"": ""softmax_ce"", ""hid_lr_mult"": 1.0, ""lr"": 0.001, ""muon"": 0, ""optimizer"": ""sgd"", ""out_bias_q"": -1.0, ""out_lr_mult"": 1.0, ""out_w_scale"": 1.0, ""p0"": 0.0, ""preprocess"": ""standardize"", ""rule"": ""dfa"", ""seed"": 0, ""shift_step"": 0, ""target_center"": 0, ""target_scale"": 1.0, ""whiten"": 0, ""width"": 300}",,,
E1_headline,softmax,1,0,dfa,0.0930543094873428,0.0930543094873428,0.2500573098659515,0.9284155368804932,0.2596010267734527,0.960820734500885,0.2746350382206353,3.312760207827285,0.3584184130973923,0.213261025966252,1180,0.213261025966252,"{""act"": ""tanh"", ""arch"": ""mlp"", ""batch"": 128, ""batchnorm"": 0, ""calibrate_head"": 0, ""center"": ""none"", ""classes"": 10, ""dataset"": ""mnist"", ""depth"": 3, ""fb_row_norm"": 0, ""fb_scale"": 1.0, ""fb_seed"": 0, ""freeze_bias"": 0, ""freeze_out"": 0, ""head"": ""softmax_ce"", ""hid_lr_mult"": 1.0, ""lr"": 0.001, ""muon"": 0, ""optimizer"": ""sgd"", ""out_bias_q"": -1.0, ""out_lr_mult"": 1.0, ""out_w_scale"": 1.0, ""p0"": 0.0, ""preprocess"": ""standardize"", ""rule"": ""dfa"", ""seed"": 1, ""shift_step"": 0, ""target_center"": 0, ""target_scale"": 1.0, ""whiten"": 0, ""width"": 300}",,,
E1_headline,softmax,1,1,dfa,0.0930543094873428,0.0930543094873428,0.3001135885715484,0.9390146136283876,0.2783247530460357,0.9566736817359924,0.3980372669111876,4.218397712496346,0.5553259780177578,0.36930222417804,1040,0.36930222417804,"{""act"": ""tanh"", ""arch"": ""mlp"", ""batch"": 128, ""batchnorm"": 0, ""calibrate_head"": 0, ""center"": ""none"", ""classes"": 10, ""dataset"": ""mnist"", ""depth"": 3, ""fb_row_norm"": 0, ""fb_scale"": 1.0, ""fb_seed"": 1, ""freeze_bias"": 0, ""freeze_out"": 0, ""head"": ""softmax_ce"", ""hid_lr_mult"": 1.0, ""lr"": 0.001, ""muon"": 0, ""optimizer"": ""sgd"", ""out_bias_q"": -1.0, ""out_lr_mult"": 1.0, ""out_w_scale"": 1.0, ""p0"": 0.0, ""preprocess"": ""standardize"", ""rule"": ""dfa"", ""seed"": 1, ""shift_step"": 0, ""target_center"": 0, ""target_scale"": 1.0, ""whiten"": 0, ""width"": 300}",,,
E1_headline,softmax,1,2,dfa,0.0930543094873428,0.0930543094873428,0.2578989863395691,0.9325419664382936,0.2653261125087738,0.9590637683868408,0.2414782982868739,3.04703122269946,0.3257492281193211,0.1726454885453523,850,0.1726454885453523,"{""act"": ""tanh"", ""arch"": ""mlp"", ""batch"": 128, ""batchnorm"": 0, ""calibrate_head"": 0, ""center"": ""none"", ""classes"": 10, ""dataset"": ""mnist"", ""depth"": 3, ""fb_row_norm"": 0, ""fb_scale"": 1.0, ""fb_seed"": 2, ""freeze_bias"": 0, ""freeze_out"": 0, ""head"": ""softmax_ce"", ""hid_lr_mult"": 1.0, ""lr"": 0.001, ""muon"": 0, ""optimizer"": ""sgd"", ""out_bias_q"": -1.0, ""out_lr_mult"": 1.0, ""out_w_scale"": 1.0, ""p0"": 0.0, ""preprocess"": ""standardize"", ""rule"": ""dfa"", ""seed"": 1, ""shift_step"": 0, ""target_center"": 0, ""target_scale"": 1.0, ""whiten"": 0, ""width"": 300}",,,
E1_headline,softmax,2,0,dfa,0.0889791846275329,0.0889791846275329,0.2818630933761596,0.9390394687652588,0.276034951210022,0.9563602805137634,-0.0502706960590201,-1.7398882342111297,-0.0294011366230359,-0.0134521645028571,1380,-0.0134521645028571,"{""act"": ""tanh"", ""arch"": ""mlp"", ""batch"": 128, ""batchnorm"": 0, ""calibrate_head"": 0, ""center"": ""none"", ""classes"": 10, ""dataset"": ""mnist"", ""depth"": 3, ""fb_row_norm"": 0, ""fb_scale"": 1.0, ""fb_seed"": 0, ""freeze_bias"": 0, ""freeze_out"": 0, ""head"": ""softmax_ce"", ""hid_lr_mult"": 1.0, ""lr"": 0.001, ""muon"": 0, ""optimizer"": ""sgd"", ""out_bias_q"": -1.0, ""out_lr_mult"": 1.0, ""out_w_scale"": 1.0, ""p0"": 0.0, ""preprocess"": ""standardize"", ""rule"": ""dfa"", ""seed"": 2, ""shift_step"": 0, ""target_center"": 0, ""target_scale"": 1.0, ""whiten"": 0, ""width"": 300}",,,
E1_headline,softmax,2,1,dfa,0.0889791846275329,0.0889791846275329,0.2567158043384552,0.924795627593994,0.276034951210022,0.95871901512146,-0.1602843057202466,-3.781070517543558,-0.1969288484256109,-0.1064098142591971,1300,-0.1064098142591971,"{""act"": ""tanh"", ""arch"": ""mlp"", ""batch"": 128, ""batchnorm"": 0, ""calibrate_head"": 0, ""center"": ""none"", ""classes"": 10, ""dataset"": ""mnist"", ""depth"": 3, ""fb_row_norm"": 0, ""fb_scale"": 1.0, ""fb_seed"": 1, ""freeze_bias"": 0, ""freeze_out"": 0, ""head"": ""softmax_ce"", ""hid_lr_mult"": 1.0, ""lr"": 0.001, ""muon"": 0, ""optimizer"": ""sgd"", ""out_bias_q"": -1.0, ""out_lr_mult"": 1.0, ""out_w_scale"": 1.0, ""p0"": 0.0, ""preprocess"": ""standardize"", ""rule"": ""dfa"", ""seed"": 2, ""shift_step"": 0, ""target_center"": 0, ""target_scale"": 1.0, ""whiten"": 0, ""width"": 300}",,,
E1_headline,softmax,2,2,dfa,0.0889791846275329,0.0889791846275329,0.3184877038002014,0.9172561764717102,0.283080130815506,0.9458945393562316,-0.0785567578528906,-2.504044157723018,-0.0731223736198111,-0.0293668917965385,1310,-0.0293668917965385,"{""act"": ""tanh"", ""arch"": ""mlp"", ""batch"": 128, ""batchnorm"": 0, ""calibrate_head"": 0, ""center"": ""none"", ""classes"": 10, ""dataset"": ""mnist"", ""depth"": 3, ""fb_row_norm"": 0, ""fb_scale"": 1.0, ""fb_seed"": 2, ""freeze_bias"": 0, ""freeze_out"": 0, ""head"": ""softmax_ce"", ""hid_lr_mult"": 1.0, ""lr"": 0.001, ""muon"": 0, ""optimizer"": ""sgd"", ""out_bias_q"": -1.0, ""out_lr_mult"": 1.0, ""out_w_scale"": 1.0, ""p0"": 0.0, ""preprocess"": ""standardize"", ""rule"": ""dfa"", ""seed"": 2, ""shift_step"": 0, ""target_center"": 0, ""target_scale"": 1.0, ""whiten"": 0, ""width"": 300}",,,
E1_headline,softmax,3,0,dfa,0.0963554754853248,0.0963554754853248,0.2644372582435608,0.9320948123931884,0.2587519884109497,0.9642521739006042,0.0060104040549905,-0.6088341601685563,0.0621062423765345,0.0323918014308795,1520,0.0323918014308795,"{""act"": ""tanh"", ""arch"": ""mlp"", ""batch"": 128, ""batchnorm"": 0, ""calibrate_head"": 0, ""center"": ""none"", ""classes"": 10, ""dataset"": ""mnist"", ""depth"": 3, ""fb_row_norm"": 0, ""fb_scale"": 1.0, ""fb_seed"": 0, ""freeze_bias"": 0, ""freeze_out"": 0, ""head"": ""softmax_ce"", ""hid_lr_mult"": 1.0, ""lr"": 0.001, ""muon"": 0, ""optimizer"": ""sgd"", ""out_bias_q"": -1.0, ""out_lr_mult"": 1.0, ""out_w_scale"": 1.0, ""p0"": 0.0, ""preprocess"": ""standardize"", ""rule"": ""dfa"", ""seed"": 3, ""shift_step"": 0, ""target_center"": 0, ""target_scale"": 1.0, ""whiten"": 0, ""width"": 300}",,,
E1_headline,softmax,3,1,dfa,0.0963554754853248,0.0963554754853248,0.2644372582435608,0.9257930517196656,0.2587519884109497,0.9651809930801392,0.1184642332289287,1.6851359771086147,0.1783168453072469,0.0985838311904433,1280,0.0985838311904433,"{""act"": ""tanh"", ""arch"": ""mlp"", ""batch"": 128, ""batchnorm"": 0, ""calibrate_head"": 0, ""center"": ""none"", ""classes"": 10, ""dataset"": ""mnist"", ""depth"": 3, ""fb_row_norm"": 0, ""fb_scale"": 1.0, ""fb_seed"": 1, ""freeze_bias"": 0, ""freeze_out"": 0, ""head"": ""softmax_ce"", ""hid_lr_mult"": 1.0, ""lr"": 0.001, ""muon"": 0, ""optimizer"": ""sgd"", ""out_bias_q"": -1.0, ""out_lr_mult"": 1.0, ""out_w_scale"": 1.0, ""p0"": 0.0, ""preprocess"": ""standardize"", ""rule"": ""dfa"", ""seed"": 3, ""shift_step"": 0, ""target_center"": 0, ""target_scale"": 1.0, ""whiten"": 0, ""width"": 300}",,,
E1_headline,softmax,3,2,dfa,0.0963554754853248,0.0963554754853248,0.3560921847820282,0.9281994104385376,0.3124043047428131,0.9379945993423462,0.1943291760774028,0.8710630851127938,0.3198165258728085,0.2079995268320902,1170,0.2079995268320902,"{""act"": ""tanh"", ""arch"": ""mlp"", ""batch"": 128, ""batchnorm"": 0, ""calibrate_head"": 0, ""center"": ""none"", ""classes"": 10, ""dataset"": ""mnist"", ""depth"": 3, ""fb_row_norm"": 0, ""fb_scale"": 1.0, ""fb_seed"": 2, ""freeze_bias"": 0, ""freeze_out"": 0, ""head"": ""softmax_ce"", ""hid_lr_mult"": 1.0, ""lr"": 0.001, ""muon"": 0, ""optimizer"": ""sgd"", ""out_bias_q"": -1.0, ""out_lr_mult"": 1.0, ""out_w_scale"": 1.0, ""p0"": 0.0, ""preprocess"": ""standardize"", ""rule"": ""dfa"", ""seed"": 3, ""shift_step"": 0, ""target_center"": 0, ""target_scale"": 1.0, ""whiten"": 0, ""width"": 300}",,,
E1_headline,softmax,4,0,dfa,0.0712535232305526,0.0712535232305526,0.2492224872112274,0.9346106052398682,0.2602819800376892,0.965293288230896,0.1399324393641453,2.0586240354296783,0.2165206169225452,0.1323846351557279,2130,0.1323846351557279,"{""act"": ""tanh"", ""arch"": ""mlp"", ""batch"": 128, ""batchnorm"": 0, ""calibrate_head"": 0, ""center"": ""none"", ""classes"": 10, ""dataset"": ""mnist"", ""depth"": 3, ""fb_row_norm"": 0, ""fb_scale"": 1.0, ""fb_seed"": 0, ""freeze_bias"": 0, ""freeze_out"": 0, ""head"": ""softmax_ce"", ""hid_lr_mult"": 1.0, ""lr"": 0.001, ""muon"": 0, ""optimizer"": ""sgd"", ""out_bias_q"": -1.0, ""out_lr_mult"": 1.0, ""out_w_scale"": 1.0, ""p0"": 0.0, ""preprocess"": ""standardize"", ""rule"": ""dfa"", ""seed"": 4, ""shift_step"": 0, ""target_center"": 0, ""target_scale"": 1.0, ""whiten"": 0, ""width"": 300}",,,
E1_headline,softmax,4,1,dfa,0.0712535232305526,0.0712535232305526,0.2377773225307464,0.9167622327804564,0.2602819800376892,0.9644043445587158,0.0924414428278998,1.4032763925804774,0.1578488766036525,0.0868639800734225,2490,0.0868639800734225,"{""act"": ""tanh"", ""arch"": ""mlp"", ""batch"": 128, ""batchnorm"": 0, ""calibrate_head"": 0, ""center"": ""none"", ""classes"": 10, ""dataset"": ""mnist"", ""depth"": 3, ""fb_row_norm"": 0, ""fb_scale"": 1.0, ""fb_seed"": 1, ""freeze_bias"": 0, ""freeze_out"": 0, ""head"": ""softmax_ce"", ""hid_lr_mult"": 1.0, ""lr"": 0.001, ""muon"": 0, ""optimizer"": ""sgd"", ""out_bias_q"": -1.0, ""out_lr_mult"": 1.0, ""out_w_scale"": 1.0, ""p0"": 0.0, ""preprocess"": ""standardize"", ""rule"": ""dfa"", ""seed"": 4, ""shift_step"": 0, ""target_center"": 0, ""target_scale"": 1.0, ""whiten"": 0, ""width"": 300}",,,
E1_headline,softmax,4,2,dfa,0.0712535232305526,0.0712535232305526,0.2567762434482574,0.9382911324501038,0.2628190517425537,0.9639877080917358,0.1752859682413201,2.514095006776534,0.3092420816344227,0.1752859682413201,3000,0.1752859682413201,"{""act"": ""tanh"", ""arch"": ""mlp"", ""batch"": 128, ""batchnorm"": 0, ""calibrate_head"": 0, ""center"": ""none"", ""classes"": 10, ""dataset"": ""mnist"", ""depth"": 3, ""fb_row_norm"": 0, ""fb_scale"": 1.0, ""fb_seed"": 2, ""freeze_bias"": 0, ""freeze_out"": 0, ""head"": ""softmax_ce"", ""hid_lr_mult"": 1.0, ""lr"": 0.001, ""muon"": 0, ""optimizer"": ""sgd"", ""out_bias_q"": -1.0, ""out_lr_mult"": 1.0, ""out_w_scale"": 1.0, ""p0"": 0.0, ""preprocess"": ""standardize"", ""rule"": ""dfa"", ""seed"": 4, ""shift_step"": 0, ""target_center"": 0, ""target_scale"": 1.0, ""whiten"": 0, ""width"": 300}",,,
E1_headline,softmax_imb07,0,0,dfa,0.7122783064842224,0.7122783064842224,0.977142870426178,0.3948386013507843,0.7959622144699097,0.6730430126190186,4.57364352518006,12.644413930352732,4.9301982422683,4.281358019060312,80,4.281358019060312,"{""act"": ""tanh"", ""arch"": ""mlp"", ""batch"": 128, ""batchnorm"": 0, ""calibrate_head"": 0, ""center"": ""none"", ""classes"": 10, ""dataset"": ""mnist"", ""depth"": 3, ""fb_row_norm"": 0, ""fb_scale"": 1.0, ""fb_seed"": 0, ""freeze_bias"": 0, ""freeze_out"": 0, ""head"": ""softmax_ce"", ""hid_lr_mult"": 1.0, ""lr"": 0.001, ""muon"": 0, ""optimizer"": ""sgd"", ""out_bias_q"": -1.0, ""out_lr_mult"": 1.0, ""out_w_scale"": 1.0, ""p0"": 0.7, ""preprocess"": ""standardize"", ""rule"": ""dfa"", ""seed"": 0, ""shift_step"": 0, ""target_center"": 0, ""target_scale"": 1.0, ""whiten"": 0, ""width"": 300}",,,
E1_headline,softmax_imb07,0,1,dfa,0.7122783064842224,0.7122783064842224,0.96576988697052,0.3557004332542419,0.7754443883895874,0.6745743751525879,5.256717530625719,13.479862101434955,5.075393411573057,4.403729094359552,80,4.403729094359552,"{""act"": ""tanh"", ""arch"": ""mlp"", ""batch"": 128, ""batchnorm"": 0, ""calibrate_head"": 0, ""center"": ""none"", ""classes"": 10, ""dataset"": ""mnist"", ""depth"": 3, ""fb_row_norm"": 0, ""fb_scale"": 1.0, ""fb_seed"": 1, ""freeze_bias"": 0, ""freeze_out"": 0, ""head"": ""softmax_ce"", ""hid_lr_mult"": 1.0, ""lr"": 0.001, ""muon"": 0, ""optimizer"": ""sgd"", ""out_bias_q"": -1.0, ""out_lr_mult"": 1.0, ""out_w_scale"": 1.0, ""p0"": 0.7, ""preprocess"": ""standardize"", ""rule"": ""dfa"", ""seed"": 0, ""shift_step"": 0, ""target_center"": 0, ""target_scale"": 1.0, ""whiten"": 0, ""width"": 300}",,,
E1_headline,softmax_imb07,0,2,dfa,0.7122783064842224,0.7122783064842224,0.9636065363883972,0.3838928639888763,0.7797963619232178,0.6626476645469666,5.03593730001531,13.111438510727842,5.017294109446179,4.3153471607087575,80,4.3153471607087575,"{""act"": ""tanh"", ""arch"": ""mlp"", ""batch"": 128, ""batchnorm"": 0, ""calibrate_head"": 0, ""center"": ""none"", ""classes"": 10, ""dataset"": ""mnist"", ""depth"": 3, ""fb_row_norm"": 0, ""fb_scale"": 1.0, ""fb_seed"": 2, ""freeze_bias"": 0, ""freeze_out"": 0, ""head"": ""softmax_ce"", ""hid_lr_mult"": 1.0, ""lr"": 0.001, ""muon"": 0, ""optimizer"": ""sgd"", ""out_bias_q"": -1.0, ""out_lr_mult"": 1.0, ""out_w_scale"": 1.0, ""p0"": 0.7, ""preprocess"": ""standardize"", ""rule"": ""dfa"", ""seed"": 0, ""shift_step"": 0, ""target_center"": 0, ""target_scale"": 1.0, ""whiten"": 0, ""width"": 300}",,,
E1_headline,softmax_imb07,1,0,dfa,0.6788398027420044,0.6788398027420044,0.9060553908348083,0.598116934299469,0.7028080224990845,0.7638635039329529,2.639387020836073,9.178896421955349,2.9906892670782272,2.433479298951765,80,2.433479298951765,"{""act"": ""tanh"", ""arch"": ""mlp"", ""batch"": 128, ""batchnorm"": 0, ""calibrate_head"": 0, ""center"": ""none"", ""classes"": 10, ""dataset"": ""mnist"", ""depth"": 3, ""fb_row_norm"": 0, ""fb_scale"": 1.0, ""fb_seed"": 0, ""freeze_bias"": 0, ""freeze_out"": 0, ""head"": ""softmax_ce"", ""hid_lr_mult"": 1.0, ""lr"": 0.001, ""muon"": 0, ""optimizer"": ""sgd"", ""out_bias_q"": -1.0, ""out_lr_mult"": 1.0, ""out_w_scale"": 1.0, ""p0"": 0.7, ""preprocess"": ""standardize"", ""rule"": ""dfa"", ""seed"": 1, ""shift_step"": 0, ""target_center"": 0, ""target_scale"": 1.0, ""whiten"": 0, ""width"": 300}",,,
E1_headline,softmax_imb07,1,1,dfa,0.6788398027420044,0.6788398027420044,0.954731285572052,0.4653670787811279,0.7578212022781372,0.7327632308006287,4.106599520312361,11.468181081373604,4.140063657036078,3.533241902925604,70,3.533241902925604,"{""act"": ""tanh"", ""arch"": ""mlp"", ""batch"": 128, ""batchnorm"": 0, ""calibrate_head"": 0, ""center"": ""none"", ""classes"": 10, ""dataset"": ""mnist"", ""depth"": 3, ""fb_row_norm"": 0, ""fb_scale"": 1.0, ""fb_seed"": 1, ""freeze_bias"": 0, ""freeze_out"": 0, ""head"": ""softmax_ce"", ""hid_lr_mult"": 1.0, ""lr"": 0.001, ""muon"": 0, ""optimizer"": ""sgd"", ""out_bias_q"": -1.0, ""out_lr_mult"": 1.0, ""out_w_scale"": 1.0, ""p0"": 0.7, ""preprocess"": ""standardize"", ""rule"": ""dfa"", ""seed"": 1, ""shift_step"": 0, ""target_center"": 0, ""target_scale"": 1.0, ""whiten"": 0, ""width"": 300}",,,
E1_headline,softmax_imb07,1,2,dfa,0.6788398027420044,0.6788398027420044,0.9032764434814452,0.636939287185669,0.7054761052131653,0.7587388753890991,2.6670257658694934,7.658894721567571,2.3810318062062428,1.8609058700688463,60,1.8609058700688463,"{""act"": ""tanh"", ""arch"": ""mlp"", ""batch"": 128, ""batchnorm"": 0, ""calibrate_head"": 0, ""center"": ""none"", ""classes"": 10, ""dataset"": ""mnist"", ""depth"": 3, ""fb_row_norm"": 0, ""fb_scale"": 1.0, ""fb_seed"": 2, ""freeze_bias"": 0, ""freeze_out"": 0, ""head"": ""softmax_ce"", ""hid_lr_mult"": 1.0, ""lr"": 0.001, ""muon"": 0, ""optimizer"": ""sgd"", ""out_bias_q"": -1.0, ""out_lr_mult"": 1.0, ""out_w_scale"": 1.0, ""p0"": 0.7, ""preprocess"": ""standardize"", ""rule"": ""dfa"", ""seed"": 1, ""shift_step"": 0, ""target_center"": 0, ""target_scale"": 1.0, ""whiten"": 0, ""width"": 300}",,,
E1_headline,softmax_imb07,2,0,dfa,0.6453593969345093,0.6453593969345093,0.9297701716423036,0.4840909540653229,0.7316300272941589,0.7354854345321655,3.729861319012739,11.333700485398774,4.09529092713727,3.509804686314742,80,3.509804686314742,"{""act"": ""tanh"", ""arch"": ""mlp"", ""batch"": 128, ""batchnorm"": 0, ""calibrate_head"": 0, ""center"": ""none"", ""classes"": 10, ""dataset"": ""mnist"", ""depth"": 3, ""fb_row_norm"": 0, ""fb_scale"": 1.0, ""fb_seed"": 0, ""freeze_bias"": 0, ""freeze_out"": 0, ""head"": ""softmax_ce"", ""hid_lr_mult"": 1.0, ""lr"": 0.001, ""muon"": 0, ""optimizer"": ""sgd"", ""out_bias_q"": -1.0, ""out_lr_mult"": 1.0, ""out_w_scale"": 1.0, ""p0"": 0.7, ""preprocess"": ""standardize"", ""rule"": ""dfa"", ""seed"": 2, ""shift_step"": 0, ""target_center"": 0, ""target_scale"": 1.0, ""whiten"": 0, ""width"": 300}",,,
E1_headline,softmax_imb07,2,1,dfa,0.6453593969345093,0.6453593969345093,0.9603277444839478,0.4222534000873565,0.7571797966957092,0.7253707051277161,4.065735901868737,11.913170847638778,4.434775934514967,3.698447392858634,70,3.698447392858634,"{""act"": ""tanh"", ""arch"": ""mlp"", ""batch"": 128, ""batchnorm"": 0, ""calibrate_head"": 0, ""center"": ""none"", ""classes"": 10, ""dataset"": ""mnist"", ""depth"": 3, ""fb_row_norm"": 0, ""fb_scale"": 1.0, ""fb_seed"": 1, ""freeze_bias"": 0, ""freeze_out"": 0, ""head"": ""softmax_ce"", ""hid_lr_mult"": 1.0, ""lr"": 0.001, ""muon"": 0, ""optimizer"": ""sgd"", ""out_bias_q"": -1.0, ""out_lr_mult"": 1.0, ""out_w_scale"": 1.0, ""p0"": 0.7, ""preprocess"": ""standardize"", ""rule"": ""dfa"", ""seed"": 2, ""shift_step"": 0, ""target_center"": 0, ""target_scale"": 1.0, ""whiten"": 0, ""width"": 300}",,,
E1_headline,softmax_imb07,2,2,dfa,0.6453593969345093,0.6453593969345093,0.9464222192764282,0.4311050474643707,0.756110429763794,0.7265956401824951,5.038365768355607,12.834377709375945,4.913321888865803,4.257071070652932,80,4.257071070652932,"{""act"": ""tanh"", ""arch"": ""mlp"", ""batch"": 128, ""batchnorm"": 0, ""calibrate_head"": 0, ""center"": ""none"", ""classes"": 10, ""dataset"": ""mnist"", ""depth"": 3, ""fb_row_norm"": 0, ""fb_scale"": 1.0, ""fb_seed"": 2, ""freeze_bias"": 0, ""freeze_out"": 0, ""head"": ""softmax_ce"", ""hid_lr_mult"": 1.0, ""lr"": 0.001, ""muon"": 0, ""optimizer"": ""sgd"", ""out_bias_q"": -1.0, ""out_lr_mult"": 1.0, ""out_w_scale"": 1.0, ""p0"": 0.7, ""preprocess"": ""standardize"", ""rule"": ""dfa"", ""seed"": 2, ""shift_step"": 0, ""target_center"": 0, ""target_scale"": 1.0, ""whiten"": 0, ""width"": 300}",,,
E1_headline,softmax_imb07,3,0,dfa,0.6863167881965637,0.6863167881965637,0.9676716923713684,0.399207592010498,0.770170271396637,0.6826648712158203,4.269711747535383,12.380538175656286,4.843586128488579,4.058610847753962,70,4.058610847753962,"{""act"": ""tanh"", ""arch"": ""mlp"", ""batch"": 128, ""batchnorm"": 0, ""calibrate_head"": 0, ""center"": ""none"", ""classes"": 10, ""dataset"": ""mnist"", ""depth"": 3, ""fb_row_norm"": 0, ""fb_scale"": 1.0, ""fb_seed"": 0, ""freeze_bias"": 0, ""freeze_out"": 0, ""head"": ""softmax_ce"", ""hid_lr_mult"": 1.0, ""lr"": 0.001, ""muon"": 0, ""optimizer"": ""sgd"", ""out_bias_q"": -1.0, ""out_lr_mult"": 1.0, ""out_w_scale"": 1.0, ""p0"": 0.7, ""preprocess"": ""standardize"", ""rule"": ""dfa"", ""seed"": 3, ""shift_step"": 0, ""target_center"": 0, ""target_scale"": 1.0, ""whiten"": 0, ""width"": 300}",,,
E1_headline,softmax_imb07,3,1,dfa,0.6863167881965637,0.6863167881965637,0.9075826406478882,0.5442938208580017,0.7057135701179504,0.7410603165626526,3.2041614811024663,10.191460169852013,3.564098680160092,2.899385174489981,80,2.899385174489981,"{""act"": ""tanh"", ""arch"": ""mlp"", ""batch"": 128, ""batchnorm"": 0, ""calibrate_head"": 0, ""center"": ""none"", ""classes"": 10, ""dataset"": ""mnist"", ""depth"": 3, ""fb_row_norm"": 0, ""fb_scale"": 1.0, ""fb_seed"": 1, ""freeze_bias"": 0, ""freeze_out"": 0, ""head"": ""softmax_ce"", ""hid_lr_mult"": 1.0, ""lr"": 0.001, ""muon"": 0, ""optimizer"": ""sgd"", ""out_bias_q"": -1.0, ""out_lr_mult"": 1.0, ""out_w_scale"": 1.0, ""p0"": 0.7, ""preprocess"": ""standardize"", ""rule"": ""dfa"", ""seed"": 3, ""shift_step"": 0, ""target_center"": 0, ""target_scale"": 1.0, ""whiten"": 0, ""width"": 300}",,,
E1_headline,softmax_imb07,3,2,dfa,0.6863167881965637,0.6863167881965637,0.9590773582458496,0.4216219484806061,0.7513350248336792,0.7031549215316772,4.665555775984656,12.889994762214934,4.917985391434702,4.371827644368809,80,4.371827644368809,"{""act"": ""tanh"", ""arch"": ""mlp"", ""batch"": 128, ""batchnorm"": 0, ""calibrate_head"": 0, ""center"": ""none"", ""classes"": 10, ""dataset"": ""mnist"", ""depth"": 3, ""fb_row_norm"": 0, ""fb_scale"": 1.0, ""fb_seed"": 2, ""freeze_bias"": 0, ""freeze_out"": 0, ""head"": ""softmax_ce"", ""hid_lr_mult"": 1.0, ""lr"": 0.001, ""muon"": 0, ""optimizer"": ""sgd"", ""out_bias_q"": -1.0, ""out_lr_mult"": 1.0, ""out_w_scale"": 1.0, ""p0"": 0.7, ""preprocess"": ""standardize"", ""rule"": ""dfa"", ""seed"": 3, ""shift_step"": 0, ""target_center"": 0, ""target_scale"": 1.0, ""whiten"": 0, ""width"": 300}",,,
E1_headline,softmax_imb07,4,0,dfa,0.6742492914199829,0.6742492914199829,0.8928772211074829,0.5347824096679688,0.7048994302749634,0.763953685760498,3.748170950153929,10.67893605911947,3.752457609700725,3.197443012279459,80,3.197443012279459,"{""act"": ""tanh"", ""arch"": ""mlp"", ""batch"": 128, ""batchnorm"": 0, ""calibrate_head"": 0, ""center"": ""none"", ""classes"": 10, ""dataset"": ""mnist"", ""depth"": 3, ""fb_row_norm"": 0, ""fb_scale"": 1.0, ""fb_seed"": 0, ""freeze_bias"": 0, ""freeze_out"": 0, ""head"": ""softmax_ce"", ""hid_lr_mult"": 1.0, ""lr"": 0.001, ""muon"": 0, ""optimizer"": ""sgd"", ""out_bias_q"": -1.0, ""out_lr_mult"": 1.0, ""out_w_scale"": 1.0, ""p0"": 0.7, ""preprocess"": ""standardize"", ""rule"": ""dfa"", ""seed"": 4, ""shift_step"": 0, ""target_center"": 0, ""target_scale"": 1.0, ""whiten"": 0, ""width"": 300}",,,
E1_headline,softmax_imb07,4,1,dfa,0.6742492914199829,0.6742492914199829,0.9126204252243042,0.5662842988967896,0.7090300917625427,0.7508872151374817,2.84538339013816,9.5259243310376,3.2227266139553232,2.5331452048848857,70,2.5331452048848857,"{""act"": ""tanh"", ""arch"": ""mlp"", ""batch"": 128, ""batchnorm"": 0, ""calibrate_head"": 0, ""center"": ""none"", ""classes"": 10, ""dataset"": ""mnist"", ""depth"": 3, ""fb_row_norm"": 0, ""fb_scale"": 1.0, ""fb_seed"": 1, ""freeze_bias"": 0, ""freeze_out"": 0, ""head"": ""softmax_ce"", ""hid_lr_mult"": 1.0, ""lr"": 0.001, ""muon"": 0, ""optimizer"": ""sgd"", ""out_bias_q"": -1.0, ""out_lr_mult"": 1.0, ""out_w_scale"": 1.0, ""p0"": 0.7, ""preprocess"": ""standardize"", ""rule"": ""dfa"", ""seed"": 4, ""shift_step"": 0, ""target_center"": 0, ""target_scale"": 1.0, ""whiten"": 0, ""width"": 300}",,,
E1_headline,softmax_imb07,4,2,dfa,0.6742493510246277,0.6742493510246277,0.9257246851921082,0.516680121421814,0.709092915058136,0.7453787922859192,3.750308175845532,10.140299049036468,3.496894343613247,3.127074399665599,70,3.127074399665599,"{""act"": ""tanh"", ""arch"": ""mlp"", ""batch"": 128, ""batchnorm"": 0, ""calibrate_head"": 0, ""center"": ""none"", ""classes"": 10, ""dataset"": ""mnist"", ""depth"": 3, ""fb_row_norm"": 0, ""fb_scale"": 1.0, ""fb_seed"": 2, ""freeze_bias"": 0, ""freeze_out"": 0, ""head"": ""softmax_ce"", ""hid_lr_mult"": 1.0, ""lr"": 0.001, ""muon"": 0, ""optimizer"": ""sgd"", ""out_bias_q"": -1.0, ""out_lr_mult"": 1.0, ""out_w_scale"": 1.0, ""p0"": 0.7, ""preprocess"": ""standardize"", ""rule"": ""dfa"", ""seed"": 4, ""shift_step"": 0, ""target_center"": 0, ""target_scale"": 1.0, ""whiten"": 0, ""width"": 300}",,,
E2_master,C10,0,0,dfa,1.2692182064056396,1.2692182064056396,0.9980725646018982,0.2263269871473312,0.894025981426239,0.7242494821548462,10.99276343240507,1.4921227197202316,2.540925627593533,3.676325601922509,70,3.676325601922509,"{""act"": ""tanh"", ""arch"": ""mlp"", ""batch"": 128, ""batchnorm"": 0, ""calibrate_head"": 0, ""center"": ""none"", ""classes"": 10, ""dataset"": ""mnist"", ""depth"": 3, ""fb_row_norm"": 0, ""fb_scale"": 1.0, ""fb_seed"": 0, ""freeze_bias"": 0, ""freeze_out"": 0, ""head"": ""sigmoid_bce"", ""hid_lr_mult"": 1.0, ""lr"": 0.001, ""muon"": 0, ""optimizer"": ""sgd"", ""out_bias_q"": -1.0, ""out_lr_mult"": 1.0, ""out_w_scale"": 1.0, ""p0"": 0.0, ""preprocess"": ""div255"", ""rule"": ""dfa"", ""seed"": 0, ""shift_step"": 0, ""target_center"": 0, ""target_scale"": 1.0, ""whiten"": 0, ""width"": 300}",,,
E2_master,C10,1,1,dfa,1.3514316082000732,1.3514316082000732,0.9989032745361328,0.1923276931047439,0.9021816849708556,0.6914756894111633,14.995635237558703,1.8664388013642907,3.418635580270249,5.577569118587211,80,5.577569118587211,"{""act"": ""tanh"", ""arch"": ""mlp"", ""batch"": 128, ""batchnorm"": 0, ""calibrate_head"": 0, ""center"": ""none"", ""classes"": 10, ""dataset"": ""mnist"", ""depth"": 3, ""fb_row_norm"": 0, ""fb_scale"": 1.0, ""fb_seed"": 1, ""freeze_bias"": 0, ""freeze_out"": 0, ""head"": ""sigmoid_bce"", ""hid_lr_mult"": 1.0, ""lr"": 0.001, ""muon"": 0, ""optimizer"": ""sgd"", ""out_bias_q"": -1.0, ""out_lr_mult"": 1.0, ""out_w_scale"": 1.0, ""p0"": 0.0, ""preprocess"": ""div255"", ""rule"": ""dfa"", ""seed"": 1, ""shift_step"": 0, ""target_center"": 0, ""target_scale"": 1.0, ""whiten"": 0, ""width"": 300}",,,
E2_master,C10,2,2,dfa,1.247653603553772,1.247653603553772,0.9982762932777404,0.2242631614208221,0.9032276272773744,0.7118026614189148,11.991215389942887,1.7945374288185971,3.412173004859885,5.0140220285374095,80,5.0140220285374095,"{""act"": ""tanh"", ""arch"": ""mlp"", ""batch"": 128, ""batchnorm"": 0, ""calibrate_head"": 0, ""center"": ""none"", ""classes"": 10, ""dataset"": ""mnist"", ""depth"": 3, ""fb_row_norm"": 0, ""fb_scale"": 1.0, ""fb_seed"": 2, ""freeze_bias"": 0, ""freeze_out"": 0, ""head"": ""sigmoid_bce"", ""hid_lr_mult"": 1.0, ""lr"": 0.001, ""muon"": 0, ""optimizer"": ""sgd"", ""out_bias_q"": -1.0, ""out_lr_mult"": 1.0, ""out_w_scale"": 1.0, ""p0"": 0.0, ""preprocess"": ""div255"", ""rule"": ""dfa"", ""seed"": 2, ""shift_step"": 0, ""target_center"": 0, ""target_scale"": 1.0, ""whiten"": 0, ""width"": 300}",,,
E2_master,C2,0,0,dfa,0.0578265376389026,0.0578265376389026,0.3590714335441589,0.2896122336387634,0.3622240722179413,0.9096104502677916,0.032122244409898,0.105235286841876,0.0339488902833896,0.0239771562293594,150,0.0239771562293594,"{""act"": ""tanh"", ""arch"": ""mlp"", ""batch"": 128, ""batchnorm"": 0, ""calibrate_head"": 0, ""center"": ""none"", ""classes"": 2, ""dataset"": ""mnist"", ""depth"": 3, ""fb_row_norm"": 0, ""fb_scale"": 1.0, ""fb_seed"": 0, ""freeze_bias"": 0, ""freeze_out"": 0, ""head"": ""sigmoid_bce"", ""hid_lr_mult"": 1.0, ""lr"": 0.001, ""muon"": 0, ""optimizer"": ""sgd"", ""out_bias_q"": -1.0, ""out_lr_mult"": 1.0, ""out_w_scale"": 1.0, ""p0"": 0.0, ""preprocess"": ""div255"", ""rule"": ""dfa"", ""seed"": 0, ""shift_step"": 0, ""target_center"": 0, ""target_scale"": 1.0, ""whiten"": 0, ""width"": 300}",,,
E2_master,C2,1,1,dfa,0.0440274700522422,0.0440274700522422,0.4527249336242676,0.3020682036876678,0.4100472033023834,0.9134098291397096,0.0601893648084223,0.2064531372238864,0.0857684660686313,0.0536047450981412,200,0.0536047450981412,"{""act"": ""tanh"", ""arch"": ""mlp"", ""batch"": 128, ""batchnorm"": 0, ""calibrate_head"": 0, ""center"": ""none"", ""classes"": 2, ""dataset"": ""mnist"", ""depth"": 3, ""fb_row_norm"": 0, ""fb_scale"": 1.0, ""fb_seed"": 1, ""freeze_bias"": 0, ""freeze_out"": 0, ""head"": ""sigmoid_bce"", ""hid_lr_mult"": 1.0, ""lr"": 0.001, ""muon"": 0, ""optimizer"": ""sgd"", ""out_bias_q"": -1.0, ""out_lr_mult"": 1.0, ""out_w_scale"": 1.0, ""p0"": 0.0, ""preprocess"": ""div255"", ""rule"": ""dfa"", ""seed"": 1, ""shift_step"": 0, ""target_center"": 0, ""target_scale"": 1.0, ""whiten"": 0, ""width"": 300}",,,
E2_master,C2,2,2,dfa,0.0701100826263427,0.0701100826263427,0.400621622800827,0.2925375998020172,0.4307508468627929,0.90862637758255,0.0565246163059227,0.161780976541697,0.0653541489709138,0.0421507575002784,110,0.0421507575002784,"{""act"": ""tanh"", ""arch"": ""mlp"", ""batch"": 128, ""batchnorm"": 0, ""calibrate_head"": 0, ""center"": ""none"", ""classes"": 2, ""dataset"": ""mnist"", ""depth"": 3, ""fb_row_norm"": 0, ""fb_scale"": 1.0, ""fb_seed"": 2, ""freeze_bias"": 0, ""freeze_out"": 0, ""head"": ""sigmoid_bce"", ""hid_lr_mult"": 1.0, ""lr"": 0.001, ""muon"": 0, ""optimizer"": ""sgd"", ""out_bias_q"": -1.0, ""out_lr_mult"": 1.0, ""out_w_scale"": 1.0, ""p0"": 0.0, ""preprocess"": ""div255"", ""rule"": ""dfa"", ""seed"": 2, ""shift_step"": 0, ""target_center"": 0, ""target_scale"": 1.0, ""whiten"": 0, ""width"": 300}",,,
E2_master,C3,0,0,dfa,0.2934981882572174,0.2934981882572174,0.8127822279930115,0.645853579044342,0.691835880279541,0.8551636934280396,3.6972981149765376,1.4559651501449646,1.9681100586346207,2.4704757332518805,330,2.4704757332518805,"{""act"": ""tanh"", ""arch"": ""mlp"", ""batch"": 128, ""batchnorm"": 0, ""calibrate_head"": 0, ""center"": ""none"", ""classes"": 3, ""dataset"": ""mnist"", ""depth"": 3, ""fb_row_norm"": 0, ""fb_scale"": 1.0, ""fb_seed"": 0, ""freeze_bias"": 0, ""freeze_out"": 0, ""head"": ""sigmoid_bce"", ""hid_lr_mult"": 1.0, ""lr"": 0.001, ""muon"": 0, ""optimizer"": ""sgd"", ""out_bias_q"": -1.0, ""out_lr_mult"": 1.0, ""out_w_scale"": 1.0, ""p0"": 0.0, ""preprocess"": ""div255"", ""rule"": ""dfa"", ""seed"": 0, ""shift_step"": 0, ""target_center"": 0, ""target_scale"": 1.0, ""whiten"": 0, ""width"": 300}",,,
E2_master,C3,1,1,dfa,0.3372750580310821,0.3372750580310821,0.6466745138168335,0.732585072517395,0.5962739586830139,0.8768836855888367,2.7873187846435323,1.5155656868061878,1.6873615835110514,1.596981721469589,320,1.596981721469589,"{""act"": ""tanh"", ""arch"": ""mlp"", ""batch"": 128, ""batchnorm"": 0, ""calibrate_head"": 0, ""center"": ""none"", ""classes"": 3, ""dataset"": ""mnist"", ""depth"": 3, ""fb_row_norm"": 0, ""fb_scale"": 1.0, ""fb_seed"": 1, ""freeze_bias"": 0, ""freeze_out"": 0, ""head"": ""sigmoid_bce"", ""hid_lr_mult"": 1.0, ""lr"": 0.001, ""muon"": 0, ""optimizer"": ""sgd"", ""out_bias_q"": -1.0, ""out_lr_mult"": 1.0, ""out_w_scale"": 1.0, ""p0"": 0.0, ""preprocess"": ""div255"", ""rule"": ""dfa"", ""seed"": 1, ""shift_step"": 0, ""target_center"": 0, ""target_scale"": 1.0, ""whiten"": 0, ""width"": 300}",,,
E2_master,C3,2,2,dfa,0.1671224236488342,0.1671224236488342,0.4708762764930725,0.6663601994514465,0.5656106472015381,0.8596846461296082,2.2894512512200054,1.259920462101546,1.627647470249774,1.6327008504098544,530,1.6327008504098544,"{""act"": ""tanh"", ""arch"": ""mlp"", ""batch"": 128, ""batchnorm"": 0, ""calibrate_head"": 0, ""center"": ""none"", ""classes"": 3, ""dataset"": ""mnist"", ""depth"": 3, ""fb_row_norm"": 0, ""fb_scale"": 1.0, ""fb_seed"": 2, ""freeze_bias"": 0, ""freeze_out"": 0, ""head"": ""sigmoid_bce"", ""hid_lr_mult"": 1.0, ""lr"": 0.001, ""muon"": 0, ""optimizer"": ""sgd"", ""out_bias_q"": -1.0, ""out_lr_mult"": 1.0, ""out_w_scale"": 1.0, ""p0"": 0.0, ""preprocess"": ""div255"", ""rule"": ""dfa"", ""seed"": 2, ""shift_step"": 0, ""target_center"": 0, ""target_scale"": 1.0, ""whiten"": 0, ""width"": 300}",,,
E2_master,C5,0,0,dfa,0.7826123237609863,0.7826123237609863,0.9948292970657348,0.3546577394008636,0.8528764247894287,0.7972493171691895,8.024706245115299,1.1830083780744909,1.7929495867610223,2.6609685207225584,70,2.6609685207225584,"{""act"": ""tanh"", ""arch"": ""mlp"", ""batch"": 128, ""batchnorm"": 0, ""calibrate_head"": 0, ""center"": ""none"", ""classes"": 5, ""dataset"": ""mnist"", ""depth"": 3, ""fb_row_norm"": 0, ""fb_scale"": 1.0, ""fb_seed"": 0, ""freeze_bias"": 0, ""freeze_out"": 0, ""head"": ""sigmoid_bce"", ""hid_lr_mult"": 1.0, ""lr"": 0.001, ""muon"": 0, ""optimizer"": ""sgd"", ""out_bias_q"": -1.0, ""out_lr_mult"": 1.0, ""out_w_scale"": 1.0, ""p0"": 0.0, ""preprocess"": ""div255"", ""rule"": ""dfa"", ""seed"": 0, ""shift_step"": 0, ""target_center"": 0, ""target_scale"": 1.0, ""whiten"": 0, ""width"": 300}",,,
E2_master,C5,1,1,dfa,0.7019749879837036,0.7019749879837036,0.9763669967651368,0.5104748606681824,0.7593730092048645,0.8740204572677612,6.588844469751834,1.2390831138771647,1.479562798450048,2.14708748244393,100,2.14708748244393,"{""act"": ""tanh"", ""arch"": ""mlp"", ""batch"": 128, ""batchnorm"": 0, ""calibrate_head"": 0, ""center"": ""none"", ""classes"": 5, ""dataset"": ""mnist"", ""depth"": 3, ""fb_row_norm"": 0, ""fb_scale"": 1.0, ""fb_seed"": 1, ""freeze_bias"": 0, ""freeze_out"": 0, ""head"": ""sigmoid_bce"", ""hid_lr_mult"": 1.0, ""lr"": 0.001, ""muon"": 0, ""optimizer"": ""sgd"", ""out_bias_q"": -1.0, ""out_lr_mult"": 1.0, ""out_w_scale"": 1.0, ""p0"": 0.0, ""preprocess"": ""div255"", ""rule"": ""dfa"", ""seed"": 1, ""shift_step"": 0, ""target_center"": 0, ""target_scale"": 1.0, ""whiten"": 0, ""width"": 300}",,,
E2_master,C5,2,2,dfa,0.6157634854316711,0.6157634854316711,0.977730631828308,0.5189032554626465,0.8074013590812683,0.85080885887146,7.083171762050513,1.2787856166303553,1.7945427723757634,2.400273029592068,100,2.400273029592068,"{""act"": ""tanh"", ""arch"": ""mlp"", ""batch"": 128, ""batchnorm"": 0, ""calibrate_head"": 0, ""center"": ""none"", ""classes"": 5, ""dataset"": ""mnist"", ""depth"": 3, ""fb_row_norm"": 0, ""fb_scale"": 1.0, ""fb_seed"": 2, ""freeze_bias"": 0, ""freeze_out"": 0, ""head"": ""sigmoid_bce"", ""hid_lr_mult"": 1.0, ""lr"": 0.001, ""muon"": 0, ""optimizer"": ""sgd"", ""out_bias_q"": -1.0, ""out_lr_mult"": 1.0, ""out_w_scale"": 1.0, ""p0"": 0.0, ""preprocess"": ""div255"", ""rule"": ""dfa"", ""seed"": 2, ""shift_step"": 0, ""target_center"": 0, ""target_scale"": 1.0, ""whiten"": 0, ""width"": 300}",,,
E2_master,b128,0,0,dfa,1.2692182064056396,1.2692182064056396,0.9980725646018982,0.2263269871473312,0.894025981426239,0.7242494821548462,10.99276343240507,1.4921227197202316,2.540925627593533,3.676325601922509,70,3.676325601922509,"{""act"": ""tanh"", ""arch"": ""mlp"", ""batch"": 128, ""batchnorm"": 0, ""calibrate_head"": 0, ""center"": ""none"", ""classes"": 10, ""dataset"": ""mnist"", ""depth"": 3, ""fb_row_norm"": 0, ""fb_scale"": 1.0, ""fb_seed"": 0, ""freeze_bias"": 0, ""freeze_out"": 0, ""head"": ""sigmoid_bce"", ""hid_lr_mult"": 1.0, ""lr"": 0.001, ""muon"": 0, ""optimizer"": ""sgd"", ""out_bias_q"": -1.0, ""out_lr_mult"": 1.0, ""out_w_scale"": 1.0, ""p0"": 0.0, ""preprocess"": ""div255"", ""rule"": ""dfa"", ""seed"": 0, ""shift_step"": 0, ""target_center"": 0, ""target_scale"": 1.0, ""whiten"": 0, ""width"": 300}",,,
E2_master,b128,1,1,dfa,1.3514316082000732,1.3514316082000732,0.9989032745361328,0.1923276931047439,0.9021816849708556,0.6914756894111633,14.995635237558703,1.8664388013642907,3.418635580270249,5.577569118587211,80,5.577569118587211,"{""act"": ""tanh"", ""arch"": ""mlp"", ""batch"": 128, ""batchnorm"": 0, ""calibrate_head"": 0, ""center"": ""none"", ""classes"": 10, ""dataset"": ""mnist"", ""depth"": 3, ""fb_row_norm"": 0, ""fb_scale"": 1.0, ""fb_seed"": 1, ""freeze_bias"": 0, ""freeze_out"": 0, ""head"": ""sigmoid_bce"", ""hid_lr_mult"": 1.0, ""lr"": 0.001, ""muon"": 0, ""optimizer"": ""sgd"", ""out_bias_q"": -1.0, ""out_lr_mult"": 1.0, ""out_w_scale"": 1.0, ""p0"": 0.0, ""preprocess"": ""div255"", ""rule"": ""dfa"", ""seed"": 1, ""shift_step"": 0, ""target_center"": 0, ""target_scale"": 1.0, ""whiten"": 0, ""width"": 300}",,,
E2_master,b128,2,2,dfa,1.247653603553772,1.247653603553772,0.9982762932777404,0.2242631614208221,0.9032276272773744,0.7118026614189148,11.991215389942887,1.7945374288185971,3.412173004859885,5.0140220285374095,80,5.0140220285374095,"{""act"": ""tanh"", ""arch"": ""mlp"", ""batch"": 128, ""batchnorm"": 0, ""calibrate_head"": 0, ""center"": ""none"", ""classes"": 10, ""dataset"": ""mnist"", ""depth"": 3, ""fb_row_norm"": 0, ""fb_scale"": 1.0, ""fb_seed"": 2, ""freeze_bias"": 0, ""freeze_out"": 0, ""head"": ""sigmoid_bce"", ""hid_lr_mult"": 1.0, ""lr"": 0.001, ""muon"": 0, ""optimizer"": ""sgd"", ""out_bias_q"": -1.0, ""out_lr_mult"": 1.0, ""out_w_scale"": 1.0, ""p0"": 0.0, ""preprocess"": ""div255"", ""rule"": ""dfa"", ""seed"": 2, ""shift_step"": 0, ""target_center"": 0, ""target_scale"": 1.0, ""whiten"": 0, ""width"": 300}",,,
E2_master,b2048,0,0,dfa,1.2692182064056396,1.2692182064056396,0.998015820980072,0.2279098927974701,0.8934518694877625,0.7244547009468079,10.995607104255823,1.493263374478201,2.572673182747645,3.730704767387911,70,3.730704767387911,"{""act"": ""tanh"", ""arch"": ""mlp"", ""batch"": 2048, ""batchnorm"": 0, ""calibrate_head"": 0, ""center"": ""none"", ""classes"": 10, ""dataset"": ""mnist"", ""depth"": 3, ""fb_row_norm"": 0, ""fb_scale"": 1.0, ""fb_seed"": 0, ""freeze_bias"": 0, ""freeze_out"": 0, ""head"": ""sigmoid_bce"", ""hid_lr_mult"": 1.0, ""lr"": 0.001, ""muon"": 0, ""optimizer"": ""sgd"", ""out_bias_q"": -1.0, ""out_lr_mult"": 1.0, ""out_w_scale"": 1.0, ""p0"": 0.0, ""preprocess"": ""div255"", ""rule"": ""dfa"", ""seed"": 0, ""shift_step"": 0, ""target_center"": 0, ""target_scale"": 1.0, ""whiten"": 0, ""width"": 300}",,,
E2_master,b2048,1,1,dfa,1.3514316082000732,1.3514316082000732,0.998922884464264,0.195928081870079,0.9020119309425354,0.69222491979599,14.99240934830967,1.8539283216646605,3.4294897835808804,5.6060283463597145,80,5.6060283463597145,"{""act"": ""tanh"", ""arch"": ""mlp"", ""batch"": 2048, ""batchnorm"": 0, ""calibrate_head"": 0, ""center"": ""none"", ""classes"": 10, ""dataset"": ""mnist"", ""depth"": 3, ""fb_row_norm"": 0, ""fb_scale"": 1.0, ""fb_seed"": 1, ""freeze_bias"": 0, ""freeze_out"": 0, ""head"": ""sigmoid_bce"", ""hid_lr_mult"": 1.0, ""lr"": 0.001, ""muon"": 0, ""optimizer"": ""sgd"", ""out_bias_q"": -1.0, ""out_lr_mult"": 1.0, ""out_w_scale"": 1.0, ""p0"": 0.0, ""preprocess"": ""div255"", ""rule"": ""dfa"", ""seed"": 1, ""shift_step"": 0, ""target_center"": 0, ""target_scale"": 1.0, ""whiten"": 0, ""width"": 300}",,,
E2_master,b2048,2,2,dfa,1.247653603553772,1.247653603553772,0.9982509613037108,0.2268999814987182,0.9029080867767334,0.7128655314445496,12.155400763449718,1.7978278335849351,3.4588843474967863,5.09389001813176,80,5.09389001813176,"{""act"": ""tanh"", ""arch"": ""mlp"", ""batch"": 2048, ""batchnorm"": 0, ""calibrate_head"": 0, ""center"": ""none"", ""classes"": 10, ""dataset"": ""mnist"", ""depth"": 3, ""fb_row_norm"": 0, ""fb_scale"": 1.0, ""fb_seed"": 2, ""freeze_bias"": 0, ""freeze_out"": 0, ""head"": ""sigmoid_bce"", ""hid_lr_mult"": 1.0, ""lr"": 0.001, ""muon"": 0, ""optimizer"": ""sgd"", ""out_bias_q"": -1.0, ""out_lr_mult"": 1.0, ""out_w_scale"": 1.0, ""p0"": 0.0, ""preprocess"": ""div255"", ""rule"": ""dfa"", ""seed"": 2, ""shift_step"": 0, ""target_center"": 0, ""target_scale"": 1.0, ""whiten"": 0, ""width"": 300}",,,
E2_master,b32,0,0,dfa,1.2692182064056396,1.2692182064056396,0.9981155395507812,0.2245441228151321,0.893791913986206,0.7237175107002258,11.130500244512382,1.555874315796102,2.611258927382647,3.774175650541256,70,3.774175650541256,"{""act"": ""tanh"", ""arch"": ""mlp"", ""batch"": 32, ""batchnorm"": 0, ""calibrate_head"": 0, ""center"": ""none"", ""classes"": 10, ""dataset"": ""mnist"", ""depth"": 3, ""fb_row_norm"": 0, ""fb_scale"": 1.0, ""fb_seed"": 0, ""freeze_bias"": 0, ""freeze_out"": 0, ""head"": ""sigmoid_bce"", ""hid_lr_mult"": 1.0, ""lr"": 0.001, ""muon"": 0, ""optimizer"": ""sgd"", ""out_bias_q"": -1.0, ""out_lr_mult"": 1.0, ""out_w_scale"": 1.0, ""p0"": 0.0, ""preprocess"": ""div255"", ""rule"": ""dfa"", ""seed"": 0, ""shift_step"": 0, ""target_center"": 0, ""target_scale"": 1.0, ""whiten"": 0, ""width"": 300}",,,
E2_master,b32,1,1,dfa,1.3514316082000732,1.3514316082000732,0.9989450573921204,0.195519208908081,0.9015282392501832,0.6928583383560181,15.094370473654092,1.9101222343794932,3.4012166933821906,5.535971355133096,80,5.535971355133096,"{""act"": ""tanh"", ""arch"": ""mlp"", ""batch"": 32, ""batchnorm"": 0, ""calibrate_head"": 0, ""center"": ""none"", ""classes"": 10, ""dataset"": ""mnist"", ""depth"": 3, ""fb_row_norm"": 0, ""fb_scale"": 1.0, ""fb_seed"": 1, ""freeze_bias"": 0, ""freeze_out"": 0, ""head"": ""sigmoid_bce"", ""hid_lr_mult"": 1.0, ""lr"": 0.001, ""muon"": 0, ""optimizer"": ""sgd"", ""out_bias_q"": -1.0, ""out_lr_mult"": 1.0, ""out_w_scale"": 1.0, ""p0"": 0.0, ""preprocess"": ""div255"", ""rule"": ""dfa"", ""seed"": 1, ""shift_step"": 0, ""target_center"": 0, ""target_scale"": 1.0, ""whiten"": 0, ""width"": 300}",,,
E2_master,b32,2,2,dfa,1.247653603553772,1.247653603553772,0.9983041882514954,0.2231494337320327,0.90376478433609,0.7093205451965332,12.191063592361518,1.8511131357495951,3.4533405642110253,5.068317455854273,80,5.068317455854273,"{""act"": ""tanh"", ""arch"": ""mlp"", ""batch"": 32, ""batchnorm"": 0, ""calibrate_head"": 0, ""center"": ""none"", ""classes"": 10, ""dataset"": ""mnist"", ""depth"": 3, ""fb_row_norm"": 0, ""fb_scale"": 1.0, ""fb_seed"": 2, ""freeze_bias"": 0, ""freeze_out"": 0, ""head"": ""sigmoid_bce"", ""hid_lr_mult"": 1.0, ""lr"": 0.001, ""muon"": 0, ""optimizer"": ""sgd"", ""out_bias_q"": -1.0, ""out_lr_mult"": 1.0, ""out_w_scale"": 1.0, ""p0"": 0.0, ""preprocess"": ""div255"", ""rule"": ""dfa"", ""seed"": 2, ""shift_step"": 0, ""target_center"": 0, ""target_scale"": 1.0, ""whiten"": 0, ""width"": 300}",,,
E2_master,b512,0,0,dfa,1.2692182064056396,1.2692182064056396,0.9980180859565736,0.2289598733186721,0.8934420347213745,0.7244336009025574,10.944850656651097,1.488877824981666,2.559825219680092,3.707185814247049,70,3.707185814247049,"{""act"": ""tanh"", ""arch"": ""mlp"", ""batch"": 512, ""batchnorm"": 0, ""calibrate_head"": 0, ""center"": ""none"", ""classes"": 10, ""dataset"": ""mnist"", ""depth"": 3, ""fb_row_norm"": 0, ""fb_scale"": 1.0, ""fb_seed"": 0, ""freeze_bias"": 0, ""freeze_out"": 0, ""head"": ""sigmoid_bce"", ""hid_lr_mult"": 1.0, ""lr"": 0.001, ""muon"": 0, ""optimizer"": ""sgd"", ""out_bias_q"": -1.0, ""out_lr_mult"": 1.0, ""out_w_scale"": 1.0, ""p0"": 0.0, ""preprocess"": ""div255"", ""rule"": ""dfa"", ""seed"": 0, ""shift_step"": 0, ""target_center"": 0, ""target_scale"": 1.0, ""whiten"": 0, ""width"": 300}",,,
E2_master,b512,1,1,dfa,1.3514316082000732,1.3514316082000732,0.9989325404167176,0.1954428106546402,0.90230530500412,0.6913557052612305,15.061698572793418,1.8678738698354604,3.461729539971179,5.663891225215721,80,5.663891225215721,"{""act"": ""tanh"", ""arch"": ""mlp"", ""batch"": 512, ""batchnorm"": 0, ""calibrate_head"": 0, ""center"": ""none"", ""classes"": 10, ""dataset"": ""mnist"", ""depth"": 3, ""fb_row_norm"": 0, ""fb_scale"": 1.0, ""fb_seed"": 1, ""freeze_bias"": 0, ""freeze_out"": 0, ""head"": ""sigmoid_bce"", ""hid_lr_mult"": 1.0, ""lr"": 0.001, ""muon"": 0, ""optimizer"": ""sgd"", ""out_bias_q"": -1.0, ""out_lr_mult"": 1.0, ""out_w_scale"": 1.0, ""p0"": 0.0, ""preprocess"": ""div255"", ""rule"": ""dfa"", ""seed"": 1, ""shift_step"": 0, ""target_center"": 0, ""target_scale"": 1.0, ""whiten"": 0, ""width"": 300}",,,
E2_master,b512,2,2,dfa,1.247653603553772,1.247653603553772,0.9982620477676392,0.2269741594791412,0.9031786322593688,0.7124829292297363,12.129984351151396,1.7994339799018315,3.4515742618186387,5.0781679870360525,80,5.0781679870360525,"{""act"": ""tanh"", ""arch"": ""mlp"", ""batch"": 512, ""batchnorm"": 0, ""calibrate_head"": 0, ""center"": ""none"", ""classes"": 10, ""dataset"": ""mnist"", ""depth"": 3, ""fb_row_norm"": 0, ""fb_scale"": 1.0, ""fb_seed"": 2, ""freeze_bias"": 0, ""freeze_out"": 0, ""head"": ""sigmoid_bce"", ""hid_lr_mult"": 1.0, ""lr"": 0.001, ""muon"": 0, ""optimizer"": ""sgd"", ""out_bias_q"": -1.0, ""out_lr_mult"": 1.0, ""out_w_scale"": 1.0, ""p0"": 0.0, ""preprocess"": ""div255"", ""rule"": ""dfa"", ""seed"": 2, ""shift_step"": 0, ""target_center"": 0, ""target_scale"": 1.0, ""whiten"": 0, ""width"": 300}",,,
E2_master,g0.03,0,0,dfa,0.038076546192169186,1.2692182064056396,0.7256060242652893,0.97854745388031,0.5876362323760986,0.978714406490326,0.2440644291218666,0.3309825890323526,0.1794691055425373,0.1592507222591321,500,0.1592507222591321,"{""act"": ""tanh"", ""arch"": ""mlp"", ""batch"": 128, ""batchnorm"": 0, ""calibrate_head"": 0, ""center"": ""none"", ""classes"": 10, ""dataset"": ""mnist"", ""depth"": 3, ""fb_row_norm"": 0, ""fb_scale"": 0.03, ""fb_seed"": 0, ""freeze_bias"": 0, ""freeze_out"": 0, ""head"": ""sigmoid_bce"", ""hid_lr_mult"": 1.0, ""lr"": 0.001, ""muon"": 0, ""optimizer"": ""sgd"", ""out_bias_q"": -1.0, ""out_lr_mult"": 1.0, ""out_w_scale"": 1.0, ""p0"": 0.0, ""preprocess"": ""div255"", ""rule"": ""dfa"", ""seed"": 0, ""shift_step"": 0, ""target_center"": 0, ""target_scale"": 1.0, ""whiten"": 0, ""width"": 300}",,,
E2_master,g0.03,1,1,dfa,0.04054294824600219,1.3514316082000732,0.7552863955497742,0.972627818584442,0.5947631001472473,0.9750619530677797,0.2800223993190074,0.3802044790368565,0.201789890598049,0.1902883775069436,500,0.1902883775069436,"{""act"": ""tanh"", ""arch"": ""mlp"", ""batch"": 128, ""batchnorm"": 0, ""calibrate_head"": 0, ""center"": ""none"", ""classes"": 10, ""dataset"": ""mnist"", ""depth"": 3, ""fb_row_norm"": 0, ""fb_scale"": 0.03, ""fb_seed"": 1, ""freeze_bias"": 0, ""freeze_out"": 0, ""head"": ""sigmoid_bce"", ""hid_lr_mult"": 1.0, ""lr"": 0.001, ""muon"": 0, ""optimizer"": ""sgd"", ""out_bias_q"": -1.0, ""out_lr_mult"": 1.0, ""out_w_scale"": 1.0, ""p0"": 0.0, ""preprocess"": ""div255"", ""rule"": ""dfa"", ""seed"": 1, ""shift_step"": 0, ""target_center"": 0, ""target_scale"": 1.0, ""whiten"": 0, ""width"": 300}",,,
E2_master,g0.03,2,2,dfa,0.03742960810661316,1.247653603553772,0.7044437527656555,0.9782877564430236,0.589999258518219,0.973583161830902,0.249025233964218,0.3326089056227378,0.1986198937586708,0.1629066644346551,530,0.1629066644346551,"{""act"": ""tanh"", ""arch"": ""mlp"", ""batch"": 128, ""batchnorm"": 0, ""calibrate_head"": 0, ""center"": ""none"", ""classes"": 10, ""dataset"": ""mnist"", ""depth"": 3, ""fb_row_norm"": 0, ""fb_scale"": 0.03, ""fb_seed"": 2, ""freeze_bias"": 0, ""freeze_out"": 0, ""head"": ""sigmoid_bce"", ""hid_lr_mult"": 1.0, ""lr"": 0.001, ""muon"": 0, ""optimizer"": ""sgd"", ""out_bias_q"": -1.0, ""out_lr_mult"": 1.0, ""out_w_scale"": 1.0, ""p0"": 0.0, ""preprocess"": ""div255"", ""rule"": ""dfa"", ""seed"": 2, ""shift_step"": 0, ""target_center"": 0, ""target_scale"": 1.0, ""whiten"": 0, ""width"": 300}",,,
E2_master,g0.1,0,0,dfa,0.12692182064056398,1.2692182064056396,0.9148958325386048,0.8592897057533264,0.716666042804718,0.9268043637275696,0.884415848117993,0.5507956596447713,0.412649163279621,0.4064251369127649,230,0.4064251369127649,"{""act"": ""tanh"", ""arch"": ""mlp"", ""batch"": 128, ""batchnorm"": 0, ""calibrate_head"": 0, ""center"": ""none"", ""classes"": 10, ""dataset"": ""mnist"", ""depth"": 3, ""fb_row_norm"": 0, ""fb_scale"": 0.1, ""fb_seed"": 0, ""freeze_bias"": 0, ""freeze_out"": 0, ""head"": ""sigmoid_bce"", ""hid_lr_mult"": 1.0, ""lr"": 0.001, ""muon"": 0, ""optimizer"": ""sgd"", ""out_bias_q"": -1.0, ""out_lr_mult"": 1.0, ""out_w_scale"": 1.0, ""p0"": 0.0, ""preprocess"": ""div255"", ""rule"": ""dfa"", ""seed"": 0, ""shift_step"": 0, ""target_center"": 0, ""target_scale"": 1.0, ""whiten"": 0, ""width"": 300}",,,
E2_master,g0.1,1,1,dfa,0.13514316082000732,1.3514316082000732,0.9342656135559082,0.8006112575531006,0.7258307933807373,0.9224315881729126,1.0427814669546542,0.6279687221460476,0.461924568656777,0.5106657554428153,220,0.5106657554428153,"{""act"": ""tanh"", ""arch"": ""mlp"", ""batch"": 128, ""batchnorm"": 0, ""calibrate_head"": 0, ""center"": ""none"", ""classes"": 10, ""dataset"": ""mnist"", ""depth"": 3, ""fb_row_norm"": 0, ""fb_scale"": 0.1, ""fb_seed"": 1, ""freeze_bias"": 0, ""freeze_out"": 0, ""head"": ""sigmoid_bce"", ""hid_lr_mult"": 1.0, ""lr"": 0.001, ""muon"": 0, ""optimizer"": ""sgd"", ""out_bias_q"": -1.0, ""out_lr_mult"": 1.0, ""out_w_scale"": 1.0, ""p0"": 0.0, ""preprocess"": ""div255"", ""rule"": ""dfa"", ""seed"": 1, ""shift_step"": 0, ""target_center"": 0, ""target_scale"": 1.0, ""whiten"": 0, ""width"": 300}",,,
E2_master,g0.1,2,2,dfa,0.1247653603553772,1.247653603553772,0.9143692255020142,0.8522279858589172,0.7251800894737244,0.922479212284088,0.9531076182061852,0.589769622006043,0.4749245472689002,0.4467420969756761,250,0.4467420969756761,"{""act"": ""tanh"", ""arch"": ""mlp"", ""batch"": 128, ""batchnorm"": 0, ""calibrate_head"": 0, ""center"": ""none"", ""classes"": 10, ""dataset"": ""mnist"", ""depth"": 3, ""fb_row_norm"": 0, ""fb_scale"": 0.1, ""fb_seed"": 2, ""freeze_bias"": 0, ""freeze_out"": 0, ""head"": ""sigmoid_bce"", ""hid_lr_mult"": 1.0, ""lr"": 0.001, ""muon"": 0, ""optimizer"": ""sgd"", ""out_bias_q"": -1.0, ""out_lr_mult"": 1.0, ""out_w_scale"": 1.0, ""p0"": 0.0, ""preprocess"": ""div255"", ""rule"": ""dfa"", ""seed"": 2, ""shift_step"": 0, ""target_center"": 0, ""target_scale"": 1.0, ""whiten"": 0, ""width"": 300}",,,
E2_master,g0.3,0,0,dfa,0.38076546192169186,1.2692182064056396,0.9823039770126344,0.55330491065979,0.8117247819900513,0.8558474779129028,2.2839556247839616,0.844733991228911,0.8941292351659444,1.0438058296168982,120,1.0438058296168982,"{""act"": ""tanh"", ""arch"": ""mlp"", ""batch"": 128, ""batchnorm"": 0, ""calibrate_head"": 0, ""center"": ""none"", ""classes"": 10, ""dataset"": ""mnist"", ""depth"": 3, ""fb_row_norm"": 0, ""fb_scale"": 0.3, ""fb_seed"": 0, ""freeze_bias"": 0, ""freeze_out"": 0, ""head"": ""sigmoid_bce"", ""hid_lr_mult"": 1.0, ""lr"": 0.001, ""muon"": 0, ""optimizer"": ""sgd"", ""out_bias_q"": -1.0, ""out_lr_mult"": 1.0, ""out_w_scale"": 1.0, ""p0"": 0.0, ""preprocess"": ""div255"", ""rule"": ""dfa"", ""seed"": 0, ""shift_step"": 0, ""target_center"": 0, ""target_scale"": 1.0, ""whiten"": 0, ""width"": 300}",,,
E2_master,g0.3,1,1,dfa,0.405429482460022,1.3514316082000732,0.9875794053077698,0.4968739748001098,0.8216791749000549,0.8437633514404297,2.978918778614636,0.9658502661791558,1.0174626048277453,1.3660363957695418,110,1.3660363957695418,"{""act"": ""tanh"", ""arch"": ""mlp"", ""batch"": 128, ""batchnorm"": 0, ""calibrate_head"": 0, ""center"": ""none"", ""classes"": 10, ""dataset"": ""mnist"", ""depth"": 3, ""fb_row_norm"": 0, ""fb_scale"": 0.3, ""fb_seed"": 1, ""freeze_bias"": 0, ""freeze_out"": 0, ""head"": ""sigmoid_bce"", ""hid_lr_mult"": 1.0, ""lr"": 0.001, ""muon"": 0, ""optimizer"": ""sgd"", ""out_bias_q"": -1.0, ""out_lr_mult"": 1.0, ""out_w_scale"": 1.0, ""p0"": 0.0, ""preprocess"": ""div255"", ""rule"": ""dfa"", ""seed"": 1, ""shift_step"": 0, ""target_center"": 0, ""target_scale"": 1.0, ""whiten"": 0, ""width"": 300}",,,
E2_master,g0.3,2,2,dfa,0.3742960810661316,1.247653603553772,0.9840518832206726,0.5219823122024536,0.8238804936408997,0.849364161491394,2.5636836764687057,0.950712550018347,1.0941607797190371,1.2732160962184087,130,1.2732160962184087,"{""act"": ""tanh"", ""arch"": ""mlp"", ""batch"": 128, ""batchnorm"": 0, ""calibrate_head"": 0, ""center"": ""none"", ""classes"": 10, ""dataset"": ""mnist"", ""depth"": 3, ""fb_row_norm"": 0, ""fb_scale"": 0.3, ""fb_seed"": 2, ""freeze_bias"": 0, ""freeze_out"": 0, ""head"": ""sigmoid_bce"", ""hid_lr_mult"": 1.0, ""lr"": 0.001, ""muon"": 0, ""optimizer"": ""sgd"", ""out_bias_q"": -1.0, ""out_lr_mult"": 1.0, ""out_w_scale"": 1.0, ""p0"": 0.0, ""preprocess"": ""div255"", ""rule"": ""dfa"", ""seed"": 2, ""shift_step"": 0, ""target_center"": 0, ""target_scale"": 1.0, ""whiten"": 0, ""width"": 300}",,,
E2_master,g1.0,0,0,dfa,1.2692182064056396,1.2692182064056396,0.9980725646018982,0.2263269871473312,0.894025981426239,0.7242494821548462,10.99276343240507,1.4921227197202316,2.540925627593533,3.676325601922509,70,3.676325601922509,"{""act"": ""tanh"", ""arch"": ""mlp"", ""batch"": 128, ""batchnorm"": 0, ""calibrate_head"": 0, ""center"": ""none"", ""classes"": 10, ""dataset"": ""mnist"", ""depth"": 3, ""fb_row_norm"": 0, ""fb_scale"": 1.0, ""fb_seed"": 0, ""freeze_bias"": 0, ""freeze_out"": 0, ""head"": ""sigmoid_bce"", ""hid_lr_mult"": 1.0, ""lr"": 0.001, ""muon"": 0, ""optimizer"": ""sgd"", ""out_bias_q"": -1.0, ""out_lr_mult"": 1.0, ""out_w_scale"": 1.0, ""p0"": 0.0, ""preprocess"": ""div255"", ""rule"": ""dfa"", ""seed"": 0, ""shift_step"": 0, ""target_center"": 0, ""target_scale"": 1.0, ""whiten"": 0, ""width"": 300}",,,
E2_master,g1.0,1,1,dfa,1.3514316082000732,1.3514316082000732,0.9989032745361328,0.1923276931047439,0.9021816849708556,0.6914756894111633,14.995635237558703,1.8664388013642907,3.418635580270249,5.577569118587211,80,5.577569118587211,"{""act"": ""tanh"", ""arch"": ""mlp"", ""batch"": 128, ""batchnorm"": 0, ""calibrate_head"": 0, ""center"": ""none"", ""classes"": 10, ""dataset"": ""mnist"", ""depth"": 3, ""fb_row_norm"": 0, ""fb_scale"": 1.0, ""fb_seed"": 1, ""freeze_bias"": 0, ""freeze_out"": 0, ""head"": ""sigmoid_bce"", ""hid_lr_mult"": 1.0, ""lr"": 0.001, ""muon"": 0, ""optimizer"": ""sgd"", ""out_bias_q"": -1.0, ""out_lr_mult"": 1.0, ""out_w_scale"": 1.0, ""p0"": 0.0, ""preprocess"": ""div255"", ""rule"": ""dfa"", ""seed"": 1, ""shift_step"": 0, ""target_center"": 0, ""target_scale"": 1.0, ""whiten"": 0, ""width"": 300}",,,
E2_master,g1.0,2,2,dfa,1.247653603553772,1.247653603553772,0.9982762932777404,0.2242631614208221,0.9032276272773744,0.7118026614189148,11.991215389942887,1.7945374288185971,3.412173004859885,5.0140220285374095,80,5.0140220285374095,"{""act"": ""tanh"", ""arch"": ""mlp"", ""batch"": 128, ""batchnorm"": 0, ""calibrate_head"": 0, ""center"": ""none"", ""classes"": 10, ""dataset"": ""mnist"", ""depth"": 3, ""fb_row_norm"": 0, ""fb_scale"": 1.0, ""fb_seed"": 2, ""freeze_bias"": 0, ""freeze_out"": 0, ""head"": ""sigmoid_bce"", ""hid_lr_mult"": 1.0, ""lr"": 0.001, ""muon"": 0, ""optimizer"": ""sgd"", ""out_bias_q"": -1.0, ""out_lr_mult"": 1.0, ""out_w_scale"": 1.0, ""p0"": 0.0, ""preprocess"": ""div255"", ""rule"": ""dfa"", ""seed"": 2, ""shift_step"": 0, ""target_center"": 0, ""target_scale"": 1.0, ""whiten"": 0, ""width"": 300}",,,
E2_master,g10.0,0,0,dfa,12.692182064056396,1.2692182064056396,0.9999797344207764,0.0281185172498226,0.9642109870910645,0.3556729853153229,168.04549035478016,8.982263060132857,40.53254992353528,56.23758660155285,60,56.23758660155285,"{""act"": ""tanh"", ""arch"": ""mlp"", ""batch"": 128, ""batchnorm"": 0, ""calibrate_head"": 0, ""center"": ""none"", ""classes"": 10, ""dataset"": ""mnist"", ""depth"": 3, ""fb_row_norm"": 0, ""fb_scale"": 10.0, ""fb_seed"": 0, ""freeze_bias"": 0, ""freeze_out"": 0, ""head"": ""sigmoid_bce"", ""hid_lr_mult"": 1.0, ""lr"": 0.001, ""muon"": 0, ""optimizer"": ""sgd"", ""out_bias_q"": -1.0, ""out_lr_mult"": 1.0, ""out_w_scale"": 1.0, ""p0"": 0.0, ""preprocess"": ""div255"", ""rule"": ""dfa"", ""seed"": 0, ""shift_step"": 0, ""target_center"": 0, ""target_scale"": 1.0, ""whiten"": 0, ""width"": 300}",,,
E2_master,g10.0,1,1,dfa,13.514316082000732,1.3514316082000732,0.9999796748161316,0.0164483282715082,0.9678379893302916,0.3509112596511841,229.90174891200135,11.080741891228255,51.485865022174366,72.86985739750587,50,72.86985739750587,"{""act"": ""tanh"", ""arch"": ""mlp"", ""batch"": 128, ""batchnorm"": 0, ""calibrate_head"": 0, ""center"": ""none"", ""classes"": 10, ""dataset"": ""mnist"", ""depth"": 3, ""fb_row_norm"": 0, ""fb_scale"": 10.0, ""fb_seed"": 1, ""freeze_bias"": 0, ""freeze_out"": 0, ""head"": ""sigmoid_bce"", ""hid_lr_mult"": 1.0, ""lr"": 0.001, ""muon"": 0, ""optimizer"": ""sgd"", ""out_bias_q"": -1.0, ""out_lr_mult"": 1.0, ""out_w_scale"": 1.0, ""p0"": 0.0, ""preprocess"": ""div255"", ""rule"": ""dfa"", ""seed"": 1, ""shift_step"": 0, ""target_center"": 0, ""target_scale"": 1.0, ""whiten"": 0, ""width"": 300}",,,
E2_master,g10.0,2,2,dfa,12.47653603553772,1.247653603553772,0.9999841451644896,0.0181143227964639,0.9662773013114928,0.3591062724590301,170.44289251575657,8.37283396868894,36.8936480569559,51.87117846968447,40,51.87117846968447,"{""act"": ""tanh"", ""arch"": ""mlp"", ""batch"": 128, ""batchnorm"": 0, ""calibrate_head"": 0, ""center"": ""none"", ""classes"": 10, ""dataset"": ""mnist"", ""depth"": 3, ""fb_row_norm"": 0, ""fb_scale"": 10.0, ""fb_seed"": 2, ""freeze_bias"": 0, ""freeze_out"": 0, ""head"": ""sigmoid_bce"", ""hid_lr_mult"": 1.0, ""lr"": 0.001, ""muon"": 0, ""optimizer"": ""sgd"", ""out_bias_q"": -1.0, ""out_lr_mult"": 1.0, ""out_w_scale"": 1.0, ""p0"": 0.0, ""preprocess"": ""div255"", ""rule"": ""dfa"", ""seed"": 2, ""shift_step"": 0, ""target_center"": 0, ""target_scale"": 1.0, ""whiten"": 0, ""width"": 300}",,,
E2_master,g3.0,0,0,dfa,3.807654619216919,1.2692182064056396,0.999739706516266,0.0927138328552246,0.9422847628593444,0.5469479560852051,42.869538715581726,2.990070726963397,8.36744028519479,12.747618911781286,50,12.747618911781286,"{""act"": ""tanh"", ""arch"": ""mlp"", ""batch"": 128, ""batchnorm"": 0, ""calibrate_head"": 0, ""center"": ""none"", ""classes"": 10, ""dataset"": ""mnist"", ""depth"": 3, ""fb_row_norm"": 0, ""fb_scale"": 3.0, ""fb_seed"": 0, ""freeze_bias"": 0, ""freeze_out"": 0, ""head"": ""sigmoid_bce"", ""hid_lr_mult"": 1.0, ""lr"": 0.001, ""muon"": 0, ""optimizer"": ""sgd"", ""out_bias_q"": -1.0, ""out_lr_mult"": 1.0, ""out_w_scale"": 1.0, ""p0"": 0.0, ""preprocess"": ""div255"", ""rule"": ""dfa"", ""seed"": 0, ""shift_step"": 0, ""target_center"": 0, ""target_scale"": 1.0, ""whiten"": 0, ""width"": 300}",,,
E2_master,g3.0,1,1,dfa,4.05429482460022,1.3514316082000732,0.999873161315918,0.0775673985481262,0.9444581270217896,0.5212137699127197,58.04925319248646,3.9116814861568185,11.77558219351354,18.99999396015605,60,18.99999396015605,"{""act"": ""tanh"", ""arch"": ""mlp"", ""batch"": 128, ""batchnorm"": 0, ""calibrate_head"": 0, ""center"": ""none"", ""classes"": 10, ""dataset"": ""mnist"", ""depth"": 3, ""fb_row_norm"": 0, ""fb_scale"": 3.0, ""fb_seed"": 1, ""freeze_bias"": 0, ""freeze_out"": 0, ""head"": ""sigmoid_bce"", ""hid_lr_mult"": 1.0, ""lr"": 0.001, ""muon"": 0, ""optimizer"": ""sgd"", ""out_bias_q"": -1.0, ""out_lr_mult"": 1.0, ""out_w_scale"": 1.0, ""p0"": 0.0, ""preprocess"": ""div255"", ""rule"": ""dfa"", ""seed"": 1, ""shift_step"": 0, ""target_center"": 0, ""target_scale"": 1.0, ""whiten"": 0, ""width"": 300}",,,
E2_master,g3.0,2,2,dfa,3.742960810661316,1.247653603553772,0.999828279018402,0.0678131356835365,0.9460177421569824,0.5405383110046387,43.497417794131614,3.424922656027513,10.032715468993054,15.326333350490144,50,15.326333350490144,"{""act"": ""tanh"", ""arch"": ""mlp"", ""batch"": 128, ""batchnorm"": 0, ""calibrate_head"": 0, ""center"": ""none"", ""classes"": 10, ""dataset"": ""mnist"", ""depth"": 3, ""fb_row_norm"": 0, ""fb_scale"": 3.0, ""fb_seed"": 2, ""freeze_bias"": 0, ""freeze_out"": 0, ""head"": ""sigmoid_bce"", ""hid_lr_mult"": 1.0, ""lr"": 0.001, ""muon"": 0, ""optimizer"": ""sgd"", ""out_bias_q"": -1.0, ""out_lr_mult"": 1.0, ""out_w_scale"": 1.0, ""p0"": 0.0, ""preprocess"": ""div255"", ""rule"": ""dfa"", ""seed"": 2, ""shift_step"": 0, ""target_center"": 0, ""target_scale"": 1.0, ""whiten"": 0, ""width"": 300}",,,
E2_master,hidlr0.25,0,0,dfa,1.2692182064056396,1.2692182064056396,0.976465344429016,0.6099697351455688,0.7970988750457764,0.869854748249054,3.5440779199462304,0.7802936443906743,0.772714122360723,0.8706879538755148,130,0.8706879538755148,"{""act"": ""tanh"", ""arch"": ""mlp"", ""batch"": 128, ""batchnorm"": 0, ""calibrate_head"": 0, ""center"": ""none"", ""classes"": 10, ""dataset"": ""mnist"", ""depth"": 3, ""fb_row_norm"": 0, ""fb_scale"": 1.0, ""fb_seed"": 0, ""freeze_bias"": 0, ""freeze_out"": 0, ""head"": ""sigmoid_bce"", ""hid_lr_mult"": 0.25, ""lr"": 0.001, ""muon"": 0, ""optimizer"": ""sgd"", ""out_bias_q"": -1.0, ""out_lr_mult"": 1.0, ""out_w_scale"": 1.0, ""p0"": 0.0, ""preprocess"": ""div255"", ""rule"": ""dfa"", ""seed"": 0, ""shift_step"": 0, ""target_center"": 0, ""target_scale"": 1.0, ""whiten"": 0, ""width"": 300}",,,
E2_master,hidlr0.25,1,1,dfa,1.3514316082000732,1.3514316082000732,0.98320335149765,0.5553353428840637,0.8071798086166382,0.8600757122039795,4.198343729289037,0.8914930439046099,0.8760840404623147,1.134764118110602,120,1.134764118110602,"{""act"": ""tanh"", ""arch"": ""mlp"", ""batch"": 128, ""batchnorm"": 0, ""calibrate_head"": 0, ""center"": ""none"", ""classes"": 10, ""dataset"": ""mnist"", ""depth"": 3, ""fb_row_norm"": 0, ""fb_scale"": 1.0, ""fb_seed"": 1, ""freeze_bias"": 0, ""freeze_out"": 0, ""head"": ""sigmoid_bce"", ""hid_lr_mult"": 0.25, ""lr"": 0.001, ""muon"": 0, ""optimizer"": ""sgd"", ""out_bias_q"": -1.0, ""out_lr_mult"": 1.0, ""out_w_scale"": 1.0, ""p0"": 0.0, ""preprocess"": ""div255"", ""rule"": ""dfa"", ""seed"": 1, ""shift_step"": 0, ""target_center"": 0, ""target_scale"": 1.0, ""whiten"": 0, ""width"": 300}",,,
E2_master,hidlr0.25,2,2,dfa,1.247653603553772,1.247653603553772,0.9784262776374816,0.5756192803382874,0.8090404868125916,0.8634706139564514,3.782575538343119,0.8849232482385491,0.9617113311662278,1.0815409422990911,150,1.0815409422990911,"{""act"": ""tanh"", ""arch"": ""mlp"", ""batch"": 128, ""batchnorm"": 0, ""calibrate_head"": 0, ""center"": ""none"", ""classes"": 10, ""dataset"": ""mnist"", ""depth"": 3, ""fb_row_norm"": 0, ""fb_scale"": 1.0, ""fb_seed"": 2, ""freeze_bias"": 0, ""freeze_out"": 0, ""head"": ""sigmoid_bce"", ""hid_lr_mult"": 0.25, ""lr"": 0.001, ""muon"": 0, ""optimizer"": ""sgd"", ""out_bias_q"": -1.0, ""out_lr_mult"": 1.0, ""out_w_scale"": 1.0, ""p0"": 0.0, ""preprocess"": ""div255"", ""rule"": ""dfa"", ""seed"": 2, ""shift_step"": 0, ""target_center"": 0, ""target_scale"": 1.0, ""whiten"": 0, ""width"": 300}",,,
E2_master,hidlr1.0,0,0,dfa,1.2692182064056396,1.2692182064056396,0.9980725646018982,0.2263269871473312,0.894025981426239,0.7242494821548462,10.99276343240507,1.4921227197202316,2.540925627593533,3.676325601922509,70,3.676325601922509,"{""act"": ""tanh"", ""arch"": ""mlp"", ""batch"": 128, ""batchnorm"": 0, ""calibrate_head"": 0, ""center"": ""none"", ""classes"": 10, ""dataset"": ""mnist"", ""depth"": 3, ""fb_row_norm"": 0, ""fb_scale"": 1.0, ""fb_seed"": 0, ""freeze_bias"": 0, ""freeze_out"": 0, ""head"": ""sigmoid_bce"", ""hid_lr_mult"": 1.0, ""lr"": 0.001, ""muon"": 0, ""optimizer"": ""sgd"", ""out_bias_q"": -1.0, ""out_lr_mult"": 1.0, ""out_w_scale"": 1.0, ""p0"": 0.0, ""preprocess"": ""div255"", ""rule"": ""dfa"", ""seed"": 0, ""shift_step"": 0, ""target_center"": 0, ""target_scale"": 1.0, ""whiten"": 0, ""width"": 300}",,,
E2_master,hidlr1.0,1,1,dfa,1.3514316082000732,1.3514316082000732,0.9989032745361328,0.1923276931047439,0.9021816849708556,0.6914756894111633,14.995635237558703,1.8664388013642907,3.418635580270249,5.577569118587211,80,5.577569118587211,"{""act"": ""tanh"", ""arch"": ""mlp"", ""batch"": 128, ""batchnorm"": 0, ""calibrate_head"": 0, ""center"": ""none"", ""classes"": 10, ""dataset"": ""mnist"", ""depth"": 3, ""fb_row_norm"": 0, ""fb_scale"": 1.0, ""fb_seed"": 1, ""freeze_bias"": 0, ""freeze_out"": 0, ""head"": ""sigmoid_bce"", ""hid_lr_mult"": 1.0, ""lr"": 0.001, ""muon"": 0, ""optimizer"": ""sgd"", ""out_bias_q"": -1.0, ""out_lr_mult"": 1.0, ""out_w_scale"": 1.0, ""p0"": 0.0, ""preprocess"": ""div255"", ""rule"": ""dfa"", ""seed"": 1, ""shift_step"": 0, ""target_center"": 0, ""target_scale"": 1.0, ""whiten"": 0, ""width"": 300}",,,
E2_master,hidlr1.0,2,2,dfa,1.247653603553772,1.247653603553772,0.9982762932777404,0.2242631614208221,0.9032276272773744,0.7118026614189148,11.991215389942887,1.7945374288185971,3.412173004859885,5.0140220285374095,80,5.0140220285374095,"{""act"": ""tanh"", ""arch"": ""mlp"", ""batch"": 128, ""batchnorm"": 0, ""calibrate_head"": 0, ""center"": ""none"", ""classes"": 10, ""dataset"": ""mnist"", ""depth"": 3, ""fb_row_norm"": 0, ""fb_scale"": 1.0, ""fb_seed"": 2, ""freeze_bias"": 0, ""freeze_out"": 0, ""head"": ""sigmoid_bce"", ""hid_lr_mult"": 1.0, ""lr"": 0.001, ""muon"": 0, ""optimizer"": ""sgd"", ""out_bias_q"": -1.0, ""out_lr_mult"": 1.0, ""out_w_scale"": 1.0, ""p0"": 0.0, ""preprocess"": ""div255"", ""rule"": ""dfa"", ""seed"": 2, ""shift_step"": 0, ""target_center"": 0, ""target_scale"": 1.0, ""whiten"": 0, ""width"": 300}",,,
E2_master,hidlr4.0,0,0,dfa,1.2692182064056396,1.2692182064056396,0.999871015548706,0.0611307173967361,0.950940728187561,0.5001664757728577,59.30927559314892,3.992317535360601,13.09432282941249,19.609488191672096,60,19.609488191672096,"{""act"": ""tanh"", ""arch"": ""mlp"", ""batch"": 128, ""batchnorm"": 0, ""calibrate_head"": 0, ""center"": ""none"", ""classes"": 10, ""dataset"": ""mnist"", ""depth"": 3, ""fb_row_norm"": 0, ""fb_scale"": 1.0, ""fb_seed"": 0, ""freeze_bias"": 0, ""freeze_out"": 0, ""head"": ""sigmoid_bce"", ""hid_lr_mult"": 4.0, ""lr"": 0.001, ""muon"": 0, ""optimizer"": ""sgd"", ""out_bias_q"": -1.0, ""out_lr_mult"": 1.0, ""out_w_scale"": 1.0, ""p0"": 0.0, ""preprocess"": ""div255"", ""rule"": ""dfa"", ""seed"": 0, ""shift_step"": 0, ""target_center"": 0, ""target_scale"": 1.0, ""whiten"": 0, ""width"": 300}",,,
E2_master,hidlr4.0,1,1,dfa,1.3514316082000732,1.3514316082000732,0.9999347925186156,0.0494306161999702,0.952536642551422,0.4759351909160614,84.58300298234826,4.79913747695753,16.112623134287208,25.33566947580339,50,25.33566947580339,"{""act"": ""tanh"", ""arch"": ""mlp"", ""batch"": 128, ""batchnorm"": 0, ""calibrate_head"": 0, ""center"": ""none"", ""classes"": 10, ""dataset"": ""mnist"", ""depth"": 3, ""fb_row_norm"": 0, ""fb_scale"": 1.0, ""fb_seed"": 1, ""freeze_bias"": 0, ""freeze_out"": 0, ""head"": ""sigmoid_bce"", ""hid_lr_mult"": 4.0, ""lr"": 0.001, ""muon"": 0, ""optimizer"": ""sgd"", ""out_bias_q"": -1.0, ""out_lr_mult"": 1.0, ""out_w_scale"": 1.0, ""p0"": 0.0, ""preprocess"": ""div255"", ""rule"": ""dfa"", ""seed"": 1, ""shift_step"": 0, ""target_center"": 0, ""target_scale"": 1.0, ""whiten"": 0, ""width"": 300}",,,
E2_master,hidlr4.0,2,2,dfa,1.247653603553772,1.247653603553772,0.9999070167541504,0.0500781238079071,0.9524536728858948,0.4940738677978515,60.43710507705706,4.187943780864819,13.667486900722016,20.68251055185797,50,20.68251055185797,"{""act"": ""tanh"", ""arch"": ""mlp"", ""batch"": 128, ""batchnorm"": 0, ""calibrate_head"": 0, ""center"": ""none"", ""classes"": 10, ""dataset"": ""mnist"", ""depth"": 3, ""fb_row_norm"": 0, ""fb_scale"": 1.0, ""fb_seed"": 2, ""freeze_bias"": 0, ""freeze_out"": 0, ""head"": ""sigmoid_bce"", ""hid_lr_mult"": 4.0, ""lr"": 0.001, ""muon"": 0, ""optimizer"": ""sgd"", ""out_bias_q"": -1.0, ""out_lr_mult"": 1.0, ""out_w_scale"": 1.0, ""p0"": 0.0, ""preprocess"": ""div255"", ""rule"": ""dfa"", ""seed"": 2, ""shift_step"": 0, ""target_center"": 0, ""target_scale"": 1.0, ""whiten"": 0, ""width"": 300}",,,
E2_master,lr0.0003,0,0,dfa,1.2692182064056396,1.2692182064056396,0.9979288578033448,0.235919713973999,0.8911833167076111,0.7302307486534119,10.932550193839305,1.463085647138975,2.4712285266857084,3.593127032258414,230,3.593127032258414,"{""act"": ""tanh"", ""arch"": ""mlp"", ""batch"": 128, ""batchnorm"": 0, ""calibrate_head"": 0, ""center"": ""none"", ""classes"": 10, ""dataset"": ""mnist"", ""depth"": 3, ""fb_row_norm"": 0, ""fb_scale"": 1.0, ""fb_seed"": 0, ""freeze_bias"": 0, ""freeze_out"": 0, ""head"": ""sigmoid_bce"", ""hid_lr_mult"": 1.0, ""lr"": 0.0003, ""muon"": 0, ""optimizer"": ""sgd"", ""out_bias_q"": -1.0, ""out_lr_mult"": 1.0, ""out_w_scale"": 1.0, ""p0"": 0.0, ""preprocess"": ""div255"", ""rule"": ""dfa"", ""seed"": 0, ""shift_step"": 0, ""target_center"": 0, ""target_scale"": 1.0, ""whiten"": 0, ""width"": 300}",,,
E2_master,lr0.0003,1,1,dfa,1.3514316082000732,1.3514316082000732,0.9988974332809448,0.2005013078451156,0.9003897309303284,0.6971785426139832,14.895148369047448,1.8091569766175768,3.266026620966585,5.360829104902353,250,5.360829104902353,"{""act"": ""tanh"", ""arch"": ""mlp"", ""batch"": 128, ""batchnorm"": 0, ""calibrate_head"": 0, ""center"": ""none"", ""classes"": 10, ""dataset"": ""mnist"", ""depth"": 3, ""fb_row_norm"": 0, ""fb_scale"": 1.0, ""fb_seed"": 1, ""freeze_bias"": 0, ""freeze_out"": 0, ""head"": ""sigmoid_bce"", ""hid_lr_mult"": 1.0, ""lr"": 0.0003, ""muon"": 0, ""optimizer"": ""sgd"", ""out_bias_q"": -1.0, ""out_lr_mult"": 1.0, ""out_w_scale"": 1.0, ""p0"": 0.0, ""preprocess"": ""div255"", ""rule"": ""dfa"", ""seed"": 1, ""shift_step"": 0, ""target_center"": 0, ""target_scale"": 1.0, ""whiten"": 0, ""width"": 300}",,,
E2_master,lr0.0003,2,2,dfa,1.247653603553772,1.247653603553772,0.9981885552406312,0.2426715344190597,0.9012696743011476,0.7189536690711975,11.94513946015102,1.7682555582467152,3.3212608565981805,4.892170015476886,260,4.892170015476886,"{""act"": ""tanh"", ""arch"": ""mlp"", ""batch"": 128, ""batchnorm"": 0, ""calibrate_head"": 0, ""center"": ""none"", ""classes"": 10, ""dataset"": ""mnist"", ""depth"": 3, ""fb_row_norm"": 0, ""fb_scale"": 1.0, ""fb_seed"": 2, ""freeze_bias"": 0, ""freeze_out"": 0, ""head"": ""sigmoid_bce"", ""hid_lr_mult"": 1.0, ""lr"": 0.0003, ""muon"": 0, ""optimizer"": ""sgd"", ""out_bias_q"": -1.0, ""out_lr_mult"": 1.0, ""out_w_scale"": 1.0, ""p0"": 0.0, ""preprocess"": ""div255"", ""rule"": ""dfa"", ""seed"": 2, ""shift_step"": 0, ""target_center"": 0, ""target_scale"": 1.0, ""whiten"": 0, ""width"": 300}",,,
E2_master,lr0.001,0,0,dfa,1.2692182064056396,1.2692182064056396,0.9980725646018982,0.2263269871473312,0.894025981426239,0.7242494821548462,10.99276343240507,1.4921227197202316,2.540925627593533,3.676325601922509,70,3.676325601922509,"{""act"": ""tanh"", ""arch"": ""mlp"", ""batch"": 128, ""batchnorm"": 0, ""calibrate_head"": 0, ""center"": ""none"", ""classes"": 10, ""dataset"": ""mnist"", ""depth"": 3, ""fb_row_norm"": 0, ""fb_scale"": 1.0, ""fb_seed"": 0, ""freeze_bias"": 0, ""freeze_out"": 0, ""head"": ""sigmoid_bce"", ""hid_lr_mult"": 1.0, ""lr"": 0.001, ""muon"": 0, ""optimizer"": ""sgd"", ""out_bias_q"": -1.0, ""out_lr_mult"": 1.0, ""out_w_scale"": 1.0, ""p0"": 0.0, ""preprocess"": ""div255"", ""rule"": ""dfa"", ""seed"": 0, ""shift_step"": 0, ""target_center"": 0, ""target_scale"": 1.0, ""whiten"": 0, ""width"": 300}",,,
E2_master,lr0.001,1,1,dfa,1.3514316082000732,1.3514316082000732,0.9989032745361328,0.1923276931047439,0.9021816849708556,0.6914756894111633,14.995635237558703,1.8664388013642907,3.418635580270249,5.577569118587211,80,5.577569118587211,"{""act"": ""tanh"", ""arch"": ""mlp"", ""batch"": 128, ""batchnorm"": 0, ""calibrate_head"": 0, ""center"": ""none"", ""classes"": 10, ""dataset"": ""mnist"", ""depth"": 3, ""fb_row_norm"": 0, ""fb_scale"": 1.0, ""fb_seed"": 1, ""freeze_bias"": 0, ""freeze_out"": 0, ""head"": ""sigmoid_bce"", ""hid_lr_mult"": 1.0, ""lr"": 0.001, ""muon"": 0, ""optimizer"": ""sgd"", ""out_bias_q"": -1.0, ""out_lr_mult"": 1.0, ""out_w_scale"": 1.0, ""p0"": 0.0, ""preprocess"": ""div255"", ""rule"": ""dfa"", ""seed"": 1, ""shift_step"": 0, ""target_center"": 0, ""target_scale"": 1.0, ""whiten"": 0, ""width"": 300}",,,
E2_master,lr0.001,2,2,dfa,1.247653603553772,1.247653603553772,0.9982762932777404,0.2242631614208221,0.9032276272773744,0.7118026614189148,11.991215389942887,1.7945374288185971,3.412173004859885,5.0140220285374095,80,5.0140220285374095,"{""act"": ""tanh"", ""arch"": ""mlp"", ""batch"": 128, ""batchnorm"": 0, ""calibrate_head"": 0, ""center"": ""none"", ""classes"": 10, ""dataset"": ""mnist"", ""depth"": 3, ""fb_row_norm"": 0, ""fb_scale"": 1.0, ""fb_seed"": 2, ""freeze_bias"": 0, ""freeze_out"": 0, ""head"": ""sigmoid_bce"", ""hid_lr_mult"": 1.0, ""lr"": 0.001, ""muon"": 0, ""optimizer"": ""sgd"", ""out_bias_q"": -1.0, ""out_lr_mult"": 1.0, ""out_w_scale"": 1.0, ""p0"": 0.0, ""preprocess"": ""div255"", ""rule"": ""dfa"", ""seed"": 2, ""shift_step"": 0, ""target_center"": 0, ""target_scale"": 1.0, ""whiten"": 0, ""width"": 300}",,,
E2_master,lr0.003,0,0,dfa,1.2692182064056396,1.2692182064056396,0.9983356595039368,0.2167649567127227,0.8995459079742432,0.7078695297241211,11.13600698889506,1.639125026591623,2.968961566189373,4.274121077559691,30,4.274121077559691,"{""act"": ""tanh"", ""arch"": ""mlp"", ""batch"": 128, ""batchnorm"": 0, ""calibrate_head"": 0, ""center"": ""none"", ""classes"": 10, ""dataset"": ""mnist"", ""depth"": 3, ""fb_row_norm"": 0, ""fb_scale"": 1.0, ""fb_seed"": 0, ""freeze_bias"": 0, ""freeze_out"": 0, ""head"": ""sigmoid_bce"", ""hid_lr_mult"": 1.0, ""lr"": 0.003, ""muon"": 0, ""optimizer"": ""sgd"", ""out_bias_q"": -1.0, ""out_lr_mult"": 1.0, ""out_w_scale"": 1.0, ""p0"": 0.0, ""preprocess"": ""div255"", ""rule"": ""dfa"", ""seed"": 0, ""shift_step"": 0, ""target_center"": 0, ""target_scale"": 1.0, ""whiten"": 0, ""width"": 300}",,,
E2_master,lr0.003,1,1,dfa,1.3514316082000732,1.3514316082000732,0.9989855885505676,0.1819096058607101,0.9061434864997864,0.6771581172943115,15.385274427352776,1.9776152387221129,3.745669667571441,6.000636321538381,30,6.000636321538381,"{""act"": ""tanh"", ""arch"": ""mlp"", ""batch"": 128, ""batchnorm"": 0, ""calibrate_head"": 0, ""center"": ""none"", ""classes"": 10, ""dataset"": ""mnist"", ""depth"": 3, ""fb_row_norm"": 0, ""fb_scale"": 1.0, ""fb_seed"": 1, ""freeze_bias"": 0, ""freeze_out"": 0, ""head"": ""sigmoid_bce"", ""hid_lr_mult"": 1.0, ""lr"": 0.003, ""muon"": 0, ""optimizer"": ""sgd"", ""out_bias_q"": -1.0, ""out_lr_mult"": 1.0, ""out_w_scale"": 1.0, ""p0"": 0.0, ""preprocess"": ""div255"", ""rule"": ""dfa"", ""seed"": 1, ""shift_step"": 0, ""target_center"": 0, ""target_scale"": 1.0, ""whiten"": 0, ""width"": 300}",,,
E2_master,lr0.003,2,2,dfa,1.247653603553772,1.247653603553772,0.9985268115997314,0.223393052816391,0.907342255115509,0.6984499096870422,12.15467659427858,1.8985319009433703,3.757012940573583,5.477962213243553,30,5.477962213243553,"{""act"": ""tanh"", ""arch"": ""mlp"", ""batch"": 128, ""batchnorm"": 0, ""calibrate_head"": 0, ""center"": ""none"", ""classes"": 10, ""dataset"": ""mnist"", ""depth"": 3, ""fb_row_norm"": 0, ""fb_scale"": 1.0, ""fb_seed"": 2, ""freeze_bias"": 0, ""freeze_out"": 0, ""head"": ""sigmoid_bce"", ""hid_lr_mult"": 1.0, ""lr"": 0.003, ""muon"": 0, ""optimizer"": ""sgd"", ""out_bias_q"": -1.0, ""out_lr_mult"": 1.0, ""out_w_scale"": 1.0, ""p0"": 0.0, ""preprocess"": ""div255"", ""rule"": ""dfa"", ""seed"": 2, ""shift_step"": 0, ""target_center"": 0, ""target_scale"": 1.0, ""whiten"": 0, ""width"": 300}",,,
E2_master,outlr0.3,0,0,dfa,1.2692182064056396,1.2692182064056396,0.999769926071167,0.0814026966691017,0.9435275793075562,0.5391786694526672,30.776892693488367,3.184150507850798,9.335111907227258,14.36075662642384,170,14.36075662642384,"{""act"": ""tanh"", ""arch"": ""mlp"", ""batch"": 128, ""batchnorm"": 0, ""calibrate_head"": 0, ""center"": ""none"", ""classes"": 10, ""dataset"": ""mnist"", ""depth"": 3, ""fb_row_norm"": 0, ""fb_scale"": 1.0, ""fb_seed"": 0, ""freeze_bias"": 0, ""freeze_out"": 0, ""head"": ""sigmoid_bce"", ""hid_lr_mult"": 1.0, ""lr"": 0.001, ""muon"": 0, ""optimizer"": ""sgd"", ""out_bias_q"": -1.0, ""out_lr_mult"": 0.3, ""out_w_scale"": 1.0, ""p0"": 0.0, ""preprocess"": ""div255"", ""rule"": ""dfa"", ""seed"": 0, ""shift_step"": 0, ""target_center"": 0, ""target_scale"": 1.0, ""whiten"": 0, ""width"": 300}",,,
E2_master,outlr0.3,1,1,dfa,1.3514316082000732,1.3514316082000732,0.9998674392700196,0.0668705329298973,0.9460439682006836,0.5120370388031006,43.66483659140112,4.006689614867707,12.33439380024564,20.05825203793113,170,20.05825203793113,"{""act"": ""tanh"", ""arch"": ""mlp"", ""batch"": 128, ""batchnorm"": 0, ""calibrate_head"": 0, ""center"": ""none"", ""classes"": 10, ""dataset"": ""mnist"", ""depth"": 3, ""fb_row_norm"": 0, ""fb_scale"": 1.0, ""fb_seed"": 1, ""freeze_bias"": 0, ""freeze_out"": 0, ""head"": ""sigmoid_bce"", ""hid_lr_mult"": 1.0, ""lr"": 0.001, ""muon"": 0, ""optimizer"": ""sgd"", ""out_bias_q"": -1.0, ""out_lr_mult"": 0.3, ""out_w_scale"": 1.0, ""p0"": 0.0, ""preprocess"": ""div255"", ""rule"": ""dfa"", ""seed"": 1, ""shift_step"": 0, ""target_center"": 0, ""target_scale"": 1.0, ""whiten"": 0, ""width"": 300}",,,
E2_master,outlr0.3,2,2,dfa,1.247653603553772,1.247653603553772,0.9998505115509032,0.0670423582196235,0.9460482597351074,0.5405681729316711,29.503083867629524,3.508565081836326,10.35017175147626,15.92435442955748,150,15.92435442955748,"{""act"": ""tanh"", ""arch"": ""mlp"", ""batch"": 128, ""batchnorm"": 0, ""calibrate_head"": 0, ""center"": ""none"", ""classes"": 10, ""dataset"": ""mnist"", ""depth"": 3, ""fb_row_norm"": 0, ""fb_scale"": 1.0, ""fb_seed"": 2, ""freeze_bias"": 0, ""freeze_out"": 0, ""head"": ""sigmoid_bce"", ""hid_lr_mult"": 1.0, ""lr"": 0.001, ""muon"": 0, ""optimizer"": ""sgd"", ""out_bias_q"": -1.0, ""out_lr_mult"": 0.3, ""out_w_scale"": 1.0, ""p0"": 0.0, ""preprocess"": ""div255"", ""rule"": ""dfa"", ""seed"": 2, ""shift_step"": 0, ""target_center"": 0, ""target_scale"": 1.0, ""whiten"": 0, ""width"": 300}",,,
E2_master,outlr1.0,0,0,dfa,1.2692182064056396,1.2692182064056396,0.9980725646018982,0.2263269871473312,0.894025981426239,0.7242494821548462,10.99276343240507,1.4921227197202316,2.540925627593533,3.676325601922509,70,3.676325601922509,"{""act"": ""tanh"", ""arch"": ""mlp"", ""batch"": 128, ""batchnorm"": 0, ""calibrate_head"": 0, ""center"": ""none"", ""classes"": 10, ""dataset"": ""mnist"", ""depth"": 3, ""fb_row_norm"": 0, ""fb_scale"": 1.0, ""fb_seed"": 0, ""freeze_bias"": 0, ""freeze_out"": 0, ""head"": ""sigmoid_bce"", ""hid_lr_mult"": 1.0, ""lr"": 0.001, ""muon"": 0, ""optimizer"": ""sgd"", ""out_bias_q"": -1.0, ""out_lr_mult"": 1.0, ""out_w_scale"": 1.0, ""p0"": 0.0, ""preprocess"": ""div255"", ""rule"": ""dfa"", ""seed"": 0, ""shift_step"": 0, ""target_center"": 0, ""target_scale"": 1.0, ""whiten"": 0, ""width"": 300}",,,
E2_master,outlr1.0,1,1,dfa,1.3514316082000732,1.3514316082000732,0.9989032745361328,0.1923276931047439,0.9021816849708556,0.6914756894111633,14.995635237558703,1.8664388013642907,3.418635580270249,5.577569118587211,80,5.577569118587211,"{""act"": ""tanh"", ""arch"": ""mlp"", ""batch"": 128, ""batchnorm"": 0, ""calibrate_head"": 0, ""center"": ""none"", ""classes"": 10, ""dataset"": ""mnist"", ""depth"": 3, ""fb_row_norm"": 0, ""fb_scale"": 1.0, ""fb_seed"": 1, ""freeze_bias"": 0, ""freeze_out"": 0, ""head"": ""sigmoid_bce"", ""hid_lr_mult"": 1.0, ""lr"": 0.001, ""muon"": 0, ""optimizer"": ""sgd"", ""out_bias_q"": -1.0, ""out_lr_mult"": 1.0, ""out_w_scale"": 1.0, ""p0"": 0.0, ""preprocess"": ""div255"", ""rule"": ""dfa"", ""seed"": 1, ""shift_step"": 0, ""target_center"": 0, ""target_scale"": 1.0, ""whiten"": 0, ""width"": 300}",,,
E2_master,outlr1.0,2,2,dfa,1.247653603553772,1.247653603553772,0.9982762932777404,0.2242631614208221,0.9032276272773744,0.7118026614189148,11.991215389942887,1.7945374288185971,3.412173004859885,5.0140220285374095,80,5.0140220285374095,"{""act"": ""tanh"", ""arch"": ""mlp"", ""batch"": 128, ""batchnorm"": 0, ""calibrate_head"": 0, ""center"": ""none"", ""classes"": 10, ""dataset"": ""mnist"", ""depth"": 3, ""fb_row_norm"": 0, ""fb_scale"": 1.0, ""fb_seed"": 2, ""freeze_bias"": 0, ""freeze_out"": 0, ""head"": ""sigmoid_bce"", ""hid_lr_mult"": 1.0, ""lr"": 0.001, ""muon"": 0, ""optimizer"": ""sgd"", ""out_bias_q"": -1.0, ""out_lr_mult"": 1.0, ""out_w_scale"": 1.0, ""p0"": 0.0, ""preprocess"": ""div255"", ""rule"": ""dfa"", ""seed"": 2, ""shift_step"": 0, ""target_center"": 0, ""target_scale"": 1.0, ""whiten"": 0, ""width"": 300}",,,
E2_master,outlr10.0,0,0,dfa,1.2692182064056396,1.2692182064056396,0.91960209608078,0.8440855145454407,0.7254881262779236,0.9193956851959229,1.8692208143190867,0.5950922248923133,0.463957513590797,0.4610921435286044,30,0.4610921435286044,"{""act"": ""tanh"", ""arch"": ""mlp"", ""batch"": 128, ""batchnorm"": 0, ""calibrate_head"": 0, ""center"": ""none"", ""classes"": 10, ""dataset"": ""mnist"", ""depth"": 3, ""fb_row_norm"": 0, ""fb_scale"": 1.0, ""fb_seed"": 0, ""freeze_bias"": 0, ""freeze_out"": 0, ""head"": ""sigmoid_bce"", ""hid_lr_mult"": 1.0, ""lr"": 0.001, ""muon"": 0, ""optimizer"": ""sgd"", ""out_bias_q"": -1.0, ""out_lr_mult"": 10.0, ""out_w_scale"": 1.0, ""p0"": 0.0, ""preprocess"": ""div255"", ""rule"": ""dfa"", ""seed"": 0, ""shift_step"": 0, ""target_center"": 0, ""target_scale"": 1.0, ""whiten"": 0, ""width"": 300}",,,
E2_master,outlr10.0,1,1,dfa,1.3514316082000732,1.3514316082000732,0.9378601312637328,0.7829656004905701,0.7349727749824524,0.9154727458953856,1.9686834118178296,0.6835544305060125,0.5279433602575873,0.5886785626796814,30,0.5886785626796814,"{""act"": ""tanh"", ""arch"": ""mlp"", ""batch"": 128, ""batchnorm"": 0, ""calibrate_head"": 0, ""center"": ""none"", ""classes"": 10, ""dataset"": ""mnist"", ""depth"": 3, ""fb_row_norm"": 0, ""fb_scale"": 1.0, ""fb_seed"": 1, ""freeze_bias"": 0, ""freeze_out"": 0, ""head"": ""sigmoid_bce"", ""hid_lr_mult"": 1.0, ""lr"": 0.001, ""muon"": 0, ""optimizer"": ""sgd"", ""out_bias_q"": -1.0, ""out_lr_mult"": 10.0, ""out_w_scale"": 1.0, ""p0"": 0.0, ""preprocess"": ""div255"", ""rule"": ""dfa"", ""seed"": 1, ""shift_step"": 0, ""target_center"": 0, ""target_scale"": 1.0, ""whiten"": 0, ""width"": 300}",,,
E2_master,outlr10.0,2,2,dfa,1.247653603553772,1.247653603553772,0.9180731177330016,0.8230535984039307,0.7324819564819336,0.913754105567932,1.869775523135636,0.6243695519866124,0.521426796789233,0.4969878298587631,30,0.4969878298587631,"{""act"": ""tanh"", ""arch"": ""mlp"", ""batch"": 128, ""batchnorm"": 0, ""calibrate_head"": 0, ""center"": ""none"", ""classes"": 10, ""dataset"": ""mnist"", ""depth"": 3, ""fb_row_norm"": 0, ""fb_scale"": 1.0, ""fb_seed"": 2, ""freeze_bias"": 0, ""freeze_out"": 0, ""head"": ""sigmoid_bce"", ""hid_lr_mult"": 1.0, ""lr"": 0.001, ""muon"": 0, ""optimizer"": ""sgd"", ""out_bias_q"": -1.0, ""out_lr_mult"": 10.0, ""out_w_scale"": 1.0, ""p0"": 0.0, ""preprocess"": ""div255"", ""rule"": ""dfa"", ""seed"": 2, ""shift_step"": 0, ""target_center"": 0, ""target_scale"": 1.0, ""whiten"": 0, ""width"": 300}",,,
E2_master,outlr3.0,0,0,dfa,1.2692182064056396,1.2692182064056396,0.9857845902442932,0.515372633934021,0.8247042894363403,0.8416397571563721,4.450057435507882,0.9114131280746882,1.01745328946137,1.2121163103614554,40,1.2121163103614554,"{""act"": ""tanh"", ""arch"": ""mlp"", ""batch"": 128, ""batchnorm"": 0, ""calibrate_head"": 0, ""center"": ""none"", ""classes"": 10, ""dataset"": ""mnist"", ""depth"": 3, ""fb_row_norm"": 0, ""fb_scale"": 1.0, ""fb_seed"": 0, ""freeze_bias"": 0, ""freeze_out"": 0, ""head"": ""sigmoid_bce"", ""hid_lr_mult"": 1.0, ""lr"": 0.001, ""muon"": 0, ""optimizer"": ""sgd"", ""out_bias_q"": -1.0, ""out_lr_mult"": 3.0, ""out_w_scale"": 1.0, ""p0"": 0.0, ""preprocess"": ""div255"", ""rule"": ""dfa"", ""seed"": 0, ""shift_step"": 0, ""target_center"": 0, ""target_scale"": 1.0, ""whiten"": 0, ""width"": 300}",,,
E2_master,outlr3.0,1,1,dfa,1.3514316082000732,1.3514316082000732,0.990065336227417,0.4587076008319855,0.8342118263244629,0.8282915353775024,5.506068581509675,1.0638616046738647,1.2040179824549315,1.65315085987264,40,1.65315085987264,"{""act"": ""tanh"", ""arch"": ""mlp"", ""batch"": 128, ""batchnorm"": 0, ""calibrate_head"": 0, ""center"": ""none"", ""classes"": 10, ""dataset"": ""mnist"", ""depth"": 3, ""fb_row_norm"": 0, ""fb_scale"": 1.0, ""fb_seed"": 1, ""freeze_bias"": 0, ""freeze_out"": 0, ""head"": ""sigmoid_bce"", ""hid_lr_mult"": 1.0, ""lr"": 0.001, ""muon"": 0, ""optimizer"": ""sgd"", ""out_bias_q"": -1.0, ""out_lr_mult"": 3.0, ""out_w_scale"": 1.0, ""p0"": 0.0, ""preprocess"": ""div255"", ""rule"": ""dfa"", ""seed"": 1, ""shift_step"": 0, ""target_center"": 0, ""target_scale"": 1.0, ""whiten"": 0, ""width"": 300}",,,
E2_master,outlr3.0,2,2,dfa,1.247653603553772,1.247653603553772,0.987303614616394,0.4866886138916015,0.8357130289077759,0.8357816338539124,4.803759158707834,1.046988381532161,1.3030835507232628,1.5805929976387143,50,1.5805929976387143,"{""act"": ""tanh"", ""arch"": ""mlp"", ""batch"": 128, ""batchnorm"": 0, ""calibrate_head"": 0, ""center"": ""none"", ""classes"": 10, ""dataset"": ""mnist"", ""depth"": 3, ""fb_row_norm"": 0, ""fb_scale"": 1.0, ""fb_seed"": 2, ""freeze_bias"": 0, ""freeze_out"": 0, ""head"": ""sigmoid_bce"", ""hid_lr_mult"": 1.0, ""lr"": 0.001, ""muon"": 0, ""optimizer"": ""sgd"", ""out_bias_q"": -1.0, ""out_lr_mult"": 3.0, ""out_w_scale"": 1.0, ""p0"": 0.0, ""preprocess"": ""div255"", ""rule"": ""dfa"", ""seed"": 2, ""shift_step"": 0, ""target_center"": 0, ""target_scale"": 1.0, ""whiten"": 0, ""width"": 300}",,,
E2_master,pre_div255,0,0,dfa,1.2692182064056396,1.2692182064056396,0.9980725646018982,0.2263269871473312,0.894025981426239,0.7242494821548462,10.99276343240507,1.4921227197202316,2.540925627593533,3.676325601922509,70,3.676325601922509,"{""act"": ""tanh"", ""arch"": ""mlp"", ""batch"": 128, ""batchnorm"": 0, ""calibrate_head"": 0, ""center"": ""none"", ""classes"": 10, ""dataset"": ""mnist"", ""depth"": 3, ""fb_row_norm"": 0, ""fb_scale"": 1.0, ""fb_seed"": 0, ""freeze_bias"": 0, ""freeze_out"": 0, ""head"": ""sigmoid_bce"", ""hid_lr_mult"": 1.0, ""lr"": 0.001, ""muon"": 0, ""optimizer"": ""sgd"", ""out_bias_q"": -1.0, ""out_lr_mult"": 1.0, ""out_w_scale"": 1.0, ""p0"": 0.0, ""preprocess"": ""div255"", ""rule"": ""dfa"", ""seed"": 0, ""shift_step"": 0, ""target_center"": 0, ""target_scale"": 1.0, ""whiten"": 0, ""width"": 300}",,,
E2_master,pre_div255,1,1,dfa,1.3514316082000732,1.3514316082000732,0.9989032745361328,0.1923276931047439,0.9021816849708556,0.6914756894111633,14.995635237558703,1.8664388013642907,3.418635580270249,5.577569118587211,80,5.577569118587211,"{""act"": ""tanh"", ""arch"": ""mlp"", ""batch"": 128, ""batchnorm"": 0, ""calibrate_head"": 0, ""center"": ""none"", ""classes"": 10, ""dataset"": ""mnist"", ""depth"": 3, ""fb_row_norm"": 0, ""fb_scale"": 1.0, ""fb_seed"": 1, ""freeze_bias"": 0, ""freeze_out"": 0, ""head"": ""sigmoid_bce"", ""hid_lr_mult"": 1.0, ""lr"": 0.001, ""muon"": 0, ""optimizer"": ""sgd"", ""out_bias_q"": -1.0, ""out_lr_mult"": 1.0, ""out_w_scale"": 1.0, ""p0"": 0.0, ""preprocess"": ""div255"", ""rule"": ""dfa"", ""seed"": 1, ""shift_step"": 0, ""target_center"": 0, ""target_scale"": 1.0, ""whiten"": 0, ""width"": 300}",,,
E2_master,pre_div255,2,2,dfa,1.247653603553772,1.247653603553772,0.9982762932777404,0.2242631614208221,0.9032276272773744,0.7118026614189148,11.991215389942887,1.7945374288185971,3.412173004859885,5.0140220285374095,80,5.0140220285374095,"{""act"": ""tanh"", ""arch"": ""mlp"", ""batch"": 128, ""batchnorm"": 0, ""calibrate_head"": 0, ""center"": ""none"", ""classes"": 10, ""dataset"": ""mnist"", ""depth"": 3, ""fb_row_norm"": 0, ""fb_scale"": 1.0, ""fb_seed"": 2, ""freeze_bias"": 0, ""freeze_out"": 0, ""head"": ""sigmoid_bce"", ""hid_lr_mult"": 1.0, ""lr"": 0.001, ""muon"": 0, ""optimizer"": ""sgd"", ""out_bias_q"": -1.0, ""out_lr_mult"": 1.0, ""out_w_scale"": 1.0, ""p0"": 0.0, ""preprocess"": ""div255"", ""rule"": ""dfa"", ""seed"": 2, ""shift_step"": 0, ""target_center"": 0, ""target_scale"": 1.0, ""whiten"": 0, ""width"": 300}",,,
E2_master,pre_pixcenter,0,0,dfa,1.2690526247024536,1.2690526247024536,0.8697566390037537,0.7239618897438049,0.1026625633239746,0.9922178983688354,3.206592858622741,0.1824484208919284,0.3236790096838232,0.8880658148507665,170,0.8880658148507665,"{""act"": ""tanh"", ""arch"": ""mlp"", ""batch"": 128, ""batchnorm"": 0, ""calibrate_head"": 0, ""center"": ""none"", ""classes"": 10, ""dataset"": ""mnist"", ""depth"": 3, ""fb_row_norm"": 0, ""fb_scale"": 1.0, ""fb_seed"": 0, ""freeze_bias"": 0, ""freeze_out"": 0, ""head"": ""sigmoid_bce"", ""hid_lr_mult"": 1.0, ""lr"": 0.001, ""muon"": 0, ""optimizer"": ""sgd"", ""out_bias_q"": -1.0, ""out_lr_mult"": 1.0, ""out_w_scale"": 1.0, ""p0"": 0.0, ""preprocess"": ""pixcenter"", ""rule"": ""dfa"", ""seed"": 0, ""shift_step"": 0, ""target_center"": 0, ""target_scale"": 1.0, ""whiten"": 0, ""width"": 300}",,,
E2_master,pre_pixcenter,1,1,dfa,1.2642813920974731,1.2642813920974731,0.8918196558952332,0.669984757900238,0.0994040071964263,0.9899504780769348,4.155197727849883,0.1943015839464599,0.3474056426050768,1.2272900886217213,170,1.2272900886217213,"{""act"": ""tanh"", ""arch"": ""mlp"", ""batch"": 128, ""batchnorm"": 0, ""calibrate_head"": 0, ""center"": ""none"", ""classes"": 10, ""dataset"": ""mnist"", ""depth"": 3, ""fb_row_norm"": 0, ""fb_scale"": 1.0, ""fb_seed"": 1, ""freeze_bias"": 0, ""freeze_out"": 0, ""head"": ""sigmoid_bce"", ""hid_lr_mult"": 1.0, ""lr"": 0.001, ""muon"": 0, ""optimizer"": ""sgd"", ""out_bias_q"": -1.0, ""out_lr_mult"": 1.0, ""out_w_scale"": 1.0, ""p0"": 0.0, ""preprocess"": ""pixcenter"", ""rule"": ""dfa"", ""seed"": 1, ""shift_step"": 0, ""target_center"": 0, ""target_scale"": 1.0, ""whiten"": 0, ""width"": 300}",,,
E2_master,pre_pixcenter,2,2,dfa,1.2689590454101562,1.2689590454101562,0.8103895783424377,0.7344874739646912,0.0995348542928695,0.9897700548171996,3.5468179438532936,0.1975093216255611,0.34976624294205,1.004490731320465,180,1.004490731320465,"{""act"": ""tanh"", ""arch"": ""mlp"", ""batch"": 128, ""batchnorm"": 0, ""calibrate_head"": 0, ""center"": ""none"", ""classes"": 10, ""dataset"": ""mnist"", ""depth"": 3, ""fb_row_norm"": 0, ""fb_scale"": 1.0, ""fb_seed"": 2, ""freeze_bias"": 0, ""freeze_out"": 0, ""head"": ""sigmoid_bce"", ""hid_lr_mult"": 1.0, ""lr"": 0.001, ""muon"": 0, ""optimizer"": ""sgd"", ""out_bias_q"": -1.0, ""out_lr_mult"": 1.0, ""out_w_scale"": 1.0, ""p0"": 0.0, ""preprocess"": ""pixcenter"", ""rule"": ""dfa"", ""seed"": 2, ""shift_step"": 0, ""target_center"": 0, ""target_scale"": 1.0, ""whiten"": 0, ""width"": 300}",,,
E2_master,pre_pixstd,0,0,dfa,1.2691925764083862,1.2691925764083862,0.3674255907535553,0.9064587354660034,0.0228453818708658,0.975129008293152,2.92018402393145,1.327946341436175,0.7487375691117798,1.5026580154151197,350,1.5026580154151197,"{""act"": ""tanh"", ""arch"": ""mlp"", ""batch"": 128, ""batchnorm"": 0, ""calibrate_head"": 0, ""center"": ""none"", ""classes"": 10, ""dataset"": ""mnist"", ""depth"": 3, ""fb_row_norm"": 0, ""fb_scale"": 1.0, ""fb_seed"": 0, ""freeze_bias"": 0, ""freeze_out"": 0, ""head"": ""sigmoid_bce"", ""hid_lr_mult"": 1.0, ""lr"": 0.001, ""muon"": 0, ""optimizer"": ""sgd"", ""out_bias_q"": -1.0, ""out_lr_mult"": 1.0, ""out_w_scale"": 1.0, ""p0"": 0.0, ""preprocess"": ""pixstd"", ""rule"": ""dfa"", ""seed"": 0, ""shift_step"": 0, ""target_center"": 0, ""target_scale"": 1.0, ""whiten"": 0, ""width"": 300}",,,
E2_master,pre_pixstd,1,1,dfa,1.2651108503341677,1.2651108503341677,0.4371045231819153,0.905517578125,0.034666109830141,0.976563036441803,4.091324313146343,1.4241464374408397,0.9395754750308548,2.369973880672769,370,2.369973880672769,"{""act"": ""tanh"", ""arch"": ""mlp"", ""batch"": 128, ""batchnorm"": 0, ""calibrate_head"": 0, ""center"": ""none"", ""classes"": 10, ""dataset"": ""mnist"", ""depth"": 3, ""fb_row_norm"": 0, ""fb_scale"": 1.0, ""fb_seed"": 1, ""freeze_bias"": 0, ""freeze_out"": 0, ""head"": ""sigmoid_bce"", ""hid_lr_mult"": 1.0, ""lr"": 0.001, ""muon"": 0, ""optimizer"": ""sgd"", ""out_bias_q"": -1.0, ""out_lr_mult"": 1.0, ""out_w_scale"": 1.0, ""p0"": 0.0, ""preprocess"": ""pixstd"", ""rule"": ""dfa"", ""seed"": 1, ""shift_step"": 0, ""target_center"": 0, ""target_scale"": 1.0, ""whiten"": 0, ""width"": 300}",,,
E2_master,pre_pixstd,2,2,dfa,1.267487645149231,1.267487645149231,0.382927268743515,0.9067202806472778,0.0296431761234998,0.9738808870315552,3.3815808229261304,1.4056765751900568,0.918257723089876,1.9041959044205576,370,1.9041959044205576,"{""act"": ""tanh"", ""arch"": ""mlp"", ""batch"": 128, ""batchnorm"": 0, ""calibrate_head"": 0, ""center"": ""none"", ""classes"": 10, ""dataset"": ""mnist"", ""depth"": 3, ""fb_row_norm"": 0, ""fb_scale"": 1.0, ""fb_seed"": 2, ""freeze_bias"": 0, ""freeze_out"": 0, ""head"": ""sigmoid_bce"", ""hid_lr_mult"": 1.0, ""lr"": 0.001, ""muon"": 0, ""optimizer"": ""sgd"", ""out_bias_q"": -1.0, ""out_lr_mult"": 1.0, ""out_w_scale"": 1.0, ""p0"": 0.0, ""preprocess"": ""pixstd"", ""rule"": ""dfa"", ""seed"": 2, ""shift_step"": 0, ""target_center"": 0, ""target_scale"": 1.0, ""whiten"": 0, ""width"": 300}",,,
E2_master,pre_standardize,0,0,dfa,1.3344237804412842,1.3344237804412842,0.9945297837257384,0.2365965545177459,0.7911115288734436,0.5990545153617859,12.674293864767264,8.971364347448546,4.914601195986215,4.893048887049218,70,4.893048887049218,"{""act"": ""tanh"", ""arch"": ""mlp"", ""batch"": 128, ""batchnorm"": 0, ""calibrate_head"": 0, ""center"": ""none"", ""classes"": 10, ""dataset"": ""mnist"", ""depth"": 3, ""fb_row_norm"": 0, ""fb_scale"": 1.0, ""fb_seed"": 0, ""freeze_bias"": 0, ""freeze_out"": 0, ""head"": ""sigmoid_bce"", ""hid_lr_mult"": 1.0, ""lr"": 0.001, ""muon"": 0, ""optimizer"": ""sgd"", ""out_bias_q"": -1.0, ""out_lr_mult"": 1.0, ""out_w_scale"": 1.0, ""p0"": 0.0, ""preprocess"": ""standardize"", ""rule"": ""dfa"", ""seed"": 0, ""shift_step"": 0, ""target_center"": 0, ""target_scale"": 1.0, ""whiten"": 0, ""width"": 300}",,,
E2_master,pre_standardize,1,1,dfa,1.4163100719451904,1.4163100719451904,0.9961391687393188,0.2183072566986084,0.8015830516815186,0.5791772603988647,15.971687570411808,10.520039104818636,5.873380233850767,6.288589874010045,70,6.288589874010045,"{""act"": ""tanh"", ""arch"": ""mlp"", ""batch"": 128, ""batchnorm"": 0, ""calibrate_head"": 0, ""center"": ""none"", ""classes"": 10, ""dataset"": ""mnist"", ""depth"": 3, ""fb_row_norm"": 0, ""fb_scale"": 1.0, ""fb_seed"": 1, ""freeze_bias"": 0, ""freeze_out"": 0, ""head"": ""sigmoid_bce"", ""hid_lr_mult"": 1.0, ""lr"": 0.001, ""muon"": 0, ""optimizer"": ""sgd"", ""out_bias_q"": -1.0, ""out_lr_mult"": 1.0, ""out_w_scale"": 1.0, ""p0"": 0.0, ""preprocess"": ""standardize"", ""rule"": ""dfa"", ""seed"": 1, ""shift_step"": 0, ""target_center"": 0, ""target_scale"": 1.0, ""whiten"": 0, ""width"": 300}",,,
E2_master,pre_standardize,2,2,dfa,1.2349748611450195,1.2349748611450195,0.994931936264038,0.2535209357738495,0.7956956624984741,0.5947746634483337,14.352162344516373,10.91697630348469,6.361397125542683,6.455538276950827,80,6.455538276950827,"{""act"": ""tanh"", ""arch"": ""mlp"", ""batch"": 128, ""batchnorm"": 0, ""calibrate_head"": 0, ""center"": ""none"", ""classes"": 10, ""dataset"": ""mnist"", ""depth"": 3, ""fb_row_norm"": 0, ""fb_scale"": 1.0, ""fb_seed"": 2, ""freeze_bias"": 0, ""freeze_out"": 0, ""head"": ""sigmoid_bce"", ""hid_lr_mult"": 1.0, ""lr"": 0.001, ""muon"": 0, ""optimizer"": ""sgd"", ""out_bias_q"": -1.0, ""out_lr_mult"": 1.0, ""out_w_scale"": 1.0, ""p0"": 0.0, ""preprocess"": ""standardize"", ""rule"": ""dfa"", ""seed"": 2, ""shift_step"": 0, ""target_center"": 0, ""target_scale"": 1.0, ""whiten"": 0, ""width"": 300}",,,
E2_master,q0.1,0,0,dfa,0.0415895916521549,0.0415895916521549,0.3622415363788605,0.9254024028778076,0.511138379573822,0.974346160888672,0.10878794168937,-0.0586225160049116,0.1481854126778994,0.10878794168937,1500,0.10878794168937,"{""act"": ""tanh"", ""arch"": ""mlp"", ""batch"": 128, ""batchnorm"": 0, ""calibrate_head"": 0, ""center"": ""none"", ""classes"": 10, ""dataset"": ""mnist"", ""depth"": 3, ""fb_row_norm"": 0, ""fb_scale"": 1.0, ""fb_seed"": 0, ""freeze_bias"": 0, ""freeze_out"": 0, ""head"": ""sigmoid_bce"", ""hid_lr_mult"": 1.0, ""lr"": 0.001, ""muon"": 0, ""optimizer"": ""sgd"", ""out_bias_q"": 0.1, ""out_lr_mult"": 1.0, ""out_w_scale"": 1.0, ""p0"": 0.0, ""preprocess"": ""div255"", ""rule"": ""dfa"", ""seed"": 0, ""shift_step"": 0, ""target_center"": 0, ""target_scale"": 1.0, ""whiten"": 0, ""width"": 300}",,,
E2_master,q0.1,1,1,dfa,0.1067334040999412,0.1067334040999412,0.935681700706482,0.6921672224998474,0.7308942079544067,0.8869994282722473,2.3422837253301285,1.835659212043182,2.1261938419149597,2.3422837253301285,1500,2.3422837253301285,"{""act"": ""tanh"", ""arch"": ""mlp"", ""batch"": 128, ""batchnorm"": 0, ""calibrate_head"": 0, ""center"": ""none"", ""classes"": 10, ""dataset"": ""mnist"", ""depth"": 3, ""fb_row_norm"": 0, ""fb_scale"": 1.0, ""fb_seed"": 1, ""freeze_bias"": 0, ""freeze_out"": 0, ""head"": ""sigmoid_bce"", ""hid_lr_mult"": 1.0, ""lr"": 0.001, ""muon"": 0, ""optimizer"": ""sgd"", ""out_bias_q"": 0.1, ""out_lr_mult"": 1.0, ""out_w_scale"": 1.0, ""p0"": 0.0, ""preprocess"": ""div255"", ""rule"": ""dfa"", ""seed"": 1, ""shift_step"": 0, ""target_center"": 0, ""target_scale"": 1.0, ""whiten"": 0, ""width"": 300}",,,
E2_master,q0.1,2,2,dfa,0.0941637977957725,0.0941637977957725,0.4454432725906372,0.9460355043411256,0.503494143486023,0.9774681329727172,0.2809906895224937,0.457650190525978,0.3577311849382,0.2809906895224937,1500,0.2809906895224937,"{""act"": ""tanh"", ""arch"": ""mlp"", ""batch"": 128, ""batchnorm"": 0, ""calibrate_head"": 0, ""center"": ""none"", ""classes"": 10, ""dataset"": ""mnist"", ""depth"": 3, ""fb_row_norm"": 0, ""fb_scale"": 1.0, ""fb_seed"": 2, ""freeze_bias"": 0, ""freeze_out"": 0, ""head"": ""sigmoid_bce"", ""hid_lr_mult"": 1.0, ""lr"": 0.001, ""muon"": 0, ""optimizer"": ""sgd"", ""out_bias_q"": 0.1, ""out_lr_mult"": 1.0, ""out_w_scale"": 1.0, ""p0"": 0.0, ""preprocess"": ""div255"", ""rule"": ""dfa"", ""seed"": 2, ""shift_step"": 0, ""target_center"": 0, ""target_scale"": 1.0, ""whiten"": 0, ""width"": 300}",,,
E2_master,q0.2,0,0,dfa,0.3375361859798431,0.3375361859798431,0.9733937978744508,0.5749066472053528,0.7658880352973938,0.8779088854789734,5.478860788246792,3.799208607202624,5.173537618705277,5.429301401508674,1480,5.429301401508674,"{""act"": ""tanh"", ""arch"": ""mlp"", ""batch"": 128, ""batchnorm"": 0, ""calibrate_head"": 0, ""center"": ""none"", ""classes"": 10, ""dataset"": ""mnist"", ""depth"": 3, ""fb_row_norm"": 0, ""fb_scale"": 1.0, ""fb_seed"": 0, ""freeze_bias"": 0, ""freeze_out"": 0, ""head"": ""sigmoid_bce"", ""hid_lr_mult"": 1.0, ""lr"": 0.001, ""muon"": 0, ""optimizer"": ""sgd"", ""out_bias_q"": 0.2, ""out_lr_mult"": 1.0, ""out_w_scale"": 1.0, ""p0"": 0.0, ""preprocess"": ""div255"", ""rule"": ""dfa"", ""seed"": 0, ""shift_step"": 0, ""target_center"": 0, ""target_scale"": 1.0, ""whiten"": 0, ""width"": 300}",,,
E2_master,q0.2,1,1,dfa,0.4227300584316253,0.4227300584316253,0.9906718730926514,0.3997758328914642,0.8301078677177429,0.81703120470047,8.580081032558946,3.4400593174342293,5.10389838909443,7.4231710667971615,1110,7.4231710667971615,"{""act"": ""tanh"", ""arch"": ""mlp"", ""batch"": 128, ""batchnorm"": 0, ""calibrate_head"": 0, ""center"": ""none"", ""classes"": 10, ""dataset"": ""mnist"", ""depth"": 3, ""fb_row_norm"": 0, ""fb_scale"": 1.0, ""fb_seed"": 1, ""freeze_bias"": 0, ""freeze_out"": 0, ""head"": ""sigmoid_bce"", ""hid_lr_mult"": 1.0, ""lr"": 0.001, ""muon"": 0, ""optimizer"": ""sgd"", ""out_bias_q"": 0.2, ""out_lr_mult"": 1.0, ""out_w_scale"": 1.0, ""p0"": 0.0, ""preprocess"": ""div255"", ""rule"": ""dfa"", ""seed"": 1, ""shift_step"": 0, ""target_center"": 0, ""target_scale"": 1.0, ""whiten"": 0, ""width"": 300}",,,
E2_master,q0.2,2,2,dfa,0.3513990342617035,0.3513990342617035,0.987937033176422,0.4430702626705169,0.8092035055160522,0.8361285328865051,5.673564234254006,3.3071943505942967,4.9109789238123005,5.652010160755211,1490,5.652010160755211,"{""act"": ""tanh"", ""arch"": ""mlp"", ""batch"": 128, ""batchnorm"": 0, ""calibrate_head"": 0, ""center"": ""none"", ""classes"": 10, ""dataset"": ""mnist"", ""depth"": 3, ""fb_row_norm"": 0, ""fb_scale"": 1.0, ""fb_seed"": 2, ""freeze_bias"": 0, ""freeze_out"": 0, ""head"": ""sigmoid_bce"", ""hid_lr_mult"": 1.0, ""lr"": 0.001, ""muon"": 0, ""optimizer"": ""sgd"", ""out_bias_q"": 0.2, ""out_lr_mult"": 1.0, ""out_w_scale"": 1.0, ""p0"": 0.0, ""preprocess"": ""div255"", ""rule"": ""dfa"", ""seed"": 2, ""shift_step"": 0, ""target_center"": 0, ""target_scale"": 1.0, ""whiten"": 0, ""width"": 300}",,,
E2_master,q0.35,0,0,dfa,0.8063870668411255,0.8063870668411255,0.9953556060791016,0.3189187943935394,0.8598575592041016,0.7854679226875305,8.613322238193184,1.3132288509479526,2.010838082408037,2.8439619049511795,110,2.8439619049511795,"{""act"": ""tanh"", ""arch"": ""mlp"", ""batch"": 128, ""batchnorm"": 0, ""calibrate_head"": 0, ""center"": ""none"", ""classes"": 10, ""dataset"": ""mnist"", ""depth"": 3, ""fb_row_norm"": 0, ""fb_scale"": 1.0, ""fb_seed"": 0, ""freeze_bias"": 0, ""freeze_out"": 0, ""head"": ""sigmoid_bce"", ""hid_lr_mult"": 1.0, ""lr"": 0.001, ""muon"": 0, ""optimizer"": ""sgd"", ""out_bias_q"": 0.35, ""out_lr_mult"": 1.0, ""out_w_scale"": 1.0, ""p0"": 0.0, ""preprocess"": ""div255"", ""rule"": ""dfa"", ""seed"": 0, ""shift_step"": 0, ""target_center"": 0, ""target_scale"": 1.0, ""whiten"": 0, ""width"": 300}",,,
E2_master,q0.35,1,1,dfa,0.899205207824707,0.899205207824707,0.9975744485855104,0.2501308619976043,0.8785964846611023,0.7409867644309998,12.203442984087884,1.579367244032159,2.566126494022421,4.06069539033963,100,4.06069539033963,"{""act"": ""tanh"", ""arch"": ""mlp"", ""batch"": 128, ""batchnorm"": 0, ""calibrate_head"": 0, ""center"": ""none"", ""classes"": 10, ""dataset"": ""mnist"", ""depth"": 3, ""fb_row_norm"": 0, ""fb_scale"": 1.0, ""fb_seed"": 1, ""freeze_bias"": 0, ""freeze_out"": 0, ""head"": ""sigmoid_bce"", ""hid_lr_mult"": 1.0, ""lr"": 0.001, ""muon"": 0, ""optimizer"": ""sgd"", ""out_bias_q"": 0.35, ""out_lr_mult"": 1.0, ""out_w_scale"": 1.0, ""p0"": 0.0, ""preprocess"": ""div255"", ""rule"": ""dfa"", ""seed"": 1, ""shift_step"": 0, ""target_center"": 0, ""target_scale"": 1.0, ""whiten"": 0, ""width"": 300}",,,
E2_master,q0.35,2,2,dfa,0.8009306788444519,0.8009306788444519,0.9964187741279602,0.2906955480575561,0.873877227306366,0.7599325180053711,9.680522972730106,1.5937546398301845,2.751726330655744,3.982591481529262,120,3.982591481529262,"{""act"": ""tanh"", ""arch"": ""mlp"", ""batch"": 128, ""batchnorm"": 0, ""calibrate_head"": 0, ""center"": ""none"", ""classes"": 10, ""dataset"": ""mnist"", ""depth"": 3, ""fb_row_norm"": 0, ""fb_scale"": 1.0, ""fb_seed"": 2, ""freeze_bias"": 0, ""freeze_out"": 0, ""head"": ""sigmoid_bce"", ""hid_lr_mult"": 1.0, ""lr"": 0.001, ""muon"": 0, ""optimizer"": ""sgd"", ""out_bias_q"": 0.35, ""out_lr_mult"": 1.0, ""out_w_scale"": 1.0, ""p0"": 0.0, ""preprocess"": ""div255"", ""rule"": ""dfa"", ""seed"": 2, ""shift_step"": 0, ""target_center"": 0, ""target_scale"": 1.0, ""whiten"": 0, ""width"": 300}",,,
E2_master,q0.5,0,0,dfa,1.2692182064056396,1.2692182064056396,0.9980725646018982,0.2263269871473312,0.894025981426239,0.7242494821548462,10.99276343240507,1.4921227197202316,2.540925627593533,3.676325601922509,70,3.676325601922509,"{""act"": ""tanh"", ""arch"": ""mlp"", ""batch"": 128, ""batchnorm"": 0, ""calibrate_head"": 0, ""center"": ""none"", ""classes"": 10, ""dataset"": ""mnist"", ""depth"": 3, ""fb_row_norm"": 0, ""fb_scale"": 1.0, ""fb_seed"": 0, ""freeze_bias"": 0, ""freeze_out"": 0, ""head"": ""sigmoid_bce"", ""hid_lr_mult"": 1.0, ""lr"": 0.001, ""muon"": 0, ""optimizer"": ""sgd"", ""out_bias_q"": -1.0, ""out_lr_mult"": 1.0, ""out_w_scale"": 1.0, ""p0"": 0.0, ""preprocess"": ""div255"", ""rule"": ""dfa"", ""seed"": 0, ""shift_step"": 0, ""target_center"": 0, ""target_scale"": 1.0, ""whiten"": 0, ""width"": 300}",,,
E2_master,q0.5,1,1,dfa,1.3514316082000732,1.3514316082000732,0.9989032745361328,0.1923276931047439,0.9021816849708556,0.6914756894111633,14.995635237558703,1.8664388013642907,3.418635580270249,5.577569118587211,80,5.577569118587211,"{""act"": ""tanh"", ""arch"": ""mlp"", ""batch"": 128, ""batchnorm"": 0, ""calibrate_head"": 0, ""center"": ""none"", ""classes"": 10, ""dataset"": ""mnist"", ""depth"": 3, ""fb_row_norm"": 0, ""fb_scale"": 1.0, ""fb_seed"": 1, ""freeze_bias"": 0, ""freeze_out"": 0, ""head"": ""sigmoid_bce"", ""hid_lr_mult"": 1.0, ""lr"": 0.001, ""muon"": 0, ""optimizer"": ""sgd"", ""out_bias_q"": -1.0, ""out_lr_mult"": 1.0, ""out_w_scale"": 1.0, ""p0"": 0.0, ""preprocess"": ""div255"", ""rule"": ""dfa"", ""seed"": 1, ""shift_step"": 0, ""target_center"": 0, ""target_scale"": 1.0, ""whiten"": 0, ""width"": 300}",,,
E2_master,q0.5,2,2,dfa,1.247653603553772,1.247653603553772,0.9982762932777404,0.2242631614208221,0.9032276272773744,0.7118026614189148,11.991215389942887,1.7945374288185971,3.412173004859885,5.0140220285374095,80,5.0140220285374095,"{""act"": ""tanh"", ""arch"": ""mlp"", ""batch"": 128, ""batchnorm"": 0, ""calibrate_head"": 0, ""center"": ""none"", ""classes"": 10, ""dataset"": ""mnist"", ""depth"": 3, ""fb_row_norm"": 0, ""fb_scale"": 1.0, ""fb_seed"": 2, ""freeze_bias"": 0, ""freeze_out"": 0, ""head"": ""sigmoid_bce"", ""hid_lr_mult"": 1.0, ""lr"": 0.001, ""muon"": 0, ""optimizer"": ""sgd"", ""out_bias_q"": -1.0, ""out_lr_mult"": 1.0, ""out_w_scale"": 1.0, ""p0"": 0.0, ""preprocess"": ""div255"", ""rule"": ""dfa"", ""seed"": 2, ""shift_step"": 0, ""target_center"": 0, ""target_scale"": 1.0, ""whiten"": 0, ""width"": 300}",,,
E2_master,q0.7,0,0,dfa,1.886669874191284,1.886669874191284,0.9991304874420166,0.1689222007989883,0.9198316931724548,0.6599774956703186,14.103577093478629,1.8378473052118,3.6905227671923457,5.484204491688716,60,5.484204491688716,"{""act"": ""tanh"", ""arch"": ""mlp"", ""batch"": 128, ""batchnorm"": 0, ""calibrate_head"": 0, ""center"": ""none"", ""classes"": 10, ""dataset"": ""mnist"", ""depth"": 3, ""fb_row_norm"": 0, ""fb_scale"": 1.0, ""fb_seed"": 0, ""freeze_bias"": 0, ""freeze_out"": 0, ""head"": ""sigmoid_bce"", ""hid_lr_mult"": 1.0, ""lr"": 0.001, ""muon"": 0, ""optimizer"": ""sgd"", ""out_bias_q"": 0.7, ""out_lr_mult"": 1.0, ""out_w_scale"": 1.0, ""p0"": 0.0, ""preprocess"": ""div255"", ""rule"": ""dfa"", ""seed"": 0, ""shift_step"": 0, ""target_center"": 0, ""target_scale"": 1.0, ""whiten"": 0, ""width"": 300}",,,
E2_master,q0.7,1,1,dfa,1.9380141496658323,1.9380141496658323,0.9994917511940002,0.1545282453298568,0.921895444393158,0.6420184969902039,18.9083411612101,2.166174296551297,4.4212036045027565,7.273312350666514,60,7.273312350666514,"{""act"": ""tanh"", ""arch"": ""mlp"", ""batch"": 128, ""batchnorm"": 0, ""calibrate_head"": 0, ""center"": ""none"", ""classes"": 10, ""dataset"": ""mnist"", ""depth"": 3, ""fb_row_norm"": 0, ""fb_scale"": 1.0, ""fb_seed"": 1, ""freeze_bias"": 0, ""freeze_out"": 0, ""head"": ""sigmoid_bce"", ""hid_lr_mult"": 1.0, ""lr"": 0.001, ""muon"": 0, ""optimizer"": ""sgd"", ""out_bias_q"": 0.7, ""out_lr_mult"": 1.0, ""out_w_scale"": 1.0, ""p0"": 0.0, ""preprocess"": ""div255"", ""rule"": ""dfa"", ""seed"": 1, ""shift_step"": 0, ""target_center"": 0, ""target_scale"": 1.0, ""whiten"": 0, ""width"": 300}",,,
E2_master,q0.7,2,2,dfa,1.8523463010787964,1.8523463010787964,0.9993239641189576,0.1743522137403488,0.924914300441742,0.6614247560501099,15.125764696142594,2.0691206409084697,4.3934816953116425,6.54538235641708,60,6.54538235641708,"{""act"": ""tanh"", ""arch"": ""mlp"", ""batch"": 128, ""batchnorm"": 0, ""calibrate_head"": 0, ""center"": ""none"", ""classes"": 10, ""dataset"": ""mnist"", ""depth"": 3, ""fb_row_norm"": 0, ""fb_scale"": 1.0, ""fb_seed"": 2, ""freeze_bias"": 0, ""freeze_out"": 0, ""head"": ""sigmoid_bce"", ""hid_lr_mult"": 1.0, ""lr"": 0.001, ""muon"": 0, ""optimizer"": ""sgd"", ""out_bias_q"": 0.7, ""out_lr_mult"": 1.0, ""out_w_scale"": 1.0, ""p0"": 0.0, ""preprocess"": ""div255"", ""rule"": ""dfa"", ""seed"": 2, ""shift_step"": 0, ""target_center"": 0, ""target_scale"": 1.0, ""whiten"": 0, ""width"": 300}",,,
E2_master,q0.85,0,0,dfa,2.3583805561065674,2.3583805561065674,0.999577522277832,0.1361946165561676,0.9375962615013124,0.6013057231903076,17.618221225601204,2.1669486865712955,4.938238927820209,7.322382614131692,50,7.322382614131692,"{""act"": ""tanh"", ""arch"": ""mlp"", ""batch"": 128, ""batchnorm"": 0, ""calibrate_head"": 0, ""center"": ""none"", ""classes"": 10, ""dataset"": ""mnist"", ""depth"": 3, ""fb_row_norm"": 0, ""fb_scale"": 1.0, ""fb_seed"": 0, ""freeze_bias"": 0, ""freeze_out"": 0, ""head"": ""sigmoid_bce"", ""hid_lr_mult"": 1.0, ""lr"": 0.001, ""muon"": 0, ""optimizer"": ""sgd"", ""out_bias_q"": 0.85, ""out_lr_mult"": 1.0, ""out_w_scale"": 1.0, ""p0"": 0.0, ""preprocess"": ""div255"", ""rule"": ""dfa"", ""seed"": 0, ""shift_step"": 0, ""target_center"": 0, ""target_scale"": 1.0, ""whiten"": 0, ""width"": 300}",,,
E2_master,q0.85,1,1,dfa,2.3819692134857178,2.3819692134857178,0.999714732170105,0.1131213381886482,0.9354498386383056,0.599600613117218,22.387643131286477,2.570640393113435,5.9517843138588455,9.77992309551482,60,9.77992309551482,"{""act"": ""tanh"", ""arch"": ""mlp"", ""batch"": 128, ""batchnorm"": 0, ""calibrate_head"": 0, ""center"": ""none"", ""classes"": 10, ""dataset"": ""mnist"", ""depth"": 3, ""fb_row_norm"": 0, ""fb_scale"": 1.0, ""fb_seed"": 1, ""freeze_bias"": 0, ""freeze_out"": 0, ""head"": ""sigmoid_bce"", ""hid_lr_mult"": 1.0, ""lr"": 0.001, ""muon"": 0, ""optimizer"": ""sgd"", ""out_bias_q"": 0.85, ""out_lr_mult"": 1.0, ""out_w_scale"": 1.0, ""p0"": 0.0, ""preprocess"": ""div255"", ""rule"": ""dfa"", ""seed"": 1, ""shift_step"": 0, ""target_center"": 0, ""target_scale"": 1.0, ""whiten"": 0, ""width"": 300}",,,
E2_master,q0.85,2,2,dfa,2.3288259506225586,2.3288259506225586,0.9996138215065002,0.1296930909156799,0.938539743423462,0.6141194105148315,18.789316323717287,2.4517075105363584,5.882303288122201,8.877839758918892,60,8.877839758918892,"{""act"": ""tanh"", ""arch"": ""mlp"", ""batch"": 128, ""batchnorm"": 0, ""calibrate_head"": 0, ""center"": ""none"", ""classes"": 10, ""dataset"": ""mnist"", ""depth"": 3, ""fb_row_norm"": 0, ""fb_scale"": 1.0, ""fb_seed"": 2, ""freeze_bias"": 0, ""freeze_out"": 0, ""head"": ""sigmoid_bce"", ""hid_lr_mult"": 1.0, ""lr"": 0.001, ""muon"": 0, ""optimizer"": ""sgd"", ""out_bias_q"": 0.85, ""out_lr_mult"": 1.0, ""out_w_scale"": 1.0, ""p0"": 0.0, ""preprocess"": ""div255"", ""rule"": ""dfa"", ""seed"": 2, ""shift_step"": 0, ""target_center"": 0, ""target_scale"": 1.0, ""whiten"": 0, ""width"": 300}",,,
E2_master,smimb0.0,0,0,dfa,0.0904107093811035,0.0904107093811035,0.2709206938743591,0.9329913258552552,0.2673662304878235,0.9613423347473145,0.073059668569246,0.7279369517423563,0.1130061242939597,0.0718519654088676,1400,0.0718519654088676,"{""act"": ""tanh"", ""arch"": ""mlp"", ""batch"": 128, ""batchnorm"": 0, ""calibrate_head"": 0, ""center"": ""none"", ""classes"": 10, ""dataset"": ""mnist"", ""depth"": 3, ""fb_row_norm"": 0, ""fb_scale"": 1.0, ""fb_seed"": 0, ""freeze_bias"": 0, ""freeze_out"": 0, ""head"": ""softmax_ce"", ""hid_lr_mult"": 1.0, ""lr"": 0.001, ""muon"": 0, ""optimizer"": ""sgd"", ""out_bias_q"": -1.0, ""out_lr_mult"": 1.0, ""out_w_scale"": 1.0, ""p0"": 0.0, ""preprocess"": ""standardize"", ""rule"": ""dfa"", ""seed"": 0, ""shift_step"": 0, ""target_center"": 0, ""target_scale"": 1.0, ""whiten"": 0, ""width"": 300}",,,
E2_master,smimb0.0,1,1,dfa,0.0930543094873428,0.0930543094873428,0.3001135885715484,0.9390146136283876,0.2783247530460357,0.9566736817359924,0.3813048838757694,4.218397712496346,0.5553259780177578,0.36930222417804,1040,0.36930222417804,"{""act"": ""tanh"", ""arch"": ""mlp"", ""batch"": 128, ""batchnorm"": 0, ""calibrate_head"": 0, ""center"": ""none"", ""classes"": 10, ""dataset"": ""mnist"", ""depth"": 3, ""fb_row_norm"": 0, ""fb_scale"": 1.0, ""fb_seed"": 1, ""freeze_bias"": 0, ""freeze_out"": 0, ""head"": ""softmax_ce"", ""hid_lr_mult"": 1.0, ""lr"": 0.001, ""muon"": 0, ""optimizer"": ""sgd"", ""out_bias_q"": -1.0, ""out_lr_mult"": 1.0, ""out_w_scale"": 1.0, ""p0"": 0.0, ""preprocess"": ""standardize"", ""rule"": ""dfa"", ""seed"": 1, ""shift_step"": 0, ""target_center"": 0, ""target_scale"": 1.0, ""whiten"": 0, ""width"": 300}",,,
E2_master,smimb0.0,2,2,dfa,0.0889791846275329,0.0889791846275329,0.3184877038002014,0.9172561764717102,0.283080130815506,0.9458945393562316,-0.0380325957226186,-2.504044157723018,-0.0731223736198111,-0.0293668917965385,1310,-0.0293668917965385,"{""act"": ""tanh"", ""arch"": ""mlp"", ""batch"": 128, ""batchnorm"": 0, ""calibrate_head"": 0, ""center"": ""none"", ""classes"": 10, ""dataset"": ""mnist"", ""depth"": 3, ""fb_row_norm"": 0, ""fb_scale"": 1.0, ""fb_seed"": 2, ""freeze_bias"": 0, ""freeze_out"": 0, ""head"": ""softmax_ce"", ""hid_lr_mult"": 1.0, ""lr"": 0.001, ""muon"": 0, ""optimizer"": ""sgd"", ""out_bias_q"": -1.0, ""out_lr_mult"": 1.0, ""out_w_scale"": 1.0, ""p0"": 0.0, ""preprocess"": ""standardize"", ""rule"": ""dfa"", ""seed"": 2, ""shift_step"": 0, ""target_center"": 0, ""target_scale"": 1.0, ""whiten"": 0, ""width"": 300}",,,
E2_master,smimb0.3,0,0,dfa,0.3266763389110565,0.3266763389110565,0.7899079322814941,0.7668554782867432,0.535287618637085,0.8673450350761414,1.987863521554866,7.775075443195717,2.535534227173597,2.156654954204595,160,2.156654954204595,"{""act"": ""tanh"", ""arch"": ""mlp"", ""batch"": 128, ""batchnorm"": 0, ""calibrate_head"": 0, ""center"": ""none"", ""classes"": 10, ""dataset"": ""mnist"", ""depth"": 3, ""fb_row_norm"": 0, ""fb_scale"": 1.0, ""fb_seed"": 0, ""freeze_bias"": 0, ""freeze_out"": 0, ""head"": ""softmax_ce"", ""hid_lr_mult"": 1.0, ""lr"": 0.001, ""muon"": 0, ""optimizer"": ""sgd"", ""out_bias_q"": -1.0, ""out_lr_mult"": 1.0, ""out_w_scale"": 1.0, ""p0"": 0.3, ""preprocess"": ""standardize"", ""rule"": ""dfa"", ""seed"": 0, ""shift_step"": 0, ""target_center"": 0, ""target_scale"": 1.0, ""whiten"": 0, ""width"": 300}",,,
E2_master,smimb0.3,1,1,dfa,0.285228431224823,0.285228431224823,0.5107192397117615,0.8781306147575378,0.4154246747493744,0.9229405522346495,1.263905536616655,7.855303909928921,1.804188812403512,1.2938459201689303,570,1.2938459201689303,"{""act"": ""tanh"", ""arch"": ""mlp"", ""batch"": 128, ""batchnorm"": 0, ""calibrate_head"": 0, ""center"": ""none"", ""classes"": 10, ""dataset"": ""mnist"", ""depth"": 3, ""fb_row_norm"": 0, ""fb_scale"": 1.0, ""fb_seed"": 1, ""freeze_bias"": 0, ""freeze_out"": 0, ""head"": ""softmax_ce"", ""hid_lr_mult"": 1.0, ""lr"": 0.001, ""muon"": 0, ""optimizer"": ""sgd"", ""out_bias_q"": -1.0, ""out_lr_mult"": 1.0, ""out_w_scale"": 1.0, ""p0"": 0.3, ""preprocess"": ""standardize"", ""rule"": ""dfa"", ""seed"": 1, ""shift_step"": 0, ""target_center"": 0, ""target_scale"": 1.0, ""whiten"": 0, ""width"": 300}",,,
E2_master,smimb0.3,2,2,dfa,0.2560378909111023,0.2560378909111023,0.6358307003974915,0.8471211194992065,0.4574989676475525,0.9079675078392028,1.647884835149787,7.516598293011691,2.2080782755320296,1.7425532246595348,140,1.7425532246595348,"{""act"": ""tanh"", ""arch"": ""mlp"", ""batch"": 128, ""batchnorm"": 0, ""calibrate_head"": 0, ""center"": ""none"", ""classes"": 10, ""dataset"": ""mnist"", ""depth"": 3, ""fb_row_norm"": 0, ""fb_scale"": 1.0, ""fb_seed"": 2, ""freeze_bias"": 0, ""freeze_out"": 0, ""head"": ""softmax_ce"", ""hid_lr_mult"": 1.0, ""lr"": 0.001, ""muon"": 0, ""optimizer"": ""sgd"", ""out_bias_q"": -1.0, ""out_lr_mult"": 1.0, ""out_w_scale"": 1.0, ""p0"": 0.3, ""preprocess"": ""standardize"", ""rule"": ""dfa"", ""seed"": 2, ""shift_step"": 0, ""target_center"": 0, ""target_scale"": 1.0, ""whiten"": 0, ""width"": 300}",,,
E2_master,smimb0.5,0,0,dfa,0.5237895250320435,0.5237895250320435,0.92973393201828,0.5617207288742065,0.6817396283149719,0.79203861951828,3.352404247547175,10.215957702696846,3.851752262774228,3.393249883477263,120,3.393249883477263,"{""act"": ""tanh"", ""arch"": ""mlp"", ""batch"": 128, ""batchnorm"": 0, ""calibrate_head"": 0, ""center"": ""none"", ""classes"": 10, ""dataset"": ""mnist"", ""depth"": 3, ""fb_row_norm"": 0, ""fb_scale"": 1.0, ""fb_seed"": 0, ""freeze_bias"": 0, ""freeze_out"": 0, ""head"": ""softmax_ce"", ""hid_lr_mult"": 1.0, ""lr"": 0.001, ""muon"": 0, ""optimizer"": ""sgd"", ""out_bias_q"": -1.0, ""out_lr_mult"": 1.0, ""out_w_scale"": 1.0, ""p0"": 0.5, ""preprocess"": ""standardize"", ""rule"": ""dfa"", ""seed"": 0, ""shift_step"": 0, ""target_center"": 0, ""target_scale"": 1.0, ""whiten"": 0, ""width"": 300}",,,
E2_master,smimb0.5,1,1,dfa,0.4821561276912689,0.4821561276912689,0.8341997265815735,0.6729760766029358,0.6178629398345947,0.8495794534683228,2.594979162078232,8.588234686825084,2.8498661713461173,2.353363529926245,90,2.353363529926245,"{""act"": ""tanh"", ""arch"": ""mlp"", ""batch"": 128, ""batchnorm"": 0, ""calibrate_head"": 0, ""center"": ""none"", ""classes"": 10, ""dataset"": ""mnist"", ""depth"": 3, ""fb_row_norm"": 0, ""fb_scale"": 1.0, ""fb_seed"": 1, ""freeze_bias"": 0, ""freeze_out"": 0, ""head"": ""softmax_ce"", ""hid_lr_mult"": 1.0, ""lr"": 0.001, ""muon"": 0, ""optimizer"": ""sgd"", ""out_bias_q"": -1.0, ""out_lr_mult"": 1.0, ""out_w_scale"": 1.0, ""p0"": 0.5, ""preprocess"": ""standardize"", ""rule"": ""dfa"", ""seed"": 1, ""shift_step"": 0, ""target_center"": 0, ""target_scale"": 1.0, ""whiten"": 0, ""width"": 300}",,,
E2_master,smimb0.5,2,2,dfa,0.4553234577178955,0.4553234577178955,0.8619690537452698,0.6449952125549316,0.6280475854873657,0.8356136679649353,3.2503286958526125,9.952264119430351,3.5709669076389,3.072146681785177,110,3.072146681785177,"{""act"": ""tanh"", ""arch"": ""mlp"", ""batch"": 128, ""batchnorm"": 0, ""calibrate_head"": 0, ""center"": ""none"", ""classes"": 10, ""dataset"": ""mnist"", ""depth"": 3, ""fb_row_norm"": 0, ""fb_scale"": 1.0, ""fb_seed"": 2, ""freeze_bias"": 0, ""freeze_out"": 0, ""head"": ""softmax_ce"", ""hid_lr_mult"": 1.0, ""lr"": 0.001, ""muon"": 0, ""optimizer"": ""sgd"", ""out_bias_q"": -1.0, ""out_lr_mult"": 1.0, ""out_w_scale"": 1.0, ""p0"": 0.5, ""preprocess"": ""standardize"", ""rule"": ""dfa"", ""seed"": 2, ""shift_step"": 0, ""target_center"": 0, ""target_scale"": 1.0, ""whiten"": 0, ""width"": 300}",,,
E2_master,smimb0.7,0,0,dfa,0.7122783064842224,0.7122783064842224,0.977142870426178,0.3948386013507843,0.7959622144699097,0.6730430126190186,4.950661822918785,12.644413930352732,4.9301982422683,4.281358019060312,80,4.281358019060312,"{""act"": ""tanh"", ""arch"": ""mlp"", ""batch"": 128, ""batchnorm"": 0, ""calibrate_head"": 0, ""center"": ""none"", ""classes"": 10, ""dataset"": ""mnist"", ""depth"": 3, ""fb_row_norm"": 0, ""fb_scale"": 1.0, ""fb_seed"": 0, ""freeze_bias"": 0, ""freeze_out"": 0, ""head"": ""softmax_ce"", ""hid_lr_mult"": 1.0, ""lr"": 0.001, ""muon"": 0, ""optimizer"": ""sgd"", ""out_bias_q"": -1.0, ""out_lr_mult"": 1.0, ""out_w_scale"": 1.0, ""p0"": 0.7, ""preprocess"": ""standardize"", ""rule"": ""dfa"", ""seed"": 0, ""shift_step"": 0, ""target_center"": 0, ""target_scale"": 1.0, ""whiten"": 0, ""width"": 300}",,,
E2_master,smimb0.7,1,1,dfa,0.6788398027420044,0.6788398027420044,0.954731285572052,0.4653670787811279,0.7578212022781372,0.7327632308006287,4.256516004976185,11.468181081373604,4.140063657036078,3.533241902925604,70,3.533241902925604,"{""act"": ""tanh"", ""arch"": ""mlp"", ""batch"": 128, ""batchnorm"": 0, ""calibrate_head"": 0, ""center"": ""none"", ""classes"": 10, ""dataset"": ""mnist"", ""depth"": 3, ""fb_row_norm"": 0, ""fb_scale"": 1.0, ""fb_seed"": 1, ""freeze_bias"": 0, ""freeze_out"": 0, ""head"": ""softmax_ce"", ""hid_lr_mult"": 1.0, ""lr"": 0.001, ""muon"": 0, ""optimizer"": ""sgd"", ""out_bias_q"": -1.0, ""out_lr_mult"": 1.0, ""out_w_scale"": 1.0, ""p0"": 0.7, ""preprocess"": ""standardize"", ""rule"": ""dfa"", ""seed"": 1, ""shift_step"": 0, ""target_center"": 0, ""target_scale"": 1.0, ""whiten"": 0, ""width"": 300}",,,
E2_master,smimb0.7,2,2,dfa,0.6453593969345093,0.6453593969345093,0.9464222192764282,0.4311050474643707,0.756110429763794,0.7265956401824951,5.238551182362372,12.834377709375945,4.913321888865803,4.257071070652932,80,4.257071070652932,"{""act"": ""tanh"", ""arch"": ""mlp"", ""batch"": 128, ""batchnorm"": 0, ""calibrate_head"": 0, ""center"": ""none"", ""classes"": 10, ""dataset"": ""mnist"", ""depth"": 3, ""fb_row_norm"": 0, ""fb_scale"": 1.0, ""fb_seed"": 2, ""freeze_bias"": 0, ""freeze_out"": 0, ""head"": ""softmax_ce"", ""hid_lr_mult"": 1.0, ""lr"": 0.001, ""muon"": 0, ""optimizer"": ""sgd"", ""out_bias_q"": -1.0, ""out_lr_mult"": 1.0, ""out_w_scale"": 1.0, ""p0"": 0.7, ""preprocess"": ""standardize"", ""rule"": ""dfa"", ""seed"": 2, ""shift_step"": 0, ""target_center"": 0, ""target_scale"": 1.0, ""whiten"": 0, ""width"": 300}",,,
E2_master,smimb0.9,0,0,dfa,0.8996421694755554,0.8996421694755554,0.9958658218383788,0.2606160044670105,0.9053364396095276,0.4548607468605041,7.530732458112464,16.889725621522178,6.571563283313808,5.5826525590358935,70,5.5826525590358935,"{""act"": ""tanh"", ""arch"": ""mlp"", ""batch"": 128, ""batchnorm"": 0, ""calibrate_head"": 0, ""center"": ""none"", ""classes"": 10, ""dataset"": ""mnist"", ""depth"": 3, ""fb_row_norm"": 0, ""fb_scale"": 1.0, ""fb_seed"": 0, ""freeze_bias"": 0, ""freeze_out"": 0, ""head"": ""softmax_ce"", ""hid_lr_mult"": 1.0, ""lr"": 0.001, ""muon"": 0, ""optimizer"": ""sgd"", ""out_bias_q"": -1.0, ""out_lr_mult"": 1.0, ""out_w_scale"": 1.0, ""p0"": 0.9, ""preprocess"": ""standardize"", ""rule"": ""dfa"", ""seed"": 0, ""shift_step"": 0, ""target_center"": 0, ""target_scale"": 1.0, ""whiten"": 0, ""width"": 300}",,,
E2_master,smimb0.9,1,1,dfa,0.8892183899879456,0.8892183899879456,0.9914958477020264,0.2798287272453308,0.8756266832351685,0.5298134684562683,6.609100545006114,15.561444917341946,5.686275659032671,4.8489419527867845,60,4.8489419527867845,"{""act"": ""tanh"", ""arch"": ""mlp"", ""batch"": 128, ""batchnorm"": 0, ""calibrate_head"": 0, ""center"": ""none"", ""classes"": 10, ""dataset"": ""mnist"", ""depth"": 3, ""fb_row_norm"": 0, ""fb_scale"": 1.0, ""fb_seed"": 1, ""freeze_bias"": 0, ""freeze_out"": 0, ""head"": ""softmax_ce"", ""hid_lr_mult"": 1.0, ""lr"": 0.001, ""muon"": 0, ""optimizer"": ""sgd"", ""out_bias_q"": -1.0, ""out_lr_mult"": 1.0, ""out_w_scale"": 1.0, ""p0"": 0.9, ""preprocess"": ""standardize"", ""rule"": ""dfa"", ""seed"": 1, ""shift_step"": 0, ""target_center"": 0, ""target_scale"": 1.0, ""whiten"": 0, ""width"": 300}",,,
E2_master,smimb0.9,2,2,dfa,0.8526653051376343,0.8526653051376343,0.9876720309257508,0.2495361715555191,0.8776198625564575,0.5027544498443604,7.739077937805777,16.982003732321193,6.510284228746343,5.543458830109938,70,5.543458830109938,"{""act"": ""tanh"", ""arch"": ""mlp"", ""batch"": 128, ""batchnorm"": 0, ""calibrate_head"": 0, ""center"": ""none"", ""classes"": 10, ""dataset"": ""mnist"", ""depth"": 3, ""fb_row_norm"": 0, ""fb_scale"": 1.0, ""fb_seed"": 2, ""freeze_bias"": 0, ""freeze_out"": 0, ""head"": ""softmax_ce"", ""hid_lr_mult"": 1.0, ""lr"": 0.001, ""muon"": 0, ""optimizer"": ""sgd"", ""out_bias_q"": -1.0, ""out_lr_mult"": 1.0, ""out_w_scale"": 1.0, ""p0"": 0.9, ""preprocess"": ""standardize"", ""rule"": ""dfa"", ""seed"": 2, ""shift_step"": 0, ""target_center"": 0, ""target_scale"": 1.0, ""whiten"": 0, ""width"": 300}",,,
E2_master,w100,0,0,dfa,1.3024075031280518,1.3024075031280518,0.9995160102844238,0.2048351913690567,0.9551441669464112,0.46567302942276,10.876016214236346,4.64306939951896,5.684403409633846,6.472837878897334,210,6.472837878897334,"{""act"": ""tanh"", ""arch"": ""mlp"", ""batch"": 128, ""batchnorm"": 0, ""calibrate_head"": 0, ""center"": ""none"", ""classes"": 10, ""dataset"": ""mnist"", ""depth"": 3, ""fb_row_norm"": 0, ""fb_scale"": 1.0, ""fb_seed"": 0, ""freeze_bias"": 0, ""freeze_out"": 0, ""head"": ""sigmoid_bce"", ""hid_lr_mult"": 1.0, ""lr"": 0.001, ""muon"": 0, ""optimizer"": ""sgd"", ""out_bias_q"": -1.0, ""out_lr_mult"": 1.0, ""out_w_scale"": 1.0, ""p0"": 0.0, ""preprocess"": ""div255"", ""rule"": ""dfa"", ""seed"": 0, ""shift_step"": 0, ""target_center"": 0, ""target_scale"": 1.0, ""whiten"": 0, ""width"": 100}",,,
E2_master,w100,1,1,dfa,1.2406100034713743,1.2406100034713743,0.999770998954773,0.1454847753047943,0.966860055923462,0.4480301141738891,11.818052163587724,5.140314659030628,6.730718638931663,7.67800124086783,220,7.67800124086783,"{""act"": ""tanh"", ""arch"": ""mlp"", ""batch"": 128, ""batchnorm"": 0, ""calibrate_head"": 0, ""center"": ""none"", ""classes"": 10, ""dataset"": ""mnist"", ""depth"": 3, ""fb_row_norm"": 0, ""fb_scale"": 1.0, ""fb_seed"": 1, ""freeze_bias"": 0, ""freeze_out"": 0, ""head"": ""sigmoid_bce"", ""hid_lr_mult"": 1.0, ""lr"": 0.001, ""muon"": 0, ""optimizer"": ""sgd"", ""out_bias_q"": -1.0, ""out_lr_mult"": 1.0, ""out_w_scale"": 1.0, ""p0"": 0.0, ""preprocess"": ""div255"", ""rule"": ""dfa"", ""seed"": 1, ""shift_step"": 0, ""target_center"": 0, ""target_scale"": 1.0, ""whiten"": 0, ""width"": 100}",,,
E2_master,w100,2,2,dfa,1.2441259622573853,1.2441259622573853,0.9989967942237854,0.2480090409517288,0.9529518485069276,0.5002915263175964,8.159965124818925,3.980580479532069,4.478786814566002,4.764063270524027,190,4.764063270524027,"{""act"": ""tanh"", ""arch"": ""mlp"", ""batch"": 128, ""batchnorm"": 0, ""calibrate_head"": 0, ""center"": ""none"", ""classes"": 10, ""dataset"": ""mnist"", ""depth"": 3, ""fb_row_norm"": 0, ""fb_scale"": 1.0, ""fb_seed"": 2, ""freeze_bias"": 0, ""freeze_out"": 0, ""head"": ""sigmoid_bce"", ""hid_lr_mult"": 1.0, ""lr"": 0.001, ""muon"": 0, ""optimizer"": ""sgd"", ""out_bias_q"": -1.0, ""out_lr_mult"": 1.0, ""out_w_scale"": 1.0, ""p0"": 0.0, ""preprocess"": ""div255"", ""rule"": ""dfa"", ""seed"": 2, ""shift_step"": 0, ""target_center"": 0, ""target_scale"": 1.0, ""whiten"": 0, ""width"": 100}",,,
E2_master,w2000,0,0,dfa,1.307459592819214,1.307459592819214,0.9955174922943116,0.3102079331874847,0.7682828903198242,0.937188446521759,16.02570717767891,0.3920675980229292,1.0563007969511442,2.696443919266343,20,2.696443919266343,"{""act"": ""tanh"", ""arch"": ""mlp"", ""batch"": 128, ""batchnorm"": 0, ""calibrate_head"": 0, ""center"": ""none"", ""classes"": 10, ""dataset"": ""mnist"", ""depth"": 3, ""fb_row_norm"": 0, ""fb_scale"": 1.0, ""fb_seed"": 0, ""freeze_bias"": 0, ""freeze_out"": 0, ""head"": ""sigmoid_bce"", ""hid_lr_mult"": 1.0, ""lr"": 0.001, ""muon"": 0, ""optimizer"": ""sgd"", ""out_bias_q"": -1.0, ""out_lr_mult"": 1.0, ""out_w_scale"": 1.0, ""p0"": 0.0, ""preprocess"": ""div255"", ""rule"": ""dfa"", ""seed"": 0, ""shift_step"": 0, ""target_center"": 0, ""target_scale"": 1.0, ""whiten"": 0, ""width"": 2000}",,,
E2_master,w2000,1,1,dfa,1.2969131469726562,1.2969131469726562,0.9969070553779602,0.2720822393894195,0.7959744930267334,0.938468337059021,16.48152245081394,0.4034569328732733,1.1836716810273815,3.2613002138146423,20,3.2613002138146423,"{""act"": ""tanh"", ""arch"": ""mlp"", ""batch"": 128, ""batchnorm"": 0, ""calibrate_head"": 0, ""center"": ""none"", ""classes"": 10, ""dataset"": ""mnist"", ""depth"": 3, ""fb_row_norm"": 0, ""fb_scale"": 1.0, ""fb_seed"": 1, ""freeze_bias"": 0, ""freeze_out"": 0, ""head"": ""sigmoid_bce"", ""hid_lr_mult"": 1.0, ""lr"": 0.001, ""muon"": 0, ""optimizer"": ""sgd"", ""out_bias_q"": -1.0, ""out_lr_mult"": 1.0, ""out_w_scale"": 1.0, ""p0"": 0.0, ""preprocess"": ""div255"", ""rule"": ""dfa"", ""seed"": 1, ""shift_step"": 0, ""target_center"": 0, ""target_scale"": 1.0, ""whiten"": 0, ""width"": 2000}",,,
E2_master,w2000,2,2,dfa,1.2322776317596436,1.2322776317596436,0.9978361129760742,0.2127914130687713,0.8027698993682861,0.9411906599998474,18.220992255716176,0.4566883921391436,1.4382990661126742,4.344085637663071,20,4.344085637663071,"{""act"": ""tanh"", ""arch"": ""mlp"", ""batch"": 128, ""batchnorm"": 0, ""calibrate_head"": 0, ""center"": ""none"", ""classes"": 10, ""dataset"": ""mnist"", ""depth"": 3, ""fb_row_norm"": 0, ""fb_scale"": 1.0, ""fb_seed"": 2, ""freeze_bias"": 0, ""freeze_out"": 0, ""head"": ""sigmoid_bce"", ""hid_lr_mult"": 1.0, ""lr"": 0.001, ""muon"": 0, ""optimizer"": ""sgd"", ""out_bias_q"": -1.0, ""out_lr_mult"": 1.0, ""out_w_scale"": 1.0, ""p0"": 0.0, ""preprocess"": ""div255"", ""rule"": ""dfa"", ""seed"": 2, ""shift_step"": 0, ""target_center"": 0, ""target_scale"": 1.0, ""whiten"": 0, ""width"": 2000}",,,
E2_master,w300,0,0,dfa,1.2692182064056396,1.2692182064056396,0.9980725646018982,0.2263269871473312,0.894025981426239,0.7242494821548462,10.99276343240507,1.4921227197202316,2.540925627593533,3.676325601922509,70,3.676325601922509,"{""act"": ""tanh"", ""arch"": ""mlp"", ""batch"": 128, ""batchnorm"": 0, ""calibrate_head"": 0, ""center"": ""none"", ""classes"": 10, ""dataset"": ""mnist"", ""depth"": 3, ""fb_row_norm"": 0, ""fb_scale"": 1.0, ""fb_seed"": 0, ""freeze_bias"": 0, ""freeze_out"": 0, ""head"": ""sigmoid_bce"", ""hid_lr_mult"": 1.0, ""lr"": 0.001, ""muon"": 0, ""optimizer"": ""sgd"", ""out_bias_q"": -1.0, ""out_lr_mult"": 1.0, ""out_w_scale"": 1.0, ""p0"": 0.0, ""preprocess"": ""div255"", ""rule"": ""dfa"", ""seed"": 0, ""shift_step"": 0, ""target_center"": 0, ""target_scale"": 1.0, ""whiten"": 0, ""width"": 300}",,,
E2_master,w300,1,1,dfa,1.3514316082000732,1.3514316082000732,0.9989032745361328,0.1923276931047439,0.9021816849708556,0.6914756894111633,14.995635237558703,1.8664388013642907,3.418635580270249,5.577569118587211,80,5.577569118587211,"{""act"": ""tanh"", ""arch"": ""mlp"", ""batch"": 128, ""batchnorm"": 0, ""calibrate_head"": 0, ""center"": ""none"", ""classes"": 10, ""dataset"": ""mnist"", ""depth"": 3, ""fb_row_norm"": 0, ""fb_scale"": 1.0, ""fb_seed"": 1, ""freeze_bias"": 0, ""freeze_out"": 0, ""head"": ""sigmoid_bce"", ""hid_lr_mult"": 1.0, ""lr"": 0.001, ""muon"": 0, ""optimizer"": ""sgd"", ""out_bias_q"": -1.0, ""out_lr_mult"": 1.0, ""out_w_scale"": 1.0, ""p0"": 0.0, ""preprocess"": ""div255"", ""rule"": ""dfa"", ""seed"": 1, ""shift_step"": 0, ""target_center"": 0, ""target_scale"": 1.0, ""whiten"": 0, ""width"": 300}",,,
E2_master,w300,2,2,dfa,1.247653603553772,1.247653603553772,0.9982762932777404,0.2242631614208221,0.9032276272773744,0.7118026614189148,11.991215389942887,1.7945374288185971,3.412173004859885,5.0140220285374095,80,5.0140220285374095,"{""act"": ""tanh"", ""arch"": ""mlp"", ""batch"": 128, ""batchnorm"": 0, ""calibrate_head"": 0, ""center"": ""none"", ""classes"": 10, ""dataset"": ""mnist"", ""depth"": 3, ""fb_row_norm"": 0, ""fb_scale"": 1.0, ""fb_seed"": 2, ""freeze_bias"": 0, ""freeze_out"": 0, ""head"": ""sigmoid_bce"", ""hid_lr_mult"": 1.0, ""lr"": 0.001, ""muon"": 0, ""optimizer"": ""sgd"", ""out_bias_q"": -1.0, ""out_lr_mult"": 1.0, ""out_w_scale"": 1.0, ""p0"": 0.0, ""preprocess"": ""div255"", ""rule"": ""dfa"", ""seed"": 2, ""shift_step"": 0, ""target_center"": 0, ""target_scale"": 1.0, ""whiten"": 0, ""width"": 300}",,,
E2_master,w900,0,0,dfa,1.3030184507369995,1.3030184507369995,0.9963070154190063,0.2868401408195495,0.8257927894592285,0.8901435136795044,14.119588650260091,0.646821832417749,1.444379871070126,2.66031583430914,30,2.66031583430914,"{""act"": ""tanh"", ""arch"": ""mlp"", ""batch"": 128, ""batchnorm"": 0, ""calibrate_head"": 0, ""center"": ""none"", ""classes"": 10, ""dataset"": ""mnist"", ""depth"": 3, ""fb_row_norm"": 0, ""fb_scale"": 1.0, ""fb_seed"": 0, ""freeze_bias"": 0, ""freeze_out"": 0, ""head"": ""sigmoid_bce"", ""hid_lr_mult"": 1.0, ""lr"": 0.001, ""muon"": 0, ""optimizer"": ""sgd"", ""out_bias_q"": -1.0, ""out_lr_mult"": 1.0, ""out_w_scale"": 1.0, ""p0"": 0.0, ""preprocess"": ""div255"", ""rule"": ""dfa"", ""seed"": 0, ""shift_step"": 0, ""target_center"": 0, ""target_scale"": 1.0, ""whiten"": 0, ""width"": 900}",,,
E2_master,w900,1,1,dfa,1.2544859647750854,1.2544859647750854,0.9977247714996338,0.2202210277318954,0.8486711382865906,0.8777108788490295,16.40375474155931,0.7288755408073125,1.879207958504805,4.02029272829695,30,4.02029272829695,"{""act"": ""tanh"", ""arch"": ""mlp"", ""batch"": 128, ""batchnorm"": 0, ""calibrate_head"": 0, ""center"": ""none"", ""classes"": 10, ""dataset"": ""mnist"", ""depth"": 3, ""fb_row_norm"": 0, ""fb_scale"": 1.0, ""fb_seed"": 1, ""freeze_bias"": 0, ""freeze_out"": 0, ""head"": ""sigmoid_bce"", ""hid_lr_mult"": 1.0, ""lr"": 0.001, ""muon"": 0, ""optimizer"": ""sgd"", ""out_bias_q"": -1.0, ""out_lr_mult"": 1.0, ""out_w_scale"": 1.0, ""p0"": 0.0, ""preprocess"": ""div255"", ""rule"": ""dfa"", ""seed"": 1, ""shift_step"": 0, ""target_center"": 0, ""target_scale"": 1.0, ""whiten"": 0, ""width"": 900}",,,
E2_master,w900,2,2,dfa,1.29091215133667,1.29091215133667,0.9981799721717834,0.2064004838466644,0.8474748134613037,0.8713403940200806,16.917299560166683,0.7594798742146095,2.1175707968002064,4.655482804863,30,4.655482804863,"{""act"": ""tanh"", ""arch"": ""mlp"", ""batch"": 128, ""batchnorm"": 0, ""calibrate_head"": 0, ""center"": ""none"", ""classes"": 10, ""dataset"": ""mnist"", ""depth"": 3, ""fb_row_norm"": 0, ""fb_scale"": 1.0, ""fb_seed"": 2, ""freeze_bias"": 0, ""freeze_out"": 0, ""head"": ""sigmoid_bce"", ""hid_lr_mult"": 1.0, ""lr"": 0.001, ""muon"": 0, ""optimizer"": ""sgd"", ""out_bias_q"": -1.0, ""out_lr_mult"": 1.0, ""out_w_scale"": 1.0, ""p0"": 0.0, ""preprocess"": ""div255"", ""rule"": ""dfa"", ""seed"": 2, ""shift_step"": 0, ""target_center"": 0, ""target_scale"": 1.0, ""whiten"": 0, ""width"": 900}",,,
E5_recovery,h0.25_o0.3_g0.3,0,0,dfa,0.38076546192169186,1.2692182064056396,0.9762008190155028,0.7521852254867554,0.7956164479255676,0.9004145264625549,2.005412522286136,0.7754469927927043,0.765680795736412,0.8645462069706084,430,0.8645462069706084,"{""act"": ""tanh"", ""arch"": ""mlp"", ""batch"": 128, ""batchnorm"": 0, ""calibrate_head"": 0, ""center"": ""none"", ""classes"": 10, ""dataset"": ""mnist"", ""depth"": 3, ""fb_row_norm"": 0, ""fb_scale"": 0.3, ""fb_seed"": 0, ""freeze_bias"": 0, ""freeze_out"": 0, ""head"": ""sigmoid_bce"", ""hid_lr_mult"": 0.25, ""lr"": 0.001, ""muon"": 0, ""optimizer"": ""sgd"", ""out_bias_q"": -1.0, ""out_lr_mult"": 0.3, ""out_w_scale"": 1.0, ""p0"": 0.0, ""preprocess"": ""div255"", ""rule"": ""dfa"", ""seed"": 0, ""shift_step"": 0, ""target_center"": 0, ""target_scale"": 1.0, ""whiten"": 0, ""width"": 300}",,,
E5_recovery,h0.25_o0.3_g0.3,1,1,dfa,0.405429482460022,1.3514316082000732,0.9829264283180236,0.6669277548789978,0.8056259751319885,0.8887617588043213,2.5500789316865515,0.890004140312253,0.878139662001891,1.142377697397646,410,1.142377697397646,"{""act"": ""tanh"", ""arch"": ""mlp"", ""batch"": 128, ""batchnorm"": 0, ""calibrate_head"": 0, ""center"": ""none"", ""classes"": 10, ""dataset"": ""mnist"", ""depth"": 3, ""fb_row_norm"": 0, ""fb_scale"": 0.3, ""fb_seed"": 1, ""freeze_bias"": 0, ""freeze_out"": 0, ""head"": ""sigmoid_bce"", ""hid_lr_mult"": 0.25, ""lr"": 0.001, ""muon"": 0, ""optimizer"": ""sgd"", ""out_bias_q"": -1.0, ""out_lr_mult"": 0.3, ""out_w_scale"": 1.0, ""p0"": 0.0, ""preprocess"": ""div255"", ""rule"": ""dfa"", ""seed"": 1, ""shift_step"": 0, ""target_center"": 0, ""target_scale"": 1.0, ""whiten"": 0, ""width"": 300}",,,
E5_recovery,h0.25_o0.3_g1.0,0,0,dfa,1.2692182064056396,1.2692182064056396,0.9970900416374208,0.2763068675994873,0.8805596828460693,0.7563117146492004,9.313154627465506,1.3225456495529797,2.056701388664873,2.898473968872579,240,2.898473968872579,"{""act"": ""tanh"", ""arch"": ""mlp"", ""batch"": 128, ""batchnorm"": 0, ""calibrate_head"": 0, ""center"": ""none"", ""classes"": 10, ""dataset"": ""mnist"", ""depth"": 3, ""fb_row_norm"": 0, ""fb_scale"": 1.0, ""fb_seed"": 0, ""freeze_bias"": 0, ""freeze_out"": 0, ""head"": ""sigmoid_bce"", ""hid_lr_mult"": 0.25, ""lr"": 0.001, ""muon"": 0, ""optimizer"": ""sgd"", ""out_bias_q"": -1.0, ""out_lr_mult"": 0.3, ""out_w_scale"": 1.0, ""p0"": 0.0, ""preprocess"": ""div255"", ""rule"": ""dfa"", ""seed"": 0, ""shift_step"": 0, ""target_center"": 0, ""target_scale"": 1.0, ""whiten"": 0, ""width"": 300}",,,
E5_recovery,h0.25_o0.3_g1.0,1,1,dfa,1.3514316082000732,1.3514316082000732,0.9983687400817872,0.2315605580806732,0.8903125524520874,0.7253239750862122,12.574449239649908,1.6205822475937732,2.6783394921417094,4.31584701231047,260,4.31584701231047,"{""act"": ""tanh"", ""arch"": ""mlp"", ""batch"": 128, ""batchnorm"": 0, ""calibrate_head"": 0, ""center"": ""none"", ""classes"": 10, ""dataset"": ""mnist"", ""depth"": 3, ""fb_row_norm"": 0, ""fb_scale"": 1.0, ""fb_seed"": 1, ""freeze_bias"": 0, ""freeze_out"": 0, ""head"": ""sigmoid_bce"", ""hid_lr_mult"": 0.25, ""lr"": 0.001, ""muon"": 0, ""optimizer"": ""sgd"", ""out_bias_q"": -1.0, ""out_lr_mult"": 0.3, ""out_w_scale"": 1.0, ""p0"": 0.0, ""preprocess"": ""div255"", ""rule"": ""dfa"", ""seed"": 1, ""shift_step"": 0, ""target_center"": 0, ""target_scale"": 1.0, ""whiten"": 0, ""width"": 300}",,,
E5_recovery,h0.25_o0.3_g3.0,0,0,dfa,3.807654619216919,1.2692182064056396,0.9995938539505004,0.1094317510724067,0.9338732957839966,0.5853163599967957,36.2169286135472,2.592328331295429,6.686738918244776,10.387187534362765,180,10.387187534362765,"{""act"": ""tanh"", ""arch"": ""mlp"", ""batch"": 128, ""batchnorm"": 0, ""calibrate_head"": 0, ""center"": ""none"", ""classes"": 10, ""dataset"": ""mnist"", ""depth"": 3, ""fb_row_norm"": 0, ""fb_scale"": 3.0, ""fb_seed"": 0, ""freeze_bias"": 0, ""freeze_out"": 0, ""head"": ""sigmoid_bce"", ""hid_lr_mult"": 0.25, ""lr"": 0.001, ""muon"": 0, ""optimizer"": ""sgd"", ""out_bias_q"": -1.0, ""out_lr_mult"": 0.3, ""out_w_scale"": 1.0, ""p0"": 0.0, ""preprocess"": ""div255"", ""rule"": ""dfa"", ""seed"": 0, ""shift_step"": 0, ""target_center"": 0, ""target_scale"": 1.0, ""whiten"": 0, ""width"": 300}",,,
E5_recovery,h0.25_o0.3_g3.0,1,1,dfa,4.05429482460022,1.3514316082000732,0.9997936487197876,0.0930141806602478,0.9377101063728333,0.5575818419456482,48.12373844359031,3.205644059311417,8.673693355032167,14.357871003364782,180,14.357871003364782,"{""act"": ""tanh"", ""arch"": ""mlp"", ""batch"": 128, ""batchnorm"": 0, ""calibrate_head"": 0, ""center"": ""none"", ""classes"": 10, ""dataset"": ""mnist"", ""depth"": 3, ""fb_row_norm"": 0, ""fb_scale"": 3.0, ""fb_seed"": 1, ""freeze_bias"": 0, ""freeze_out"": 0, ""head"": ""sigmoid_bce"", ""hid_lr_mult"": 0.25, ""lr"": 0.001, ""muon"": 0, ""optimizer"": ""sgd"", ""out_bias_q"": -1.0, ""out_lr_mult"": 0.3, ""out_w_scale"": 1.0, ""p0"": 0.0, ""preprocess"": ""div255"", ""rule"": ""dfa"", ""seed"": 1, ""shift_step"": 0, ""target_center"": 0, ""target_scale"": 1.0, ""whiten"": 0, ""width"": 300}",,,
E5_recovery,h0.25_o1.0_g0.3,0,0,dfa,0.38076546192169186,1.2692182064056396,0.8808788061141968,0.9065116047859192,0.6886817812919617,0.9423118233680724,0.9424010687143124,0.4899391799562148,0.3369964498626274,0.3210613635203853,270,0.3210613635203853,"{""act"": ""tanh"", ""arch"": ""mlp"", ""batch"": 128, ""batchnorm"": 0, ""calibrate_head"": 0, ""center"": ""none"", ""classes"": 10, ""dataset"": ""mnist"", ""depth"": 3, ""fb_row_norm"": 0, ""fb_scale"": 0.3, ""fb_seed"": 0, ""freeze_bias"": 0, ""freeze_out"": 0, ""head"": ""sigmoid_bce"", ""hid_lr_mult"": 0.25, ""lr"": 0.001, ""muon"": 0, ""optimizer"": ""sgd"", ""out_bias_q"": -1.0, ""out_lr_mult"": 1.0, ""out_w_scale"": 1.0, ""p0"": 0.0, ""preprocess"": ""div255"", ""rule"": ""dfa"", ""seed"": 0, ""shift_step"": 0, ""target_center"": 0, ""target_scale"": 1.0, ""whiten"": 0, ""width"": 300}",,,
E5_recovery,h0.25_o1.0_g0.3,1,1,dfa,0.405429482460022,1.3514316082000732,0.9057810306549072,0.8661593198776245,0.6973438262939453,0.9379592537879944,1.0300354359277475,0.5587077785584988,0.3765166837731063,0.3973469030862486,260,0.3973469030862486,"{""act"": ""tanh"", ""arch"": ""mlp"", ""batch"": 128, ""batchnorm"": 0, ""calibrate_head"": 0, ""center"": ""none"", ""classes"": 10, ""dataset"": ""mnist"", ""depth"": 3, ""fb_row_norm"": 0, ""fb_scale"": 0.3, ""fb_seed"": 1, ""freeze_bias"": 0, ""freeze_out"": 0, ""head"": ""sigmoid_bce"", ""hid_lr_mult"": 0.25, ""lr"": 0.001, ""muon"": 0, ""optimizer"": ""sgd"", ""out_bias_q"": -1.0, ""out_lr_mult"": 1.0, ""out_w_scale"": 1.0, ""p0"": 0.0, ""preprocess"": ""div255"", ""rule"": ""dfa"", ""seed"": 1, ""shift_step"": 0, ""target_center"": 0, ""target_scale"": 1.0, ""whiten"": 0, ""width"": 300}",,,
E5_recovery,h0.25_o1.0_g1.0,0,0,dfa,1.2692182064056396,1.2692182064056396,0.976465344429016,0.6099697351455688,0.7970988750457764,0.869854748249054,3.5440779199462304,0.7802936443906743,0.772714122360723,0.8706879538755148,130,0.8706879538755148,"{""act"": ""tanh"", ""arch"": ""mlp"", ""batch"": 128, ""batchnorm"": 0, ""calibrate_head"": 0, ""center"": ""none"", ""classes"": 10, ""dataset"": ""mnist"", ""depth"": 3, ""fb_row_norm"": 0, ""fb_scale"": 1.0, ""fb_seed"": 0, ""freeze_bias"": 0, ""freeze_out"": 0, ""head"": ""sigmoid_bce"", ""hid_lr_mult"": 0.25, ""lr"": 0.001, ""muon"": 0, ""optimizer"": ""sgd"", ""out_bias_q"": -1.0, ""out_lr_mult"": 1.0, ""out_w_scale"": 1.0, ""p0"": 0.0, ""preprocess"": ""div255"", ""rule"": ""dfa"", ""seed"": 0, ""shift_step"": 0, ""target_center"": 0, ""target_scale"": 1.0, ""whiten"": 0, ""width"": 300}",,,
E5_recovery,h0.25_o1.0_g1.0,1,1,dfa,1.3514316082000732,1.3514316082000732,0.98320335149765,0.5553353428840637,0.8071798086166382,0.8600757122039795,4.198343729289037,0.8914930439046099,0.8760840404623147,1.134764118110602,120,1.134764118110602,"{""act"": ""tanh"", ""arch"": ""mlp"", ""batch"": 128, ""batchnorm"": 0, ""calibrate_head"": 0, ""center"": ""none"", ""classes"": 10, ""dataset"": ""mnist"", ""depth"": 3, ""fb_row_norm"": 0, ""fb_scale"": 1.0, ""fb_seed"": 1, ""freeze_bias"": 0, ""freeze_out"": 0, ""head"": ""sigmoid_bce"", ""hid_lr_mult"": 0.25, ""lr"": 0.001, ""muon"": 0, ""optimizer"": ""sgd"", ""out_bias_q"": -1.0, ""out_lr_mult"": 1.0, ""out_w_scale"": 1.0, ""p0"": 0.0, ""preprocess"": ""div255"", ""rule"": ""dfa"", ""seed"": 1, ""shift_step"": 0, ""target_center"": 0, ""target_scale"": 1.0, ""whiten"": 0, ""width"": 300}",,,
E5_recovery,h0.25_o1.0_g3.0,0,0,dfa,3.807654619216919,1.2692182064056396,0.9966342449188232,0.2889012694358825,0.8768336772918701,0.7630845308303833,11.680754334826684,1.2902510213855636,1.9522203635694968,2.7061396157902724,80,2.7061396157902724,"{""act"": ""tanh"", ""arch"": ""mlp"", ""batch"": 128, ""batchnorm"": 0, ""calibrate_head"": 0, ""center"": ""none"", ""classes"": 10, ""dataset"": ""mnist"", ""depth"": 3, ""fb_row_norm"": 0, ""fb_scale"": 3.0, ""fb_seed"": 0, ""freeze_bias"": 0, ""freeze_out"": 0, ""head"": ""sigmoid_bce"", ""hid_lr_mult"": 0.25, ""lr"": 0.001, ""muon"": 0, ""optimizer"": ""sgd"", ""out_bias_q"": -1.0, ""out_lr_mult"": 1.0, ""out_w_scale"": 1.0, ""p0"": 0.0, ""preprocess"": ""div255"", ""rule"": ""dfa"", ""seed"": 0, ""shift_step"": 0, ""target_center"": 0, ""target_scale"": 1.0, ""whiten"": 0, ""width"": 300}",,,
E5_recovery,h0.25_o1.0_g3.0,1,1,dfa,4.05429482460022,1.3514316082000732,0.9979564547538756,0.2481132447719574,0.8858180642127991,0.7331833839416504,15.044490184559372,1.5454878914056318,2.4336314691471186,3.843177182463471,80,3.843177182463471,"{""act"": ""tanh"", ""arch"": ""mlp"", ""batch"": 128, ""batchnorm"": 0, ""calibrate_head"": 0, ""center"": ""none"", ""classes"": 10, ""dataset"": ""mnist"", ""depth"": 3, ""fb_row_norm"": 0, ""fb_scale"": 3.0, ""fb_seed"": 1, ""freeze_bias"": 0, ""freeze_out"": 0, ""head"": ""sigmoid_bce"", ""hid_lr_mult"": 0.25, ""lr"": 0.001, ""muon"": 0, ""optimizer"": ""sgd"", ""out_bias_q"": -1.0, ""out_lr_mult"": 1.0, ""out_w_scale"": 1.0, ""p0"": 0.0, ""preprocess"": ""div255"", ""rule"": ""dfa"", ""seed"": 1, ""shift_step"": 0, ""target_center"": 0, ""target_scale"": 1.0, ""whiten"": 0, ""width"": 300}",,,
E5_recovery,h0.25_o10.0_g0.3,0,0,dfa,0.38076546192169186,1.2692182064056396,0.4760463535785675,0.9893728494644164,0.438023567199707,0.9871983528137208,0.2168887121847653,0.1403123711400274,0.0587606206039696,0.0491334702572584,100,0.0491334702572584,"{""act"": ""tanh"", ""arch"": ""mlp"", ""batch"": 128, ""batchnorm"": 0, ""calibrate_head"": 0, ""center"": ""none"", ""classes"": 10, ""dataset"": ""mnist"", ""depth"": 3, ""fb_row_norm"": 0, ""fb_scale"": 0.3, ""fb_seed"": 0, ""freeze_bias"": 0, ""freeze_out"": 0, ""head"": ""sigmoid_bce"", ""hid_lr_mult"": 0.25, ""lr"": 0.001, ""muon"": 0, ""optimizer"": ""sgd"", ""out_bias_q"": -1.0, ""out_lr_mult"": 10.0, ""out_w_scale"": 1.0, ""p0"": 0.0, ""preprocess"": ""div255"", ""rule"": ""dfa"", ""seed"": 0, ""shift_step"": 0, ""target_center"": 0, ""target_scale"": 1.0, ""whiten"": 0, ""width"": 300}",,,
E5_recovery,h0.25_o10.0_g0.3,1,1,dfa,0.405429482460022,1.3514316082000732,0.4765014946460724,0.989162266254425,0.4342997372150421,0.983926236629486,0.213876551622969,0.153400222871415,0.0639761622245606,0.0547689728585511,100,0.0547689728585511,"{""act"": ""tanh"", ""arch"": ""mlp"", ""batch"": 128, ""batchnorm"": 0, ""calibrate_head"": 0, ""center"": ""none"", ""classes"": 10, ""dataset"": ""mnist"", ""depth"": 3, ""fb_row_norm"": 0, ""fb_scale"": 0.3, ""fb_seed"": 1, ""freeze_bias"": 0, ""freeze_out"": 0, ""head"": ""sigmoid_bce"", ""hid_lr_mult"": 0.25, ""lr"": 0.001, ""muon"": 0, ""optimizer"": ""sgd"", ""out_bias_q"": -1.0, ""out_lr_mult"": 10.0, ""out_w_scale"": 1.0, ""p0"": 0.0, ""preprocess"": ""div255"", ""rule"": ""dfa"", ""seed"": 1, ""shift_step"": 0, ""target_center"": 0, ""target_scale"": 1.0, ""whiten"": 0, ""width"": 300}",,,
E5_recovery,h0.25_o10.0_g1.0,0,0,dfa,1.2692182064056396,1.2692182064056396,0.6911394596099854,0.9672420024871826,0.5679007172584534,0.9696820378303528,0.5982131038142098,0.3108241842535488,0.1625687496957623,0.1425529210699981,60,0.1425529210699981,"{""act"": ""tanh"", ""arch"": ""mlp"", ""batch"": 128, ""batchnorm"": 0, ""calibrate_head"": 0, ""center"": ""none"", ""classes"": 10, ""dataset"": ""mnist"", ""depth"": 3, ""fb_row_norm"": 0, ""fb_scale"": 1.0, ""fb_seed"": 0, ""freeze_bias"": 0, ""freeze_out"": 0, ""head"": ""sigmoid_bce"", ""hid_lr_mult"": 0.25, ""lr"": 0.001, ""muon"": 0, ""optimizer"": ""sgd"", ""out_bias_q"": -1.0, ""out_lr_mult"": 10.0, ""out_w_scale"": 1.0, ""p0"": 0.0, ""preprocess"": ""div255"", ""rule"": ""dfa"", ""seed"": 0, ""shift_step"": 0, ""target_center"": 0, ""target_scale"": 1.0, ""whiten"": 0, ""width"": 300}",,,
E5_recovery,h0.25_o10.0_g1.0,1,1,dfa,1.3514316082000732,1.3514316082000732,0.7184572219848633,0.9560751914978028,0.5749089121818542,0.966590404510498,0.5746559863955106,0.3568462709975544,0.1825695046437986,0.1693020619364808,60,0.1693020619364808,"{""act"": ""tanh"", ""arch"": ""mlp"", ""batch"": 128, ""batchnorm"": 0, ""calibrate_head"": 0, ""center"": ""none"", ""classes"": 10, ""dataset"": ""mnist"", ""depth"": 3, ""fb_row_norm"": 0, ""fb_scale"": 1.0, ""fb_seed"": 1, ""freeze_bias"": 0, ""freeze_out"": 0, ""head"": ""sigmoid_bce"", ""hid_lr_mult"": 0.25, ""lr"": 0.001, ""muon"": 0, ""optimizer"": ""sgd"", ""out_bias_q"": -1.0, ""out_lr_mult"": 10.0, ""out_w_scale"": 1.0, ""p0"": 0.0, ""preprocess"": ""div255"", ""rule"": ""dfa"", ""seed"": 1, ""shift_step"": 0, ""target_center"": 0, ""target_scale"": 1.0, ""whiten"": 0, ""width"": 300}",,,
E5_recovery,h0.25_o10.0_g3.0,0,0,dfa,3.807654619216919,1.2692182064056396,0.8843683004379272,0.8877279162406921,0.6956136226654053,0.9331950545310974,1.449469165685899,0.5141330631075101,0.3602104795972292,0.3435296971518086,30,0.3435296971518086,"{""act"": ""tanh"", ""arch"": ""mlp"", ""batch"": 128, ""batchnorm"": 0, ""calibrate_head"": 0, ""center"": ""none"", ""classes"": 10, ""dataset"": ""mnist"", ""depth"": 3, ""fb_row_norm"": 0, ""fb_scale"": 3.0, ""fb_seed"": 0, ""freeze_bias"": 0, ""freeze_out"": 0, ""head"": ""sigmoid_bce"", ""hid_lr_mult"": 0.25, ""lr"": 0.001, ""muon"": 0, ""optimizer"": ""sgd"", ""out_bias_q"": -1.0, ""out_lr_mult"": 10.0, ""out_w_scale"": 1.0, ""p0"": 0.0, ""preprocess"": ""div255"", ""rule"": ""dfa"", ""seed"": 0, ""shift_step"": 0, ""target_center"": 0, ""target_scale"": 1.0, ""whiten"": 0, ""width"": 300}",,,
E5_recovery,h0.25_o10.0_g3.0,1,1,dfa,4.05429482460022,1.3514316082000732,0.9092455506324768,0.841234028339386,0.7046542763710022,0.9302241802215576,1.4794403509483456,0.5933656990976108,0.4109609851992611,0.4345375874790058,30,0.4345375874790058,"{""act"": ""tanh"", ""arch"": ""mlp"", ""batch"": 128, ""batchnorm"": 0, ""calibrate_head"": 0, ""center"": ""none"", ""classes"": 10, ""dataset"": ""mnist"", ""depth"": 3, ""fb_row_norm"": 0, ""fb_scale"": 3.0, ""fb_seed"": 1, ""freeze_bias"": 0, ""freeze_out"": 0, ""head"": ""sigmoid_bce"", ""hid_lr_mult"": 0.25, ""lr"": 0.001, ""muon"": 0, ""optimizer"": ""sgd"", ""out_bias_q"": -1.0, ""out_lr_mult"": 10.0, ""out_w_scale"": 1.0, ""p0"": 0.0, ""preprocess"": ""div255"", ""rule"": ""dfa"", ""seed"": 1, ""shift_step"": 0, ""target_center"": 0, ""target_scale"": 1.0, ""whiten"": 0, ""width"": 300}",,,
E5_recovery,h0.25_o3.0_g0.3,0,0,dfa,0.38076546192169186,1.2692182064056396,0.6895358562469482,0.9689990878105164,0.5661696195602417,0.9716386795043944,0.4882851544181464,0.3039251194024952,0.1581620501214488,0.1388461682101819,190,0.1388461682101819,"{""act"": ""tanh"", ""arch"": ""mlp"", ""batch"": 128, ""batchnorm"": 0, ""calibrate_head"": 0, ""center"": ""none"", ""classes"": 10, ""dataset"": ""mnist"", ""depth"": 3, ""fb_row_norm"": 0, ""fb_scale"": 0.3, ""fb_seed"": 0, ""freeze_bias"": 0, ""freeze_out"": 0, ""head"": ""sigmoid_bce"", ""hid_lr_mult"": 0.25, ""lr"": 0.001, ""muon"": 0, ""optimizer"": ""sgd"", ""out_bias_q"": -1.0, ""out_lr_mult"": 3.0, ""out_w_scale"": 1.0, ""p0"": 0.0, ""preprocess"": ""div255"", ""rule"": ""dfa"", ""seed"": 0, ""shift_step"": 0, ""target_center"": 0, ""target_scale"": 1.0, ""whiten"": 0, ""width"": 300}",,,
E5_recovery,h0.25_o3.0_g0.3,1,1,dfa,0.405429482460022,1.3514316082000732,0.716107189655304,0.9586989879608154,0.5724908709526062,0.968146562576294,0.4871612112710287,0.348480467053869,0.1773648626935929,0.1644567213954501,190,0.1644567213954501,"{""act"": ""tanh"", ""arch"": ""mlp"", ""batch"": 128, ""batchnorm"": 0, ""calibrate_head"": 0, ""center"": ""none"", ""classes"": 10, ""dataset"": ""mnist"", ""depth"": 3, ""fb_row_norm"": 0, ""fb_scale"": 0.3, ""fb_seed"": 1, ""freeze_bias"": 0, ""freeze_out"": 0, ""head"": ""sigmoid_bce"", ""hid_lr_mult"": 0.25, ""lr"": 0.001, ""muon"": 0, ""optimizer"": ""sgd"", ""out_bias_q"": -1.0, ""out_lr_mult"": 3.0, ""out_w_scale"": 1.0, ""p0"": 0.0, ""preprocess"": ""div255"", ""rule"": ""dfa"", ""seed"": 1, ""shift_step"": 0, ""target_center"": 0, ""target_scale"": 1.0, ""whiten"": 0, ""width"": 300}",,,
E5_recovery,h0.25_o3.0_g1.0,0,0,dfa,1.2692182064056396,1.2692182064056396,0.8949462175369263,0.8755304217338562,0.7007229328155518,0.930916666984558,1.5688107721202265,0.5222676142916266,0.3744244963603955,0.3612156945711867,90,0.3612156945711867,"{""act"": ""tanh"", ""arch"": ""mlp"", ""batch"": 128, ""batchnorm"": 0, ""calibrate_head"": 0, ""center"": ""none"", ""classes"": 10, ""dataset"": ""mnist"", ""depth"": 3, ""fb_row_norm"": 0, ""fb_scale"": 1.0, ""fb_seed"": 0, ""freeze_bias"": 0, ""freeze_out"": 0, ""head"": ""sigmoid_bce"", ""hid_lr_mult"": 0.25, ""lr"": 0.001, ""muon"": 0, ""optimizer"": ""sgd"", ""out_bias_q"": -1.0, ""out_lr_mult"": 3.0, ""out_w_scale"": 1.0, ""p0"": 0.0, ""preprocess"": ""div255"", ""rule"": ""dfa"", ""seed"": 0, ""shift_step"": 0, ""target_center"": 0, ""target_scale"": 1.0, ""whiten"": 0, ""width"": 300}",,,
E5_recovery,h0.25_o3.0_g1.0,1,1,dfa,1.3514316082000732,1.3514316082000732,0.91825932264328,0.825165331363678,0.7102187871932983,0.9278838634490968,1.6140249900004964,0.5854855233595252,0.405481324968734,0.4331740658402545,80,0.4331740658402545,"{""act"": ""tanh"", ""arch"": ""mlp"", ""batch"": 128, ""batchnorm"": 0, ""calibrate_head"": 0, ""center"": ""none"", ""classes"": 10, ""dataset"": ""mnist"", ""depth"": 3, ""fb_row_norm"": 0, ""fb_scale"": 1.0, ""fb_seed"": 1, ""freeze_bias"": 0, ""freeze_out"": 0, ""head"": ""sigmoid_bce"", ""hid_lr_mult"": 0.25, ""lr"": 0.001, ""muon"": 0, ""optimizer"": ""sgd"", ""out_bias_q"": -1.0, ""out_lr_mult"": 3.0, ""out_w_scale"": 1.0, ""p0"": 0.0, ""preprocess"": ""div255"", ""rule"": ""dfa"", ""seed"": 1, ""shift_step"": 0, ""target_center"": 0, ""target_scale"": 1.0, ""whiten"": 0, ""width"": 300}",,,
E5_recovery,h0.25_o3.0_g3.0,0,0,dfa,3.807654619216919,1.2692182064056396,0.9773708581924438,0.6034947633743286,0.8012174367904663,0.8659708499908447,4.051623860092138,0.8157078044431383,0.8300685779845705,0.9440706657470536,50,0.9440706657470536,"{""act"": ""tanh"", ""arch"": ""mlp"", ""batch"": 128, ""batchnorm"": 0, ""calibrate_head"": 0, ""center"": ""none"", ""classes"": 10, ""dataset"": ""mnist"", ""depth"": 3, ""fb_row_norm"": 0, ""fb_scale"": 3.0, ""fb_seed"": 0, ""freeze_bias"": 0, ""freeze_out"": 0, ""head"": ""sigmoid_bce"", ""hid_lr_mult"": 0.25, ""lr"": 0.001, ""muon"": 0, ""optimizer"": ""sgd"", ""out_bias_q"": -1.0, ""out_lr_mult"": 3.0, ""out_w_scale"": 1.0, ""p0"": 0.0, ""preprocess"": ""div255"", ""rule"": ""dfa"", ""seed"": 0, ""shift_step"": 0, ""target_center"": 0, ""target_scale"": 1.0, ""whiten"": 0, ""width"": 300}",,,
E5_recovery,h0.25_o3.0_g3.0,1,1,dfa,4.05429482460022,1.3514316082000732,0.9836841225624084,0.5526392459869385,0.8110749125480652,0.8563026189804077,4.766766423177471,0.9080135847013158,0.8954281988687138,1.1505820122451935,40,1.1505820122451935,"{""act"": ""tanh"", ""arch"": ""mlp"", ""batch"": 128, ""batchnorm"": 0, ""calibrate_head"": 0, ""center"": ""none"", ""classes"": 10, ""dataset"": ""mnist"", ""depth"": 3, ""fb_row_norm"": 0, ""fb_scale"": 3.0, ""fb_seed"": 1, ""freeze_bias"": 0, ""freeze_out"": 0, ""head"": ""sigmoid_bce"", ""hid_lr_mult"": 0.25, ""lr"": 0.001, ""muon"": 0, ""optimizer"": ""sgd"", ""out_bias_q"": -1.0, ""out_lr_mult"": 3.0, ""out_w_scale"": 1.0, ""p0"": 0.0, ""preprocess"": ""div255"", ""rule"": ""dfa"", ""seed"": 1, ""shift_step"": 0, ""target_center"": 0, ""target_scale"": 1.0, ""whiten"": 0, ""width"": 300}",,,
E5_recovery,h1.0_o0.3_g0.3,0,0,dfa,0.38076546192169186,1.2692182064056396,0.9979288578033448,0.2359196692705154,0.8911832571029663,0.7302307486534119,11.7216890081657,1.4630856384474882,2.471228575993856,3.593127104873993,230,3.593127104873993,"{""act"": ""tanh"", ""arch"": ""mlp"", ""batch"": 128, ""batchnorm"": 0, ""calibrate_head"": 0, ""center"": ""none"", ""classes"": 10, ""dataset"": ""mnist"", ""depth"": 3, ""fb_row_norm"": 0, ""fb_scale"": 0.3, ""fb_seed"": 0, ""freeze_bias"": 0, ""freeze_out"": 0, ""head"": ""sigmoid_bce"", ""hid_lr_mult"": 1.0, ""lr"": 0.001, ""muon"": 0, ""optimizer"": ""sgd"", ""out_bias_q"": -1.0, ""out_lr_mult"": 0.3, ""out_w_scale"": 1.0, ""p0"": 0.0, ""preprocess"": ""div255"", ""rule"": ""dfa"", ""seed"": 0, ""shift_step"": 0, ""target_center"": 0, ""target_scale"": 1.0, ""whiten"": 0, ""width"": 300}",,,
E5_recovery,h1.0_o0.3_g0.3,1,1,dfa,0.405429482460022,1.3514316082000732,0.9988974332809448,0.2005013078451156,0.9003896713256836,0.6971786618232727,15.810195381565237,1.809156963937352,3.266026668250276,5.360829187072929,250,5.360829187072929,"{""act"": ""tanh"", ""arch"": ""mlp"", ""batch"": 128, ""batchnorm"": 0, ""calibrate_head"": 0, ""center"": ""none"", ""classes"": 10, ""dataset"": ""mnist"", ""depth"": 3, ""fb_row_norm"": 0, ""fb_scale"": 0.3, ""fb_seed"": 1, ""freeze_bias"": 0, ""freeze_out"": 0, ""head"": ""sigmoid_bce"", ""hid_lr_mult"": 1.0, ""lr"": 0.001, ""muon"": 0, ""optimizer"": ""sgd"", ""out_bias_q"": -1.0, ""out_lr_mult"": 0.3, ""out_w_scale"": 1.0, ""p0"": 0.0, ""preprocess"": ""div255"", ""rule"": ""dfa"", ""seed"": 1, ""shift_step"": 0, ""target_center"": 0, ""target_scale"": 1.0, ""whiten"": 0, ""width"": 300}",,,
E5_recovery,h1.0_o0.3_g1.0,0,0,dfa,1.2692182064056396,1.2692182064056396,0.999769926071167,0.0814026966691017,0.9435275793075562,0.5391786694526672,50.54644137481685,3.184150507850798,9.335111907227258,14.36075662642384,170,14.36075662642384,"{""act"": ""tanh"", ""arch"": ""mlp"", ""batch"": 128, ""batchnorm"": 0, ""calibrate_head"": 0, ""center"": ""none"", ""classes"": 10, ""dataset"": ""mnist"", ""depth"": 3, ""fb_row_norm"": 0, ""fb_scale"": 1.0, ""fb_seed"": 0, ""freeze_bias"": 0, ""freeze_out"": 0, ""head"": ""sigmoid_bce"", ""hid_lr_mult"": 1.0, ""lr"": 0.001, ""muon"": 0, ""optimizer"": ""sgd"", ""out_bias_q"": -1.0, ""out_lr_mult"": 0.3, ""out_w_scale"": 1.0, ""p0"": 0.0, ""preprocess"": ""div255"", ""rule"": ""dfa"", ""seed"": 0, ""shift_step"": 0, ""target_center"": 0, ""target_scale"": 1.0, ""whiten"": 0, ""width"": 300}",,,
E5_recovery,h1.0_o0.3_g1.0,1,1,dfa,1.3514316082000732,1.3514316082000732,0.9998674392700196,0.0668705329298973,0.9460439682006836,0.5120370388031006,68.78523557751691,4.006689614867707,12.33439380024564,20.05825203793113,170,20.05825203793113,"{""act"": ""tanh"", ""arch"": ""mlp"", ""batch"": 128, ""batchnorm"": 0, ""calibrate_head"": 0, ""center"": ""none"", ""classes"": 10, ""dataset"": ""mnist"", ""depth"": 3, ""fb_row_norm"": 0, ""fb_scale"": 1.0, ""fb_seed"": 1, ""freeze_bias"": 0, ""freeze_out"": 0, ""head"": ""sigmoid_bce"", ""hid_lr_mult"": 1.0, ""lr"": 0.001, ""muon"": 0, ""optimizer"": ""sgd"", ""out_bias_q"": -1.0, ""out_lr_mult"": 0.3, ""out_w_scale"": 1.0, ""p0"": 0.0, ""preprocess"": ""div255"", ""rule"": ""dfa"", ""seed"": 1, ""shift_step"": 0, ""target_center"": 0, ""target_scale"": 1.0, ""whiten"": 0, ""width"": 300}",,,
E5_recovery,h1.0_o0.3_g3.0,0,0,dfa,3.807654619216919,1.2692182064056396,0.999980628490448,0.026710707694292,0.9666500091552734,0.3846557736396789,166.11690934154856,8.172004033533192,36.343265877313954,51.35735305515605,160,51.35735305515605,"{""act"": ""tanh"", ""arch"": ""mlp"", ""batch"": 128, ""batchnorm"": 0, ""calibrate_head"": 0, ""center"": ""none"", ""classes"": 10, ""dataset"": ""mnist"", ""depth"": 3, ""fb_row_norm"": 0, ""fb_scale"": 3.0, ""fb_seed"": 0, ""freeze_bias"": 0, ""freeze_out"": 0, ""head"": ""sigmoid_bce"", ""hid_lr_mult"": 1.0, ""lr"": 0.001, ""muon"": 0, ""optimizer"": ""sgd"", ""out_bias_q"": -1.0, ""out_lr_mult"": 0.3, ""out_w_scale"": 1.0, ""p0"": 0.0, ""preprocess"": ""div255"", ""rule"": ""dfa"", ""seed"": 0, ""shift_step"": 0, ""target_center"": 0, ""target_scale"": 1.0, ""whiten"": 0, ""width"": 300}",,,
E5_recovery,h1.0_o0.3_g3.0,1,1,dfa,4.05429482460022,1.3514316082000732,0.9999829530715942,0.0299866404384374,0.96481853723526,0.3708370327949524,223.5150241714317,9.832918884521234,43.6383266042637,64.09578618411082,150,64.09578618411082,"{""act"": ""tanh"", ""arch"": ""mlp"", ""batch"": 128, ""batchnorm"": 0, ""calibrate_head"": 0, ""center"": ""none"", ""classes"": 10, ""dataset"": ""mnist"", ""depth"": 3, ""fb_row_norm"": 0, ""fb_scale"": 3.0, ""fb_seed"": 1, ""freeze_bias"": 0, ""freeze_out"": 0, ""head"": ""sigmoid_bce"", ""hid_lr_mult"": 1.0, ""lr"": 0.001, ""muon"": 0, ""optimizer"": ""sgd"", ""out_bias_q"": -1.0, ""out_lr_mult"": 0.3, ""out_w_scale"": 1.0, ""p0"": 0.0, ""preprocess"": ""div255"", ""rule"": ""dfa"", ""seed"": 1, ""shift_step"": 0, ""target_center"": 0, ""target_scale"": 1.0, ""whiten"": 0, ""width"": 300}",,,
E5_recovery,h1.0_o1.0_g0.3,0,0,dfa,0.38076546192169186,1.2692182064056396,0.9823039770126344,0.55330491065979,0.8117247819900513,0.8558474779129028,4.32723586751011,0.844733991228911,0.8941292351659444,1.0438058296168982,120,1.0438058296168982,"{""act"": ""tanh"", ""arch"": ""mlp"", ""batch"": 128, ""batchnorm"": 0, ""calibrate_head"": 0, ""center"": ""none"", ""classes"": 10, ""dataset"": ""mnist"", ""depth"": 3, ""fb_row_norm"": 0, ""fb_scale"": 0.3, ""fb_seed"": 0, ""freeze_bias"": 0, ""freeze_out"": 0, ""head"": ""sigmoid_bce"", ""hid_lr_mult"": 1.0, ""lr"": 0.001, ""muon"": 0, ""optimizer"": ""sgd"", ""out_bias_q"": -1.0, ""out_lr_mult"": 1.0, ""out_w_scale"": 1.0, ""p0"": 0.0, ""preprocess"": ""div255"", ""rule"": ""dfa"", ""seed"": 0, ""shift_step"": 0, ""target_center"": 0, ""target_scale"": 1.0, ""whiten"": 0, ""width"": 300}",,,
E5_recovery,h1.0_o1.0_g0.3,1,1,dfa,0.405429482460022,1.3514316082000732,0.9875794053077698,0.4968739748001098,0.8216791749000549,0.8437633514404297,5.246381112012533,0.9658502661791558,1.0174626048277453,1.3660363957695418,110,1.3660363957695418,"{""act"": ""tanh"", ""arch"": ""mlp"", ""batch"": 128, ""batchnorm"": 0, ""calibrate_head"": 0, ""center"": ""none"", ""classes"": 10, ""dataset"": ""mnist"", ""depth"": 3, ""fb_row_norm"": 0, ""fb_scale"": 0.3, ""fb_seed"": 1, ""freeze_bias"": 0, ""freeze_out"": 0, ""head"": ""sigmoid_bce"", ""hid_lr_mult"": 1.0, ""lr"": 0.001, ""muon"": 0, ""optimizer"": ""sgd"", ""out_bias_q"": -1.0, ""out_lr_mult"": 1.0, ""out_w_scale"": 1.0, ""p0"": 0.0, ""preprocess"": ""div255"", ""rule"": ""dfa"", ""seed"": 1, ""shift_step"": 0, ""target_center"": 0, ""target_scale"": 1.0, ""whiten"": 0, ""width"": 300}",,,
E5_recovery,h1.0_o1.0_g1.0,0,0,dfa,1.2692182064056396,1.2692182064056396,0.9980725646018982,0.2263269871473312,0.894025981426239,0.7242494821548462,15.732320706888435,1.4921227197202316,2.540925627593533,3.676325601922509,70,3.676325601922509,"{""act"": ""tanh"", ""arch"": ""mlp"", ""batch"": 128, ""batchnorm"": 0, ""calibrate_head"": 0, ""center"": ""none"", ""classes"": 10, ""dataset"": ""mnist"", ""depth"": 3, ""fb_row_norm"": 0, ""fb_scale"": 1.0, ""fb_seed"": 0, ""freeze_bias"": 0, ""freeze_out"": 0, ""head"": ""sigmoid_bce"", ""hid_lr_mult"": 1.0, ""lr"": 0.001, ""muon"": 0, ""optimizer"": ""sgd"", ""out_bias_q"": -1.0, ""out_lr_mult"": 1.0, ""out_w_scale"": 1.0, ""p0"": 0.0, ""preprocess"": ""div255"", ""rule"": ""dfa"", ""seed"": 0, ""shift_step"": 0, ""target_center"": 0, ""target_scale"": 1.0, ""whiten"": 0, ""width"": 300}",,,
E5_recovery,h1.0_o1.0_g1.0,1,1,dfa,1.3514316082000732,1.3514316082000732,0.9989032745361328,0.1923276931047439,0.9021816849708556,0.6914756894111633,20.5380007978089,1.8664388013642907,3.418635580270249,5.577569118587211,80,5.577569118587211,"{""act"": ""tanh"", ""arch"": ""mlp"", ""batch"": 128, ""batchnorm"": 0, ""calibrate_head"": 0, ""center"": ""none"", ""classes"": 10, ""dataset"": ""mnist"", ""depth"": 3, ""fb_row_norm"": 0, ""fb_scale"": 1.0, ""fb_seed"": 1, ""freeze_bias"": 0, ""freeze_out"": 0, ""head"": ""sigmoid_bce"", ""hid_lr_mult"": 1.0, ""lr"": 0.001, ""muon"": 0, ""optimizer"": ""sgd"", ""out_bias_q"": -1.0, ""out_lr_mult"": 1.0, ""out_w_scale"": 1.0, ""p0"": 0.0, ""preprocess"": ""div255"", ""rule"": ""dfa"", ""seed"": 1, ""shift_step"": 0, ""target_center"": 0, ""target_scale"": 1.0, ""whiten"": 0, ""width"": 300}",,,
E5_recovery,h1.0_o1.0_g3.0,0,0,dfa,3.807654619216919,1.2692182064056396,0.999739706516266,0.0927138328552246,0.9422847628593444,0.5469479560852051,49.3554317006766,2.990070726963397,8.36744028519479,12.747618911781286,50,12.747618911781286,"{""act"": ""tanh"", ""arch"": ""mlp"", ""batch"": 128, ""batchnorm"": 0, ""calibrate_head"": 0, ""center"": ""none"", ""classes"": 10, ""dataset"": ""mnist"", ""depth"": 3, ""fb_row_norm"": 0, ""fb_scale"": 3.0, ""fb_seed"": 0, ""freeze_bias"": 0, ""freeze_out"": 0, ""head"": ""sigmoid_bce"", ""hid_lr_mult"": 1.0, ""lr"": 0.001, ""muon"": 0, ""optimizer"": ""sgd"", ""out_bias_q"": -1.0, ""out_lr_mult"": 1.0, ""out_w_scale"": 1.0, ""p0"": 0.0, ""preprocess"": ""div255"", ""rule"": ""dfa"", ""seed"": 0, ""shift_step"": 0, ""target_center"": 0, ""target_scale"": 1.0, ""whiten"": 0, ""width"": 300}",,,
E5_recovery,h1.0_o1.0_g3.0,1,1,dfa,4.05429482460022,1.3514316082000732,0.999873161315918,0.0775673985481262,0.9444581270217896,0.5212137699127197,66.73727519170158,3.9116814861568185,11.77558219351354,18.99999396015605,60,18.99999396015605,"{""act"": ""tanh"", ""arch"": ""mlp"", ""batch"": 128, ""batchnorm"": 0, ""calibrate_head"": 0, ""center"": ""none"", ""classes"": 10, ""dataset"": ""mnist"", ""depth"": 3, ""fb_row_norm"": 0, ""fb_scale"": 3.0, ""fb_seed"": 1, ""freeze_bias"": 0, ""freeze_out"": 0, ""head"": ""sigmoid_bce"", ""hid_lr_mult"": 1.0, ""lr"": 0.001, ""muon"": 0, ""optimizer"": ""sgd"", ""out_bias_q"": -1.0, ""out_lr_mult"": 1.0, ""out_w_scale"": 1.0, ""p0"": 0.0, ""preprocess"": ""div255"", ""rule"": ""dfa"", ""seed"": 1, ""shift_step"": 0, ""target_center"": 0, ""target_scale"": 1.0, ""whiten"": 0, ""width"": 300}",,,
E5_recovery,h1.0_o10.0_g0.3,0,0,dfa,0.38076546192169186,1.2692182064056396,0.7279305458068848,0.960127294063568,0.5905218124389648,0.9653038382530212,0.6928089764064098,0.3346804133801641,0.1812584144352594,0.160223269402276,50,0.160223269402276,"{""act"": ""tanh"", ""arch"": ""mlp"", ""batch"": 128, ""batchnorm"": 0, ""calibrate_head"": 0, ""center"": ""none"", ""classes"": 10, ""dataset"": ""mnist"", ""depth"": 3, ""fb_row_norm"": 0, ""fb_scale"": 0.3, ""fb_seed"": 0, ""freeze_bias"": 0, ""freeze_out"": 0, ""head"": ""sigmoid_bce"", ""hid_lr_mult"": 1.0, ""lr"": 0.001, ""muon"": 0, ""optimizer"": ""sgd"", ""out_bias_q"": -1.0, ""out_lr_mult"": 10.0, ""out_w_scale"": 1.0, ""p0"": 0.0, ""preprocess"": ""div255"", ""rule"": ""dfa"", ""seed"": 0, ""shift_step"": 0, ""target_center"": 0, ""target_scale"": 1.0, ""whiten"": 0, ""width"": 300}",,,
E5_recovery,h1.0_o10.0_g0.3,1,1,dfa,0.405429482460022,1.3514316082000732,0.7584223747253418,0.9459116458892822,0.5980426669120789,0.9622485041618348,0.6681463769044043,0.3856221376360756,0.204565775509765,0.1923169986902936,50,0.1923169986902936,"{""act"": ""tanh"", ""arch"": ""mlp"", ""batch"": 128, ""batchnorm"": 0, ""calibrate_head"": 0, ""center"": ""none"", ""classes"": 10, ""dataset"": ""mnist"", ""depth"": 3, ""fb_row_norm"": 0, ""fb_scale"": 0.3, ""fb_seed"": 1, ""freeze_bias"": 0, ""freeze_out"": 0, ""head"": ""sigmoid_bce"", ""hid_lr_mult"": 1.0, ""lr"": 0.001, ""muon"": 0, ""optimizer"": ""sgd"", ""out_bias_q"": -1.0, ""out_lr_mult"": 10.0, ""out_w_scale"": 1.0, ""p0"": 0.0, ""preprocess"": ""div255"", ""rule"": ""dfa"", ""seed"": 1, ""shift_step"": 0, ""target_center"": 0, ""target_scale"": 1.0, ""whiten"": 0, ""width"": 300}",,,
E5_recovery,h1.0_o10.0_g1.0,0,0,dfa,1.2692182064056396,1.2692182064056396,0.91960209608078,0.8440855145454407,0.7254881262779236,0.9193956851959229,1.8692208143190867,0.5950922248923133,0.463957513590797,0.4610921435286044,30,0.4610921435286044,"{""act"": ""tanh"", ""arch"": ""mlp"", ""batch"": 128, ""batchnorm"": 0, ""calibrate_head"": 0, ""center"": ""none"", ""classes"": 10, ""dataset"": ""mnist"", ""depth"": 3, ""fb_row_norm"": 0, ""fb_scale"": 1.0, ""fb_seed"": 0, ""freeze_bias"": 0, ""freeze_out"": 0, ""head"": ""sigmoid_bce"", ""hid_lr_mult"": 1.0, ""lr"": 0.001, ""muon"": 0, ""optimizer"": ""sgd"", ""out_bias_q"": -1.0, ""out_lr_mult"": 10.0, ""out_w_scale"": 1.0, ""p0"": 0.0, ""preprocess"": ""div255"", ""rule"": ""dfa"", ""seed"": 0, ""shift_step"": 0, ""target_center"": 0, ""target_scale"": 1.0, ""whiten"": 0, ""width"": 300}",,,
E5_recovery,h1.0_o10.0_g1.0,1,1,dfa,1.3514316082000732,1.3514316082000732,0.9378601312637328,0.7829656004905701,0.7349727749824524,0.9154727458953856,1.9686834118178296,0.6835544305060125,0.5279433602575873,0.5886785626796814,30,0.5886785626796814,"{""act"": ""tanh"", ""arch"": ""mlp"", ""batch"": 128, ""batchnorm"": 0, ""calibrate_head"": 0, ""center"": ""none"", ""classes"": 10, ""dataset"": ""mnist"", ""depth"": 3, ""fb_row_norm"": 0, ""fb_scale"": 1.0, ""fb_seed"": 1, ""freeze_bias"": 0, ""freeze_out"": 0, ""head"": ""sigmoid_bce"", ""hid_lr_mult"": 1.0, ""lr"": 0.001, ""muon"": 0, ""optimizer"": ""sgd"", ""out_bias_q"": -1.0, ""out_lr_mult"": 10.0, ""out_w_scale"": 1.0, ""p0"": 0.0, ""preprocess"": ""div255"", ""rule"": ""dfa"", ""seed"": 1, ""shift_step"": 0, ""target_center"": 0, ""target_scale"": 1.0, ""whiten"": 0, ""width"": 300}",,,
E5_recovery,h1.0_o10.0_g3.0,0,0,dfa,3.807654619216919,1.2692182064056396,0.9857233762741088,0.522994875907898,0.8299055099487305,0.8334705829620361,5.733800237073013,0.97454868997875,1.1298174579418652,1.3310572031231396,20,1.3310572031231396,"{""act"": ""tanh"", ""arch"": ""mlp"", ""batch"": 128, ""batchnorm"": 0, ""calibrate_head"": 0, ""center"": ""none"", ""classes"": 10, ""dataset"": ""mnist"", ""depth"": 3, ""fb_row_norm"": 0, ""fb_scale"": 3.0, ""fb_seed"": 0, ""freeze_bias"": 0, ""freeze_out"": 0, ""head"": ""sigmoid_bce"", ""hid_lr_mult"": 1.0, ""lr"": 0.001, ""muon"": 0, ""optimizer"": ""sgd"", ""out_bias_q"": -1.0, ""out_lr_mult"": 10.0, ""out_w_scale"": 1.0, ""p0"": 0.0, ""preprocess"": ""div255"", ""rule"": ""dfa"", ""seed"": 0, ""shift_step"": 0, ""target_center"": 0, ""target_scale"": 1.0, ""whiten"": 0, ""width"": 300}",,,
E5_recovery,h1.0_o10.0_g3.0,1,1,dfa,4.05429482460022,1.3514316082000732,0.9898313283920288,0.4737333953380584,0.8372371196746826,0.81975919008255,6.911535499906414,1.1214537949668322,1.312151995081802,1.7734228892830768,20,1.7734228892830768,"{""act"": ""tanh"", ""arch"": ""mlp"", ""batch"": 128, ""batchnorm"": 0, ""calibrate_head"": 0, ""center"": ""none"", ""classes"": 10, ""dataset"": ""mnist"", ""depth"": 3, ""fb_row_norm"": 0, ""fb_scale"": 3.0, ""fb_seed"": 1, ""freeze_bias"": 0, ""freeze_out"": 0, ""head"": ""sigmoid_bce"", ""hid_lr_mult"": 1.0, ""lr"": 0.001, ""muon"": 0, ""optimizer"": ""sgd"", ""out_bias_q"": -1.0, ""out_lr_mult"": 10.0, ""out_w_scale"": 1.0, ""p0"": 0.0, ""preprocess"": ""div255"", ""rule"": ""dfa"", ""seed"": 1, ""shift_step"": 0, ""target_center"": 0, ""target_scale"": 1.0, ""whiten"": 0, ""width"": 300}",,,
E5_recovery,h1.0_o3.0_g0.3,0,0,dfa,0.38076546192169186,1.2692182064056396,0.9158482551574708,0.8479335904121399,0.7185789942741394,0.9227564334869384,1.8227158528754304,0.5604558234474724,0.4229734042947466,0.4164892790292308,80,0.4164892790292308,"{""act"": ""tanh"", ""arch"": ""mlp"", ""batch"": 128, ""batchnorm"": 0, ""calibrate_head"": 0, ""center"": ""none"", ""classes"": 10, ""dataset"": ""mnist"", ""depth"": 3, ""fb_row_norm"": 0, ""fb_scale"": 0.3, ""fb_seed"": 0, ""freeze_bias"": 0, ""freeze_out"": 0, ""head"": ""sigmoid_bce"", ""hid_lr_mult"": 1.0, ""lr"": 0.001, ""muon"": 0, ""optimizer"": ""sgd"", ""out_bias_q"": -1.0, ""out_lr_mult"": 3.0, ""out_w_scale"": 1.0, ""p0"": 0.0, ""preprocess"": ""div255"", ""rule"": ""dfa"", ""seed"": 0, ""shift_step"": 0, ""target_center"": 0, ""target_scale"": 1.0, ""whiten"": 0, ""width"": 300}",,,
E5_recovery,h1.0_o3.0_g0.3,1,1,dfa,0.405429482460022,1.3514316082000732,0.9351296424865724,0.7878715991973877,0.7280828952789307,0.9190772771835328,1.9136263404509557,0.6271827289256638,0.4572044244505137,0.5017316017621306,70,0.5017316017621306,"{""act"": ""tanh"", ""arch"": ""mlp"", ""batch"": 128, ""batchnorm"": 0, ""calibrate_head"": 0, ""center"": ""none"", ""classes"": 10, ""dataset"": ""mnist"", ""depth"": 3, ""fb_row_norm"": 0, ""fb_scale"": 0.3, ""fb_seed"": 1, ""freeze_bias"": 0, ""freeze_out"": 0, ""head"": ""sigmoid_bce"", ""hid_lr_mult"": 1.0, ""lr"": 0.001, ""muon"": 0, ""optimizer"": ""sgd"", ""out_bias_q"": -1.0, ""out_lr_mult"": 3.0, ""out_w_scale"": 1.0, ""p0"": 0.0, ""preprocess"": ""div255"", ""rule"": ""dfa"", ""seed"": 1, ""shift_step"": 0, ""target_center"": 0, ""target_scale"": 1.0, ""whiten"": 0, ""width"": 300}",,,
E5_recovery,h1.0_o3.0_g1.0,0,0,dfa,1.2692182064056396,1.2692182064056396,0.9857845902442932,0.515372633934021,0.8247042894363403,0.8416397571563721,5.306519246409321,0.9114131280746882,1.01745328946137,1.2121163103614554,40,1.2121163103614554,"{""act"": ""tanh"", ""arch"": ""mlp"", ""batch"": 128, ""batchnorm"": 0, ""calibrate_head"": 0, ""center"": ""none"", ""classes"": 10, ""dataset"": ""mnist"", ""depth"": 3, ""fb_row_norm"": 0, ""fb_scale"": 1.0, ""fb_seed"": 0, ""freeze_bias"": 0, ""freeze_out"": 0, ""head"": ""sigmoid_bce"", ""hid_lr_mult"": 1.0, ""lr"": 0.001, ""muon"": 0, ""optimizer"": ""sgd"", ""out_bias_q"": -1.0, ""out_lr_mult"": 3.0, ""out_w_scale"": 1.0, ""p0"": 0.0, ""preprocess"": ""div255"", ""rule"": ""dfa"", ""seed"": 0, ""shift_step"": 0, ""target_center"": 0, ""target_scale"": 1.0, ""whiten"": 0, ""width"": 300}",,,
E5_recovery,h1.0_o3.0_g1.0,1,1,dfa,1.3514316082000732,1.3514316082000732,0.990065336227417,0.4587076008319855,0.8342118263244629,0.8282915353775024,6.474977719908074,1.0638616046738647,1.2040179824549315,1.65315085987264,40,1.65315085987264,"{""act"": ""tanh"", ""arch"": ""mlp"", ""batch"": 128, ""batchnorm"": 0, ""calibrate_head"": 0, ""center"": ""none"", ""classes"": 10, ""dataset"": ""mnist"", ""depth"": 3, ""fb_row_norm"": 0, ""fb_scale"": 1.0, ""fb_seed"": 1, ""freeze_bias"": 0, ""freeze_out"": 0, ""head"": ""sigmoid_bce"", ""hid_lr_mult"": 1.0, ""lr"": 0.001, ""muon"": 0, ""optimizer"": ""sgd"", ""out_bias_q"": -1.0, ""out_lr_mult"": 3.0, ""out_w_scale"": 1.0, ""p0"": 0.0, ""preprocess"": ""div255"", ""rule"": ""dfa"", ""seed"": 1, ""shift_step"": 0, ""target_center"": 0, ""target_scale"": 1.0, ""whiten"": 0, ""width"": 300}",,,
E5_recovery,h1.0_o3.0_g3.0,0,0,dfa,3.807654619216919,1.2692182064056396,0.9983356595039368,0.2167649865150451,0.8995459079742432,0.7078695893287659,16.03796904654076,1.6391249993114347,2.9689615945195915,4.274121115418331,30,4.274121115418331,"{""act"": ""tanh"", ""arch"": ""mlp"", ""batch"": 128, ""batchnorm"": 0, ""calibrate_head"": 0, ""center"": ""none"", ""classes"": 10, ""dataset"": ""mnist"", ""depth"": 3, ""fb_row_norm"": 0, ""fb_scale"": 3.0, ""fb_seed"": 0, ""freeze_bias"": 0, ""freeze_out"": 0, ""head"": ""sigmoid_bce"", ""hid_lr_mult"": 1.0, ""lr"": 0.001, ""muon"": 0, ""optimizer"": ""sgd"", ""out_bias_q"": -1.0, ""out_lr_mult"": 3.0, ""out_w_scale"": 1.0, ""p0"": 0.0, ""preprocess"": ""div255"", ""rule"": ""dfa"", ""seed"": 0, ""shift_step"": 0, ""target_center"": 0, ""target_scale"": 1.0, ""whiten"": 0, ""width"": 300}",,,
E5_recovery,h1.0_o3.0_g3.0,1,1,dfa,4.05429482460022,1.3514316082000732,0.9989855885505676,0.1819095760583877,0.9061435461044312,0.6771581172943115,20.982849253759188,1.9776151810060765,3.745669621334691,6.000636315382883,30,6.000636315382883,"{""act"": ""tanh"", ""arch"": ""mlp"", ""batch"": 128, ""batchnorm"": 0, ""calibrate_head"": 0, ""center"": ""none"", ""classes"": 10, ""dataset"": ""mnist"", ""depth"": 3, ""fb_row_norm"": 0, ""fb_scale"": 3.0, ""fb_seed"": 1, ""freeze_bias"": 0, ""freeze_out"": 0, ""head"": ""sigmoid_bce"", ""hid_lr_mult"": 1.0, ""lr"": 0.001, ""muon"": 0, ""optimizer"": ""sgd"", ""out_bias_q"": -1.0, ""out_lr_mult"": 3.0, ""out_w_scale"": 1.0, ""p0"": 0.0, ""preprocess"": ""div255"", ""rule"": ""dfa"", ""seed"": 1, ""shift_step"": 0, ""target_center"": 0, ""target_scale"": 1.0, ""whiten"": 0, ""width"": 300}",,,
E5_recovery,h4.0_o0.3_g0.3,0,0,dfa,0.38076546192169186,1.2692182064056396,0.999838650226593,0.0668872147798538,0.9488727450370787,0.5106029510498047,61.96673961737409,3.728685249602844,11.942553800775128,18.16478499228077,170,18.16478499228077,"{""act"": ""tanh"", ""arch"": ""mlp"", ""batch"": 128, ""batchnorm"": 0, ""calibrate_head"": 0, ""center"": ""none"", ""classes"": 10, ""dataset"": ""mnist"", ""depth"": 3, ""fb_row_norm"": 0, ""fb_scale"": 0.3, ""fb_seed"": 0, ""freeze_bias"": 0, ""freeze_out"": 0, ""head"": ""sigmoid_bce"", ""hid_lr_mult"": 4.0, ""lr"": 0.001, ""muon"": 0, ""optimizer"": ""sgd"", ""out_bias_q"": -1.0, ""out_lr_mult"": 0.3, ""out_w_scale"": 1.0, ""p0"": 0.0, ""preprocess"": ""div255"", ""rule"": ""dfa"", ""seed"": 0, ""shift_step"": 0, ""target_center"": 0, ""target_scale"": 1.0, ""whiten"": 0, ""width"": 300}",,,
E5_recovery,h4.0_o0.3_g0.3,1,1,dfa,0.405429482460022,1.3514316082000732,0.9999293088912964,0.0605114996433258,0.950583040714264,0.4849640429019928,86.04521573296853,4.591402119701062,15.17706674646344,24.337186737680973,160,24.337186737680973,"{""act"": ""tanh"", ""arch"": ""mlp"", ""batch"": 128, ""batchnorm"": 0, ""calibrate_head"": 0, ""center"": ""none"", ""classes"": 10, ""dataset"": ""mnist"", ""depth"": 3, ""fb_row_norm"": 0, ""fb_scale"": 0.3, ""fb_seed"": 1, ""freeze_bias"": 0, ""freeze_out"": 0, ""head"": ""sigmoid_bce"", ""hid_lr_mult"": 4.0, ""lr"": 0.001, ""muon"": 0, ""optimizer"": ""sgd"", ""out_bias_q"": -1.0, ""out_lr_mult"": 0.3, ""out_w_scale"": 1.0, ""p0"": 0.0, ""preprocess"": ""div255"", ""rule"": ""dfa"", ""seed"": 1, ""shift_step"": 0, ""target_center"": 0, ""target_scale"": 1.0, ""whiten"": 0, ""width"": 300}",,,
E5_recovery,h4.0_o0.3_g1.0,0,0,dfa,1.2692182064056396,1.2692182064056396,0.9999882578849792,0.02220762334764,0.969821274280548,0.3462673723697662,216.79723900609304,10.492987508989126,50.1825055724088,69.20191647684388,150,69.20191647684388,"{""act"": ""tanh"", ""arch"": ""mlp"", ""batch"": 128, ""batchnorm"": 0, ""calibrate_head"": 0, ""center"": ""none"", ""classes"": 10, ""dataset"": ""mnist"", ""depth"": 3, ""fb_row_norm"": 0, ""fb_scale"": 1.0, ""fb_seed"": 0, ""freeze_bias"": 0, ""freeze_out"": 0, ""head"": ""sigmoid_bce"", ""hid_lr_mult"": 4.0, ""lr"": 0.001, ""muon"": 0, ""optimizer"": ""sgd"", ""out_bias_q"": -1.0, ""out_lr_mult"": 0.3, ""out_w_scale"": 1.0, ""p0"": 0.0, ""preprocess"": ""div255"", ""rule"": ""dfa"", ""seed"": 0, ""shift_step"": 0, ""target_center"": 0, ""target_scale"": 1.0, ""whiten"": 0, ""width"": 300}",,,
E5_recovery,h4.0_o0.3_g1.0,1,1,dfa,1.3514316082000732,1.3514316082000732,0.9999862313270568,0.0211488846689462,0.9678223729133606,0.3409103155136108,296.8332119368497,13.093081032783097,62.49201594225389,89.21262285422785,160,89.21262285422785,"{""act"": ""tanh"", ""arch"": ""mlp"", ""batch"": 128, ""batchnorm"": 0, ""calibrate_head"": 0, ""center"": ""none"", ""classes"": 10, ""dataset"": ""mnist"", ""depth"": 3, ""fb_row_norm"": 0, ""fb_scale"": 1.0, ""fb_seed"": 1, ""freeze_bias"": 0, ""freeze_out"": 0, ""head"": ""sigmoid_bce"", ""hid_lr_mult"": 4.0, ""lr"": 0.001, ""muon"": 0, ""optimizer"": ""sgd"", ""out_bias_q"": -1.0, ""out_lr_mult"": 0.3, ""out_w_scale"": 1.0, ""p0"": 0.0, ""preprocess"": ""div255"", ""rule"": ""dfa"", ""seed"": 1, ""shift_step"": 0, ""target_center"": 0, ""target_scale"": 1.0, ""whiten"": 0, ""width"": 300}",,,
E5_recovery,h4.0_o0.3_g3.0,0,0,dfa,3.807654619216919,1.2692182064056396,0.9999970197677612,0.0108937136828899,0.9736576676368712,0.2348323166370391,605.9232180288674,32.50207527275275,183.5323333233029,234.0189608972849,180,234.0189608972849,"{""act"": ""tanh"", ""arch"": ""mlp"", ""batch"": 128, ""batchnorm"": 0, ""calibrate_head"": 0, ""center"": ""none"", ""classes"": 10, ""dataset"": ""mnist"", ""depth"": 3, ""fb_row_norm"": 0, ""fb_scale"": 3.0, ""fb_seed"": 0, ""freeze_bias"": 0, ""freeze_out"": 0, ""head"": ""sigmoid_bce"", ""hid_lr_mult"": 4.0, ""lr"": 0.001, ""muon"": 0, ""optimizer"": ""sgd"", ""out_bias_q"": -1.0, ""out_lr_mult"": 0.3, ""out_w_scale"": 1.0, ""p0"": 0.0, ""preprocess"": ""div255"", ""rule"": ""dfa"", ""seed"": 0, ""shift_step"": 0, ""target_center"": 0, ""target_scale"": 1.0, ""whiten"": 0, ""width"": 300}",,,
E5_recovery,h4.0_o0.3_g3.0,1,1,dfa,4.05429482460022,1.3514316082000732,0.9999939799308776,0.0143330954015254,0.9745323061943054,0.2545907199382782,834.2798484109217,41.15000068958531,231.9261646218933,303.12459354639,200,303.12459354639,"{""act"": ""tanh"", ""arch"": ""mlp"", ""batch"": 128, ""batchnorm"": 0, ""calibrate_head"": 0, ""center"": ""none"", ""classes"": 10, ""dataset"": ""mnist"", ""depth"": 3, ""fb_row_norm"": 0, ""fb_scale"": 3.0, ""fb_seed"": 1, ""freeze_bias"": 0, ""freeze_out"": 0, ""head"": ""sigmoid_bce"", ""hid_lr_mult"": 4.0, ""lr"": 0.001, ""muon"": 0, ""optimizer"": ""sgd"", ""out_bias_q"": -1.0, ""out_lr_mult"": 0.3, ""out_w_scale"": 1.0, ""p0"": 0.0, ""preprocess"": ""div255"", ""rule"": ""dfa"", ""seed"": 1, ""shift_step"": 0, ""target_center"": 0, ""target_scale"": 1.0, ""whiten"": 0, ""width"": 300}",,,
E5_recovery,h4.0_o1.0_g0.3,0,0,dfa,0.38076546192169186,1.2692182064056396,0.9986171722412108,0.1954712867736816,0.904280722141266,0.6963785290718079,19.13009350986932,1.6800443055755063,3.141634402466408,4.6722656194594006,70,4.6722656194594006,"{""act"": ""tanh"", ""arch"": ""mlp"", ""batch"": 128, ""batchnorm"": 0, ""calibrate_head"": 0, ""center"": ""none"", ""classes"": 10, ""dataset"": ""mnist"", ""depth"": 3, ""fb_row_norm"": 0, ""fb_scale"": 0.3, ""fb_seed"": 0, ""freeze_bias"": 0, ""freeze_out"": 0, ""head"": ""sigmoid_bce"", ""hid_lr_mult"": 4.0, ""lr"": 0.001, ""muon"": 0, ""optimizer"": ""sgd"", ""out_bias_q"": -1.0, ""out_lr_mult"": 1.0, ""out_w_scale"": 1.0, ""p0"": 0.0, ""preprocess"": ""div255"", ""rule"": ""dfa"", ""seed"": 0, ""shift_step"": 0, ""target_center"": 0, ""target_scale"": 1.0, ""whiten"": 0, ""width"": 300}",,,
E5_recovery,h4.0_o1.0_g0.3,1,1,dfa,0.405429482460022,1.3514316082000732,0.999217450618744,0.16425521671772,0.91141939163208,0.6640536189079285,25.270735794344198,2.0516675354390683,4.041946150904104,6.652055406244667,70,6.652055406244667,"{""act"": ""tanh"", ""arch"": ""mlp"", ""batch"": 128, ""batchnorm"": 0, ""calibrate_head"": 0, ""center"": ""none"", ""classes"": 10, ""dataset"": ""mnist"", ""depth"": 3, ""fb_row_norm"": 0, ""fb_scale"": 0.3, ""fb_seed"": 1, ""freeze_bias"": 0, ""freeze_out"": 0, ""head"": ""sigmoid_bce"", ""hid_lr_mult"": 4.0, ""lr"": 0.001, ""muon"": 0, ""optimizer"": ""sgd"", ""out_bias_q"": -1.0, ""out_lr_mult"": 1.0, ""out_w_scale"": 1.0, ""p0"": 0.0, ""preprocess"": ""div255"", ""rule"": ""dfa"", ""seed"": 1, ""shift_step"": 0, ""target_center"": 0, ""target_scale"": 1.0, ""whiten"": 0, ""width"": 300}",,,
E5_recovery,h4.0_o1.0_g1.0,0,0,dfa,1.2692182064056396,1.2692182064056396,0.999871015548706,0.0611307173967361,0.950940728187561,0.5001664757728577,65.7593984336749,3.992317535360601,13.09432282941249,19.609488191672096,60,19.609488191672096,"{""act"": ""tanh"", ""arch"": ""mlp"", ""batch"": 128, ""batchnorm"": 0, ""calibrate_head"": 0, ""center"": ""none"", ""classes"": 10, ""dataset"": ""mnist"", ""depth"": 3, ""fb_row_norm"": 0, ""fb_scale"": 1.0, ""fb_seed"": 0, ""freeze_bias"": 0, ""freeze_out"": 0, ""head"": ""sigmoid_bce"", ""hid_lr_mult"": 4.0, ""lr"": 0.001, ""muon"": 0, ""optimizer"": ""sgd"", ""out_bias_q"": -1.0, ""out_lr_mult"": 1.0, ""out_w_scale"": 1.0, ""p0"": 0.0, ""preprocess"": ""div255"", ""rule"": ""dfa"", ""seed"": 0, ""shift_step"": 0, ""target_center"": 0, ""target_scale"": 1.0, ""whiten"": 0, ""width"": 300}",,,
E5_recovery,h4.0_o1.0_g1.0,1,1,dfa,1.3514316082000732,1.3514316082000732,0.9999347925186156,0.0494306161999702,0.952536642551422,0.4759351909160614,93.3060617297538,4.79913747695753,16.112623134287208,25.33566947580339,50,25.33566947580339,"{""act"": ""tanh"", ""arch"": ""mlp"", ""batch"": 128, ""batchnorm"": 0, ""calibrate_head"": 0, ""center"": ""none"", ""classes"": 10, ""dataset"": ""mnist"", ""depth"": 3, ""fb_row_norm"": 0, ""fb_scale"": 1.0, ""fb_seed"": 1, ""freeze_bias"": 0, ""freeze_out"": 0, ""head"": ""sigmoid_bce"", ""hid_lr_mult"": 4.0, ""lr"": 0.001, ""muon"": 0, ""optimizer"": ""sgd"", ""out_bias_q"": -1.0, ""out_lr_mult"": 1.0, ""out_w_scale"": 1.0, ""p0"": 0.0, ""preprocess"": ""div255"", ""rule"": ""dfa"", ""seed"": 1, ""shift_step"": 0, ""target_center"": 0, ""target_scale"": 1.0, ""whiten"": 0, ""width"": 300}",,,
E5_recovery,h4.0_o1.0_g3.0,0,0,dfa,3.807654619216919,1.2692182064056396,0.999972641468048,0.0279710795730352,0.966564416885376,0.33405402302742,202.21458833568792,10.250336723176789,48.32967851177984,65.84741864614995,50,65.84741864614995,"{""act"": ""tanh"", ""arch"": ""mlp"", ""batch"": 128, ""batchnorm"": 0, ""calibrate_head"": 0, ""center"": ""none"", ""classes"": 10, ""dataset"": ""mnist"", ""depth"": 3, ""fb_row_norm"": 0, ""fb_scale"": 3.0, ""fb_seed"": 0, ""freeze_bias"": 0, ""freeze_out"": 0, ""head"": ""sigmoid_bce"", ""hid_lr_mult"": 4.0, ""lr"": 0.001, ""muon"": 0, ""optimizer"": ""sgd"", ""out_bias_q"": -1.0, ""out_lr_mult"": 1.0, ""out_w_scale"": 1.0, ""p0"": 0.0, ""preprocess"": ""div255"", ""rule"": ""dfa"", ""seed"": 0, ""shift_step"": 0, ""target_center"": 0, ""target_scale"": 1.0, ""whiten"": 0, ""width"": 300}",,,
E5_recovery,h4.0_o1.0_g3.0,1,1,dfa,4.05429482460022,1.3514316082000732,0.9999902844429016,0.0203842483460903,0.9685476422309875,0.3269152045249939,280.2887675356272,13.020829298548891,63.25794856413937,87.6910443069543,50,87.6910443069543,"{""act"": ""tanh"", ""arch"": ""mlp"", ""batch"": 128, ""batchnorm"": 0, ""calibrate_head"": 0, ""center"": ""none"", ""classes"": 10, ""dataset"": ""mnist"", ""depth"": 3, ""fb_row_norm"": 0, ""fb_scale"": 3.0, ""fb_seed"": 1, ""freeze_bias"": 0, ""freeze_out"": 0, ""head"": ""sigmoid_bce"", ""hid_lr_mult"": 4.0, ""lr"": 0.001, ""muon"": 0, ""optimizer"": ""sgd"", ""out_bias_q"": -1.0, ""out_lr_mult"": 1.0, ""out_w_scale"": 1.0, ""p0"": 0.0, ""preprocess"": ""div255"", ""rule"": ""dfa"", ""seed"": 1, ""shift_step"": 0, ""target_center"": 0, ""target_scale"": 1.0, ""whiten"": 0, ""width"": 300}",,,
E5_recovery,h4.0_o10.0_g0.3,0,0,dfa,0.38076546192169186,1.2692182064056396,0.936857521533966,0.8070284128189087,0.7444624900817871,0.9089292287826538,2.2394161403473847,0.607964836961827,0.480083623947933,0.4788769955621506,20,0.4788769955621506,"{""act"": ""tanh"", ""arch"": ""mlp"", ""batch"": 128, ""batchnorm"": 0, ""calibrate_head"": 0, ""center"": ""none"", ""classes"": 10, ""dataset"": ""mnist"", ""depth"": 3, ""fb_row_norm"": 0, ""fb_scale"": 0.3, ""fb_seed"": 0, ""freeze_bias"": 0, ""freeze_out"": 0, ""head"": ""sigmoid_bce"", ""hid_lr_mult"": 4.0, ""lr"": 0.001, ""muon"": 0, ""optimizer"": ""sgd"", ""out_bias_q"": -1.0, ""out_lr_mult"": 10.0, ""out_w_scale"": 1.0, ""p0"": 0.0, ""preprocess"": ""div255"", ""rule"": ""dfa"", ""seed"": 0, ""shift_step"": 0, ""target_center"": 0, ""target_scale"": 1.0, ""whiten"": 0, ""width"": 300}",,,
E5_recovery,h4.0_o10.0_g0.3,1,1,dfa,0.405429482460022,1.3514316082000732,0.9520006775856018,0.7402245998382568,0.7543990612030029,0.904363453388214,2.405224183190752,0.7043030564093574,0.5560130318909292,0.6252543952899542,20,0.6252543952899542,"{""act"": ""tanh"", ""arch"": ""mlp"", ""batch"": 128, ""batchnorm"": 0, ""calibrate_head"": 0, ""center"": ""none"", ""classes"": 10, ""dataset"": ""mnist"", ""depth"": 3, ""fb_row_norm"": 0, ""fb_scale"": 0.3, ""fb_seed"": 1, ""freeze_bias"": 0, ""freeze_out"": 0, ""head"": ""sigmoid_bce"", ""hid_lr_mult"": 4.0, ""lr"": 0.001, ""muon"": 0, ""optimizer"": ""sgd"", ""out_bias_q"": -1.0, ""out_lr_mult"": 10.0, ""out_w_scale"": 1.0, ""p0"": 0.0, ""preprocess"": ""div255"", ""rule"": ""dfa"", ""seed"": 1, ""shift_step"": 0, ""target_center"": 0, ""target_scale"": 1.0, ""whiten"": 0, ""width"": 300}",,,
E5_recovery,h4.0_o10.0_g1.0,0,0,dfa,1.2692182064056396,1.2692182064056396,0.991341233253479,0.4371004104614258,0.8535772562026978,0.8010222911834717,7.825231954120134,1.051488064821137,1.2855763226352048,1.5264897491240816,10,1.5264897491240816,"{""act"": ""tanh"", ""arch"": ""mlp"", ""batch"": 128, ""batchnorm"": 0, ""calibrate_head"": 0, ""center"": ""none"", ""classes"": 10, ""dataset"": ""mnist"", ""depth"": 3, ""fb_row_norm"": 0, ""fb_scale"": 1.0, ""fb_seed"": 0, ""freeze_bias"": 0, ""freeze_out"": 0, ""head"": ""sigmoid_bce"", ""hid_lr_mult"": 4.0, ""lr"": 0.001, ""muon"": 0, ""optimizer"": ""sgd"", ""out_bias_q"": -1.0, ""out_lr_mult"": 10.0, ""out_w_scale"": 1.0, ""p0"": 0.0, ""preprocess"": ""div255"", ""rule"": ""dfa"", ""seed"": 0, ""shift_step"": 0, ""target_center"": 0, ""target_scale"": 1.0, ""whiten"": 0, ""width"": 300}",,,
E5_recovery,h4.0_o10.0_g1.0,1,1,dfa,1.3514316082000732,1.3514316082000732,0.994088888168335,0.3766473829746246,0.8631560802459717,0.7822943329811096,9.638750213145611,1.2223427162028515,1.524033927850285,2.090837012867474,10,2.090837012867474,"{""act"": ""tanh"", ""arch"": ""mlp"", ""batch"": 128, ""batchnorm"": 0, ""calibrate_head"": 0, ""center"": ""none"", ""classes"": 10, ""dataset"": ""mnist"", ""depth"": 3, ""fb_row_norm"": 0, ""fb_scale"": 1.0, ""fb_seed"": 1, ""freeze_bias"": 0, ""freeze_out"": 0, ""head"": ""sigmoid_bce"", ""hid_lr_mult"": 4.0, ""lr"": 0.001, ""muon"": 0, ""optimizer"": ""sgd"", ""out_bias_q"": -1.0, ""out_lr_mult"": 10.0, ""out_w_scale"": 1.0, ""p0"": 0.0, ""preprocess"": ""div255"", ""rule"": ""dfa"", ""seed"": 1, ""shift_step"": 0, ""target_center"": 0, ""target_scale"": 1.0, ""whiten"": 0, ""width"": 300}",,,
E5_recovery,h4.0_o10.0_g3.0,0,0,dfa,3.807654619216919,1.2692182064056396,0.999443531036377,0.1449696272611618,0.9261161684989928,0.6009454131126404,27.231127760697124,2.2332700870052893,4.961249259207493,6.7015673141314,10,6.7015673141314,"{""act"": ""tanh"", ""arch"": ""mlp"", ""batch"": 128, ""batchnorm"": 0, ""calibrate_head"": 0, ""center"": ""none"", ""classes"": 10, ""dataset"": ""mnist"", ""depth"": 3, ""fb_row_norm"": 0, ""fb_scale"": 3.0, ""fb_seed"": 0, ""freeze_bias"": 0, ""freeze_out"": 0, ""head"": ""sigmoid_bce"", ""hid_lr_mult"": 4.0, ""lr"": 0.001, ""muon"": 0, ""optimizer"": ""sgd"", ""out_bias_q"": -1.0, ""out_lr_mult"": 10.0, ""out_w_scale"": 1.0, ""p0"": 0.0, ""preprocess"": ""div255"", ""rule"": ""dfa"", ""seed"": 0, ""shift_step"": 0, ""target_center"": 0, ""target_scale"": 1.0, ""whiten"": 0, ""width"": 300}",,,
E5_recovery,h4.0_o10.0_g3.0,1,1,dfa,4.05429482460022,1.3514316082000732,0.9996938705444336,0.1065499633550643,0.9306708574295044,0.5720077157020569,36.218608533584586,2.7326775893630475,6.357283509536459,9.459032124615112,10,9.459032124615112,"{""act"": ""tanh"", ""arch"": ""mlp"", ""batch"": 128, ""batchnorm"": 0, ""calibrate_head"": 0, ""center"": ""none"", ""classes"": 10, ""dataset"": ""mnist"", ""depth"": 3, ""fb_row_norm"": 0, ""fb_scale"": 3.0, ""fb_seed"": 1, ""freeze_bias"": 0, ""freeze_out"": 0, ""head"": ""sigmoid_bce"", ""hid_lr_mult"": 4.0, ""lr"": 0.001, ""muon"": 0, ""optimizer"": ""sgd"", ""out_bias_q"": -1.0, ""out_lr_mult"": 10.0, ""out_w_scale"": 1.0, ""p0"": 0.0, ""preprocess"": ""div255"", ""rule"": ""dfa"", ""seed"": 1, ""shift_step"": 0, ""target_center"": 0, ""target_scale"": 1.0, ""whiten"": 0, ""width"": 300}",,,
E5_recovery,h4.0_o3.0_g0.3,0,0,dfa,0.38076546192169186,1.2692182064056396,0.989696741104126,0.4632560312747955,0.8385627865791321,0.8243590593338013,6.318366486286381,1.0055950947440568,1.220215633782051,1.514470386068351,40,1.514470386068351,"{""act"": ""tanh"", ""arch"": ""mlp"", ""batch"": 128, ""batchnorm"": 0, ""calibrate_head"": 0, ""center"": ""none"", ""classes"": 10, ""dataset"": ""mnist"", ""depth"": 3, ""fb_row_norm"": 0, ""fb_scale"": 0.3, ""fb_seed"": 0, ""freeze_bias"": 0, ""freeze_out"": 0, ""head"": ""sigmoid_bce"", ""hid_lr_mult"": 4.0, ""lr"": 0.001, ""muon"": 0, ""optimizer"": ""sgd"", ""out_bias_q"": -1.0, ""out_lr_mult"": 3.0, ""out_w_scale"": 1.0, ""p0"": 0.0, ""preprocess"": ""div255"", ""rule"": ""dfa"", ""seed"": 0, ""shift_step"": 0, ""target_center"": 0, ""target_scale"": 1.0, ""whiten"": 0, ""width"": 300}",,,
E5_recovery,h4.0_o3.0_g0.3,1,1,dfa,0.405429482460022,1.3514316082000732,0.9929280877113342,0.4020162224769592,0.84767085313797,0.8078320622444153,7.844997118175523,1.1766797488163487,1.4534816523735412,2.072611984543976,40,2.072611984543976,"{""act"": ""tanh"", ""arch"": ""mlp"", ""batch"": 128, ""batchnorm"": 0, ""calibrate_head"": 0, ""center"": ""none"", ""classes"": 10, ""dataset"": ""mnist"", ""depth"": 3, ""fb_row_norm"": 0, ""fb_scale"": 0.3, ""fb_seed"": 1, ""freeze_bias"": 0, ""freeze_out"": 0, ""head"": ""sigmoid_bce"", ""hid_lr_mult"": 4.0, ""lr"": 0.001, ""muon"": 0, ""optimizer"": ""sgd"", ""out_bias_q"": -1.0, ""out_lr_mult"": 3.0, ""out_w_scale"": 1.0, ""p0"": 0.0, ""preprocess"": ""div255"", ""rule"": ""dfa"", ""seed"": 1, ""shift_step"": 0, ""target_center"": 0, ""target_scale"": 1.0, ""whiten"": 0, ""width"": 300}",,,
E5_recovery,h4.0_o3.0_g1.0,0,0,dfa,1.2692182064056396,1.2692182064056396,0.9990299940109252,0.1756878644227981,0.916175901889801,0.6597694158554077,22.55874780076912,1.98845461352772,4.165821264608333,6.165856347363487,30,6.165856347363487,"{""act"": ""tanh"", ""arch"": ""mlp"", ""batch"": 128, ""batchnorm"": 0, ""calibrate_head"": 0, ""center"": ""none"", ""classes"": 10, ""dataset"": ""mnist"", ""depth"": 3, ""fb_row_norm"": 0, ""fb_scale"": 1.0, ""fb_seed"": 0, ""freeze_bias"": 0, ""freeze_out"": 0, ""head"": ""sigmoid_bce"", ""hid_lr_mult"": 4.0, ""lr"": 0.001, ""muon"": 0, ""optimizer"": ""sgd"", ""out_bias_q"": -1.0, ""out_lr_mult"": 3.0, ""out_w_scale"": 1.0, ""p0"": 0.0, ""preprocess"": ""div255"", ""rule"": ""dfa"", ""seed"": 0, ""shift_step"": 0, ""target_center"": 0, ""target_scale"": 1.0, ""whiten"": 0, ""width"": 300}",,,
E5_recovery,h4.0_o3.0_g1.0,1,1,dfa,1.3514316082000732,1.3514316082000732,0.9994797110557556,0.1460817158222198,0.9221116304397584,0.6296295523643494,30.10170344742549,2.4135757130786866,5.298048474460614,8.560690180749132,30,8.560690180749132,"{""act"": ""tanh"", ""arch"": ""mlp"", ""batch"": 128, ""batchnorm"": 0, ""calibrate_head"": 0, ""center"": ""none"", ""classes"": 10, ""dataset"": ""mnist"", ""depth"": 3, ""fb_row_norm"": 0, ""fb_scale"": 1.0, ""fb_seed"": 1, ""freeze_bias"": 0, ""freeze_out"": 0, ""head"": ""sigmoid_bce"", ""hid_lr_mult"": 4.0, ""lr"": 0.001, ""muon"": 0, ""optimizer"": ""sgd"", ""out_bias_q"": -1.0, ""out_lr_mult"": 3.0, ""out_w_scale"": 1.0, ""p0"": 0.0, ""preprocess"": ""div255"", ""rule"": ""dfa"", ""seed"": 1, ""shift_step"": 0, ""target_center"": 0, ""target_scale"": 1.0, ""whiten"": 0, ""width"": 300}",,,
E5_recovery,h4.0_o3.0_g3.0,0,0,dfa,3.807654619216919,1.2692182064056396,0.999936580657959,0.0597943179309368,0.9562907814979552,0.4686122834682464,78.76228747089579,4.2501245572436455,14.327824558618852,20.459752890826856,20,20.459752890826856,"{""act"": ""tanh"", ""arch"": ""mlp"", ""batch"": 128, ""batchnorm"": 0, ""calibrate_head"": 0, ""center"": ""none"", ""classes"": 10, ""dataset"": ""mnist"", ""depth"": 3, ""fb_row_norm"": 0, ""fb_scale"": 3.0, ""fb_seed"": 0, ""freeze_bias"": 0, ""freeze_out"": 0, ""head"": ""sigmoid_bce"", ""hid_lr_mult"": 4.0, ""lr"": 0.001, ""muon"": 0, ""optimizer"": ""sgd"", ""out_bias_q"": -1.0, ""out_lr_mult"": 3.0, ""out_w_scale"": 1.0, ""p0"": 0.0, ""preprocess"": ""div255"", ""rule"": ""dfa"", ""seed"": 0, ""shift_step"": 0, ""target_center"": 0, ""target_scale"": 1.0, ""whiten"": 0, ""width"": 300}",,,
E5_recovery,h4.0_o3.0_g3.0,1,1,dfa,4.05429482460022,1.3514316082000732,0.9999419450759888,0.0413911044597625,0.9606071710586548,0.4369224905967712,108.0890804204918,5.615678398590863,20.342011260765734,30.19515104823106,20,30.19515104823106,"{""act"": ""tanh"", ""arch"": ""mlp"", ""batch"": 128, ""batchnorm"": 0, ""calibrate_head"": 0, ""center"": ""none"", ""classes"": 10, ""dataset"": ""mnist"", ""depth"": 3, ""fb_row_norm"": 0, ""fb_scale"": 3.0, ""fb_seed"": 1, ""freeze_bias"": 0, ""freeze_out"": 0, ""head"": ""sigmoid_bce"", ""hid_lr_mult"": 4.0, ""lr"": 0.001, ""muon"": 0, ""optimizer"": ""sgd"", ""out_bias_q"": -1.0, ""out_lr_mult"": 3.0, ""out_w_scale"": 1.0, ""p0"": 0.0, ""preprocess"": ""div255"", ""rule"": ""dfa"", ""seed"": 1, ""shift_step"": 0, ""target_center"": 0, ""target_scale"": 1.0, ""whiten"": 0, ""width"": 300}",,,
E3_generality,cnn,0,0,dfa,1.2574265003204346,1.2574265003204346,0.99996817111969,0.0090826097875833,0.979682683944702,0.404053658246994,678.0710587822618,2.35951650447467,269.67956719480674,272.30172370925845,110,272.30172370925845,"{""act"": ""tanh"", ""arch"": ""cnn"", ""batch"": 128, ""batchnorm"": 0, ""calibrate_head"": 0, ""center"": ""none"", ""classes"": 10, ""dataset"": ""mnist"", ""depth"": 3, ""fb_row_norm"": 0, ""fb_scale"": 1.0, ""fb_seed"": 0, ""freeze_bias"": 0, ""freeze_out"": 0, ""head"": ""sigmoid_bce"", ""hid_lr_mult"": 1.0, ""lr"": 0.001, ""muon"": 0, ""optimizer"": ""sgd"", ""out_bias_q"": -1.0, ""out_lr_mult"": 1.0, ""out_w_scale"": 1.0, ""p0"": 0.0, ""preprocess"": ""div255"", ""rule"": ""dfa"", ""seed"": 0, ""shift_step"": 0, ""target_center"": 0, ""target_scale"": 1.0, ""whiten"": 0, ""width"": 300}",,,
E3_generality,cnn,1,1,dfa,1.294652223587036,1.294652223587036,0.9998632073402404,0.0265290290117263,0.958547055721283,0.5424768924713135,692.8048188357491,1.7999583991729322,154.53955668696696,176.4664841483456,110,176.4664841483456,"{""act"": ""tanh"", ""arch"": ""cnn"", ""batch"": 128, ""batchnorm"": 0, ""calibrate_head"": 0, ""center"": ""none"", ""classes"": 10, ""dataset"": ""mnist"", ""depth"": 3, ""fb_row_norm"": 0, ""fb_scale"": 1.0, ""fb_seed"": 1, ""freeze_bias"": 0, ""freeze_out"": 0, ""head"": ""sigmoid_bce"", ""hid_lr_mult"": 1.0, ""lr"": 0.001, ""muon"": 0, ""optimizer"": ""sgd"", ""out_bias_q"": -1.0, ""out_lr_mult"": 1.0, ""out_w_scale"": 1.0, ""p0"": 0.0, ""preprocess"": ""div255"", ""rule"": ""dfa"", ""seed"": 1, ""shift_step"": 0, ""target_center"": 0, ""target_scale"": 1.0, ""whiten"": 0, ""width"": 300}",,,
E3_generality,cnn,2,2,dfa,1.2303248643875122,1.2303248643875122,0.9990542531013488,0.0287804901599884,0.9155853986740112,0.4913922846317291,710.9548684910749,2.4036062450474995,227.56150122772783,253.9158514906008,120,253.9158514906008,"{""act"": ""tanh"", ""arch"": ""cnn"", ""batch"": 128, ""batchnorm"": 0, ""calibrate_head"": 0, ""center"": ""none"", ""classes"": 10, ""dataset"": ""mnist"", ""depth"": 3, ""fb_row_norm"": 0, ""fb_scale"": 1.0, ""fb_seed"": 2, ""freeze_bias"": 0, ""freeze_out"": 0, ""head"": ""sigmoid_bce"", ""hid_lr_mult"": 1.0, ""lr"": 0.001, ""muon"": 0, ""optimizer"": ""sgd"", ""out_bias_q"": -1.0, ""out_lr_mult"": 1.0, ""out_w_scale"": 1.0, ""p0"": 0.0, ""preprocess"": ""div255"", ""rule"": ""dfa"", ""seed"": 2, ""shift_step"": 0, ""target_center"": 0, ""target_scale"": 1.0, ""whiten"": 0, ""width"": 300}",,,
E3_generality,cnn_center,0,0,dfa,1.2574265003204346,1.2574265003204346,0.7307156324386597,0.5560559034347534,0.5742961168289185,0.94133859872818,130.76449308106277,5.718957439270201,42.63417557609431,52.5914111138965,250,52.5914111138965,"{""act"": ""tanh"", ""arch"": ""cnn"", ""batch"": 128, ""batchnorm"": 0, ""calibrate_head"": 0, ""center"": ""delta"", ""classes"": 10, ""dataset"": ""mnist"", ""depth"": 3, ""fb_row_norm"": 0, ""fb_scale"": 1.0, ""fb_seed"": 0, ""freeze_bias"": 0, ""freeze_out"": 0, ""head"": ""sigmoid_bce"", ""hid_lr_mult"": 1.0, ""lr"": 0.001, ""muon"": 0, ""optimizer"": ""sgd"", ""out_bias_q"": -1.0, ""out_lr_mult"": 1.0, ""out_w_scale"": 1.0, ""p0"": 0.0, ""preprocess"": ""div255"", ""rule"": ""dfa"", ""seed"": 0, ""shift_step"": 0, ""target_center"": 0, ""target_scale"": 1.0, ""whiten"": 0, ""width"": 300}",,,
E3_generality,cnn_center,1,1,dfa,1.294652223587036,1.294652223587036,0.6826733350753784,0.5936633944511414,0.5574524998664856,0.9458287358283995,146.00208587799727,7.705559468271774,50.73771305546467,58.885871694123786,290,58.885871694123786,"{""act"": ""tanh"", ""arch"": ""cnn"", ""batch"": 128, ""batchnorm"": 0, ""calibrate_head"": 0, ""center"": ""delta"", ""classes"": 10, ""dataset"": ""mnist"", ""depth"": 3, ""fb_row_norm"": 0, ""fb_scale"": 1.0, ""fb_seed"": 1, ""freeze_bias"": 0, ""freeze_out"": 0, ""head"": ""sigmoid_bce"", ""hid_lr_mult"": 1.0, ""lr"": 0.001, ""muon"": 0, ""optimizer"": ""sgd"", ""out_bias_q"": -1.0, ""out_lr_mult"": 1.0, ""out_w_scale"": 1.0, ""p0"": 0.0, ""preprocess"": ""div255"", ""rule"": ""dfa"", ""seed"": 1, ""shift_step"": 0, ""target_center"": 0, ""target_scale"": 1.0, ""whiten"": 0, ""width"": 300}",,,
E3_generality,cnn_center,2,2,dfa,1.2303248643875122,1.2303248643875122,0.6912060976028442,0.5922359228134155,0.5529224872589111,0.9491510391235352,142.42742574632152,5.513656340385385,46.41736908532781,51.46550190845292,260,51.46550190845292,"{""act"": ""tanh"", ""arch"": ""cnn"", ""batch"": 128, ""batchnorm"": 0, ""calibrate_head"": 0, ""center"": ""delta"", ""classes"": 10, ""dataset"": ""mnist"", ""depth"": 3, ""fb_row_norm"": 0, ""fb_scale"": 1.0, ""fb_seed"": 2, ""freeze_bias"": 0, ""freeze_out"": 0, ""head"": ""sigmoid_bce"", ""hid_lr_mult"": 1.0, ""lr"": 0.001, ""muon"": 0, ""optimizer"": ""sgd"", ""out_bias_q"": -1.0, ""out_lr_mult"": 1.0, ""out_w_scale"": 1.0, ""p0"": 0.0, ""preprocess"": ""div255"", ""rule"": ""dfa"", ""seed"": 2, ""shift_step"": 0, ""target_center"": 0, ""target_scale"": 1.0, ""whiten"": 0, ""width"": 300}",,,
E3_generality,cnn_centere,0,0,dfa,1.2574265003204346,1.2574265003204346,0.4840227663516998,0.9262752532958984,0.497640311717987,0.9754135012626648,1326.2676146105036,37.181886570246746,619.421362379911,1326.2676146105036,1500,1326.2676146105036,"{""act"": ""tanh"", ""arch"": ""cnn"", ""batch"": 128, ""batchnorm"": 0, ""calibrate_head"": 0, ""center"": ""e"", ""classes"": 10, ""dataset"": ""mnist"", ""depth"": 3, ""fb_row_norm"": 0, ""fb_scale"": 1.0, ""fb_seed"": 0, ""freeze_bias"": 0, ""freeze_out"": 0, ""head"": ""sigmoid_bce"", ""hid_lr_mult"": 1.0, ""lr"": 0.001, ""muon"": 0, ""optimizer"": ""sgd"", ""out_bias_q"": -1.0, ""out_lr_mult"": 1.0, ""out_w_scale"": 1.0, ""p0"": 0.0, ""preprocess"": ""div255"", ""rule"": ""dfa"", ""seed"": 0, ""shift_step"": 0, ""target_center"": 0, ""target_scale"": 1.0, ""whiten"": 0, ""width"": 300}",,,
E3_generality,cnn_centere,1,1,dfa,1.294652223587036,1.294652223587036,0.4505928158760071,0.9391186833381652,0.4991967380046844,0.9709953665733336,1399.8817901512466,37.02358997633962,609.5419161649995,1399.8817901512466,1500,1399.8817901512466,"{""act"": ""tanh"", ""arch"": ""cnn"", ""batch"": 128, ""batchnorm"": 0, ""calibrate_head"": 0, ""center"": ""e"", ""classes"": 10, ""dataset"": ""mnist"", ""depth"": 3, ""fb_row_norm"": 0, ""fb_scale"": 1.0, ""fb_seed"": 1, ""freeze_bias"": 0, ""freeze_out"": 0, ""head"": ""sigmoid_bce"", ""hid_lr_mult"": 1.0, ""lr"": 0.001, ""muon"": 0, ""optimizer"": ""sgd"", ""out_bias_q"": -1.0, ""out_lr_mult"": 1.0, ""out_w_scale"": 1.0, ""p0"": 0.0, ""preprocess"": ""div255"", ""rule"": ""dfa"", ""seed"": 1, ""shift_step"": 0, ""target_center"": 0, ""target_scale"": 1.0, ""whiten"": 0, ""width"": 300}",,,
E3_generality,cnn_centere,2,2,dfa,1.2303248643875122,1.2303248643875122,0.4864278435707092,0.9265753626823424,0.5395419001579285,0.9581238031387328,2042.4716449180407,40.665258473322105,1286.4665857751263,2042.4716449180407,1500,2042.4716449180407,"{""act"": ""tanh"", ""arch"": ""cnn"", ""batch"": 128, ""batchnorm"": 0, ""calibrate_head"": 0, ""center"": ""e"", ""classes"": 10, ""dataset"": ""mnist"", ""depth"": 3, ""fb_row_norm"": 0, ""fb_scale"": 1.0, ""fb_seed"": 2, ""freeze_bias"": 0, ""freeze_out"": 0, ""head"": ""sigmoid_bce"", ""hid_lr_mult"": 1.0, ""lr"": 0.001, ""muon"": 0, ""optimizer"": ""sgd"", ""out_bias_q"": -1.0, ""out_lr_mult"": 1.0, ""out_w_scale"": 1.0, ""p0"": 0.0, ""preprocess"": ""div255"", ""rule"": ""dfa"", ""seed"": 2, ""shift_step"": 0, ""target_center"": 0, ""target_scale"": 1.0, ""whiten"": 0, ""width"": 300}",,,
E3_generality,depth6,0,0,dfa,1.268113374710083,1.268113374710083,0.999998152256012,0.1344820857048034,0.9043447971343994,0.7101897597312927,13.779481083097432,1.5353065045512444,2.731705214014193,3.91457295016938,70,4.756650725055453,"{""act"": ""tanh"", ""arch"": ""mlp"", ""batch"": 128, ""batchnorm"": 0, ""calibrate_head"": 0, ""center"": ""none"", ""classes"": 10, ""dataset"": ""mnist"", ""depth"": 6, ""fb_row_norm"": 0, ""fb_scale"": 1.0, ""fb_seed"": 0, ""freeze_bias"": 0, ""freeze_out"": 0, ""head"": ""sigmoid_bce"", ""hid_lr_mult"": 1.0, ""lr"": 0.001, ""muon"": 0, ""optimizer"": ""sgd"", ""out_bias_q"": -1.0, ""out_lr_mult"": 1.0, ""out_w_scale"": 1.0, ""p0"": 0.0, ""preprocess"": ""div255"", ""rule"": ""dfa"", ""seed"": 0, ""shift_step"": 0, ""target_center"": 0, ""target_scale"": 1.0, ""whiten"": 0, ""width"": 300}",4.4383802703985324,4.689440505447378,4.756650725055453
E3_generality,depth6,1,1,dfa,1.277761459350586,1.277761459350586,0.9999972581863404,0.1712379306554794,0.899269163608551,0.7233515977859497,14.737532066273875,1.61123742540867,2.80022177574983,4.234271998344288,70,5.080554369181647,"{""act"": ""tanh"", ""arch"": ""mlp"", ""batch"": 128, ""batchnorm"": 0, ""calibrate_head"": 0, ""center"": ""none"", ""classes"": 10, ""dataset"": ""mnist"", ""depth"": 6, ""fb_row_norm"": 0, ""fb_scale"": 1.0, ""fb_seed"": 1, ""freeze_bias"": 0, ""freeze_out"": 0, ""head"": ""sigmoid_bce"", ""hid_lr_mult"": 1.0, ""lr"": 0.001, ""muon"": 0, ""optimizer"": ""sgd"", ""out_bias_q"": -1.0, ""out_lr_mult"": 1.0, ""out_w_scale"": 1.0, ""p0"": 0.0, ""preprocess"": ""div255"", ""rule"": ""dfa"", ""seed"": 1, ""shift_step"": 0, ""target_center"": 0, ""target_scale"": 1.0, ""whiten"": 0, ""width"": 300}",4.81968234191253,5.040714988330524,5.080554369181647
E3_generality,depth6,2,2,dfa,1.2086238861083984,1.2086238861083984,0.9999919533729552,0.2039322704076767,0.8814882636070251,0.7449429035186768,15.099418089554437,1.4277664244194614,2.2674200069716104,3.179788702272956,70,4.242850672278079,"{""act"": ""tanh"", ""arch"": ""mlp"", ""batch"": 128, ""batchnorm"": 0, ""calibrate_head"": 0, ""center"": ""none"", ""classes"": 10, ""dataset"": ""mnist"", ""depth"": 6, ""fb_row_norm"": 0, ""fb_scale"": 1.0, ""fb_seed"": 2, ""freeze_bias"": 0, ""freeze_out"": 0, ""head"": ""sigmoid_bce"", ""hid_lr_mult"": 1.0, ""lr"": 0.001, ""muon"": 0, ""optimizer"": ""sgd"", ""out_bias_q"": -1.0, ""out_lr_mult"": 1.0, ""out_w_scale"": 1.0, ""p0"": 0.0, ""preprocess"": ""div255"", ""rule"": ""dfa"", ""seed"": 2, ""shift_step"": 0, ""target_center"": 0, ""target_scale"": 1.0, ""whiten"": 0, ""width"": 300}",3.774205128098042,4.049779737865006,4.242850672278079
E3_generality,depth6_center,0,0,dfa,1.268113374710083,1.268113374710083,0.4017360806465149,0.480323851108551,0.5308037996292114,0.9304619431495668,59.24252995620186,44.47855414894921,84.62968553723196,89.7944750630379,2000,59.24252995620186,"{""act"": ""tanh"", ""arch"": ""mlp"", ""batch"": 128, ""batchnorm"": 0, ""calibrate_head"": 0, ""center"": ""delta"", ""classes"": 10, ""dataset"": ""mnist"", ""depth"": 6, ""fb_row_norm"": 0, ""fb_scale"": 1.0, ""fb_seed"": 0, ""freeze_bias"": 0, ""freeze_out"": 0, ""head"": ""sigmoid_bce"", ""hid_lr_mult"": 1.0, ""lr"": 0.001, ""muon"": 0, ""optimizer"": ""sgd"", ""out_bias_q"": -1.0, ""out_lr_mult"": 1.0, ""out_w_scale"": 1.0, ""p0"": 0.0, ""preprocess"": ""div255"", ""rule"": ""dfa"", ""seed"": 0, ""shift_step"": 0, ""target_center"": 0, ""target_scale"": 1.0, ""whiten"": 0, ""width"": 300}",76.52580551978426,68.21357222782454,59.24252995620186
E3_generality,depth6_center,1,1,dfa,1.277761459350586,1.277761459350586,0.5343064665794373,0.6081826686859131,0.4849205017089844,0.9125038385391236,95.00209912585244,39.14122291392831,76.08904996687731,102.34654071647265,2000,95.00209912585244,"{""act"": ""tanh"", ""arch"": ""mlp"", ""batch"": 128, ""batchnorm"": 0, ""calibrate_head"": 0, ""center"": ""delta"", ""classes"": 10, ""dataset"": ""mnist"", ""depth"": 6, ""fb_row_norm"": 0, ""fb_scale"": 1.0, ""fb_seed"": 1, ""freeze_bias"": 0, ""freeze_out"": 0, ""head"": ""sigmoid_bce"", ""hid_lr_mult"": 1.0, ""lr"": 0.001, ""muon"": 0, ""optimizer"": ""sgd"", ""out_bias_q"": -1.0, ""out_lr_mult"": 1.0, ""out_w_scale"": 1.0, ""p0"": 0.0, ""preprocess"": ""div255"", ""rule"": ""dfa"", ""seed"": 1, ""shift_step"": 0, ""target_center"": 0, ""target_scale"": 1.0, ""whiten"": 0, ""width"": 300}",99.81943542726046,97.98755094269528,95.00209912585244
E3_generality,depth6_center,2,2,dfa,1.2086238861083984,1.2086238861083984,0.523564875125885,0.740953803062439,0.5294928550720215,0.9288789629936218,76.15218344577876,36.36191387153801,74.11185037485897,89.33412215179038,2000,76.15218344577876,"{""act"": ""tanh"", ""arch"": ""mlp"", ""batch"": 128, ""batchnorm"": 0, ""calibrate_head"": 0, ""center"": ""delta"", ""classes"": 10, ""dataset"": ""mnist"", ""depth"": 6, ""fb_row_norm"": 0, ""fb_scale"": 1.0, ""fb_seed"": 2, ""freeze_bias"": 0, ""freeze_out"": 0, ""head"": ""sigmoid_bce"", ""hid_lr_mult"": 1.0, ""lr"": 0.001, ""muon"": 0, ""optimizer"": ""sgd"", ""out_bias_q"": -1.0, ""out_lr_mult"": 1.0, ""out_w_scale"": 1.0, ""p0"": 0.0, ""preprocess"": ""div255"", ""rule"": ""dfa"", ""seed"": 2, ""shift_step"": 0, ""target_center"": 0, ""target_scale"": 1.0, ""whiten"": 0, ""width"": 300}",80.23113761534962,76.32952138220074,76.15218344577876
E3_generality,depth6_centere,0,0,dfa,1.268113374710083,1.268113374710083,0.3797813057899475,0.8499965667724609,0.3765544593334198,0.9893821477890016,26.51112828466257,63.25271605782748,22.93412003553692,24.54093373925156,2000,26.51112828466257,"{""act"": ""tanh"", ""arch"": ""mlp"", ""batch"": 128, ""batchnorm"": 0, ""calibrate_head"": 0, ""center"": ""e"", ""classes"": 10, ""dataset"": ""mnist"", ""depth"": 6, ""fb_row_norm"": 0, ""fb_scale"": 1.0, ""fb_seed"": 0, ""freeze_bias"": 0, ""freeze_out"": 0, ""head"": ""sigmoid_bce"", ""hid_lr_mult"": 1.0, ""lr"": 0.001, ""muon"": 0, ""optimizer"": ""sgd"", ""out_bias_q"": -1.0, ""out_lr_mult"": 1.0, ""out_w_scale"": 1.0, ""p0"": 0.0, ""preprocess"": ""div255"", ""rule"": ""dfa"", ""seed"": 0, ""shift_step"": 0, ""target_center"": 0, ""target_scale"": 1.0, ""whiten"": 0, ""width"": 300}",25.08083980535497,24.82647095521645,26.51112828466257
E3_generality,depth6_centere,1,1,dfa,1.277761459350586,1.277761459350586,0.3332803547382355,0.7524625062942505,0.3876262009143829,0.9864993691444396,28.35343651353583,62.48922788733191,18.851217245165437,19.73727863038113,2000,28.35343651353583,"{""act"": ""tanh"", ""arch"": ""mlp"", ""batch"": 128, ""batchnorm"": 0, ""calibrate_head"": 0, ""center"": ""e"", ""classes"": 10, ""dataset"": ""mnist"", ""depth"": 6, ""fb_row_norm"": 0, ""fb_scale"": 1.0, ""fb_seed"": 1, ""freeze_bias"": 0, ""freeze_out"": 0, ""head"": ""sigmoid_bce"", ""hid_lr_mult"": 1.0, ""lr"": 0.001, ""muon"": 0, ""optimizer"": ""sgd"", ""out_bias_q"": -1.0, ""out_lr_mult"": 1.0, ""out_w_scale"": 1.0, ""p0"": 0.0, ""preprocess"": ""div255"", ""rule"": ""dfa"", ""seed"": 1, ""shift_step"": 0, ""target_center"": 0, ""target_scale"": 1.0, ""whiten"": 0, ""width"": 300}",21.85564116063236,26.52751118551329,28.35343651353583
E3_generality,depth6_centere,2,2,dfa,1.2086238861083984,1.2086238861083984,0.439984530210495,0.8642608523368835,0.3772227168083191,0.9878299832344056,38.68550502934617,59.27912371944373,22.572850250357472,27.85569275513123,2000,38.68550502934617,"{""act"": ""tanh"", ""arch"": ""mlp"", ""batch"": 128, ""batchnorm"": 0, ""calibrate_head"": 0, ""center"": ""e"", ""classes"": 10, ""dataset"": ""mnist"", ""depth"": 6, ""fb_row_norm"": 0, ""fb_scale"": 1.0, ""fb_seed"": 2, ""freeze_bias"": 0, ""freeze_out"": 0, ""head"": ""sigmoid_bce"", ""hid_lr_mult"": 1.0, ""lr"": 0.001, ""muon"": 0, ""optimizer"": ""sgd"", ""out_bias_q"": -1.0, ""out_lr_mult"": 1.0, ""out_w_scale"": 1.0, ""p0"": 0.0, ""preprocess"": ""div255"", ""rule"": ""dfa"", ""seed"": 2, ""shift_step"": 0, ""target_center"": 0, ""target_scale"": 1.0, ""whiten"": 0, ""width"": 300}",32.264464397050425,36.14471415431156,38.68550502934617
E3_generality,fa,0,0,fa,1.2692182064056396,1.2692182064056396,0.9933845400810242,0.3105885982513428,0.7511383891105652,0.8994792699813843,8.711335272392082,2.066880776588643,2.4093724619713397,3.583254239617504,80,3.583254239617504,"{""act"": ""tanh"", ""arch"": ""mlp"", ""batch"": 128, ""batchnorm"": 0, ""calibrate_head"": 0, ""center"": ""none"", ""classes"": 10, ""dataset"": ""mnist"", ""depth"": 3, ""fb_row_norm"": 0, ""fb_scale"": 1.0, ""fb_seed"": 0, ""freeze_bias"": 0, ""freeze_out"": 0, ""head"": ""sigmoid_bce"", ""hid_lr_mult"": 1.0, ""lr"": 0.001, ""muon"": 0, ""optimizer"": ""sgd"", ""out_bias_q"": -1.0, ""out_lr_mult"": 1.0, ""out_w_scale"": 1.0, ""p0"": 0.0, ""preprocess"": ""div255"", ""rule"": ""fa"", ""seed"": 0, ""shift_step"": 0, ""target_center"": 0, ""target_scale"": 1.0, ""whiten"": 0, ""width"": 300}",,,
E3_generality,fa,1,1,fa,1.3514316082000732,1.3514316082000732,0.9899535179138184,0.3701941668987274,0.7470304369926453,0.9088357090950012,7.071185236442573,1.6439721608898006,1.7603617113295378,2.492576705880873,70,2.492576705880873,"{""act"": ""tanh"", ""arch"": ""mlp"", ""batch"": 128, ""batchnorm"": 0, ""calibrate_head"": 0, ""center"": ""none"", ""classes"": 10, ""dataset"": ""mnist"", ""depth"": 3, ""fb_row_norm"": 0, ""fb_scale"": 1.0, ""fb_seed"": 1, ""freeze_bias"": 0, ""freeze_out"": 0, ""head"": ""sigmoid_bce"", ""hid_lr_mult"": 1.0, ""lr"": 0.001, ""muon"": 0, ""optimizer"": ""sgd"", ""out_bias_q"": -1.0, ""out_lr_mult"": 1.0, ""out_w_scale"": 1.0, ""p0"": 0.0, ""preprocess"": ""div255"", ""rule"": ""fa"", ""seed"": 1, ""shift_step"": 0, ""target_center"": 0, ""target_scale"": 1.0, ""whiten"": 0, ""width"": 300}",,,
E3_generality,fa,2,2,fa,1.247653603553772,1.247653603553772,0.9889937043190002,0.3893482983112335,0.7630985975265503,0.9113187193870544,8.452304142086732,1.7021269337827718,2.0004027017320407,2.621607032757124,80,2.621607032757124,"{""act"": ""tanh"", ""arch"": ""mlp"", ""batch"": 128, ""batchnorm"": 0, ""calibrate_head"": 0, ""center"": ""none"", ""classes"": 10, ""dataset"": ""mnist"", ""depth"": 3, ""fb_row_norm"": 0, ""fb_scale"": 1.0, ""fb_seed"": 2, ""freeze_bias"": 0, ""freeze_out"": 0, ""head"": ""sigmoid_bce"", ""hid_lr_mult"": 1.0, ""lr"": 0.001, ""muon"": 0, ""optimizer"": ""sgd"", ""out_bias_q"": -1.0, ""out_lr_mult"": 1.0, ""out_w_scale"": 1.0, ""p0"": 0.0, ""preprocess"": ""div255"", ""rule"": ""fa"", ""seed"": 2, ""shift_step"": 0, ""target_center"": 0, ""target_scale"": 1.0, ""whiten"": 0, ""width"": 300}",,,
E3_generality,fa_center,0,0,fa,1.2692182064056396,1.2692182064056396,0.4818125367164612,0.9365943670272828,0.4727778732776642,0.9721644520759584,38.87971660725289,30.96185778203358,26.395184840405825,38.87971660725289,2000,38.87971660725289,"{""act"": ""tanh"", ""arch"": ""mlp"", ""batch"": 128, ""batchnorm"": 0, ""calibrate_head"": 0, ""center"": ""delta"", ""classes"": 10, ""dataset"": ""mnist"", ""depth"": 3, ""fb_row_norm"": 0, ""fb_scale"": 1.0, ""fb_seed"": 0, ""freeze_bias"": 0, ""freeze_out"": 0, ""head"": ""sigmoid_bce"", ""hid_lr_mult"": 1.0, ""lr"": 0.001, ""muon"": 0, ""optimizer"": ""sgd"", ""out_bias_q"": -1.0, ""out_lr_mult"": 1.0, ""out_w_scale"": 1.0, ""p0"": 0.0, ""preprocess"": ""div255"", ""rule"": ""fa"", ""seed"": 0, ""shift_step"": 0, ""target_center"": 0, ""target_scale"": 1.0, ""whiten"": 0, ""width"": 300}",,,
E3_generality,fa_center,1,1,fa,1.3514316082000732,1.3514316082000732,0.4991427659988403,0.9046920537948608,0.5004280209541321,0.9687294363975524,37.59030651167208,25.82657056152753,24.04790938108853,37.41411219445711,1990,37.41411219445711,"{""act"": ""tanh"", ""arch"": ""mlp"", ""batch"": 128, ""batchnorm"": 0, ""calibrate_head"": 0, ""center"": ""delta"", ""classes"": 10, ""dataset"": ""mnist"", ""depth"": 3, ""fb_row_norm"": 0, ""fb_scale"": 1.0, ""fb_seed"": 1, ""freeze_bias"": 0, ""freeze_out"": 0, ""head"": ""sigmoid_bce"", ""hid_lr_mult"": 1.0, ""lr"": 0.001, ""muon"": 0, ""optimizer"": ""sgd"", ""out_bias_q"": -1.0, ""out_lr_mult"": 1.0, ""out_w_scale"": 1.0, ""p0"": 0.0, ""preprocess"": ""div255"", ""rule"": ""fa"", ""seed"": 1, ""shift_step"": 0, ""target_center"": 0, ""target_scale"": 1.0, ""whiten"": 0, ""width"": 300}",,,
E3_generality,fa_center,2,2,fa,1.247653603553772,1.247653603553772,0.4793931543827057,0.9436297416687012,0.5273600816726685,0.9709144234657288,35.32386370661345,26.16484147439819,25.77227930738869,35.32386370661345,2000,35.32386370661345,"{""act"": ""tanh"", ""arch"": ""mlp"", ""batch"": 128, ""batchnorm"": 0, ""calibrate_head"": 0, ""center"": ""delta"", ""classes"": 10, ""dataset"": ""mnist"", ""depth"": 3, ""fb_row_norm"": 0, ""fb_scale"": 1.0, ""fb_seed"": 2, ""freeze_bias"": 0, ""freeze_out"": 0, ""head"": ""sigmoid_bce"", ""hid_lr_mult"": 1.0, ""lr"": 0.001, ""muon"": 0, ""optimizer"": ""sgd"", ""out_bias_q"": -1.0, ""out_lr_mult"": 1.0, ""out_w_scale"": 1.0, ""p0"": 0.0, ""preprocess"": ""div255"", ""rule"": ""fa"", ""seed"": 2, ""shift_step"": 0, ""target_center"": 0, ""target_scale"": 1.0, ""whiten"": 0, ""width"": 300}",,,
E3_generality,fa_centere,0,0,fa,1.2692182064056396,1.2692182064056396,0.3544673323631286,0.9697383046150208,0.3832059800624847,0.9877859354019164,19.14278240215651,42.13233194672279,22.663850506042785,19.14278240215651,2000,19.14278240215651,"{""act"": ""tanh"", ""arch"": ""mlp"", ""batch"": 128, ""batchnorm"": 0, ""calibrate_head"": 0, ""center"": ""e"", ""classes"": 10, ""dataset"": ""mnist"", ""depth"": 3, ""fb_row_norm"": 0, ""fb_scale"": 1.0, ""fb_seed"": 0, ""freeze_bias"": 0, ""freeze_out"": 0, ""head"": ""sigmoid_bce"", ""hid_lr_mult"": 1.0, ""lr"": 0.001, ""muon"": 0, ""optimizer"": ""sgd"", ""out_bias_q"": -1.0, ""out_lr_mult"": 1.0, ""out_w_scale"": 1.0, ""p0"": 0.0, ""preprocess"": ""div255"", ""rule"": ""fa"", ""seed"": 0, ""shift_step"": 0, ""target_center"": 0, ""target_scale"": 1.0, ""whiten"": 0, ""width"": 300}",,,
E3_generality,fa_centere,1,1,fa,1.3514316082000732,1.3514316082000732,0.387746512889862,0.9730636477470398,0.3873637318611145,0.9887229204177856,18.025297465816816,45.13119695968853,24.5952692787679,18.025297465816816,2000,18.025297465816816,"{""act"": ""tanh"", ""arch"": ""mlp"", ""batch"": 128, ""batchnorm"": 0, ""calibrate_head"": 0, ""center"": ""e"", ""classes"": 10, ""dataset"": ""mnist"", ""depth"": 3, ""fb_row_norm"": 0, ""fb_scale"": 1.0, ""fb_seed"": 1, ""freeze_bias"": 0, ""freeze_out"": 0, ""head"": ""sigmoid_bce"", ""hid_lr_mult"": 1.0, ""lr"": 0.001, ""muon"": 0, ""optimizer"": ""sgd"", ""out_bias_q"": -1.0, ""out_lr_mult"": 1.0, ""out_w_scale"": 1.0, ""p0"": 0.0, ""preprocess"": ""div255"", ""rule"": ""fa"", ""seed"": 1, ""shift_step"": 0, ""target_center"": 0, ""target_scale"": 1.0, ""whiten"": 0, ""width"": 300}",,,
E3_generality,fa_centere,2,2,fa,1.247653603553772,1.247653603553772,0.3910796046257019,0.9689093828201294,0.4126372337341308,0.9858370423316956,18.011993763912173,43.340251179226186,24.15403142532316,18.011993763912173,2000,18.011993763912173,"{""act"": ""tanh"", ""arch"": ""mlp"", ""batch"": 128, ""batchnorm"": 0, ""calibrate_head"": 0, ""center"": ""e"", ""classes"": 10, ""dataset"": ""mnist"", ""depth"": 3, ""fb_row_norm"": 0, ""fb_scale"": 1.0, ""fb_seed"": 2, ""freeze_bias"": 0, ""freeze_out"": 0, ""head"": ""sigmoid_bce"", ""hid_lr_mult"": 1.0, ""lr"": 0.001, ""muon"": 0, ""optimizer"": ""sgd"", ""out_bias_q"": -1.0, ""out_lr_mult"": 1.0, ""out_w_scale"": 1.0, ""p0"": 0.0, ""preprocess"": ""div255"", ""rule"": ""fa"", ""seed"": 2, ""shift_step"": 0, ""target_center"": 0, ""target_scale"": 1.0, ""whiten"": 0, ""width"": 300}",,,
E3_generality,fa_depth6,0,0,fa,1.268113374710083,1.268113374710083,0.9988789558410645,0.1968649327754974,0.636136531829834,0.9512943029403688,10.086517640713442,2.152134492902483,1.8755369639212291,2.07808576877799,80,4.674534306979742,"{""act"": ""tanh"", ""arch"": ""mlp"", ""batch"": 128, ""batchnorm"": 0, ""calibrate_head"": 0, ""center"": ""none"", ""classes"": 10, ""dataset"": ""mnist"", ""depth"": 6, ""fb_row_norm"": 0, ""fb_scale"": 1.0, ""fb_seed"": 0, ""freeze_bias"": 0, ""freeze_out"": 0, ""head"": ""sigmoid_bce"", ""hid_lr_mult"": 1.0, ""lr"": 0.001, ""muon"": 0, ""optimizer"": ""sgd"", ""out_bias_q"": -1.0, ""out_lr_mult"": 1.0, ""out_w_scale"": 1.0, ""p0"": 0.0, ""preprocess"": ""div255"", ""rule"": ""fa"", ""seed"": 0, ""shift_step"": 0, ""target_center"": 0, ""target_scale"": 1.0, ""whiten"": 0, ""width"": 300}",2.376490446381095,3.1634856680773846,4.674534306979742
E3_generality,fa_depth6,1,1,fa,1.277761459350586,1.277761459350586,0.9978470802307128,0.3402895629405975,0.6722150444984436,0.9429205656051636,7.737566185190389,1.5894687819784137,1.4222955245113338,1.5722725275461842,80,2.840458949951207,"{""act"": ""tanh"", ""arch"": ""mlp"", ""batch"": 128, ""batchnorm"": 0, ""calibrate_head"": 0, ""center"": ""none"", ""classes"": 10, ""dataset"": ""mnist"", ""depth"": 6, ""fb_row_norm"": 0, ""fb_scale"": 1.0, ""fb_seed"": 1, ""freeze_bias"": 0, ""freeze_out"": 0, ""head"": ""sigmoid_bce"", ""hid_lr_mult"": 1.0, ""lr"": 0.001, ""muon"": 0, ""optimizer"": ""sgd"", ""out_bias_q"": -1.0, ""out_lr_mult"": 1.0, ""out_w_scale"": 1.0, ""p0"": 0.0, ""preprocess"": ""div255"", ""rule"": ""fa"", ""seed"": 1, ""shift_step"": 0, ""target_center"": 0, ""target_scale"": 1.0, ""whiten"": 0, ""width"": 300}",1.8416253905258029,2.204146257876791,2.840458949951207
E3_generality,fa_depth6,2,2,fa,1.2086238861083984,1.2086238861083984,0.9968954920768738,0.3319422006607055,0.5914782881736755,0.9665994048118592,7.700815475390116,1.737277995126694,1.2714007759625408,1.4188529513620332,80,2.980906276619948,"{""act"": ""tanh"", ""arch"": ""mlp"", ""batch"": 128, ""batchnorm"": 0, ""calibrate_head"": 0, ""center"": ""none"", ""classes"": 10, ""dataset"": ""mnist"", ""depth"": 6, ""fb_row_norm"": 0, ""fb_scale"": 1.0, ""fb_seed"": 2, ""freeze_bias"": 0, ""freeze_out"": 0, ""head"": ""sigmoid_bce"", ""hid_lr_mult"": 1.0, ""lr"": 0.001, ""muon"": 0, ""optimizer"": ""sgd"", ""out_bias_q"": -1.0, ""out_lr_mult"": 1.0, ""out_w_scale"": 1.0, ""p0"": 0.0, ""preprocess"": ""div255"", ""rule"": ""fa"", ""seed"": 2, ""shift_step"": 0, ""target_center"": 0, ""target_scale"": 1.0, ""whiten"": 0, ""width"": 300}",1.6060018763949837,2.078387416343092,2.980906276619948
E3_generality,fa_depth6_center,0,0,fa,1.268113374710083,1.268113374710083,0.564149796962738,0.5579109191894531,0.4588890075683594,0.9763209223747252,79.6103513776155,39.8988468617508,27.631600162574056,34.507331825702884,2000,79.6103513776155,"{""act"": ""tanh"", ""arch"": ""mlp"", ""batch"": 128, ""batchnorm"": 0, ""calibrate_head"": 0, ""center"": ""delta"", ""classes"": 10, ""dataset"": ""mnist"", ""depth"": 6, ""fb_row_norm"": 0, ""fb_scale"": 1.0, ""fb_seed"": 0, ""freeze_bias"": 0, ""freeze_out"": 0, ""head"": ""sigmoid_bce"", ""hid_lr_mult"": 1.0, ""lr"": 0.001, ""muon"": 0, ""optimizer"": ""sgd"", ""out_bias_q"": -1.0, ""out_lr_mult"": 1.0, ""out_w_scale"": 1.0, ""p0"": 0.0, ""preprocess"": ""div255"", ""rule"": ""fa"", ""seed"": 0, ""shift_step"": 0, ""target_center"": 0, ""target_scale"": 1.0, ""whiten"": 0, ""width"": 300}",42.31178405942708,57.973083359846925,79.6103513776155
E3_generality,fa_depth6_center,1,1,fa,1.277761459350586,1.277761459350586,0.3465326130390167,0.7462283372879028,0.4314063489437103,0.979580581188202,33.27613465206619,38.44741641131835,23.50275358661495,22.953797417592067,2000,33.27613465206619,"{""act"": ""tanh"", ""arch"": ""mlp"", ""batch"": 128, ""batchnorm"": 0, ""calibrate_head"": 0, ""center"": ""delta"", ""classes"": 10, ""dataset"": ""mnist"", ""depth"": 6, ""fb_row_norm"": 0, ""fb_scale"": 1.0, ""fb_seed"": 1, ""freeze_bias"": 0, ""freeze_out"": 0, ""head"": ""sigmoid_bce"", ""hid_lr_mult"": 1.0, ""lr"": 0.001, ""muon"": 0, ""optimizer"": ""sgd"", ""out_bias_q"": -1.0, ""out_lr_mult"": 1.0, ""out_w_scale"": 1.0, ""p0"": 0.0, ""preprocess"": ""div255"", ""rule"": ""fa"", ""seed"": 1, ""shift_step"": 0, ""target_center"": 0, ""target_scale"": 1.0, ""whiten"": 0, ""width"": 300}",24.973989194785432,28.611928885619857,33.27613465206619
E3_generality,fa_depth6_center,2,2,fa,1.2086238861083984,1.2086238861083984,0.4371293783187866,0.874538242816925,0.4537422657012939,0.9748606085777284,61.13855576917931,38.46296484613248,26.270437107332143,26.892644853005265,2000,61.13855576917931,"{""act"": ""tanh"", ""arch"": ""mlp"", ""batch"": 128, ""batchnorm"": 0, ""calibrate_head"": 0, ""center"": ""delta"", ""classes"": 10, ""dataset"": ""mnist"", ""depth"": 6, ""fb_row_norm"": 0, ""fb_scale"": 1.0, ""fb_seed"": 2, ""freeze_bias"": 0, ""freeze_out"": 0, ""head"": ""sigmoid_bce"", ""hid_lr_mult"": 1.0, ""lr"": 0.001, ""muon"": 0, ""optimizer"": ""sgd"", ""out_bias_q"": -1.0, ""out_lr_mult"": 1.0, ""out_w_scale"": 1.0, ""p0"": 0.0, ""preprocess"": ""div255"", ""rule"": ""fa"", ""seed"": 2, ""shift_step"": 0, ""target_center"": 0, ""target_scale"": 1.0, ""whiten"": 0, ""width"": 300}",31.666973882809067,40.899199966963856,61.13855576917931
E3_generality,fa_depth6_centere,0,0,fa,1.268113374710083,1.268113374710083,0.3797813057899475,0.8985593318939209,0.4227049052715301,0.9885517358779908,17.56033175571862,49.22244609135648,25.94053637382806,22.073071123220867,2000,17.56033175571862,"{""act"": ""tanh"", ""arch"": ""mlp"", ""batch"": 128, ""batchnorm"": 0, ""calibrate_head"": 0, ""center"": ""e"", ""classes"": 10, ""dataset"": ""mnist"", ""depth"": 6, ""fb_row_norm"": 0, ""fb_scale"": 1.0, ""fb_seed"": 0, ""freeze_bias"": 0, ""freeze_out"": 0, ""head"": ""sigmoid_bce"", ""hid_lr_mult"": 1.0, ""lr"": 0.001, ""muon"": 0, ""optimizer"": ""sgd"", ""out_bias_q"": -1.0, ""out_lr_mult"": 1.0, ""out_w_scale"": 1.0, ""p0"": 0.0, ""preprocess"": ""div255"", ""rule"": ""fa"", ""seed"": 0, ""shift_step"": 0, ""target_center"": 0, ""target_scale"": 1.0, ""whiten"": 0, ""width"": 300}",19.318047338294765,17.68242847236534,17.56033175571862
E3_generality,fa_depth6_centere,1,1,fa,1.277761459350586,1.277761459350586,0.3332803547382355,0.9212666153907776,0.4083138108253479,0.9866976141929626,16.480306103093618,45.84018775260832,22.564542488719137,19.40935896671468,2000,16.480306103093618,"{""act"": ""tanh"", ""arch"": ""mlp"", ""batch"": 128, ""batchnorm"": 0, ""calibrate_head"": 0, ""center"": ""e"", ""classes"": 10, ""dataset"": ""mnist"", ""depth"": 6, ""fb_row_norm"": 0, ""fb_scale"": 1.0, ""fb_seed"": 1, ""freeze_bias"": 0, ""freeze_out"": 0, ""head"": ""sigmoid_bce"", ""hid_lr_mult"": 1.0, ""lr"": 0.001, ""muon"": 0, ""optimizer"": ""sgd"", ""out_bias_q"": -1.0, ""out_lr_mult"": 1.0, ""out_w_scale"": 1.0, ""p0"": 0.0, ""preprocess"": ""div255"", ""rule"": ""fa"", ""seed"": 1, ""shift_step"": 0, ""target_center"": 0, ""target_scale"": 1.0, ""whiten"": 0, ""width"": 300}",17.086324988189148,16.583509211940946,16.480306103093618
E3_generality,fa_depth6_centere,2,2,fa,1.2086238861083984,1.2086238861083984,0.4375208914279938,0.9559789896011353,0.4236399531364441,0.9865350127220154,14.133161012801589,47.47493008072959,26.17853111349149,21.22356985621691,2000,14.133161012801589,"{""act"": ""tanh"", ""arch"": ""mlp"", ""batch"": 128, ""batchnorm"": 0, ""calibrate_head"": 0, ""center"": ""e"", ""classes"": 10, ""dataset"": ""mnist"", ""depth"": 6, ""fb_row_norm"": 0, ""fb_scale"": 1.0, ""fb_seed"": 2, ""freeze_bias"": 0, ""freeze_out"": 0, ""head"": ""sigmoid_bce"", ""hid_lr_mult"": 1.0, ""lr"": 0.001, ""muon"": 0, ""optimizer"": ""sgd"", ""out_bias_q"": -1.0, ""out_lr_mult"": 1.0, ""out_w_scale"": 1.0, ""p0"": 0.0, ""preprocess"": ""div255"", ""rule"": ""fa"", ""seed"": 2, ""shift_step"": 0, ""target_center"": 0, ""target_scale"": 1.0, ""whiten"": 0, ""width"": 300}",19.521248959609288,16.574487825391213,14.133161012801589
E3_generality,fashion,0,0,dfa,1.2589316368103027,1.2589316368103027,0.998115301132202,0.2236024737358093,0.9256651401519777,0.6004067659378052,15.327748678199658,3.524188736583713,3.9520852397871273,4.424520159721675,70,4.424520159721675,"{""act"": ""tanh"", ""arch"": ""mlp"", ""batch"": 128, ""batchnorm"": 0, ""calibrate_head"": 0, ""center"": ""none"", ""classes"": 10, ""dataset"": ""fashion"", ""depth"": 3, ""fb_row_norm"": 0, ""fb_scale"": 1.0, ""fb_seed"": 0, ""freeze_bias"": 0, ""freeze_out"": 0, ""head"": ""sigmoid_bce"", ""hid_lr_mult"": 1.0, ""lr"": 0.001, ""muon"": 0, ""optimizer"": ""sgd"", ""out_bias_q"": -1.0, ""out_lr_mult"": 1.0, ""out_w_scale"": 1.0, ""p0"": 0.0, ""preprocess"": ""div255"", ""rule"": ""dfa"", ""seed"": 0, ""shift_step"": 0, ""target_center"": 0, ""target_scale"": 1.0, ""whiten"": 0, ""width"": 300}",,,
E3_generality,fashion,1,1,dfa,1.314539670944214,1.314539670944214,0.998924195766449,0.1846042871475219,0.931708574295044,0.5985304713249207,18.9490235289216,4.4135501950788605,5.129134283225916,6.357019603084382,80,6.357019603084382,"{""act"": ""tanh"", ""arch"": ""mlp"", ""batch"": 128, ""batchnorm"": 0, ""calibrate_head"": 0, ""center"": ""none"", ""classes"": 10, ""dataset"": ""fashion"", ""depth"": 3, ""fb_row_norm"": 0, ""fb_scale"": 1.0, ""fb_seed"": 1, ""freeze_bias"": 0, ""freeze_out"": 0, ""head"": ""sigmoid_bce"", ""hid_lr_mult"": 1.0, ""lr"": 0.001, ""muon"": 0, ""optimizer"": ""sgd"", ""out_bias_q"": -1.0, ""out_lr_mult"": 1.0, ""out_w_scale"": 1.0, ""p0"": 0.0, ""preprocess"": ""div255"", ""rule"": ""dfa"", ""seed"": 1, ""shift_step"": 0, ""target_center"": 0, ""target_scale"": 1.0, ""whiten"": 0, ""width"": 300}",,,
E3_generality,fashion,2,2,dfa,1.2707732915878296,1.2707732915878296,0.9980315566062928,0.2200030833482742,0.9289759993553162,0.6138057112693787,16.408560915609726,4.429470732963409,5.407690858716014,6.209078135447744,80,6.209078135447744,"{""act"": ""tanh"", ""arch"": ""mlp"", ""batch"": 128, ""batchnorm"": 0, ""calibrate_head"": 0, ""center"": ""none"", ""classes"": 10, ""dataset"": ""fashion"", ""depth"": 3, ""fb_row_norm"": 0, ""fb_scale"": 1.0, ""fb_seed"": 2, ""freeze_bias"": 0, ""freeze_out"": 0, ""head"": ""sigmoid_bce"", ""hid_lr_mult"": 1.0, ""lr"": 0.001, ""muon"": 0, ""optimizer"": ""sgd"", ""out_bias_q"": -1.0, ""out_lr_mult"": 1.0, ""out_w_scale"": 1.0, ""p0"": 0.0, ""preprocess"": ""div255"", ""rule"": ""dfa"", ""seed"": 2, ""shift_step"": 0, ""target_center"": 0, ""target_scale"": 1.0, ""whiten"": 0, ""width"": 300}",,,
E3_generality,fashion_center,0,0,dfa,1.2589316368103027,1.2589316368103027,0.5951101779937744,0.5213502049446106,0.7369933128356934,0.6472294330596924,89.07574694282953,72.23055820910606,112.93463506738549,89.07574694282953,2000,89.07574694282953,"{""act"": ""tanh"", ""arch"": ""mlp"", ""batch"": 128, ""batchnorm"": 0, ""calibrate_head"": 0, ""center"": ""delta"", ""classes"": 10, ""dataset"": ""fashion"", ""depth"": 3, ""fb_row_norm"": 0, ""fb_scale"": 1.0, ""fb_seed"": 0, ""freeze_bias"": 0, ""freeze_out"": 0, ""head"": ""sigmoid_bce"", ""hid_lr_mult"": 1.0, ""lr"": 0.001, ""muon"": 0, ""optimizer"": ""sgd"", ""out_bias_q"": -1.0, ""out_lr_mult"": 1.0, ""out_w_scale"": 1.0, ""p0"": 0.0, ""preprocess"": ""div255"", ""rule"": ""dfa"", ""seed"": 0, ""shift_step"": 0, ""target_center"": 0, ""target_scale"": 1.0, ""whiten"": 0, ""width"": 300}",,,
E3_generality,fashion_center,1,1,dfa,1.314539670944214,1.314539670944214,0.7178067564964294,0.5458108186721802,0.7314088940620422,0.6712112426757812,72.68898878665206,68.69655372013119,106.7233724792878,72.68898878665206,2000,72.68898878665206,"{""act"": ""tanh"", ""arch"": ""mlp"", ""batch"": 128, ""batchnorm"": 0, ""calibrate_head"": 0, ""center"": ""delta"", ""classes"": 10, ""dataset"": ""fashion"", ""depth"": 3, ""fb_row_norm"": 0, ""fb_scale"": 1.0, ""fb_seed"": 1, ""freeze_bias"": 0, ""freeze_out"": 0, ""head"": ""sigmoid_bce"", ""hid_lr_mult"": 1.0, ""lr"": 0.001, ""muon"": 0, ""optimizer"": ""sgd"", ""out_bias_q"": -1.0, ""out_lr_mult"": 1.0, ""out_w_scale"": 1.0, ""p0"": 0.0, ""preprocess"": ""div255"", ""rule"": ""dfa"", ""seed"": 1, ""shift_step"": 0, ""target_center"": 0, ""target_scale"": 1.0, ""whiten"": 0, ""width"": 300}",,,
E3_generality,fashion_center,2,2,dfa,1.2707732915878296,1.2707732915878296,0.6382082104682922,0.7357360124588013,0.7933205962181091,0.6932553052902222,44.67735476186829,20.83170215617829,17.99939144679628,14.12244076657627,420,14.12244076657627,"{""act"": ""tanh"", ""arch"": ""mlp"", ""batch"": 128, ""batchnorm"": 0, ""calibrate_head"": 0, ""center"": ""delta"", ""classes"": 10, ""dataset"": ""fashion"", ""depth"": 3, ""fb_row_norm"": 0, ""fb_scale"": 1.0, ""fb_seed"": 2, ""freeze_bias"": 0, ""freeze_out"": 0, ""head"": ""sigmoid_bce"", ""hid_lr_mult"": 1.0, ""lr"": 0.001, ""muon"": 0, ""optimizer"": ""sgd"", ""out_bias_q"": -1.0, ""out_lr_mult"": 1.0, ""out_w_scale"": 1.0, ""p0"": 0.0, ""preprocess"": ""div255"", ""rule"": ""dfa"", ""seed"": 2, ""shift_step"": 0, ""target_center"": 0, ""target_scale"": 1.0, ""whiten"": 0, ""width"": 300}",,,
E3_generality,fashion_centere,0,0,dfa,1.2589316368103027,1.2589316368103027,0.521622896194458,0.5607368350028992,0.5570731163024902,0.9016836285591124,54.55971432546389,133.7903086850841,53.33056268720689,54.55971432546389,2000,54.55971432546389,"{""act"": ""tanh"", ""arch"": ""mlp"", ""batch"": 128, ""batchnorm"": 0, ""calibrate_head"": 0, ""center"": ""e"", ""classes"": 10, ""dataset"": ""fashion"", ""depth"": 3, ""fb_row_norm"": 0, ""fb_scale"": 1.0, ""fb_seed"": 0, ""freeze_bias"": 0, ""freeze_out"": 0, ""head"": ""sigmoid_bce"", ""hid_lr_mult"": 1.0, ""lr"": 0.001, ""muon"": 0, ""optimizer"": ""sgd"", ""out_bias_q"": -1.0, ""out_lr_mult"": 1.0, ""out_w_scale"": 1.0, ""p0"": 0.0, ""preprocess"": ""div255"", ""rule"": ""dfa"", ""seed"": 0, ""shift_step"": 0, ""target_center"": 0, ""target_scale"": 1.0, ""whiten"": 0, ""width"": 300}",,,
E3_generality,fashion_centere,1,1,dfa,1.314539670944214,1.314539670944214,0.5830729007720947,0.8082790970802307,0.5895835161209106,0.9315708875656128,36.63992185630652,133.26666015962442,39.86462512280175,36.63992185630652,2000,36.63992185630652,"{""act"": ""tanh"", ""arch"": ""mlp"", ""batch"": 128, ""batchnorm"": 0, ""calibrate_head"": 0, ""center"": ""e"", ""classes"": 10, ""dataset"": ""fashion"", ""depth"": 3, ""fb_row_norm"": 0, ""fb_scale"": 1.0, ""fb_seed"": 1, ""freeze_bias"": 0, ""freeze_out"": 0, ""head"": ""sigmoid_bce"", ""hid_lr_mult"": 1.0, ""lr"": 0.001, ""muon"": 0, ""optimizer"": ""sgd"", ""out_bias_q"": -1.0, ""out_lr_mult"": 1.0, ""out_w_scale"": 1.0, ""p0"": 0.0, ""preprocess"": ""div255"", ""rule"": ""dfa"", ""seed"": 1, ""shift_step"": 0, ""target_center"": 0, ""target_scale"": 1.0, ""whiten"": 0, ""width"": 300}",,,
E3_generality,fashion_centere,2,2,dfa,1.2707732915878296,1.2707732915878296,0.6383225321769714,0.8471066355705261,0.6114277839660645,0.9373495578765868,37.96473106450016,125.44609186513466,43.99559633288545,37.96473106450016,2000,37.96473106450016,"{""act"": ""tanh"", ""arch"": ""mlp"", ""batch"": 128, ""batchnorm"": 0, ""calibrate_head"": 0, ""center"": ""e"", ""classes"": 10, ""dataset"": ""fashion"", ""depth"": 3, ""fb_row_norm"": 0, ""fb_scale"": 1.0, ""fb_seed"": 2, ""freeze_bias"": 0, ""freeze_out"": 0, ""head"": ""sigmoid_bce"", ""hid_lr_mult"": 1.0, ""lr"": 0.001, ""muon"": 0, ""optimizer"": ""sgd"", ""out_bias_q"": -1.0, ""out_lr_mult"": 1.0, ""out_w_scale"": 1.0, ""p0"": 0.0, ""preprocess"": ""div255"", ""rule"": ""dfa"", ""seed"": 2, ""shift_step"": 0, ""target_center"": 0, ""target_scale"": 1.0, ""whiten"": 0, ""width"": 300}",,,
E3_generality,fashion_softmax,0,0,dfa,0.1057262420654296,0.1057262420654296,0.251286506652832,0.7085202932357788,0.2682707905769348,0.882362425327301,0.102705556384164,1.6594918332734192,0.2066673818657375,0.1035958532098182,680,0.1035958532098182,"{""act"": ""tanh"", ""arch"": ""mlp"", ""batch"": 128, ""batchnorm"": 0, ""calibrate_head"": 0, ""center"": ""none"", ""classes"": 10, ""dataset"": ""fashion"", ""depth"": 3, ""fb_row_norm"": 0, ""fb_scale"": 1.0, ""fb_seed"": 0, ""freeze_bias"": 0, ""freeze_out"": 0, ""head"": ""softmax_ce"", ""hid_lr_mult"": 1.0, ""lr"": 0.001, ""muon"": 0, ""optimizer"": ""sgd"", ""out_bias_q"": -1.0, ""out_lr_mult"": 1.0, ""out_w_scale"": 1.0, ""p0"": 0.0, ""preprocess"": ""standardize"", ""rule"": ""dfa"", ""seed"": 0, ""shift_step"": 0, ""target_center"": 0, ""target_scale"": 1.0, ""whiten"": 0, ""width"": 300}",,,
E3_generality,fashion_softmax,1,1,dfa,0.1354975253343582,0.1354975253343582,0.3001383543014526,0.8831338882446289,0.2939448356628418,0.9055517315864564,0.1204569800015217,1.91516998743761,0.2838301984474063,0.1595036638439948,870,0.1595036638439948,"{""act"": ""tanh"", ""arch"": ""mlp"", ""batch"": 128, ""batchnorm"": 0, ""calibrate_head"": 0, ""center"": ""none"", ""classes"": 10, ""dataset"": ""fashion"", ""depth"": 3, ""fb_row_norm"": 0, ""fb_scale"": 1.0, ""fb_seed"": 1, ""freeze_bias"": 0, ""freeze_out"": 0, ""head"": ""softmax_ce"", ""hid_lr_mult"": 1.0, ""lr"": 0.001, ""muon"": 0, ""optimizer"": ""sgd"", ""out_bias_q"": -1.0, ""out_lr_mult"": 1.0, ""out_w_scale"": 1.0, ""p0"": 0.0, ""preprocess"": ""standardize"", ""rule"": ""dfa"", ""seed"": 1, ""shift_step"": 0, ""target_center"": 0, ""target_scale"": 1.0, ""whiten"": 0, ""width"": 300}",,,
E3_generality,fashion_softmax,2,2,dfa,0.0803934559226036,0.0803934559226036,0.2775862514972687,0.8684111833572388,0.2828536331653595,0.8990738391876221,0.1825582079804086,1.175813852958237,0.3718100549946802,0.1959947573849241,1680,0.1959947573849241,"{""act"": ""tanh"", ""arch"": ""mlp"", ""batch"": 128, ""batchnorm"": 0, ""calibrate_head"": 0, ""center"": ""none"", ""classes"": 10, ""dataset"": ""fashion"", ""depth"": 3, ""fb_row_norm"": 0, ""fb_scale"": 1.0, ""fb_seed"": 2, ""freeze_bias"": 0, ""freeze_out"": 0, ""head"": ""softmax_ce"", ""hid_lr_mult"": 1.0, ""lr"": 0.001, ""muon"": 0, ""optimizer"": ""sgd"", ""out_bias_q"": -1.0, ""out_lr_mult"": 1.0, ""out_w_scale"": 1.0, ""p0"": 0.0, ""preprocess"": ""standardize"", ""rule"": ""dfa"", ""seed"": 2, ""shift_step"": 0, ""target_center"": 0, ""target_scale"": 1.0, ""whiten"": 0, ""width"": 300}",,,
E3_generality,fashion_softmax_center,0,0,dfa,0.1057262420654296,0.1057262420654296,0.251286506652832,0.6745431423187256,0.2682707905769348,0.8700161576271057,0.7418602591803859,5.993222128819212,1.0883888008100149,0.6438507160293148,1510,0.6438507160293148,"{""act"": ""tanh"", ""arch"": ""mlp"", ""batch"": 128, ""batchnorm"": 0, ""calibrate_head"": 0, ""center"": ""delta"", ""classes"": 10, ""dataset"": ""fashion"", ""depth"": 3, ""fb_row_norm"": 0, ""fb_scale"": 1.0, ""fb_seed"": 0, ""freeze_bias"": 0, ""freeze_out"": 0, ""head"": ""softmax_ce"", ""hid_lr_mult"": 1.0, ""lr"": 0.001, ""muon"": 0, ""optimizer"": ""sgd"", ""out_bias_q"": -1.0, ""out_lr_mult"": 1.0, ""out_w_scale"": 1.0, ""p0"": 0.0, ""preprocess"": ""standardize"", ""rule"": ""dfa"", ""seed"": 0, ""shift_step"": 0, ""target_center"": 0, ""target_scale"": 1.0, ""whiten"": 0, ""width"": 300}",,,
E3_generality,fashion_softmax_center,1,1,dfa,0.1354975253343582,0.1354975253343582,0.3001383543014526,0.8734624981880188,0.2939448356628418,0.8927589654922485,1.409946763702555,9.69434514487942,1.8461696872396949,1.0983466419747532,1280,1.0983466419747532,"{""act"": ""tanh"", ""arch"": ""mlp"", ""batch"": 128, ""batchnorm"": 0, ""calibrate_head"": 0, ""center"": ""delta"", ""classes"": 10, ""dataset"": ""fashion"", ""depth"": 3, ""fb_row_norm"": 0, ""fb_scale"": 1.0, ""fb_seed"": 1, ""freeze_bias"": 0, ""freeze_out"": 0, ""head"": ""softmax_ce"", ""hid_lr_mult"": 1.0, ""lr"": 0.001, ""muon"": 0, ""optimizer"": ""sgd"", ""out_bias_q"": -1.0, ""out_lr_mult"": 1.0, ""out_w_scale"": 1.0, ""p0"": 0.0, ""preprocess"": ""standardize"", ""rule"": ""dfa"", ""seed"": 1, ""shift_step"": 0, ""target_center"": 0, ""target_scale"": 1.0, ""whiten"": 0, ""width"": 300}",,,
E3_generality,fashion_softmax_center,2,2,dfa,0.0803934559226036,0.0803934559226036,0.267705500125885,0.8509535193443298,0.2804020643234253,0.8828945159912109,0.1302032242030726,2.229894140998504,0.3017837050211849,0.1302032242030726,2000,0.1302032242030726,"{""act"": ""tanh"", ""arch"": ""mlp"", ""batch"": 128, ""batchnorm"": 0, ""calibrate_head"": 0, ""center"": ""delta"", ""classes"": 10, ""dataset"": ""fashion"", ""depth"": 3, ""fb_row_norm"": 0, ""fb_scale"": 1.0, ""fb_seed"": 2, ""freeze_bias"": 0, ""freeze_out"": 0, ""head"": ""softmax_ce"", ""hid_lr_mult"": 1.0, ""lr"": 0.001, ""muon"": 0, ""optimizer"": ""sgd"", ""out_bias_q"": -1.0, ""out_lr_mult"": 1.0, ""out_w_scale"": 1.0, ""p0"": 0.0, ""preprocess"": ""standardize"", ""rule"": ""dfa"", ""seed"": 2, ""shift_step"": 0, ""target_center"": 0, ""target_scale"": 1.0, ""whiten"": 0, ""width"": 300}",,,
E3_generality,fashion_softmax_centere,0,0,dfa,0.1057262420654296,0.1057262420654296,0.251286506652832,0.7016390562057495,0.2682707905769348,0.880304753780365,0.154625357236371,2.190163450484129,0.243975865089856,0.1275930758468496,960,0.1275930758468496,"{""act"": ""tanh"", ""arch"": ""mlp"", ""batch"": 128, ""batchnorm"": 0, ""calibrate_head"": 0, ""center"": ""e"", ""classes"": 10, ""dataset"": ""fashion"", ""depth"": 3, ""fb_row_norm"": 0, ""fb_scale"": 1.0, ""fb_seed"": 0, ""freeze_bias"": 0, ""freeze_out"": 0, ""head"": ""softmax_ce"", ""hid_lr_mult"": 1.0, ""lr"": 0.001, ""muon"": 0, ""optimizer"": ""sgd"", ""out_bias_q"": -1.0, ""out_lr_mult"": 1.0, ""out_w_scale"": 1.0, ""p0"": 0.0, ""preprocess"": ""standardize"", ""rule"": ""dfa"", ""seed"": 0, ""shift_step"": 0, ""target_center"": 0, ""target_scale"": 1.0, ""whiten"": 0, ""width"": 300}",,,
E3_generality,fashion_softmax_centere,1,1,dfa,0.1354975253343582,0.1354975253343582,0.3001383543014526,0.872484028339386,0.2939448356628418,0.9037749767303468,0.053234476340692,0.7779397200047785,0.1243698393351634,0.061607583623205,960,0.061607583623205,"{""act"": ""tanh"", ""arch"": ""mlp"", ""batch"": 128, ""batchnorm"": 0, ""calibrate_head"": 0, ""center"": ""e"", ""classes"": 10, ""dataset"": ""fashion"", ""depth"": 3, ""fb_row_norm"": 0, ""fb_scale"": 1.0, ""fb_seed"": 1, ""freeze_bias"": 0, ""freeze_out"": 0, ""head"": ""softmax_ce"", ""hid_lr_mult"": 1.0, ""lr"": 0.001, ""muon"": 0, ""optimizer"": ""sgd"", ""out_bias_q"": -1.0, ""out_lr_mult"": 1.0, ""out_w_scale"": 1.0, ""p0"": 0.0, ""preprocess"": ""standardize"", ""rule"": ""dfa"", ""seed"": 1, ""shift_step"": 0, ""target_center"": 0, ""target_scale"": 1.0, ""whiten"": 0, ""width"": 300}",,,
E3_generality,fashion_softmax_centere,2,2,dfa,0.0803934559226036,0.0803934559226036,0.2613317370414734,0.8493054509162903,0.2804020643234253,0.8976773619651794,0.0021616018274871,-0.3533535277865429,0.0227698732612915,0.0021616018274871,2000,0.0021616018274871,"{""act"": ""tanh"", ""arch"": ""mlp"", ""batch"": 128, ""batchnorm"": 0, ""calibrate_head"": 0, ""center"": ""e"", ""classes"": 10, ""dataset"": ""fashion"", ""depth"": 3, ""fb_row_norm"": 0, ""fb_scale"": 1.0, ""fb_seed"": 2, ""freeze_bias"": 0, ""freeze_out"": 0, ""head"": ""softmax_ce"", ""hid_lr_mult"": 1.0, ""lr"": 0.001, ""muon"": 0, ""optimizer"": ""sgd"", ""out_bias_q"": -1.0, ""out_lr_mult"": 1.0, ""out_w_scale"": 1.0, ""p0"": 0.0, ""preprocess"": ""standardize"", ""rule"": ""dfa"", ""seed"": 2, ""shift_step"": 0, ""target_center"": 0, ""target_scale"": 1.0, ""whiten"": 0, ""width"": 300}",,,
E3_generality,gelu,0,0,dfa,1.2646960020065308,1.2646960020065308,0.9984811544418336,0.4364137947559356,0.9096301794052124,0.539992094039917,43.83617822848095,1.0880020668278894,1.3006822275828196,1.9798333572046949,30,1.9798333572046949,"{""act"": ""gelu"", ""arch"": ""mlp"", ""batch"": 128, ""batchnorm"": 0, ""calibrate_head"": 0, ""center"": ""none"", ""classes"": 10, ""dataset"": ""mnist"", ""depth"": 3, ""fb_row_norm"": 0, ""fb_scale"": 1.0, ""fb_seed"": 0, ""freeze_bias"": 0, ""freeze_out"": 0, ""head"": ""sigmoid_bce"", ""hid_lr_mult"": 1.0, ""lr"": 0.001, ""muon"": 0, ""optimizer"": ""sgd"", ""out_bias_q"": -1.0, ""out_lr_mult"": 1.0, ""out_w_scale"": 1.0, ""p0"": 0.0, ""preprocess"": ""div255"", ""rule"": ""dfa"", ""seed"": 0, ""shift_step"": 0, ""target_center"": 0, ""target_scale"": 1.0, ""whiten"": 0, ""width"": 300}",,,
E3_generality,gelu,1,1,dfa,1.2938796281814575,1.2938796281814575,0.9989721775054932,0.4778605699539184,0.9180063009262084,0.5419654846191406,38.90655973400041,1.195771562375502,1.4620274070816373,2.422513008854829,30,2.422513008854829,"{""act"": ""gelu"", ""arch"": ""mlp"", ""batch"": 128, ""batchnorm"": 0, ""calibrate_head"": 0, ""center"": ""none"", ""classes"": 10, ""dataset"": ""mnist"", ""depth"": 3, ""fb_row_norm"": 0, ""fb_scale"": 1.0, ""fb_seed"": 1, ""freeze_bias"": 0, ""freeze_out"": 0, ""head"": ""sigmoid_bce"", ""hid_lr_mult"": 1.0, ""lr"": 0.001, ""muon"": 0, ""optimizer"": ""sgd"", ""out_bias_q"": -1.0, ""out_lr_mult"": 1.0, ""out_w_scale"": 1.0, ""p0"": 0.0, ""preprocess"": ""div255"", ""rule"": ""dfa"", ""seed"": 1, ""shift_step"": 0, ""target_center"": 0, ""target_scale"": 1.0, ""whiten"": 0, ""width"": 300}",,,
E3_generality,gelu,2,2,dfa,1.2646095752716064,1.2646095752716064,0.9976304769515992,0.4587434828281402,0.8978642821311951,0.5867933630943298,31.18581551519543,1.0719717920325116,1.3098779854845766,1.7038383482358723,40,1.7038383482358723,"{""act"": ""gelu"", ""arch"": ""mlp"", ""batch"": 128, ""batchnorm"": 0, ""calibrate_head"": 0, ""center"": ""none"", ""classes"": 10, ""dataset"": ""mnist"", ""depth"": 3, ""fb_row_norm"": 0, ""fb_scale"": 1.0, ""fb_seed"": 2, ""freeze_bias"": 0, ""freeze_out"": 0, ""head"": ""sigmoid_bce"", ""hid_lr_mult"": 1.0, ""lr"": 0.001, ""muon"": 0, ""optimizer"": ""sgd"", ""out_bias_q"": -1.0, ""out_lr_mult"": 1.0, ""out_w_scale"": 1.0, ""p0"": 0.0, ""preprocess"": ""div255"", ""rule"": ""dfa"", ""seed"": 2, ""shift_step"": 0, ""target_center"": 0, ""target_scale"": 1.0, ""whiten"": 0, ""width"": 300}",,,
E3_generality,gelu_center,0,0,dfa,1.2646960020065308,1.2646960020065308,0.993489146232605,0.6359043717384338,0.6118033528327942,0.7193248867988586,2067.0271667409947,16.290137753955673,18.921422181319336,2067.0271667409947,2000,2067.0271667409947,"{""act"": ""gelu"", ""arch"": ""mlp"", ""batch"": 128, ""batchnorm"": 0, ""calibrate_head"": 0, ""center"": ""delta"", ""classes"": 10, ""dataset"": ""mnist"", ""depth"": 3, ""fb_row_norm"": 0, ""fb_scale"": 1.0, ""fb_seed"": 0, ""freeze_bias"": 0, ""freeze_out"": 0, ""head"": ""sigmoid_bce"", ""hid_lr_mult"": 1.0, ""lr"": 0.001, ""muon"": 0, ""optimizer"": ""sgd"", ""out_bias_q"": -1.0, ""out_lr_mult"": 1.0, ""out_w_scale"": 1.0, ""p0"": 0.0, ""preprocess"": ""div255"", ""rule"": ""dfa"", ""seed"": 0, ""shift_step"": 0, ""target_center"": 0, ""target_scale"": 1.0, ""whiten"": 0, ""width"": 300}",,,
E3_generality,gelu_center,1,1,dfa,1.2938796281814575,1.2938796281814575,0.9937807321548462,0.7105023264884949,0.633418083190918,0.71867835521698,1362.646334451484,16.268735541423233,8.764676009810334,11.403432483878513,520,11.403432483878513,"{""act"": ""gelu"", ""arch"": ""mlp"", ""batch"": 128, ""batchnorm"": 0, ""calibrate_head"": 0, ""center"": ""delta"", ""classes"": 10, ""dataset"": ""mnist"", ""depth"": 3, ""fb_row_norm"": 0, ""fb_scale"": 1.0, ""fb_seed"": 1, ""freeze_bias"": 0, ""freeze_out"": 0, ""head"": ""sigmoid_bce"", ""hid_lr_mult"": 1.0, ""lr"": 0.001, ""muon"": 0, ""optimizer"": ""sgd"", ""out_bias_q"": -1.0, ""out_lr_mult"": 1.0, ""out_w_scale"": 1.0, ""p0"": 0.0, ""preprocess"": ""div255"", ""rule"": ""dfa"", ""seed"": 1, ""shift_step"": 0, ""target_center"": 0, ""target_scale"": 1.0, ""whiten"": 0, ""width"": 300}",,,
E3_generality,gelu_center,2,2,dfa,1.2646095752716064,1.2646095752716064,0.9833062887191772,0.6373849511146545,0.573810338973999,0.7180036306381226,1027.8688610518727,16.15718070854757,9.300486472771343,17.937098184378502,600,17.937098184378502,"{""act"": ""gelu"", ""arch"": ""mlp"", ""batch"": 128, ""batchnorm"": 0, ""calibrate_head"": 0, ""center"": ""delta"", ""classes"": 10, ""dataset"": ""mnist"", ""depth"": 3, ""fb_row_norm"": 0, ""fb_scale"": 1.0, ""fb_seed"": 2, ""freeze_bias"": 0, ""freeze_out"": 0, ""head"": ""sigmoid_bce"", ""hid_lr_mult"": 1.0, ""lr"": 0.001, ""muon"": 0, ""optimizer"": ""sgd"", ""out_bias_q"": -1.0, ""out_lr_mult"": 1.0, ""out_w_scale"": 1.0, ""p0"": 0.0, ""preprocess"": ""div255"", ""rule"": ""dfa"", ""seed"": 2, ""shift_step"": 0, ""target_center"": 0, ""target_scale"": 1.0, ""whiten"": 0, ""width"": 300}",,,
E3_generality,gelu_centere,0,0,dfa,1.2646960020065308,1.2646960020065308,0.9909618496894836,0.5791507363319397,0.7444203495979309,0.7346565127372742,7059.93908431501,9.31422427617283,5.082328621649929,3.8016463979876702,250,3.8016463979876702,"{""act"": ""gelu"", ""arch"": ""mlp"", ""batch"": 128, ""batchnorm"": 0, ""calibrate_head"": 0, ""center"": ""e"", ""classes"": 10, ""dataset"": ""mnist"", ""depth"": 3, ""fb_row_norm"": 0, ""fb_scale"": 1.0, ""fb_seed"": 0, ""freeze_bias"": 0, ""freeze_out"": 0, ""head"": ""sigmoid_bce"", ""hid_lr_mult"": 1.0, ""lr"": 0.001, ""muon"": 0, ""optimizer"": ""sgd"", ""out_bias_q"": -1.0, ""out_lr_mult"": 1.0, ""out_w_scale"": 1.0, ""p0"": 0.0, ""preprocess"": ""div255"", ""rule"": ""dfa"", ""seed"": 0, ""shift_step"": 0, ""target_center"": 0, ""target_scale"": 1.0, ""whiten"": 0, ""width"": 300}",,,
E3_generality,gelu_centere,1,1,dfa,1.2938796281814575,1.2938796281814575,0.9900607466697692,0.5673559904098511,0.7490154504776001,0.7453187704086304,6630.798830625587,9.496189479999758,6.315283474591869,4.462492081451339,250,4.462492081451339,"{""act"": ""gelu"", ""arch"": ""mlp"", ""batch"": 128, ""batchnorm"": 0, ""calibrate_head"": 0, ""center"": ""e"", ""classes"": 10, ""dataset"": ""mnist"", ""depth"": 3, ""fb_row_norm"": 0, ""fb_scale"": 1.0, ""fb_seed"": 1, ""freeze_bias"": 0, ""freeze_out"": 0, ""head"": ""sigmoid_bce"", ""hid_lr_mult"": 1.0, ""lr"": 0.001, ""muon"": 0, ""optimizer"": ""sgd"", ""out_bias_q"": -1.0, ""out_lr_mult"": 1.0, ""out_w_scale"": 1.0, ""p0"": 0.0, ""preprocess"": ""div255"", ""rule"": ""dfa"", ""seed"": 1, ""shift_step"": 0, ""target_center"": 0, ""target_scale"": 1.0, ""whiten"": 0, ""width"": 300}",,,
E3_generality,gelu_centere,2,2,dfa,1.2646095752716064,1.2646095752716064,0.988798439502716,0.57039874792099,0.7384315729141235,0.7451246976852417,2577.853990265396,11.279436623197256,9.666473578478367,13.63588842514342,350,13.63588842514342,"{""act"": ""gelu"", ""arch"": ""mlp"", ""batch"": 128, ""batchnorm"": 0, ""calibrate_head"": 0, ""center"": ""e"", ""classes"": 10, ""dataset"": ""mnist"", ""depth"": 3, ""fb_row_norm"": 0, ""fb_scale"": 1.0, ""fb_seed"": 2, ""freeze_bias"": 0, ""freeze_out"": 0, ""head"": ""sigmoid_bce"", ""hid_lr_mult"": 1.0, ""lr"": 0.001, ""muon"": 0, ""optimizer"": ""sgd"", ""out_bias_q"": -1.0, ""out_lr_mult"": 1.0, ""out_w_scale"": 1.0, ""p0"": 0.0, ""preprocess"": ""div255"", ""rule"": ""dfa"", ""seed"": 2, ""shift_step"": 0, ""target_center"": 0, ""target_scale"": 1.0, ""whiten"": 0, ""width"": 300}",,,
E3_generality,linear,0,0,dfa,1.26019287109375,1.26019287109375,0.9952067136764526,1.0,0.8050998449325562,1.0,21.078860141872,0.5715388732311668,0.8271648559739436,1.9202680150931852,30,1.9202680150931852,"{""act"": ""linear"", ""arch"": ""mlp"", ""batch"": 128, ""batchnorm"": 0, ""calibrate_head"": 0, ""center"": ""none"", ""classes"": 10, ""dataset"": ""mnist"", ""depth"": 3, ""fb_row_norm"": 0, ""fb_scale"": 1.0, ""fb_seed"": 0, ""freeze_bias"": 0, ""freeze_out"": 0, ""head"": ""sigmoid_bce"", ""hid_lr_mult"": 1.0, ""lr"": 0.001, ""muon"": 0, ""optimizer"": ""sgd"", ""out_bias_q"": -1.0, ""out_lr_mult"": 1.0, ""out_w_scale"": 1.0, ""p0"": 0.0, ""preprocess"": ""div255"", ""rule"": ""dfa"", ""seed"": 0, ""shift_step"": 0, ""target_center"": 0, ""target_scale"": 1.0, ""whiten"": 0, ""width"": 300}",,,
E3_generality,linear,1,1,dfa,1.3921167850494385,1.3921167850494385,0.996029019355774,1.0,0.824282169342041,1.0,26.440931908331144,0.6406487933912101,0.9465362627141,2.4963386341825795,20,2.4963386341825795,"{""act"": ""linear"", ""arch"": ""mlp"", ""batch"": 128, ""batchnorm"": 0, ""calibrate_head"": 0, ""center"": ""none"", ""classes"": 10, ""dataset"": ""mnist"", ""depth"": 3, ""fb_row_norm"": 0, ""fb_scale"": 1.0, ""fb_seed"": 1, ""freeze_bias"": 0, ""freeze_out"": 0, ""head"": ""sigmoid_bce"", ""hid_lr_mult"": 1.0, ""lr"": 0.001, ""muon"": 0, ""optimizer"": ""sgd"", ""out_bias_q"": -1.0, ""out_lr_mult"": 1.0, ""out_w_scale"": 1.0, ""p0"": 0.0, ""preprocess"": ""div255"", ""rule"": ""dfa"", ""seed"": 1, ""shift_step"": 0, ""target_center"": 0, ""target_scale"": 1.0, ""whiten"": 0, ""width"": 300}",,,
E3_generality,linear,2,2,dfa,1.2536029815673828,1.2536029815673828,0.9892637729644777,1.0,0.8003875613212585,1.0,17.549609110897347,0.566485179495563,0.8783809404295045,1.7563449733486096,30,1.7563449733486096,"{""act"": ""linear"", ""arch"": ""mlp"", ""batch"": 128, ""batchnorm"": 0, ""calibrate_head"": 0, ""center"": ""none"", ""classes"": 10, ""dataset"": ""mnist"", ""depth"": 3, ""fb_row_norm"": 0, ""fb_scale"": 1.0, ""fb_seed"": 2, ""freeze_bias"": 0, ""freeze_out"": 0, ""head"": ""sigmoid_bce"", ""hid_lr_mult"": 1.0, ""lr"": 0.001, ""muon"": 0, ""optimizer"": ""sgd"", ""out_bias_q"": -1.0, ""out_lr_mult"": 1.0, ""out_w_scale"": 1.0, ""p0"": 0.0, ""preprocess"": ""div255"", ""rule"": ""dfa"", ""seed"": 2, ""shift_step"": 0, ""target_center"": 0, ""target_scale"": 1.0, ""whiten"": 0, ""width"": 300}",,,
E3_generality,linear_center,0,0,dfa,1.26019287109375,1.26019287109375,0.7460092902183533,1.0,0.5799923539161682,1.0,191500039.00075123,5.554211590211634,4.248227069620472,9.899279828727703,260,9.899279828727703,"{""act"": ""linear"", ""arch"": ""mlp"", ""batch"": 128, ""batchnorm"": 0, ""calibrate_head"": 0, ""center"": ""delta"", ""classes"": 10, ""dataset"": ""mnist"", ""depth"": 3, ""fb_row_norm"": 0, ""fb_scale"": 1.0, ""fb_seed"": 0, ""freeze_bias"": 0, ""freeze_out"": 0, ""head"": ""sigmoid_bce"", ""hid_lr_mult"": 1.0, ""lr"": 0.001, ""muon"": 0, ""optimizer"": ""sgd"", ""out_bias_q"": -1.0, ""out_lr_mult"": 1.0, ""out_w_scale"": 1.0, ""p0"": 0.0, ""preprocess"": ""div255"", ""rule"": ""dfa"", ""seed"": 0, ""shift_step"": 0, ""target_center"": 0, ""target_scale"": 1.0, ""whiten"": 0, ""width"": 300}",,,
E3_generality,linear_center,1,1,dfa,1.3921167850494385,1.3921167850494385,0.6151877641677856,1.0,0.5484509468078613,1.0,560585385.6391834,4.8895798302374285,4.3439714686792,15.811500913263409,220,15.811500913263409,"{""act"": ""linear"", ""arch"": ""mlp"", ""batch"": 128, ""batchnorm"": 0, ""calibrate_head"": 0, ""center"": ""delta"", ""classes"": 10, ""dataset"": ""mnist"", ""depth"": 3, ""fb_row_norm"": 0, ""fb_scale"": 1.0, ""fb_seed"": 1, ""freeze_bias"": 0, ""freeze_out"": 0, ""head"": ""sigmoid_bce"", ""hid_lr_mult"": 1.0, ""lr"": 0.001, ""muon"": 0, ""optimizer"": ""sgd"", ""out_bias_q"": -1.0, ""out_lr_mult"": 1.0, ""out_w_scale"": 1.0, ""p0"": 0.0, ""preprocess"": ""div255"", ""rule"": ""dfa"", ""seed"": 1, ""shift_step"": 0, ""target_center"": 0, ""target_scale"": 1.0, ""whiten"": 0, ""width"": 300}",,,
E3_generality,linear_center,2,2,dfa,1.2536029815673828,1.2536029815673828,0.6074637770652771,1.0,0.5405998826026917,1.0,425010971.6983724,5.678268626392562,5.51558950320613,19.9194197226582,260,19.9194197226582,"{""act"": ""linear"", ""arch"": ""mlp"", ""batch"": 128, ""batchnorm"": 0, ""calibrate_head"": 0, ""center"": ""delta"", ""classes"": 10, ""dataset"": ""mnist"", ""depth"": 3, ""fb_row_norm"": 0, ""fb_scale"": 1.0, ""fb_seed"": 2, ""freeze_bias"": 0, ""freeze_out"": 0, ""head"": ""sigmoid_bce"", ""hid_lr_mult"": 1.0, ""lr"": 0.001, ""muon"": 0, ""optimizer"": ""sgd"", ""out_bias_q"": -1.0, ""out_lr_mult"": 1.0, ""out_w_scale"": 1.0, ""p0"": 0.0, ""preprocess"": ""div255"", ""rule"": ""dfa"", ""seed"": 2, ""shift_step"": 0, ""target_center"": 0, ""target_scale"": 1.0, ""whiten"": 0, ""width"": 300}",,,
E3_generality,linear_centere,0,0,dfa,1.26019287109375,1.26019287109375,0.7466884255409241,1.0,0.5789085626602173,1.0,188979316.4620466,5.554160297022328,4.248079442220817,9.897875968875615,260,9.897875968875615,"{""act"": ""linear"", ""arch"": ""mlp"", ""batch"": 128, ""batchnorm"": 0, ""calibrate_head"": 0, ""center"": ""e"", ""classes"": 10, ""dataset"": ""mnist"", ""depth"": 3, ""fb_row_norm"": 0, ""fb_scale"": 1.0, ""fb_seed"": 0, ""freeze_bias"": 0, ""freeze_out"": 0, ""head"": ""sigmoid_bce"", ""hid_lr_mult"": 1.0, ""lr"": 0.001, ""muon"": 0, ""optimizer"": ""sgd"", ""out_bias_q"": -1.0, ""out_lr_mult"": 1.0, ""out_w_scale"": 1.0, ""p0"": 0.0, ""preprocess"": ""div255"", ""rule"": ""dfa"", ""seed"": 0, ""shift_step"": 0, ""target_center"": 0, ""target_scale"": 1.0, ""whiten"": 0, ""width"": 300}",,,
E3_generality,linear_centere,1,1,dfa,1.3921167850494385,1.3921167850494385,0.6105193495750427,1.0,0.5482349395751953,1.0,555470472.325569,5.65885241146886,7.246663336143249,105.38659727798314,280,105.38659727798314,"{""act"": ""linear"", ""arch"": ""mlp"", ""batch"": 128, ""batchnorm"": 0, ""calibrate_head"": 0, ""center"": ""e"", ""classes"": 10, ""dataset"": ""mnist"", ""depth"": 3, ""fb_row_norm"": 0, ""fb_scale"": 1.0, ""fb_seed"": 1, ""freeze_bias"": 0, ""freeze_out"": 0, ""head"": ""sigmoid_bce"", ""hid_lr_mult"": 1.0, ""lr"": 0.001, ""muon"": 0, ""optimizer"": ""sgd"", ""out_bias_q"": -1.0, ""out_lr_mult"": 1.0, ""out_w_scale"": 1.0, ""p0"": 0.0, ""preprocess"": ""div255"", ""rule"": ""dfa"", ""seed"": 1, ""shift_step"": 0, ""target_center"": 0, ""target_scale"": 1.0, ""whiten"": 0, ""width"": 300}",,,
E3_generality,linear_centere,2,2,dfa,1.2536029815673828,1.2536029815673828,0.6088992953300476,1.0,0.542239785194397,1.0,417194314.0093059,5.677162709169049,5.509097214611641,19.808680413929302,260,19.808680413929302,"{""act"": ""linear"", ""arch"": ""mlp"", ""batch"": 128, ""batchnorm"": 0, ""calibrate_head"": 0, ""center"": ""e"", ""classes"": 10, ""dataset"": ""mnist"", ""depth"": 3, ""fb_row_norm"": 0, ""fb_scale"": 1.0, ""fb_seed"": 2, ""freeze_bias"": 0, ""freeze_out"": 0, ""head"": ""sigmoid_bce"", ""hid_lr_mult"": 1.0, ""lr"": 0.001, ""muon"": 0, ""optimizer"": ""sgd"", ""out_bias_q"": -1.0, ""out_lr_mult"": 1.0, ""out_w_scale"": 1.0, ""p0"": 0.0, ""preprocess"": ""div255"", ""rule"": ""dfa"", ""seed"": 2, ""shift_step"": 0, ""target_center"": 0, ""target_scale"": 1.0, ""whiten"": 0, ""width"": 300}",,,
E3_generality,mse_s1,0,0,dfa,0.5146486163139343,0.5146486163139343,0.9946002960205078,0.3970809876918793,0.8656251430511475,0.7878941297531128,0.3398979867479691,0.7290672397529087,1.156512146059226,1.6998289633550503,90,1.6998289633550503,"{""act"": ""tanh"", ""arch"": ""mlp"", ""batch"": 128, ""batchnorm"": 0, ""calibrate_head"": 0, ""center"": ""none"", ""classes"": 10, ""dataset"": ""mnist"", ""depth"": 3, ""fb_row_norm"": 0, ""fb_scale"": 1.0, ""fb_seed"": 0, ""freeze_bias"": 0, ""freeze_out"": 0, ""head"": ""mse"", ""hid_lr_mult"": 1.0, ""lr"": 0.001, ""muon"": 0, ""optimizer"": ""sgd"", ""out_bias_q"": -1.0, ""out_lr_mult"": 1.0, ""out_w_scale"": 1.0, ""p0"": 0.0, ""preprocess"": ""div255"", ""rule"": ""dfa"", ""seed"": 0, ""shift_step"": 0, ""target_center"": 0, ""target_scale"": 1.0, ""whiten"": 0, ""width"": 300}",,,
E3_generality,mse_s1,1,1,dfa,1.0105489492416382,1.0105489492416382,0.997369349002838,0.3002411127090454,0.8979087471961975,0.752852201461792,0.8003133088193682,0.7604020564863465,1.1168661055990463,1.624567663170883,40,1.624567663170883,"{""act"": ""tanh"", ""arch"": ""mlp"", ""batch"": 128, ""batchnorm"": 0, ""calibrate_head"": 0, ""center"": ""none"", ""classes"": 10, ""dataset"": ""mnist"", ""depth"": 3, ""fb_row_norm"": 0, ""fb_scale"": 1.0, ""fb_seed"": 1, ""freeze_bias"": 0, ""freeze_out"": 0, ""head"": ""mse"", ""hid_lr_mult"": 1.0, ""lr"": 0.001, ""muon"": 0, ""optimizer"": ""sgd"", ""out_bias_q"": -1.0, ""out_lr_mult"": 1.0, ""out_w_scale"": 1.0, ""p0"": 0.0, ""preprocess"": ""div255"", ""rule"": ""dfa"", ""seed"": 1, ""shift_step"": 0, ""target_center"": 0, ""target_scale"": 1.0, ""whiten"": 0, ""width"": 300}",,,
E3_generality,mse_s1,2,2,dfa,1.058160662651062,1.058160662651062,0.9955237507820128,0.3788445591926574,0.8865734934806824,0.7789016366004944,0.0977455817197392,0.1712206919033313,-0.2925541788742841,-0.6386281315737634,60,-0.6386281315737634,"{""act"": ""tanh"", ""arch"": ""mlp"", ""batch"": 128, ""batchnorm"": 0, ""calibrate_head"": 0, ""center"": ""none"", ""classes"": 10, ""dataset"": ""mnist"", ""depth"": 3, ""fb_row_norm"": 0, ""fb_scale"": 1.0, ""fb_seed"": 2, ""freeze_bias"": 0, ""freeze_out"": 0, ""head"": ""mse"", ""hid_lr_mult"": 1.0, ""lr"": 0.001, ""muon"": 0, ""optimizer"": ""sgd"", ""out_bias_q"": -1.0, ""out_lr_mult"": 1.0, ""out_w_scale"": 1.0, ""p0"": 0.0, ""preprocess"": ""div255"", ""rule"": ""dfa"", ""seed"": 2, ""shift_step"": 0, ""target_center"": 0, ""target_scale"": 1.0, ""whiten"": 0, ""width"": 300}",,,
E3_generality,mse_s1_center,0,0,dfa,0.5146486163139343,0.5146486163139343,0.751202404499054,0.8742989301681519,0.676799476146698,0.97270530462265,2.852060052907809,2.3140107269420964,1.188308971638091,1.1961631448411625,830,1.1961631448411625,"{""act"": ""tanh"", ""arch"": ""mlp"", ""batch"": 128, ""batchnorm"": 0, ""calibrate_head"": 0, ""center"": ""delta"", ""classes"": 10, ""dataset"": ""mnist"", ""depth"": 3, ""fb_row_norm"": 0, ""fb_scale"": 1.0, ""fb_seed"": 0, ""freeze_bias"": 0, ""freeze_out"": 0, ""head"": ""mse"", ""hid_lr_mult"": 1.0, ""lr"": 0.001, ""muon"": 0, ""optimizer"": ""sgd"", ""out_bias_q"": -1.0, ""out_lr_mult"": 1.0, ""out_w_scale"": 1.0, ""p0"": 0.0, ""preprocess"": ""div255"", ""rule"": ""dfa"", ""seed"": 0, ""shift_step"": 0, ""target_center"": 0, ""target_scale"": 1.0, ""whiten"": 0, ""width"": 300}",,,
E3_generality,mse_s1_center,1,1,dfa,1.0105489492416382,1.0105489492416382,0.762719988822937,0.7891990542411804,0.601162314414978,0.960795521736145,-1.415998383237126,1.1359846801769942,0.1173593339387054,-0.451391164678352,530,-0.451391164678352,"{""act"": ""tanh"", ""arch"": ""mlp"", ""batch"": 128, ""batchnorm"": 0, ""calibrate_head"": 0, ""center"": ""delta"", ""classes"": 10, ""dataset"": ""mnist"", ""depth"": 3, ""fb_row_norm"": 0, ""fb_scale"": 1.0, ""fb_seed"": 1, ""freeze_bias"": 0, ""freeze_out"": 0, ""head"": ""mse"", ""hid_lr_mult"": 1.0, ""lr"": 0.001, ""muon"": 0, ""optimizer"": ""sgd"", ""out_bias_q"": -1.0, ""out_lr_mult"": 1.0, ""out_w_scale"": 1.0, ""p0"": 0.0, ""preprocess"": ""div255"", ""rule"": ""dfa"", ""seed"": 1, ""shift_step"": 0, ""target_center"": 0, ""target_scale"": 1.0, ""whiten"": 0, ""width"": 300}",,,
E3_generality,mse_s1_center,2,2,dfa,1.058160662651062,1.058160662651062,0.8245535492897034,0.916285514831543,0.6205722093582153,0.9667165279388428,0.225102393105315,4.052525600198835,2.245946340262863,1.938224739301544,480,1.938224739301544,"{""act"": ""tanh"", ""arch"": ""mlp"", ""batch"": 128, ""batchnorm"": 0, ""calibrate_head"": 0, ""center"": ""delta"", ""classes"": 10, ""dataset"": ""mnist"", ""depth"": 3, ""fb_row_norm"": 0, ""fb_scale"": 1.0, ""fb_seed"": 2, ""freeze_bias"": 0, ""freeze_out"": 0, ""head"": ""mse"", ""hid_lr_mult"": 1.0, ""lr"": 0.001, ""muon"": 0, ""optimizer"": ""sgd"", ""out_bias_q"": -1.0, ""out_lr_mult"": 1.0, ""out_w_scale"": 1.0, ""p0"": 0.0, ""preprocess"": ""div255"", ""rule"": ""dfa"", ""seed"": 2, ""shift_step"": 0, ""target_center"": 0, ""target_scale"": 1.0, ""whiten"": 0, ""width"": 300}",,,
E3_generality,mse_s1_centere,0,0,dfa,0.5146486163139343,0.5146486163139343,0.3540035486221313,0.8791859745979309,0.4503509104251861,0.9888948798179626,0.7986512635091773,2.8332562463003885,0.8951194647216983,0.7702517282590087,1220,0.7702517282590087,"{""act"": ""tanh"", ""arch"": ""mlp"", ""batch"": 128, ""batchnorm"": 0, ""calibrate_head"": 0, ""center"": ""e"", ""classes"": 10, ""dataset"": ""mnist"", ""depth"": 3, ""fb_row_norm"": 0, ""fb_scale"": 1.0, ""fb_seed"": 0, ""freeze_bias"": 0, ""freeze_out"": 0, ""head"": ""mse"", ""hid_lr_mult"": 1.0, ""lr"": 0.001, ""muon"": 0, ""optimizer"": ""sgd"", ""out_bias_q"": -1.0, ""out_lr_mult"": 1.0, ""out_w_scale"": 1.0, ""p0"": 0.0, ""preprocess"": ""div255"", ""rule"": ""dfa"", ""seed"": 0, ""shift_step"": 0, ""target_center"": 0, ""target_scale"": 1.0, ""whiten"": 0, ""width"": 300}",,,
E3_generality,mse_s1_centere,1,1,dfa,1.0105489492416382,1.0105489492416382,0.3959514796733856,0.8702981472015381,0.471503883600235,0.984479546546936,-0.1959206887787197,0.1908852438235656,0.1663084207117232,-0.0959236692752264,630,-0.0959236692752264,"{""act"": ""tanh"", ""arch"": ""mlp"", ""batch"": 128, ""batchnorm"": 0, ""calibrate_head"": 0, ""center"": ""e"", ""classes"": 10, ""dataset"": ""mnist"", ""depth"": 3, ""fb_row_norm"": 0, ""fb_scale"": 1.0, ""fb_seed"": 1, ""freeze_bias"": 0, ""freeze_out"": 0, ""head"": ""mse"", ""hid_lr_mult"": 1.0, ""lr"": 0.001, ""muon"": 0, ""optimizer"": ""sgd"", ""out_bias_q"": -1.0, ""out_lr_mult"": 1.0, ""out_w_scale"": 1.0, ""p0"": 0.0, ""preprocess"": ""div255"", ""rule"": ""dfa"", ""seed"": 1, ""shift_step"": 0, ""target_center"": 0, ""target_scale"": 1.0, ""whiten"": 0, ""width"": 300}",,,
E3_generality,mse_s1_centere,2,2,dfa,1.058160662651062,1.058160662651062,0.3929369747638702,0.8859126567840576,0.4304905235767364,0.9858370423316956,1.44614195917334,3.475359338364462,1.3700237447456345,1.097451493598609,710,1.097451493598609,"{""act"": ""tanh"", ""arch"": ""mlp"", ""batch"": 128, ""batchnorm"": 0, ""calibrate_head"": 0, ""center"": ""e"", ""classes"": 10, ""dataset"": ""mnist"", ""depth"": 3, ""fb_row_norm"": 0, ""fb_scale"": 1.0, ""fb_seed"": 2, ""freeze_bias"": 0, ""freeze_out"": 0, ""head"": ""mse"", ""hid_lr_mult"": 1.0, ""lr"": 0.001, ""muon"": 0, ""optimizer"": ""sgd"", ""out_bias_q"": -1.0, ""out_lr_mult"": 1.0, ""out_w_scale"": 1.0, ""p0"": 0.0, ""preprocess"": ""div255"", ""rule"": ""dfa"", ""seed"": 2, ""shift_step"": 0, ""target_center"": 0, ""target_scale"": 1.0, ""whiten"": 0, ""width"": 300}",,,
E3_generality,mse_s1_ctr,0,0,dfa,0.4071758091449737,0.4071758091449737,0.9936994314193726,0.4050136506557464,0.8568485975265503,0.8130063414573669,1.430970690616991,0.9174832582231892,1.2041801165315285,1.7246778998582186,70,1.7246778998582186,"{""act"": ""tanh"", ""arch"": ""mlp"", ""batch"": 128, ""batchnorm"": 0, ""calibrate_head"": 0, ""center"": ""none"", ""classes"": 10, ""dataset"": ""mnist"", ""depth"": 3, ""fb_row_norm"": 0, ""fb_scale"": 1.0, ""fb_seed"": 0, ""freeze_bias"": 0, ""freeze_out"": 0, ""head"": ""mse"", ""hid_lr_mult"": 1.0, ""lr"": 0.001, ""muon"": 0, ""optimizer"": ""sgd"", ""out_bias_q"": -1.0, ""out_lr_mult"": 1.0, ""out_w_scale"": 1.0, ""p0"": 0.0, ""preprocess"": ""div255"", ""rule"": ""dfa"", ""seed"": 0, ""shift_step"": 0, ""target_center"": 1, ""target_scale"": 1.0, ""whiten"": 0, ""width"": 300}",,,
E3_generality,mse_s1_ctr,1,1,dfa,1.045928716659546,1.045928716659546,0.9977738857269288,0.2898078858852386,0.900886297225952,0.7379414439201355,1.6540512020546705,0.9805342386877348,1.5337229254825155,2.2552403758994983,40,2.2552403758994983,"{""act"": ""tanh"", ""arch"": ""mlp"", ""batch"": 128, ""batchnorm"": 0, ""calibrate_head"": 0, ""center"": ""none"", ""classes"": 10, ""dataset"": ""mnist"", ""depth"": 3, ""fb_row_norm"": 0, ""fb_scale"": 1.0, ""fb_seed"": 1, ""freeze_bias"": 0, ""freeze_out"": 0, ""head"": ""mse"", ""hid_lr_mult"": 1.0, ""lr"": 0.001, ""muon"": 0, ""optimizer"": ""sgd"", ""out_bias_q"": -1.0, ""out_lr_mult"": 1.0, ""out_w_scale"": 1.0, ""p0"": 0.0, ""preprocess"": ""div255"", ""rule"": ""dfa"", ""seed"": 1, ""shift_step"": 0, ""target_center"": 1, ""target_scale"": 1.0, ""whiten"": 0, ""width"": 300}",,,
E3_generality,mse_s1_ctr,2,2,dfa,0.9553791880607604,0.9553791880607604,0.9948275089263916,0.4022418856620788,0.8844621181488037,0.7835497260093689,-0.9296997483891573,0.1219667719900003,-0.4784308652232611,-0.913089297236098,60,-0.913089297236098,"{""act"": ""tanh"", ""arch"": ""mlp"", ""batch"": 128, ""batchnorm"": 0, ""calibrate_head"": 0, ""center"": ""none"", ""classes"": 10, ""dataset"": ""mnist"", ""depth"": 3, ""fb_row_norm"": 0, ""fb_scale"": 1.0, ""fb_seed"": 2, ""freeze_bias"": 0, ""freeze_out"": 0, ""head"": ""mse"", ""hid_lr_mult"": 1.0, ""lr"": 0.001, ""muon"": 0, ""optimizer"": ""sgd"", ""out_bias_q"": -1.0, ""out_lr_mult"": 1.0, ""out_w_scale"": 1.0, ""p0"": 0.0, ""preprocess"": ""div255"", ""rule"": ""dfa"", ""seed"": 2, ""shift_step"": 0, ""target_center"": 1, ""target_scale"": 1.0, ""whiten"": 0, ""width"": 300}",,,
E3_generality,mse_s1_ctr_center,0,0,dfa,0.4071758091449737,0.4071758091449737,0.7435640692710876,0.8860466480255127,0.6926267147064209,0.9735400676727296,0.3728734021035977,0.7295684272285067,0.2076869590452297,0.1297665682418471,1040,0.1297665682418471,"{""act"": ""tanh"", ""arch"": ""mlp"", ""batch"": 128, ""batchnorm"": 0, ""calibrate_head"": 0, ""center"": ""delta"", ""classes"": 10, ""dataset"": ""mnist"", ""depth"": 3, ""fb_row_norm"": 0, ""fb_scale"": 1.0, ""fb_seed"": 0, ""freeze_bias"": 0, ""freeze_out"": 0, ""head"": ""mse"", ""hid_lr_mult"": 1.0, ""lr"": 0.001, ""muon"": 0, ""optimizer"": ""sgd"", ""out_bias_q"": -1.0, ""out_lr_mult"": 1.0, ""out_w_scale"": 1.0, ""p0"": 0.0, ""preprocess"": ""div255"", ""rule"": ""dfa"", ""seed"": 0, ""shift_step"": 0, ""target_center"": 1, ""target_scale"": 1.0, ""whiten"": 0, ""width"": 300}",,,
E3_generality,mse_s1_ctr_center,1,1,dfa,1.045928716659546,1.045928716659546,0.7585133910179138,0.8482463359832764,0.6087218523025513,0.9639255404472352,-3.256796274938445,1.41622202332333,0.4850679427006099,0.3102670985413648,360,0.3102670985413648,"{""act"": ""tanh"", ""arch"": ""mlp"", ""batch"": 128, ""batchnorm"": 0, ""calibrate_head"": 0, ""center"": ""delta"", ""classes"": 10, ""dataset"": ""mnist"", ""depth"": 3, ""fb_row_norm"": 0, ""fb_scale"": 1.0, ""fb_seed"": 1, ""freeze_bias"": 0, ""freeze_out"": 0, ""head"": ""mse"", ""hid_lr_mult"": 1.0, ""lr"": 0.001, ""muon"": 0, ""optimizer"": ""sgd"", ""out_bias_q"": -1.0, ""out_lr_mult"": 1.0, ""out_w_scale"": 1.0, ""p0"": 0.0, ""preprocess"": ""div255"", ""rule"": ""dfa"", ""seed"": 1, ""shift_step"": 0, ""target_center"": 1, ""target_scale"": 1.0, ""whiten"": 0, ""width"": 300}",,,
E3_generality,mse_s1_ctr_center,2,2,dfa,0.9553791880607604,0.9553791880607604,0.7359734177589417,0.9195852875709534,0.60896897315979,0.9693387150764464,-0.9206299968092502,3.0131783533840677,1.604798838068249,1.369360927372005,510,1.369360927372005,"{""act"": ""tanh"", ""arch"": ""mlp"", ""batch"": 128, ""batchnorm"": 0, ""calibrate_head"": 0, ""center"": ""delta"", ""classes"": 10, ""dataset"": ""mnist"", ""depth"": 3, ""fb_row_norm"": 0, ""fb_scale"": 1.0, ""fb_seed"": 2, ""freeze_bias"": 0, ""freeze_out"": 0, ""head"": ""mse"", ""hid_lr_mult"": 1.0, ""lr"": 0.001, ""muon"": 0, ""optimizer"": ""sgd"", ""out_bias_q"": -1.0, ""out_lr_mult"": 1.0, ""out_w_scale"": 1.0, ""p0"": 0.0, ""preprocess"": ""div255"", ""rule"": ""dfa"", ""seed"": 2, ""shift_step"": 0, ""target_center"": 1, ""target_scale"": 1.0, ""whiten"": 0, ""width"": 300}",,,
E3_generality,mse_s1_ctr_centere,0,0,dfa,0.4071758091449737,0.4071758091449737,0.3540035486221313,0.8830819725990295,0.5167309641838074,0.988831639289856,0.4627463633056804,0.6730578680851892,0.2913648000940033,0.2818749741580119,1590,0.2818749741580119,"{""act"": ""tanh"", ""arch"": ""mlp"", ""batch"": 128, ""batchnorm"": 0, ""calibrate_head"": 0, ""center"": ""e"", ""classes"": 10, ""dataset"": ""mnist"", ""depth"": 3, ""fb_row_norm"": 0, ""fb_scale"": 1.0, ""fb_seed"": 0, ""freeze_bias"": 0, ""freeze_out"": 0, ""head"": ""mse"", ""hid_lr_mult"": 1.0, ""lr"": 0.001, ""muon"": 0, ""optimizer"": ""sgd"", ""out_bias_q"": -1.0, ""out_lr_mult"": 1.0, ""out_w_scale"": 1.0, ""p0"": 0.0, ""preprocess"": ""div255"", ""rule"": ""dfa"", ""seed"": 0, ""shift_step"": 0, ""target_center"": 1, ""target_scale"": 1.0, ""whiten"": 0, ""width"": 300}",,,
E3_generality,mse_s1_ctr_centere,1,1,dfa,1.045928716659546,1.045928716659546,0.4004696607589721,0.8865514993667603,0.4501101970672607,0.98444402217865,-0.2375252555915022,0.8042745762847442,0.451737915421025,0.2547383535352561,350,0.2547383535352561,"{""act"": ""tanh"", ""arch"": ""mlp"", ""batch"": 128, ""batchnorm"": 0, ""calibrate_head"": 0, ""center"": ""e"", ""classes"": 10, ""dataset"": ""mnist"", ""depth"": 3, ""fb_row_norm"": 0, ""fb_scale"": 1.0, ""fb_seed"": 1, ""freeze_bias"": 0, ""freeze_out"": 0, ""head"": ""mse"", ""hid_lr_mult"": 1.0, ""lr"": 0.001, ""muon"": 0, ""optimizer"": ""sgd"", ""out_bias_q"": -1.0, ""out_lr_mult"": 1.0, ""out_w_scale"": 1.0, ""p0"": 0.0, ""preprocess"": ""div255"", ""rule"": ""dfa"", ""seed"": 1, ""shift_step"": 0, ""target_center"": 1, ""target_scale"": 1.0, ""whiten"": 0, ""width"": 300}",,,
E3_generality,mse_s1_ctr_centere,2,2,dfa,0.9553791880607604,0.9553791880607604,0.4606426060199737,0.8886383175849915,0.4485351145267486,0.9858370423316956,-0.4799327572089684,2.1185859178702566,0.8927253614612596,0.6496307435428924,680,0.6496307435428924,"{""act"": ""tanh"", ""arch"": ""mlp"", ""batch"": 128, ""batchnorm"": 0, ""calibrate_head"": 0, ""center"": ""e"", ""classes"": 10, ""dataset"": ""mnist"", ""depth"": 3, ""fb_row_norm"": 0, ""fb_scale"": 1.0, ""fb_seed"": 2, ""freeze_bias"": 0, ""freeze_out"": 0, ""head"": ""mse"", ""hid_lr_mult"": 1.0, ""lr"": 0.001, ""muon"": 0, ""optimizer"": ""sgd"", ""out_bias_q"": -1.0, ""out_lr_mult"": 1.0, ""out_w_scale"": 1.0, ""p0"": 0.0, ""preprocess"": ""div255"", ""rule"": ""dfa"", ""seed"": 2, ""shift_step"": 0, ""target_center"": 1, ""target_scale"": 1.0, ""whiten"": 0, ""width"": 300}",,,
E3_generality,mse_s5,0,0,dfa,1.6297699213027954,1.6297699213027954,0.9789310693740844,0.4485307037830353,0.8368455171585083,0.8485196232795715,4.240332810298966,0.8535965413800024,0.9858758639579164,1.2428726564700456,40,1.2428726564700456,"{""act"": ""tanh"", ""arch"": ""mlp"", ""batch"": 128, ""batchnorm"": 0, ""calibrate_head"": 0, ""center"": ""none"", ""classes"": 10, ""dataset"": ""mnist"", ""depth"": 3, ""fb_row_norm"": 0, ""fb_scale"": 1.0, ""fb_seed"": 0, ""freeze_bias"": 0, ""freeze_out"": 0, ""head"": ""mse"", ""hid_lr_mult"": 1.0, ""lr"": 0.001, ""muon"": 0, ""optimizer"": ""sgd"", ""out_bias_q"": -1.0, ""out_lr_mult"": 1.0, ""out_w_scale"": 1.0, ""p0"": 0.0, ""preprocess"": ""div255"", ""rule"": ""dfa"", ""seed"": 0, ""shift_step"": 0, ""target_center"": 0, ""target_scale"": 5.0, ""whiten"": 0, ""width"": 300}",,,
E3_generality,mse_s5,1,1,dfa,1.639292597770691,1.639292597770691,0.9850441217422484,0.4509567022323608,0.838169515132904,0.85025554895401,3.611753241423392,1.424163391989113,1.573685261929659,2.102118676369733,160,2.102118676369733,"{""act"": ""tanh"", ""arch"": ""mlp"", ""batch"": 128, ""batchnorm"": 0, ""calibrate_head"": 0, ""center"": ""none"", ""classes"": 10, ""dataset"": ""mnist"", ""depth"": 3, ""fb_row_norm"": 0, ""fb_scale"": 1.0, ""fb_seed"": 1, ""freeze_bias"": 0, ""freeze_out"": 0, ""head"": ""mse"", ""hid_lr_mult"": 1.0, ""lr"": 0.001, ""muon"": 0, ""optimizer"": ""sgd"", ""out_bias_q"": -1.0, ""out_lr_mult"": 1.0, ""out_w_scale"": 1.0, ""p0"": 0.0, ""preprocess"": ""div255"", ""rule"": ""dfa"", ""seed"": 1, ""shift_step"": 0, ""target_center"": 0, ""target_scale"": 5.0, ""whiten"": 0, ""width"": 300}",,,
E3_generality,mse_s5,2,2,dfa,2.0157060623168945,2.0157060623168945,0.9874711036682128,0.4845156669616699,0.8532788753509521,0.8367592096328735,2.7378821841069816,1.387466362303062,1.6694583163985068,1.8024383927780965,210,1.8024383927780965,"{""act"": ""tanh"", ""arch"": ""mlp"", ""batch"": 128, ""batchnorm"": 0, ""calibrate_head"": 0, ""center"": ""none"", ""classes"": 10, ""dataset"": ""mnist"", ""depth"": 3, ""fb_row_norm"": 0, ""fb_scale"": 1.0, ""fb_seed"": 2, ""freeze_bias"": 0, ""freeze_out"": 0, ""head"": ""mse"", ""hid_lr_mult"": 1.0, ""lr"": 0.001, ""muon"": 0, ""optimizer"": ""sgd"", ""out_bias_q"": -1.0, ""out_lr_mult"": 1.0, ""out_w_scale"": 1.0, ""p0"": 0.0, ""preprocess"": ""div255"", ""rule"": ""dfa"", ""seed"": 2, ""shift_step"": 0, ""target_center"": 0, ""target_scale"": 5.0, ""whiten"": 0, ""width"": 300}",,,
E3_generality,mse_s5_center,0,0,dfa,1.6297699213027954,1.6297699213027954,0.4856206774711609,0.5994476079940796,0.6602118015289307,0.8182783126831055,36.4194979290922,10.067993743683278,19.716861440042816,23.18677323780955,960,23.18677323780955,"{""act"": ""tanh"", ""arch"": ""mlp"", ""batch"": 128, ""batchnorm"": 0, ""calibrate_head"": 0, ""center"": ""delta"", ""classes"": 10, ""dataset"": ""mnist"", ""depth"": 3, ""fb_row_norm"": 0, ""fb_scale"": 1.0, ""fb_seed"": 0, ""freeze_bias"": 0, ""freeze_out"": 0, ""head"": ""mse"", ""hid_lr_mult"": 1.0, ""lr"": 0.001, ""muon"": 0, ""optimizer"": ""sgd"", ""out_bias_q"": -1.0, ""out_lr_mult"": 1.0, ""out_w_scale"": 1.0, ""p0"": 0.0, ""preprocess"": ""div255"", ""rule"": ""dfa"", ""seed"": 0, ""shift_step"": 0, ""target_center"": 0, ""target_scale"": 5.0, ""whiten"": 0, ""width"": 300}",,,
E3_generality,mse_s5_center,1,1,dfa,1.639292597770691,1.639292597770691,0.4608129858970642,0.7128255367279053,0.6633830666542053,0.8479938507080078,13.655885261708498,4.8246312353180425,5.9181761242226845,6.7538580763218485,580,6.7538580763218485,"{""act"": ""tanh"", ""arch"": ""mlp"", ""batch"": 128, ""batchnorm"": 0, ""calibrate_head"": 0, ""center"": ""delta"", ""classes"": 10, ""dataset"": ""mnist"", ""depth"": 3, ""fb_row_norm"": 0, ""fb_scale"": 1.0, ""fb_seed"": 1, ""freeze_bias"": 0, ""freeze_out"": 0, ""head"": ""mse"", ""hid_lr_mult"": 1.0, ""lr"": 0.001, ""muon"": 0, ""optimizer"": ""sgd"", ""out_bias_q"": -1.0, ""out_lr_mult"": 1.0, ""out_w_scale"": 1.0, ""p0"": 0.0, ""preprocess"": ""div255"", ""rule"": ""dfa"", ""seed"": 1, ""shift_step"": 0, ""target_center"": 0, ""target_scale"": 5.0, ""whiten"": 0, ""width"": 300}",,,
E3_generality,mse_s5_center,2,2,dfa,2.0157060623168945,2.0157060623168945,0.5065983533859253,0.65330570936203,0.6482629776000977,0.8520129919052124,38.58962120317669,11.243869547861124,17.194981805246158,22.09361208689124,860,22.09361208689124,"{""act"": ""tanh"", ""arch"": ""mlp"", ""batch"": 128, ""batchnorm"": 0, ""calibrate_head"": 0, ""center"": ""delta"", ""classes"": 10, ""dataset"": ""mnist"", ""depth"": 3, ""fb_row_norm"": 0, ""fb_scale"": 1.0, ""fb_seed"": 2, ""freeze_bias"": 0, ""freeze_out"": 0, ""head"": ""mse"", ""hid_lr_mult"": 1.0, ""lr"": 0.001, ""muon"": 0, ""optimizer"": ""sgd"", ""out_bias_q"": -1.0, ""out_lr_mult"": 1.0, ""out_w_scale"": 1.0, ""p0"": 0.0, ""preprocess"": ""div255"", ""rule"": ""dfa"", ""seed"": 2, ""shift_step"": 0, ""target_center"": 0, ""target_scale"": 5.0, ""whiten"": 0, ""width"": 300}",,,
E3_generality,mse_s5_centere,0,0,dfa,1.6297699213027954,1.6297699213027954,0.3540035486221313,0.9085866212844848,0.7623737454414368,0.9680774211883544,8.896340135553297,10.928781494927009,4.812282949503683,4.587097958678185,520,4.587097958678185,"{""act"": ""tanh"", ""arch"": ""mlp"", ""batch"": 128, ""batchnorm"": 0, ""calibrate_head"": 0, ""center"": ""e"", ""classes"": 10, ""dataset"": ""mnist"", ""depth"": 3, ""fb_row_norm"": 0, ""fb_scale"": 1.0, ""fb_seed"": 0, ""freeze_bias"": 0, ""freeze_out"": 0, ""head"": ""mse"", ""hid_lr_mult"": 1.0, ""lr"": 0.001, ""muon"": 0, ""optimizer"": ""sgd"", ""out_bias_q"": -1.0, ""out_lr_mult"": 1.0, ""out_w_scale"": 1.0, ""p0"": 0.0, ""preprocess"": ""div255"", ""rule"": ""dfa"", ""seed"": 0, ""shift_step"": 0, ""target_center"": 0, ""target_scale"": 5.0, ""whiten"": 0, ""width"": 300}",,,
E3_generality,mse_s5_centere,1,1,dfa,1.639292597770691,1.639292597770691,0.387746512889862,0.9103031158447266,0.7269636988639832,0.967617928981781,6.922530564103616,10.191450388510429,4.63778604744957,4.664731056135011,540,4.664731056135011,"{""act"": ""tanh"", ""arch"": ""mlp"", ""batch"": 128, ""batchnorm"": 0, ""calibrate_head"": 0, ""center"": ""e"", ""classes"": 10, ""dataset"": ""mnist"", ""depth"": 3, ""fb_row_norm"": 0, ""fb_scale"": 1.0, ""fb_seed"": 1, ""freeze_bias"": 0, ""freeze_out"": 0, ""head"": ""mse"", ""hid_lr_mult"": 1.0, ""lr"": 0.001, ""muon"": 0, ""optimizer"": ""sgd"", ""out_bias_q"": -1.0, ""out_lr_mult"": 1.0, ""out_w_scale"": 1.0, ""p0"": 0.0, ""preprocess"": ""div255"", ""rule"": ""dfa"", ""seed"": 1, ""shift_step"": 0, ""target_center"": 0, ""target_scale"": 5.0, ""whiten"": 0, ""width"": 300}",,,
E3_generality,mse_s5_centere,2,2,dfa,2.0157060623168945,2.0157060623168945,0.3910796046257019,0.9288781881332396,0.7748098969459534,0.964916467666626,6.283745199177536,10.423574469260538,4.551378944772302,4.360923911904912,470,4.360923911904912,"{""act"": ""tanh"", ""arch"": ""mlp"", ""batch"": 128, ""batchnorm"": 0, ""calibrate_head"": 0, ""center"": ""e"", ""classes"": 10, ""dataset"": ""mnist"", ""depth"": 3, ""fb_row_norm"": 0, ""fb_scale"": 1.0, ""fb_seed"": 2, ""freeze_bias"": 0, ""freeze_out"": 0, ""head"": ""mse"", ""hid_lr_mult"": 1.0, ""lr"": 0.001, ""muon"": 0, ""optimizer"": ""sgd"", ""out_bias_q"": -1.0, ""out_lr_mult"": 1.0, ""out_w_scale"": 1.0, ""p0"": 0.0, ""preprocess"": ""div255"", ""rule"": ""dfa"", ""seed"": 2, ""shift_step"": 0, ""target_center"": 0, ""target_scale"": 5.0, ""whiten"": 0, ""width"": 300}",,,
E3_generality,multilabel,0,0,dfa,1.2963436841964722,1.2963436841964722,0.9991029500961304,0.1767444908618927,0.918759822845459,0.6735178232192993,15.459780941531212,1.8382362456946315,3.852914844639882,5.784117180203119,80,5.784117180203119,"{""act"": ""tanh"", ""arch"": ""mlp"", ""batch"": 128, ""batchnorm"": 0, ""calibrate_head"": 0, ""center"": ""none"", ""classes"": 10, ""dataset"": ""mnist"", ""depth"": 3, ""extra_bits"": 2, ""fb_row_norm"": 0, ""fb_scale"": 1.0, ""fb_seed"": 0, ""freeze_bias"": 0, ""freeze_out"": 0, ""head"": ""multilabel"", ""hid_lr_mult"": 1.0, ""lr"": 0.001, ""muon"": 0, ""optimizer"": ""sgd"", ""out_bias_q"": -1.0, ""out_lr_mult"": 1.0, ""out_w_scale"": 1.0, ""p0"": 0.0, ""preprocess"": ""div255"", ""rule"": ""dfa"", ""seed"": 0, ""shift_step"": 0, ""target_center"": 0, ""target_scale"": 1.0, ""whiten"": 0, ""width"": 300}",,,
E3_generality,multilabel,1,1,dfa,1.2636797428131104,1.2636797428131104,0.99895441532135,0.171578899025917,0.9087024927139282,0.7015482187271118,15.0406480810763,1.640803503792821,3.012122965412705,4.39599274798763,80,4.39599274798763,"{""act"": ""tanh"", ""arch"": ""mlp"", ""batch"": 128, ""batchnorm"": 0, ""calibrate_head"": 0, ""center"": ""none"", ""classes"": 10, ""dataset"": ""mnist"", ""depth"": 3, ""extra_bits"": 2, ""fb_row_norm"": 0, ""fb_scale"": 1.0, ""fb_seed"": 1, ""freeze_bias"": 0, ""freeze_out"": 0, ""head"": ""multilabel"", ""hid_lr_mult"": 1.0, ""lr"": 0.001, ""muon"": 0, ""optimizer"": ""sgd"", ""out_bias_q"": -1.0, ""out_lr_mult"": 1.0, ""out_w_scale"": 1.0, ""p0"": 0.0, ""preprocess"": ""div255"", ""rule"": ""dfa"", ""seed"": 1, ""shift_step"": 0, ""target_center"": 0, ""target_scale"": 1.0, ""whiten"": 0, ""width"": 300}",,,
E3_generality,multilabel,2,2,dfa,1.3307968378067017,1.3307968378067017,0.9983625411987304,0.199124589562416,0.904232621192932,0.7171249985694885,16.047951753032095,1.6601119633515815,3.154775872713205,4.600305403726988,60,4.600305403726988,"{""act"": ""tanh"", ""arch"": ""mlp"", ""batch"": 128, ""batchnorm"": 0, ""calibrate_head"": 0, ""center"": ""none"", ""classes"": 10, ""dataset"": ""mnist"", ""depth"": 3, ""extra_bits"": 2, ""fb_row_norm"": 0, ""fb_scale"": 1.0, ""fb_seed"": 2, ""freeze_bias"": 0, ""freeze_out"": 0, ""head"": ""multilabel"", ""hid_lr_mult"": 1.0, ""lr"": 0.001, ""muon"": 0, ""optimizer"": ""sgd"", ""out_bias_q"": -1.0, ""out_lr_mult"": 1.0, ""out_w_scale"": 1.0, ""p0"": 0.0, ""preprocess"": ""div255"", ""rule"": ""dfa"", ""seed"": 2, ""shift_step"": 0, ""target_center"": 0, ""target_scale"": 1.0, ""whiten"": 0, ""width"": 300}",,,
E3_generality,multilabel_center,0,0,dfa,1.2963436841964722,1.2963436841964722,0.4142400324344635,0.6672199368476868,0.5602816939353943,0.9071643352508544,71.81632592744634,33.21993032705195,67.50636915967331,71.81632592744634,2000,71.81632592744634,"{""act"": ""tanh"", ""arch"": ""mlp"", ""batch"": 128, ""batchnorm"": 0, ""calibrate_head"": 0, ""center"": ""delta"", ""classes"": 10, ""dataset"": ""mnist"", ""depth"": 3, ""extra_bits"": 2, ""fb_row_norm"": 0, ""fb_scale"": 1.0, ""fb_seed"": 0, ""freeze_bias"": 0, ""freeze_out"": 0, ""head"": ""multilabel"", ""hid_lr_mult"": 1.0, ""lr"": 0.001, ""muon"": 0, ""optimizer"": ""sgd"", ""out_bias_q"": -1.0, ""out_lr_mult"": 1.0, ""out_w_scale"": 1.0, ""p0"": 0.0, ""preprocess"": ""div255"", ""rule"": ""dfa"", ""seed"": 0, ""shift_step"": 0, ""target_center"": 0, ""target_scale"": 1.0, ""whiten"": 0, ""width"": 300}",,,
E3_generality,multilabel_center,1,1,dfa,1.2636797428131104,1.2636797428131104,0.5190991163253784,0.6110664010047913,0.5501106381416321,0.9009945392608644,78.71934747147864,30.563898171788768,66.8222451908184,78.71934747147864,2000,78.71934747147864,"{""act"": ""tanh"", ""arch"": ""mlp"", ""batch"": 128, ""batchnorm"": 0, ""calibrate_head"": 0, ""center"": ""delta"", ""classes"": 10, ""dataset"": ""mnist"", ""depth"": 3, ""extra_bits"": 2, ""fb_row_norm"": 0, ""fb_scale"": 1.0, ""fb_seed"": 1, ""freeze_bias"": 0, ""freeze_out"": 0, ""head"": ""multilabel"", ""hid_lr_mult"": 1.0, ""lr"": 0.001, ""muon"": 0, ""optimizer"": ""sgd"", ""out_bias_q"": -1.0, ""out_lr_mult"": 1.0, ""out_w_scale"": 1.0, ""p0"": 0.0, ""preprocess"": ""div255"", ""rule"": ""dfa"", ""seed"": 1, ""shift_step"": 0, ""target_center"": 0, ""target_scale"": 1.0, ""whiten"": 0, ""width"": 300}",,,
E3_generality,multilabel_center,2,2,dfa,1.3307968378067017,1.3307968378067017,0.4382041394710541,0.8410064578056335,0.5492963194847107,0.9293898940086364,56.72106069063683,31.056383998766105,58.11447745035802,56.72106069063683,2000,56.72106069063683,"{""act"": ""tanh"", ""arch"": ""mlp"", ""batch"": 128, ""batchnorm"": 0, ""calibrate_head"": 0, ""center"": ""delta"", ""classes"": 10, ""dataset"": ""mnist"", ""depth"": 3, ""extra_bits"": 2, ""fb_row_norm"": 0, ""fb_scale"": 1.0, ""fb_seed"": 2, ""freeze_bias"": 0, ""freeze_out"": 0, ""head"": ""multilabel"", ""hid_lr_mult"": 1.0, ""lr"": 0.001, ""muon"": 0, ""optimizer"": ""sgd"", ""out_bias_q"": -1.0, ""out_lr_mult"": 1.0, ""out_w_scale"": 1.0, ""p0"": 0.0, ""preprocess"": ""div255"", ""rule"": ""dfa"", ""seed"": 2, ""shift_step"": 0, ""target_center"": 0, ""target_scale"": 1.0, ""whiten"": 0, ""width"": 300}",,,
E3_generality,multilabel_centere,0,0,dfa,1.2963436841964722,1.2963436841964722,0.3362342417240143,0.9259390830993652,0.392543613910675,0.9857410788536072,36.94728453818496,48.581657565644846,24.59419904985336,36.94728453818496,2000,36.94728453818496,"{""act"": ""tanh"", ""arch"": ""mlp"", ""batch"": 128, ""batchnorm"": 0, ""calibrate_head"": 0, ""center"": ""e"", ""classes"": 10, ""dataset"": ""mnist"", ""depth"": 3, ""extra_bits"": 2, ""fb_row_norm"": 0, ""fb_scale"": 1.0, ""fb_seed"": 0, ""freeze_bias"": 0, ""freeze_out"": 0, ""head"": ""multilabel"", ""hid_lr_mult"": 1.0, ""lr"": 0.001, ""muon"": 0, ""optimizer"": ""sgd"", ""out_bias_q"": -1.0, ""out_lr_mult"": 1.0, ""out_w_scale"": 1.0, ""p0"": 0.0, ""preprocess"": ""div255"", ""rule"": ""dfa"", ""seed"": 0, ""shift_step"": 0, ""target_center"": 0, ""target_scale"": 1.0, ""whiten"": 0, ""width"": 300}",,,
E3_generality,multilabel_centere,1,1,dfa,1.2636797428131104,1.2636797428131104,0.3657867908477783,0.9110342264175416,0.3890131413936615,0.9849703907966614,31.224980008026822,51.17963641902827,24.29587379296002,31.224980008026822,2000,31.224980008026822,"{""act"": ""tanh"", ""arch"": ""mlp"", ""batch"": 128, ""batchnorm"": 0, ""calibrate_head"": 0, ""center"": ""e"", ""classes"": 10, ""dataset"": ""mnist"", ""depth"": 3, ""extra_bits"": 2, ""fb_row_norm"": 0, ""fb_scale"": 1.0, ""fb_seed"": 1, ""freeze_bias"": 0, ""freeze_out"": 0, ""head"": ""multilabel"", ""hid_lr_mult"": 1.0, ""lr"": 0.001, ""muon"": 0, ""optimizer"": ""sgd"", ""out_bias_q"": -1.0, ""out_lr_mult"": 1.0, ""out_w_scale"": 1.0, ""p0"": 0.0, ""preprocess"": ""div255"", ""rule"": ""dfa"", ""seed"": 1, ""shift_step"": 0, ""target_center"": 0, ""target_scale"": 1.0, ""whiten"": 0, ""width"": 300}",,,
E3_generality,multilabel_centere,2,2,dfa,1.3307968378067017,1.3307968378067017,0.4351021349430084,0.9295997023582458,0.427406907081604,0.9865114092826844,24.14502092327093,56.2041480468256,25.23593290695745,24.14502092327093,2000,24.14502092327093,"{""act"": ""tanh"", ""arch"": ""mlp"", ""batch"": 128, ""batchnorm"": 0, ""calibrate_head"": 0, ""center"": ""e"", ""classes"": 10, ""dataset"": ""mnist"", ""depth"": 3, ""extra_bits"": 2, ""fb_row_norm"": 0, ""fb_scale"": 1.0, ""fb_seed"": 2, ""freeze_bias"": 0, ""freeze_out"": 0, ""head"": ""multilabel"", ""hid_lr_mult"": 1.0, ""lr"": 0.001, ""muon"": 0, ""optimizer"": ""sgd"", ""out_bias_q"": -1.0, ""out_lr_mult"": 1.0, ""out_w_scale"": 1.0, ""p0"": 0.0, ""preprocess"": ""div255"", ""rule"": ""dfa"", ""seed"": 2, ""shift_step"": 0, ""target_center"": 0, ""target_scale"": 1.0, ""whiten"": 0, ""width"": 300}",,,
E3_generality,relu,0,0,dfa,1.2818809747695925,1.2818809747695925,0.999247133731842,0.4012013971805572,0.9009555578231812,0.663396418094635,29.229718538603635,0.9333597593266229,1.1629856574674386,1.9606778798185376,30,1.9606778798185376,"{""act"": ""relu"", ""arch"": ""mlp"", ""batch"": 128, ""batchnorm"": 0, ""calibrate_head"": 0, ""center"": ""none"", ""classes"": 10, ""dataset"": ""mnist"", ""depth"": 3, ""fb_row_norm"": 0, ""fb_scale"": 1.0, ""fb_seed"": 0, ""freeze_bias"": 0, ""freeze_out"": 0, ""head"": ""sigmoid_bce"", ""hid_lr_mult"": 1.0, ""lr"": 0.001, ""muon"": 0, ""optimizer"": ""sgd"", ""out_bias_q"": -1.0, ""out_lr_mult"": 1.0, ""out_w_scale"": 1.0, ""p0"": 0.0, ""preprocess"": ""div255"", ""rule"": ""dfa"", ""seed"": 0, ""shift_step"": 0, ""target_center"": 0, ""target_scale"": 1.0, ""whiten"": 0, ""width"": 300}",,,
E3_generality,relu,1,1,dfa,1.3372581005096436,1.3372581005096436,0.9991462230682372,0.4473042488098144,0.8971273303031921,0.679283857345581,20.67998313598751,1.008741563985575,1.2177687677119944,2.000893729236647,30,2.000893729236647,"{""act"": ""relu"", ""arch"": ""mlp"", ""batch"": 128, ""batchnorm"": 0, ""calibrate_head"": 0, ""center"": ""none"", ""classes"": 10, ""dataset"": ""mnist"", ""depth"": 3, ""fb_row_norm"": 0, ""fb_scale"": 1.0, ""fb_seed"": 1, ""freeze_bias"": 0, ""freeze_out"": 0, ""head"": ""sigmoid_bce"", ""hid_lr_mult"": 1.0, ""lr"": 0.001, ""muon"": 0, ""optimizer"": ""sgd"", ""out_bias_q"": -1.0, ""out_lr_mult"": 1.0, ""out_w_scale"": 1.0, ""p0"": 0.0, ""preprocess"": ""div255"", ""rule"": ""dfa"", ""seed"": 1, ""shift_step"": 0, ""target_center"": 0, ""target_scale"": 1.0, ""whiten"": 0, ""width"": 300}",,,
E3_generality,relu,2,2,dfa,1.301832914352417,1.301832914352417,0.9983683824539183,0.4284307360649109,0.8868193030357361,0.6942822933197021,21.379117252217235,0.902534896559726,1.1559839664562417,1.5144592258205245,30,1.5144592258205245,"{""act"": ""relu"", ""arch"": ""mlp"", ""batch"": 128, ""batchnorm"": 0, ""calibrate_head"": 0, ""center"": ""none"", ""classes"": 10, ""dataset"": ""mnist"", ""depth"": 3, ""fb_row_norm"": 0, ""fb_scale"": 1.0, ""fb_seed"": 2, ""freeze_bias"": 0, ""freeze_out"": 0, ""head"": ""sigmoid_bce"", ""hid_lr_mult"": 1.0, ""lr"": 0.001, ""muon"": 0, ""optimizer"": ""sgd"", ""out_bias_q"": -1.0, ""out_lr_mult"": 1.0, ""out_w_scale"": 1.0, ""p0"": 0.0, ""preprocess"": ""div255"", ""rule"": ""dfa"", ""seed"": 2, ""shift_step"": 0, ""target_center"": 0, ""target_scale"": 1.0, ""whiten"": 0, ""width"": 300}",,,
E3_generality,relu_center,0,0,dfa,1.2818809747695925,1.2818809747695925,0.9935681223869324,0.6214083433151245,0.6352289319038391,0.7879316210746765,1287.975203120861,9.163109201576791,4.934187261672149,3.849792079393264,290,3.849792079393264,"{""act"": ""relu"", ""arch"": ""mlp"", ""batch"": 128, ""batchnorm"": 0, ""calibrate_head"": 0, ""center"": ""delta"", ""classes"": 10, ""dataset"": ""mnist"", ""depth"": 3, ""fb_row_norm"": 0, ""fb_scale"": 1.0, ""fb_seed"": 0, ""freeze_bias"": 0, ""freeze_out"": 0, ""head"": ""sigmoid_bce"", ""hid_lr_mult"": 1.0, ""lr"": 0.001, ""muon"": 0, ""optimizer"": ""sgd"", ""out_bias_q"": -1.0, ""out_lr_mult"": 1.0, ""out_w_scale"": 1.0, ""p0"": 0.0, ""preprocess"": ""div255"", ""rule"": ""dfa"", ""seed"": 0, ""shift_step"": 0, ""target_center"": 0, ""target_scale"": 1.0, ""whiten"": 0, ""width"": 300}",,,
E3_generality,relu_center,1,1,dfa,1.3372581005096436,1.3372581005096436,0.9941650032997132,0.6428956985473633,0.6470921635627747,0.7839192748069763,3144.444279983428,10.896754746011164,6.626615192363687,4.71528384531988,340,4.71528384531988,"{""act"": ""relu"", ""arch"": ""mlp"", ""batch"": 128, ""batchnorm"": 0, ""calibrate_head"": 0, ""center"": ""delta"", ""classes"": 10, ""dataset"": ""mnist"", ""depth"": 3, ""fb_row_norm"": 0, ""fb_scale"": 1.0, ""fb_seed"": 1, ""freeze_bias"": 0, ""freeze_out"": 0, ""head"": ""sigmoid_bce"", ""hid_lr_mult"": 1.0, ""lr"": 0.001, ""muon"": 0, ""optimizer"": ""sgd"", ""out_bias_q"": -1.0, ""out_lr_mult"": 1.0, ""out_w_scale"": 1.0, ""p0"": 0.0, ""preprocess"": ""div255"", ""rule"": ""dfa"", ""seed"": 1, ""shift_step"": 0, ""target_center"": 0, ""target_scale"": 1.0, ""whiten"": 0, ""width"": 300}",,,
E3_generality,relu_center,2,2,dfa,1.301832914352417,1.301832914352417,0.9701138138771056,0.6220585703849792,0.5720628499984741,0.7819132804870605,1619.161447749083,12.239773199891582,8.022590311115977,8.28548157630706,480,8.28548157630706,"{""act"": ""relu"", ""arch"": ""mlp"", ""batch"": 128, ""batchnorm"": 0, ""calibrate_head"": 0, ""center"": ""delta"", ""classes"": 10, ""dataset"": ""mnist"", ""depth"": 3, ""fb_row_norm"": 0, ""fb_scale"": 1.0, ""fb_seed"": 2, ""freeze_bias"": 0, ""freeze_out"": 0, ""head"": ""sigmoid_bce"", ""hid_lr_mult"": 1.0, ""lr"": 0.001, ""muon"": 0, ""optimizer"": ""sgd"", ""out_bias_q"": -1.0, ""out_lr_mult"": 1.0, ""out_w_scale"": 1.0, ""p0"": 0.0, ""preprocess"": ""div255"", ""rule"": ""dfa"", ""seed"": 2, ""shift_step"": 0, ""target_center"": 0, ""target_scale"": 1.0, ""whiten"": 0, ""width"": 300}",,,
E3_generality,relu_centere,0,0,dfa,1.2818809747695925,1.2818809747695925,0.9913444519042968,0.6470156311988831,0.7660759091377258,0.7776155471801758,4133.849015046643,6.662148198729961,4.357928179521736,3.4245108464154854,200,3.4245108464154854,"{""act"": ""relu"", ""arch"": ""mlp"", ""batch"": 128, ""batchnorm"": 0, ""calibrate_head"": 0, ""center"": ""e"", ""classes"": 10, ""dataset"": ""mnist"", ""depth"": 3, ""fb_row_norm"": 0, ""fb_scale"": 1.0, ""fb_seed"": 0, ""freeze_bias"": 0, ""freeze_out"": 0, ""head"": ""sigmoid_bce"", ""hid_lr_mult"": 1.0, ""lr"": 0.001, ""muon"": 0, ""optimizer"": ""sgd"", ""out_bias_q"": -1.0, ""out_lr_mult"": 1.0, ""out_w_scale"": 1.0, ""p0"": 0.0, ""preprocess"": ""div255"", ""rule"": ""dfa"", ""seed"": 0, ""shift_step"": 0, ""target_center"": 0, ""target_scale"": 1.0, ""whiten"": 0, ""width"": 300}",,,
E3_generality,relu_centere,1,1,dfa,1.3372581005096436,1.3372581005096436,0.9906187057495116,0.629595935344696,0.7766841053962708,0.8066726326942444,2873.126127789778,6.967084260346971,5.522193020816476,4.068669332636112,210,4.068669332636112,"{""act"": ""relu"", ""arch"": ""mlp"", ""batch"": 128, ""batchnorm"": 0, ""calibrate_head"": 0, ""center"": ""e"", ""classes"": 10, ""dataset"": ""mnist"", ""depth"": 3, ""fb_row_norm"": 0, ""fb_scale"": 1.0, ""fb_seed"": 1, ""freeze_bias"": 0, ""freeze_out"": 0, ""head"": ""sigmoid_bce"", ""hid_lr_mult"": 1.0, ""lr"": 0.001, ""muon"": 0, ""optimizer"": ""sgd"", ""out_bias_q"": -1.0, ""out_lr_mult"": 1.0, ""out_w_scale"": 1.0, ""p0"": 0.0, ""preprocess"": ""div255"", ""rule"": ""dfa"", ""seed"": 1, ""shift_step"": 0, ""target_center"": 0, ""target_scale"": 1.0, ""whiten"": 0, ""width"": 300}",,,
E3_generality,relu_centere,2,2,dfa,1.301832914352417,1.301832914352417,0.9880689978599548,0.6138102412223816,0.762224555015564,0.7845687866210938,700.6809415938963,8.746922890832316,7.479637423329497,5.400029538187787,240,5.400029538187787,"{""act"": ""relu"", ""arch"": ""mlp"", ""batch"": 128, ""batchnorm"": 0, ""calibrate_head"": 0, ""center"": ""e"", ""classes"": 10, ""dataset"": ""mnist"", ""depth"": 3, ""fb_row_norm"": 0, ""fb_scale"": 1.0, ""fb_seed"": 2, ""freeze_bias"": 0, ""freeze_out"": 0, ""head"": ""sigmoid_bce"", ""hid_lr_mult"": 1.0, ""lr"": 0.001, ""muon"": 0, ""optimizer"": ""sgd"", ""out_bias_q"": -1.0, ""out_lr_mult"": 1.0, ""out_w_scale"": 1.0, ""p0"": 0.0, ""preprocess"": ""div255"", ""rule"": ""dfa"", ""seed"": 2, ""shift_step"": 0, ""target_center"": 0, ""target_scale"": 1.0, ""whiten"": 0, ""width"": 300}",,,
E3_generality,relu_lr3e4,0,0,dfa,1.2818809747695925,1.2818809747695925,0.9991507530212402,0.403556078672409,0.897645115852356,0.66841059923172,20.71585774208164,0.901469790245423,1.1226973449316078,1.9263521381991755,90,1.9263521381991755,"{""act"": ""relu"", ""arch"": ""mlp"", ""batch"": 128, ""batchnorm"": 0, ""calibrate_head"": 0, ""center"": ""none"", ""classes"": 10, ""dataset"": ""mnist"", ""depth"": 3, ""fb_row_norm"": 0, ""fb_scale"": 1.0, ""fb_seed"": 0, ""freeze_bias"": 0, ""freeze_out"": 0, ""head"": ""sigmoid_bce"", ""hid_lr_mult"": 1.0, ""lr"": 0.0003, ""muon"": 0, ""optimizer"": ""sgd"", ""out_bias_q"": -1.0, ""out_lr_mult"": 1.0, ""out_w_scale"": 1.0, ""p0"": 0.0, ""preprocess"": ""div255"", ""rule"": ""dfa"", ""seed"": 0, ""shift_step"": 0, ""target_center"": 0, ""target_scale"": 1.0, ""whiten"": 0, ""width"": 300}",,,
E3_generality,relu_lr3e4,1,1,dfa,1.3372581005096436,1.3372581005096436,0.9990591406822203,0.4479746222496032,0.8931304216384888,0.6846846342086792,14.05344350369341,0.9678370886460672,1.1560705432226193,1.8785552941856496,90,1.8785552941856496,"{""act"": ""relu"", ""arch"": ""mlp"", ""batch"": 128, ""batchnorm"": 0, ""calibrate_head"": 0, ""center"": ""none"", ""classes"": 10, ""dataset"": ""mnist"", ""depth"": 3, ""fb_row_norm"": 0, ""fb_scale"": 1.0, ""fb_seed"": 1, ""freeze_bias"": 0, ""freeze_out"": 0, ""head"": ""sigmoid_bce"", ""hid_lr_mult"": 1.0, ""lr"": 0.0003, ""muon"": 0, ""optimizer"": ""sgd"", ""out_bias_q"": -1.0, ""out_lr_mult"": 1.0, ""out_w_scale"": 1.0, ""p0"": 0.0, ""preprocess"": ""div255"", ""rule"": ""dfa"", ""seed"": 1, ""shift_step"": 0, ""target_center"": 0, ""target_scale"": 1.0, ""whiten"": 0, ""width"": 300}",,,
E3_generality,relu_lr3e4,2,2,dfa,1.301832914352417,1.301832914352417,0.9982327222824096,0.4326255917549133,0.883247971534729,0.6983435153961182,15.185296209150422,0.8815811460429307,1.134580673406342,1.5062141662785855,100,1.5062141662785855,"{""act"": ""relu"", ""arch"": ""mlp"", ""batch"": 128, ""batchnorm"": 0, ""calibrate_head"": 0, ""center"": ""none"", ""classes"": 10, ""dataset"": ""mnist"", ""depth"": 3, ""fb_row_norm"": 0, ""fb_scale"": 1.0, ""fb_seed"": 2, ""freeze_bias"": 0, ""freeze_out"": 0, ""head"": ""sigmoid_bce"", ""hid_lr_mult"": 1.0, ""lr"": 0.0003, ""muon"": 0, ""optimizer"": ""sgd"", ""out_bias_q"": -1.0, ""out_lr_mult"": 1.0, ""out_w_scale"": 1.0, ""p0"": 0.0, ""preprocess"": ""div255"", ""rule"": ""dfa"", ""seed"": 2, ""shift_step"": 0, ""target_center"": 0, ""target_scale"": 1.0, ""whiten"": 0, ""width"": 300}",,,
E3_generality,relu_lr3e4_center,0,0,dfa,1.2818809747695925,1.2818809747695925,0.9709259271621704,0.7028100490570068,0.6308249831199646,0.7891206741333008,45.55892386125945,9.005665153573682,4.8867112891523385,3.82933079059417,950,3.82933079059417,"{""act"": ""relu"", ""arch"": ""mlp"", ""batch"": 128, ""batchnorm"": 0, ""calibrate_head"": 0, ""center"": ""delta"", ""classes"": 10, ""dataset"": ""mnist"", ""depth"": 3, ""fb_row_norm"": 0, ""fb_scale"": 1.0, ""fb_seed"": 0, ""freeze_bias"": 0, ""freeze_out"": 0, ""head"": ""sigmoid_bce"", ""hid_lr_mult"": 1.0, ""lr"": 0.0003, ""muon"": 0, ""optimizer"": ""sgd"", ""out_bias_q"": -1.0, ""out_lr_mult"": 1.0, ""out_w_scale"": 1.0, ""p0"": 0.0, ""preprocess"": ""div255"", ""rule"": ""dfa"", ""seed"": 0, ""shift_step"": 0, ""target_center"": 0, ""target_scale"": 1.0, ""whiten"": 0, ""width"": 300}",,,
E3_generality,relu_lr3e4_center,1,1,dfa,1.3372581005096436,1.3372581005096436,0.9893903732299804,0.6875077486038208,0.6550991535186768,0.8086296319961548,59.572669152343,10.845035230673652,6.587859719307342,4.65210689524972,1110,4.65210689524972,"{""act"": ""relu"", ""arch"": ""mlp"", ""batch"": 128, ""batchnorm"": 0, ""calibrate_head"": 0, ""center"": ""delta"", ""classes"": 10, ""dataset"": ""mnist"", ""depth"": 3, ""fb_row_norm"": 0, ""fb_scale"": 1.0, ""fb_seed"": 1, ""freeze_bias"": 0, ""freeze_out"": 0, ""head"": ""sigmoid_bce"", ""hid_lr_mult"": 1.0, ""lr"": 0.0003, ""muon"": 0, ""optimizer"": ""sgd"", ""out_bias_q"": -1.0, ""out_lr_mult"": 1.0, ""out_w_scale"": 1.0, ""p0"": 0.0, ""preprocess"": ""div255"", ""rule"": ""dfa"", ""seed"": 1, ""shift_step"": 0, ""target_center"": 0, ""target_scale"": 1.0, ""whiten"": 0, ""width"": 300}",,,
E3_generality,relu_lr3e4_center,2,2,dfa,1.301832914352417,1.301832914352417,0.9845278859138488,0.6819600462913513,0.5653812289237976,0.7845687866210938,45.35676733794899,12.420004340974518,8.5040044024547,11.250351868611514,1750,11.250351868611514,"{""act"": ""relu"", ""arch"": ""mlp"", ""batch"": 128, ""batchnorm"": 0, ""calibrate_head"": 0, ""center"": ""delta"", ""classes"": 10, ""dataset"": ""mnist"", ""depth"": 3, ""fb_row_norm"": 0, ""fb_scale"": 1.0, ""fb_seed"": 2, ""freeze_bias"": 0, ""freeze_out"": 0, ""head"": ""sigmoid_bce"", ""hid_lr_mult"": 1.0, ""lr"": 0.0003, ""muon"": 0, ""optimizer"": ""sgd"", ""out_bias_q"": -1.0, ""out_lr_mult"": 1.0, ""out_w_scale"": 1.0, ""p0"": 0.0, ""preprocess"": ""div255"", ""rule"": ""dfa"", ""seed"": 2, ""shift_step"": 0, ""target_center"": 0, ""target_scale"": 1.0, ""whiten"": 0, ""width"": 300}",,,
E3_generality,relu_lr3e4_centere,0,0,dfa,1.2818809747695925,1.2818809747695925,0.9952048659324646,0.7042090892791748,0.7710282206535339,0.7775620222091675,54.01508672477612,6.576254391294562,4.324949870669972,3.423276815457319,660,3.423276815457319,"{""act"": ""relu"", ""arch"": ""mlp"", ""batch"": 128, ""batchnorm"": 0, ""calibrate_head"": 0, ""center"": ""e"", ""classes"": 10, ""dataset"": ""mnist"", ""depth"": 3, ""fb_row_norm"": 0, ""fb_scale"": 1.0, ""fb_seed"": 0, ""freeze_bias"": 0, ""freeze_out"": 0, ""head"": ""sigmoid_bce"", ""hid_lr_mult"": 1.0, ""lr"": 0.0003, ""muon"": 0, ""optimizer"": ""sgd"", ""out_bias_q"": -1.0, ""out_lr_mult"": 1.0, ""out_w_scale"": 1.0, ""p0"": 0.0, ""preprocess"": ""div255"", ""rule"": ""dfa"", ""seed"": 0, ""shift_step"": 0, ""target_center"": 0, ""target_scale"": 1.0, ""whiten"": 0, ""width"": 300}",,,
E3_generality,relu_lr3e4_centere,1,1,dfa,1.3372581005096436,1.3372581005096436,0.994072437286377,0.6737576127052307,0.779664158821106,0.8070457577705383,60.6482819948864,6.892011338543954,5.422001335233685,3.94580595524706,670,3.94580595524706,"{""act"": ""relu"", ""arch"": ""mlp"", ""batch"": 128, ""batchnorm"": 0, ""calibrate_head"": 0, ""center"": ""e"", ""classes"": 10, ""dataset"": ""mnist"", ""depth"": 3, ""fb_row_norm"": 0, ""fb_scale"": 1.0, ""fb_seed"": 1, ""freeze_bias"": 0, ""freeze_out"": 0, ""head"": ""sigmoid_bce"", ""hid_lr_mult"": 1.0, ""lr"": 0.0003, ""muon"": 0, ""optimizer"": ""sgd"", ""out_bias_q"": -1.0, ""out_lr_mult"": 1.0, ""out_w_scale"": 1.0, ""p0"": 0.0, ""preprocess"": ""div255"", ""rule"": ""dfa"", ""seed"": 1, ""shift_step"": 0, ""target_center"": 0, ""target_scale"": 1.0, ""whiten"": 0, ""width"": 300}",,,
E3_generality,relu_lr3e4_centere,2,2,dfa,1.301832914352417,1.301832914352417,0.9897863268852234,0.6623996496200562,0.7644176483154297,0.7845687866210938,23.247607134945103,8.647451841525779,7.382879936331251,5.339365572001125,790,5.339365572001125,"{""act"": ""relu"", ""arch"": ""mlp"", ""batch"": 128, ""batchnorm"": 0, ""calibrate_head"": 0, ""center"": ""e"", ""classes"": 10, ""dataset"": ""mnist"", ""depth"": 3, ""fb_row_norm"": 0, ""fb_scale"": 1.0, ""fb_seed"": 2, ""freeze_bias"": 0, ""freeze_out"": 0, ""head"": ""sigmoid_bce"", ""hid_lr_mult"": 1.0, ""lr"": 0.0003, ""muon"": 0, ""optimizer"": ""sgd"", ""out_bias_q"": -1.0, ""out_lr_mult"": 1.0, ""out_w_scale"": 1.0, ""p0"": 0.0, ""preprocess"": ""div255"", ""rule"": ""dfa"", ""seed"": 2, ""shift_step"": 0, ""target_center"": 0, ""target_scale"": 1.0, ""whiten"": 0, ""width"": 300}",,,
E3_generality,w900_depth6,0,0,dfa,1.22051203250885,1.22051203250885,0.999993085861206,0.1700236946344375,0.8066155314445496,0.9064303636550904,19.24441509462883,0.6233715376219873,1.3998470666827614,2.579422331070181,30,5.442772578143786,"{""act"": ""tanh"", ""arch"": ""mlp"", ""batch"": 128, ""batchnorm"": 0, ""calibrate_head"": 0, ""center"": ""none"", ""classes"": 10, ""dataset"": ""mnist"", ""depth"": 6, ""fb_row_norm"": 0, ""fb_scale"": 1.0, ""fb_seed"": 0, ""freeze_bias"": 0, ""freeze_out"": 0, ""head"": ""sigmoid_bce"", ""hid_lr_mult"": 1.0, ""lr"": 0.001, ""muon"": 0, ""optimizer"": ""sgd"", ""out_bias_q"": -1.0, ""out_lr_mult"": 1.0, ""out_w_scale"": 1.0, ""p0"": 0.0, ""preprocess"": ""div255"", ""rule"": ""dfa"", ""seed"": 0, ""shift_step"": 0, ""target_center"": 0, ""target_scale"": 1.0, ""whiten"": 0, ""width"": 900}",4.032546820139562,4.92124393085568,5.442772578143786
E3_generality,w900_depth6,1,1,dfa,1.308738350868225,1.308738350868225,0.9999966621398926,0.1623378098011016,0.8304049968719482,0.8912952542304993,19.99980565178696,0.6615280009047958,1.5891552907270272,3.197949800798188,30,5.751834935967227,"{""act"": ""tanh"", ""arch"": ""mlp"", ""batch"": 128, ""batchnorm"": 0, ""calibrate_head"": 0, ""center"": ""none"", ""classes"": 10, ""dataset"": ""mnist"", ""depth"": 6, ""fb_row_norm"": 0, ""fb_scale"": 1.0, ""fb_seed"": 1, ""freeze_bias"": 0, ""freeze_out"": 0, ""head"": ""sigmoid_bce"", ""hid_lr_mult"": 1.0, ""lr"": 0.001, ""muon"": 0, ""optimizer"": ""sgd"", ""out_bias_q"": -1.0, ""out_lr_mult"": 1.0, ""out_w_scale"": 1.0, ""p0"": 0.0, ""preprocess"": ""div255"", ""rule"": ""dfa"", ""seed"": 1, ""shift_step"": 0, ""target_center"": 0, ""target_scale"": 1.0, ""whiten"": 0, ""width"": 900}",4.60599092215736,5.428026562902935,5.751834935967227
E3_generality,w900_depth6,2,2,dfa,1.355178713798523,1.355178713798523,0.9999947547912598,0.1636824309825897,0.8103529214859009,0.9062117338180542,18.81920065415609,0.6221628455877225,1.466245598872291,2.933113019018736,30,5.547723838981733,"{""act"": ""tanh"", ""arch"": ""mlp"", ""batch"": 128, ""batchnorm"": 0, ""calibrate_head"": 0, ""center"": ""none"", ""classes"": 10, ""dataset"": ""mnist"", ""depth"": 6, ""fb_row_norm"": 0, ""fb_scale"": 1.0, ""fb_seed"": 2, ""freeze_bias"": 0, ""freeze_out"": 0, ""head"": ""sigmoid_bce"", ""hid_lr_mult"": 1.0, ""lr"": 0.001, ""muon"": 0, ""optimizer"": ""sgd"", ""out_bias_q"": -1.0, ""out_lr_mult"": 1.0, ""out_w_scale"": 1.0, ""p0"": 0.0, ""preprocess"": ""div255"", ""rule"": ""dfa"", ""seed"": 2, ""shift_step"": 0, ""target_center"": 0, ""target_scale"": 1.0, ""whiten"": 0, ""width"": 900}",4.368803619785405,5.154962128847853,5.547723838981733
E3_generality,w900_depth6_center,0,0,dfa,1.22051203250885,1.22051203250885,0.5719596147537231,0.1449293941259384,0.591390073299408,0.8828355073928833,244.94934972814065,31.83186115305404,205.28487080076255,294.96369752800246,2000,244.94934972814065,"{""act"": ""tanh"", ""arch"": ""mlp"", ""batch"": 128, ""batchnorm"": 0, ""calibrate_head"": 0, ""center"": ""delta"", ""classes"": 10, ""dataset"": ""mnist"", ""depth"": 6, ""fb_row_norm"": 0, ""fb_scale"": 1.0, ""fb_seed"": 0, ""freeze_bias"": 0, ""freeze_out"": 0, ""head"": ""sigmoid_bce"", ""hid_lr_mult"": 1.0, ""lr"": 0.001, ""muon"": 0, ""optimizer"": ""sgd"", ""out_bias_q"": -1.0, ""out_lr_mult"": 1.0, ""out_w_scale"": 1.0, ""p0"": 0.0, ""preprocess"": ""div255"", ""rule"": ""dfa"", ""seed"": 0, ""shift_step"": 0, ""target_center"": 0, ""target_scale"": 1.0, ""whiten"": 0, ""width"": 900}",295.566896525952,273.90572797050856,244.94934972814065
E3_generality,w900_depth6_center,1,1,dfa,1.308738350868225,1.308738350868225,0.5489089488983154,0.0692654475569725,0.558538556098938,0.8820241093635559,264.45327989459315,29.258038678822977,191.4465891148689,269.7106039854184,2000,264.45327989459315,"{""act"": ""tanh"", ""arch"": ""mlp"", ""batch"": 128, ""batchnorm"": 0, ""calibrate_head"": 0, ""center"": ""delta"", ""classes"": 10, ""dataset"": ""mnist"", ""depth"": 6, ""fb_row_norm"": 0, ""fb_scale"": 1.0, ""fb_seed"": 1, ""freeze_bias"": 0, ""freeze_out"": 0, ""head"": ""sigmoid_bce"", ""hid_lr_mult"": 1.0, ""lr"": 0.001, ""muon"": 0, ""optimizer"": ""sgd"", ""out_bias_q"": -1.0, ""out_lr_mult"": 1.0, ""out_w_scale"": 1.0, ""p0"": 0.0, ""preprocess"": ""div255"", ""rule"": ""dfa"", ""seed"": 1, ""shift_step"": 0, ""target_center"": 0, ""target_scale"": 1.0, ""whiten"": 0, ""width"": 900}",276.2015813086826,269.1641876157676,264.45327989459315
E3_generality,w900_depth6_center,2,2,dfa,1.355178713798523,1.355178713798523,0.5842850208282471,0.03066111728549,0.5178273916244507,0.8869978189468384,342.2571363424017,33.36264654581076,222.80877880836465,304.54577335537584,2000,342.2571363424017,"{""act"": ""tanh"", ""arch"": ""mlp"", ""batch"": 128, ""batchnorm"": 0, ""calibrate_head"": 0, ""center"": ""delta"", ""classes"": 10, ""dataset"": ""mnist"", ""depth"": 6, ""fb_row_norm"": 0, ""fb_scale"": 1.0, ""fb_seed"": 2, ""freeze_bias"": 0, ""freeze_out"": 0, ""head"": ""sigmoid_bce"", ""hid_lr_mult"": 1.0, ""lr"": 0.001, ""muon"": 0, ""optimizer"": ""sgd"", ""out_bias_q"": -1.0, ""out_lr_mult"": 1.0, ""out_w_scale"": 1.0, ""p0"": 0.0, ""preprocess"": ""div255"", ""rule"": ""dfa"", ""seed"": 2, ""shift_step"": 0, ""target_center"": 0, ""target_scale"": 1.0, ""whiten"": 0, ""width"": 900}",318.4347367271635,328.981544027039,342.2571363424017
E3_generality,w900_depth6_centere,0,0,dfa,1.22051203250885,1.22051203250885,0.3767043948173523,0.5794371366500854,0.4101614356040954,0.9878899455070496,147.18149352665623,50.97950990514524,60.11771262527124,117.71584533325613,2000,147.18149352665623,"{""act"": ""tanh"", ""arch"": ""mlp"", ""batch"": 128, ""batchnorm"": 0, ""calibrate_head"": 0, ""center"": ""e"", ""classes"": 10, ""dataset"": ""mnist"", ""depth"": 6, ""fb_row_norm"": 0, ""fb_scale"": 1.0, ""fb_seed"": 0, ""freeze_bias"": 0, ""freeze_out"": 0, ""head"": ""sigmoid_bce"", ""hid_lr_mult"": 1.0, ""lr"": 0.001, ""muon"": 0, ""optimizer"": ""sgd"", ""out_bias_q"": -1.0, ""out_lr_mult"": 1.0, ""out_w_scale"": 1.0, ""p0"": 0.0, ""preprocess"": ""div255"", ""rule"": ""dfa"", ""seed"": 0, ""shift_step"": 0, ""target_center"": 0, ""target_scale"": 1.0, ""whiten"": 0, ""width"": 900}",141.9783281126464,144.87700603582715,147.18149352665623
E3_generality,w900_depth6_centere,1,1,dfa,1.308738350868225,1.308738350868225,0.3838330209255218,0.4212786555290222,0.4038411378860473,0.9850322604179382,116.9648073162524,54.6270525530746,60.79441007321439,98.80182513195018,2000,116.9648073162524,"{""act"": ""tanh"", ""arch"": ""mlp"", ""batch"": 128, ""batchnorm"": 0, ""calibrate_head"": 0, ""center"": ""e"", ""classes"": 10, ""dataset"": ""mnist"", ""depth"": 6, ""fb_row_norm"": 0, ""fb_scale"": 1.0, ""fb_seed"": 1, ""freeze_bias"": 0, ""freeze_out"": 0, ""head"": ""sigmoid_bce"", ""hid_lr_mult"": 1.0, ""lr"": 0.001, ""muon"": 0, ""optimizer"": ""sgd"", ""out_bias_q"": -1.0, ""out_lr_mult"": 1.0, ""out_w_scale"": 1.0, ""p0"": 0.0, ""preprocess"": ""div255"", ""rule"": ""dfa"", ""seed"": 1, ""shift_step"": 0, ""target_center"": 0, ""target_scale"": 1.0, ""whiten"": 0, ""width"": 900}",110.47813373665902,112.61578361801978,116.9648073162524
E3_generality,w900_depth6_centere,2,2,dfa,1.355178713798523,1.355178713798523,0.3902295231819153,0.3796197772026062,0.4089188277721405,0.9836192727088928,126.48046054380455,52.62967742709698,58.94601362951808,103.2959465168615,2000,126.48046054380455,"{""act"": ""tanh"", ""arch"": ""mlp"", ""batch"": 128, ""batchnorm"": 0, ""calibrate_head"": 0, ""center"": ""e"", ""classes"": 10, ""dataset"": ""mnist"", ""depth"": 6, ""fb_row_norm"": 0, ""fb_scale"": 1.0, ""fb_seed"": 2, ""freeze_bias"": 0, ""freeze_out"": 0, ""head"": ""sigmoid_bce"", ""hid_lr_mult"": 1.0, ""lr"": 0.001, ""muon"": 0, ""optimizer"": ""sgd"", ""out_bias_q"": -1.0, ""out_lr_mult"": 1.0, ""out_w_scale"": 1.0, ""p0"": 0.0, ""preprocess"": ""div255"", ""rule"": ""dfa"", ""seed"": 2, ""shift_step"": 0, ""target_center"": 0, ""target_scale"": 1.0, ""whiten"": 0, ""width"": 900}",113.79098030327113,121.40556404012987,126.48046054380455
E4_cures,base__aligned,0,0,aligned,1.2692182064056396,1.2692182064056396,0.7685266137123108,0.8860039114952087,0.7441952228546143,0.9575956463813782,3.62324919876809,0.2390039707259548,0.1085324455784458,0.1161927488710241,20,0.1161927488710241,"{""act"": ""tanh"", ""arch"": ""mlp"", ""batch"": 128, ""batchnorm"": 0, ""calibrate_head"": 0, ""center"": ""none"", ""classes"": 10, ""dataset"": ""mnist"", ""depth"": 3, ""fb_row_norm"": 0, ""fb_scale"": 1.0, ""fb_seed"": 0, ""freeze_bias"": 0, ""freeze_out"": 0, ""head"": ""sigmoid_bce"", ""hid_lr_mult"": 1.0, ""lr"": 0.001, ""muon"": 0, ""optimizer"": ""sgd"", ""out_bias_q"": -1.0, ""out_lr_mult"": 1.0, ""out_w_scale"": 1.0, ""p0"": 0.0, ""preprocess"": ""div255"", ""rule"": ""aligned"", ""seed"": 0, ""shift_step"": 0, ""target_center"": 0, ""target_scale"": 1.0, ""whiten"": 0, ""width"": 300}",,,
E4_cures,base__aligned,1,1,aligned,1.3514316082000732,1.3514316082000732,0.7667833566665649,0.875990629196167,0.7494087815284729,0.9580079913139344,3.6353067529407688,0.1901985876546957,0.0835228732562217,0.0819139650420462,10,0.0819139650420462,"{""act"": ""tanh"", ""arch"": ""mlp"", ""batch"": 128, ""batchnorm"": 0, ""calibrate_head"": 0, ""center"": ""none"", ""classes"": 10, ""dataset"": ""mnist"", ""depth"": 3, ""fb_row_norm"": 0, ""fb_scale"": 1.0, ""fb_seed"": 1, ""freeze_bias"": 0, ""freeze_out"": 0, ""head"": ""sigmoid_bce"", ""hid_lr_mult"": 1.0, ""lr"": 0.001, ""muon"": 0, ""optimizer"": ""sgd"", ""out_bias_q"": -1.0, ""out_lr_mult"": 1.0, ""out_w_scale"": 1.0, ""p0"": 0.0, ""preprocess"": ""div255"", ""rule"": ""aligned"", ""seed"": 1, ""shift_step"": 0, ""target_center"": 0, ""target_scale"": 1.0, ""whiten"": 0, ""width"": 300}",,,
E4_cures,base__aligned,2,2,aligned,1.247653603553772,1.247653603553772,0.7830854654312134,0.8717716932296753,0.736443042755127,0.956760585308075,3.9062240313081538,0.2709263935639101,0.1449587938460223,0.1362508731467118,20,0.1362508731467118,"{""act"": ""tanh"", ""arch"": ""mlp"", ""batch"": 128, ""batchnorm"": 0, ""calibrate_head"": 0, ""center"": ""none"", ""classes"": 10, ""dataset"": ""mnist"", ""depth"": 3, ""fb_row_norm"": 0, ""fb_scale"": 1.0, ""fb_seed"": 2, ""freeze_bias"": 0, ""freeze_out"": 0, ""head"": ""sigmoid_bce"", ""hid_lr_mult"": 1.0, ""lr"": 0.001, ""muon"": 0, ""optimizer"": ""sgd"", ""out_bias_q"": -1.0, ""out_lr_mult"": 1.0, ""out_w_scale"": 1.0, ""p0"": 0.0, ""preprocess"": ""div255"", ""rule"": ""aligned"", ""seed"": 2, ""shift_step"": 0, ""target_center"": 0, ""target_scale"": 1.0, ""whiten"": 0, ""width"": 300}",,,
E4_cures,base__bn,0,0,dfa,1.2651962041854858,1.2651962041854858,0.1283321380615234,0.995750367641449,0.1699966490268707,0.9969738721847534,7.004586901462637,22.6499304070964,5.290769785631316,4.12396352157075,970,4.12396352157075,"{""act"": ""tanh"", ""arch"": ""mlp"", ""batch"": 128, ""batchnorm"": 1, ""calibrate_head"": 0, ""center"": ""none"", ""classes"": 10, ""dataset"": ""mnist"", ""depth"": 3, ""fb_row_norm"": 0, ""fb_scale"": 1.0, ""fb_seed"": 0, ""freeze_bias"": 0, ""freeze_out"": 0, ""head"": ""sigmoid_bce"", ""hid_lr_mult"": 1.0, ""lr"": 0.001, ""muon"": 0, ""optimizer"": ""sgd"", ""out_bias_q"": -1.0, ""out_lr_mult"": 1.0, ""out_w_scale"": 1.0, ""p0"": 0.0, ""preprocess"": ""div255"", ""rule"": ""dfa"", ""seed"": 0, ""shift_step"": 0, ""target_center"": 0, ""target_scale"": 1.0, ""whiten"": 0, ""width"": 300}",,,
E4_cures,base__bn,1,1,dfa,1.265556573867798,1.265556573867798,0.1326889097690582,0.9950915575027466,0.1639047265052795,0.9960710406303406,9.978722647078875,24.6072355983926,5.84410858998929,6.161794546242667,1010,6.161794546242667,"{""act"": ""tanh"", ""arch"": ""mlp"", ""batch"": 128, ""batchnorm"": 1, ""calibrate_head"": 0, ""center"": ""none"", ""classes"": 10, ""dataset"": ""mnist"", ""depth"": 3, ""fb_row_norm"": 0, ""fb_scale"": 1.0, ""fb_seed"": 1, ""freeze_bias"": 0, ""freeze_out"": 0, ""head"": ""sigmoid_bce"", ""hid_lr_mult"": 1.0, ""lr"": 0.001, ""muon"": 0, ""optimizer"": ""sgd"", ""out_bias_q"": -1.0, ""out_lr_mult"": 1.0, ""out_w_scale"": 1.0, ""p0"": 0.0, ""preprocess"": ""div255"", ""rule"": ""dfa"", ""seed"": 1, ""shift_step"": 0, ""target_center"": 0, ""target_scale"": 1.0, ""whiten"": 0, ""width"": 300}",,,
E4_cures,base__bn,2,2,dfa,1.263188123703003,1.263188123703003,0.1259784400463104,0.9962007403373718,0.1642850786447525,0.9963122606277466,7.649885848712508,23.46824282277052,5.519428555211604,4.583315351398785,1000,4.583315351398785,"{""act"": ""tanh"", ""arch"": ""mlp"", ""batch"": 128, ""batchnorm"": 1, ""calibrate_head"": 0, ""center"": ""none"", ""classes"": 10, ""dataset"": ""mnist"", ""depth"": 3, ""fb_row_norm"": 0, ""fb_scale"": 1.0, ""fb_seed"": 2, ""freeze_bias"": 0, ""freeze_out"": 0, ""head"": ""sigmoid_bce"", ""hid_lr_mult"": 1.0, ""lr"": 0.001, ""muon"": 0, ""optimizer"": ""sgd"", ""out_bias_q"": -1.0, ""out_lr_mult"": 1.0, ""out_w_scale"": 1.0, ""p0"": 0.0, ""preprocess"": ""div255"", ""rule"": ""dfa"", ""seed"": 2, ""shift_step"": 0, ""target_center"": 0, ""target_scale"": 1.0, ""whiten"": 0, ""width"": 300}",,,
E4_cures,base__center_delta,0,0,dfa,1.2692182064056396,1.2692182064056396,0.5288453698158264,0.8552682399749756,0.5753377079963684,0.9392639398574828,99.6320630268113,38.1590001599436,88.20538513235692,99.6320630268113,3000,99.6320630268113,"{""act"": ""tanh"", ""arch"": ""mlp"", ""batch"": 128, ""batchnorm"": 0, ""calibrate_head"": 0, ""center"": ""delta"", ""classes"": 10, ""dataset"": ""mnist"", ""depth"": 3, ""fb_row_norm"": 0, ""fb_scale"": 1.0, ""fb_seed"": 0, ""freeze_bias"": 0, ""freeze_out"": 0, ""head"": ""sigmoid_bce"", ""hid_lr_mult"": 1.0, ""lr"": 0.001, ""muon"": 0, ""optimizer"": ""sgd"", ""out_bias_q"": -1.0, ""out_lr_mult"": 1.0, ""out_w_scale"": 1.0, ""p0"": 0.0, ""preprocess"": ""div255"", ""rule"": ""dfa"", ""seed"": 0, ""shift_step"": 0, ""target_center"": 0, ""target_scale"": 1.0, ""whiten"": 0, ""width"": 300}",,,
E4_cures,base__center_delta,1,1,dfa,1.3514316082000732,1.3514316082000732,0.5516651272773743,0.5274276733398438,0.5117236375808716,0.9091067910194396,117.20522444461278,40.37938546177909,90.8322167260324,117.20522444461278,3000,117.20522444461278,"{""act"": ""tanh"", ""arch"": ""mlp"", ""batch"": 128, ""batchnorm"": 0, ""calibrate_head"": 0, ""center"": ""delta"", ""classes"": 10, ""dataset"": ""mnist"", ""depth"": 3, ""fb_row_norm"": 0, ""fb_scale"": 1.0, ""fb_seed"": 1, ""freeze_bias"": 0, ""freeze_out"": 0, ""head"": ""sigmoid_bce"", ""hid_lr_mult"": 1.0, ""lr"": 0.001, ""muon"": 0, ""optimizer"": ""sgd"", ""out_bias_q"": -1.0, ""out_lr_mult"": 1.0, ""out_w_scale"": 1.0, ""p0"": 0.0, ""preprocess"": ""div255"", ""rule"": ""dfa"", ""seed"": 1, ""shift_step"": 0, ""target_center"": 0, ""target_scale"": 1.0, ""whiten"": 0, ""width"": 300}",,,
E4_cures,base__center_delta,2,2,dfa,1.247653603553772,1.247653603553772,0.4560545682907104,0.8119069337844849,0.5293197631835938,0.9395528435707092,100.72287779825749,40.17235633426933,86.4912875507452,100.72287779825749,3000,100.72287779825749,"{""act"": ""tanh"", ""arch"": ""mlp"", ""batch"": 128, ""batchnorm"": 0, ""calibrate_head"": 0, ""center"": ""delta"", ""classes"": 10, ""dataset"": ""mnist"", ""depth"": 3, ""fb_row_norm"": 0, ""fb_scale"": 1.0, ""fb_seed"": 2, ""freeze_bias"": 0, ""freeze_out"": 0, ""head"": ""sigmoid_bce"", ""hid_lr_mult"": 1.0, ""lr"": 0.001, ""muon"": 0, ""optimizer"": ""sgd"", ""out_bias_q"": -1.0, ""out_lr_mult"": 1.0, ""out_w_scale"": 1.0, ""p0"": 0.0, ""preprocess"": ""div255"", ""rule"": ""dfa"", ""seed"": 2, ""shift_step"": 0, ""target_center"": 0, ""target_scale"": 1.0, ""whiten"": 0, ""width"": 300}",,,
E4_cures,base__center_e,0,0,dfa,1.2692182064056396,1.2692182064056396,0.3545146286487579,0.937033712863922,0.3549448549747467,0.9904417991638184,47.06930894006229,70.70890387737745,34.17119625244025,47.06930894006229,3000,47.06930894006229,"{""act"": ""tanh"", ""arch"": ""mlp"", ""batch"": 128, ""batchnorm"": 0, ""calibrate_head"": 0, ""center"": ""e"", ""classes"": 10, ""dataset"": ""mnist"", ""depth"": 3, ""fb_row_norm"": 0, ""fb_scale"": 1.0, ""fb_seed"": 0, ""freeze_bias"": 0, ""freeze_out"": 0, ""head"": ""sigmoid_bce"", ""hid_lr_mult"": 1.0, ""lr"": 0.001, ""muon"": 0, ""optimizer"": ""sgd"", ""out_bias_q"": -1.0, ""out_lr_mult"": 1.0, ""out_w_scale"": 1.0, ""p0"": 0.0, ""preprocess"": ""div255"", ""rule"": ""dfa"", ""seed"": 0, ""shift_step"": 0, ""target_center"": 0, ""target_scale"": 1.0, ""whiten"": 0, ""width"": 300}",,,
E4_cures,base__center_e,1,1,dfa,1.3514316082000732,1.3514316082000732,0.391764372587204,0.9543123841285706,0.3879089951515198,0.988448441028595,51.17829088425214,72.0666427828564,32.90069554356689,51.17829088425214,3000,51.17829088425214,"{""act"": ""tanh"", ""arch"": ""mlp"", ""batch"": 128, ""batchnorm"": 0, ""calibrate_head"": 0, ""center"": ""e"", ""classes"": 10, ""dataset"": ""mnist"", ""depth"": 3, ""fb_row_norm"": 0, ""fb_scale"": 1.0, ""fb_seed"": 1, ""freeze_bias"": 0, ""freeze_out"": 0, ""head"": ""sigmoid_bce"", ""hid_lr_mult"": 1.0, ""lr"": 0.001, ""muon"": 0, ""optimizer"": ""sgd"", ""out_bias_q"": -1.0, ""out_lr_mult"": 1.0, ""out_w_scale"": 1.0, ""p0"": 0.0, ""preprocess"": ""div255"", ""rule"": ""dfa"", ""seed"": 1, ""shift_step"": 0, ""target_center"": 0, ""target_scale"": 1.0, ""whiten"": 0, ""width"": 300}",,,
E4_cures,base__center_e,2,2,dfa,1.247653603553772,1.247653603553772,0.3910796046257019,0.9347896575927734,0.4126372337341308,0.9858370423316956,31.85360842520975,68.987005192698,27.77405789156229,31.85360842520975,3000,31.85360842520975,"{""act"": ""tanh"", ""arch"": ""mlp"", ""batch"": 128, ""batchnorm"": 0, ""calibrate_head"": 0, ""center"": ""e"", ""classes"": 10, ""dataset"": ""mnist"", ""depth"": 3, ""fb_row_norm"": 0, ""fb_scale"": 1.0, ""fb_seed"": 2, ""freeze_bias"": 0, ""freeze_out"": 0, ""head"": ""sigmoid_bce"", ""hid_lr_mult"": 1.0, ""lr"": 0.001, ""muon"": 0, ""optimizer"": ""sgd"", ""out_bias_q"": -1.0, ""out_lr_mult"": 1.0, ""out_w_scale"": 1.0, ""p0"": 0.0, ""preprocess"": ""div255"", ""rule"": ""dfa"", ""seed"": 2, ""shift_step"": 0, ""target_center"": 0, ""target_scale"": 1.0, ""whiten"": 0, ""width"": 300}",,,
E4_cures,base__center_outlr10,0,0,dfa,1.2692182064056396,1.2692182064056396,0.401246428489685,0.9808186888694764,0.3547937870025635,0.9891115427017212,19.60867249524614,14.580553164647068,7.477926901378441,11.998096554172774,1450,11.998096554172774,"{""act"": ""tanh"", ""arch"": ""mlp"", ""batch"": 128, ""batchnorm"": 0, ""calibrate_head"": 0, ""center"": ""e"", ""classes"": 10, ""dataset"": ""mnist"", ""depth"": 3, ""fb_row_norm"": 0, ""fb_scale"": 1.0, ""fb_seed"": 0, ""freeze_bias"": 0, ""freeze_out"": 0, ""head"": ""sigmoid_bce"", ""hid_lr_mult"": 1.0, ""lr"": 0.001, ""muon"": 0, ""optimizer"": ""sgd"", ""out_bias_q"": -1.0, ""out_lr_mult"": 10.0, ""out_w_scale"": 1.0, ""p0"": 0.0, ""preprocess"": ""div255"", ""rule"": ""dfa"", ""seed"": 0, ""shift_step"": 0, ""target_center"": 0, ""target_scale"": 1.0, ""whiten"": 0, ""width"": 300}",,,
E4_cures,base__center_outlr10,1,1,dfa,1.3514316082000732,1.3514316082000732,0.3929111063480377,0.962808072566986,0.38833749294281,0.9870972633361816,19.835398939631137,14.275884676040777,6.807174220843962,11.068790107759822,1370,11.068790107759822,"{""act"": ""tanh"", ""arch"": ""mlp"", ""batch"": 128, ""batchnorm"": 0, ""calibrate_head"": 0, ""center"": ""e"", ""classes"": 10, ""dataset"": ""mnist"", ""depth"": 3, ""fb_row_norm"": 0, ""fb_scale"": 1.0, ""fb_seed"": 1, ""freeze_bias"": 0, ""freeze_out"": 0, ""head"": ""sigmoid_bce"", ""hid_lr_mult"": 1.0, ""lr"": 0.001, ""muon"": 0, ""optimizer"": ""sgd"", ""out_bias_q"": -1.0, ""out_lr_mult"": 10.0, ""out_w_scale"": 1.0, ""p0"": 0.0, ""preprocess"": ""div255"", ""rule"": ""dfa"", ""seed"": 1, ""shift_step"": 0, ""target_center"": 0, ""target_scale"": 1.0, ""whiten"": 0, ""width"": 300}",,,
E4_cures,base__center_outlr10,2,2,dfa,1.247653603553772,1.247653603553772,0.3910796046257019,0.9837693572044371,0.4126372337341308,0.9858370423316956,11.519986116094117,14.204646542447506,6.502730406845595,7.101291255571538,1430,7.101291255571538,"{""act"": ""tanh"", ""arch"": ""mlp"", ""batch"": 128, ""batchnorm"": 0, ""calibrate_head"": 0, ""center"": ""e"", ""classes"": 10, ""dataset"": ""mnist"", ""depth"": 3, ""fb_row_norm"": 0, ""fb_scale"": 1.0, ""fb_seed"": 2, ""freeze_bias"": 0, ""freeze_out"": 0, ""head"": ""sigmoid_bce"", ""hid_lr_mult"": 1.0, ""lr"": 0.001, ""muon"": 0, ""optimizer"": ""sgd"", ""out_bias_q"": -1.0, ""out_lr_mult"": 10.0, ""out_w_scale"": 1.0, ""p0"": 0.0, ""preprocess"": ""div255"", ""rule"": ""dfa"", ""seed"": 2, ""shift_step"": 0, ""target_center"": 0, ""target_scale"": 1.0, ""whiten"": 0, ""width"": 300}",,,
E4_cures,base__center_priorbias,0,0,dfa,0.0415895916521549,0.0415895916521549,0.3547801673412323,0.9424627423286438,0.3552050590515136,0.9904580116271972,1.0263569032089883,2.375833183510223,1.1571606811982886,1.0263569032089883,3000,1.0263569032089883,"{""act"": ""tanh"", ""arch"": ""mlp"", ""batch"": 128, ""batchnorm"": 0, ""calibrate_head"": 0, ""center"": ""e"", ""classes"": 10, ""dataset"": ""mnist"", ""depth"": 3, ""fb_row_norm"": 0, ""fb_scale"": 1.0, ""fb_seed"": 0, ""freeze_bias"": 0, ""freeze_out"": 0, ""head"": ""sigmoid_bce"", ""hid_lr_mult"": 1.0, ""lr"": 0.001, ""muon"": 0, ""optimizer"": ""sgd"", ""out_bias_q"": 0.1, ""out_lr_mult"": 1.0, ""out_w_scale"": 1.0, ""p0"": 0.0, ""preprocess"": ""div255"", ""rule"": ""dfa"", ""seed"": 0, ""shift_step"": 0, ""target_center"": 0, ""target_scale"": 1.0, ""whiten"": 0, ""width"": 300}",,,
E4_cures,base__center_priorbias,1,1,dfa,0.1067334040999412,0.1067334040999412,0.3900531232357025,0.9520016312599182,0.3874728679656982,0.9887152910232544,2.0828286335201724,5.94791961777783,2.420936783819156,2.0828286335201724,3000,2.0828286335201724,"{""act"": ""tanh"", ""arch"": ""mlp"", ""batch"": 128, ""batchnorm"": 0, ""calibrate_head"": 0, ""center"": ""e"", ""classes"": 10, ""dataset"": ""mnist"", ""depth"": 3, ""fb_row_norm"": 0, ""fb_scale"": 1.0, ""fb_seed"": 1, ""freeze_bias"": 0, ""freeze_out"": 0, ""head"": ""sigmoid_bce"", ""hid_lr_mult"": 1.0, ""lr"": 0.001, ""muon"": 0, ""optimizer"": ""sgd"", ""out_bias_q"": 0.1, ""out_lr_mult"": 1.0, ""out_w_scale"": 1.0, ""p0"": 0.0, ""preprocess"": ""div255"", ""rule"": ""dfa"", ""seed"": 1, ""shift_step"": 0, ""target_center"": 0, ""target_scale"": 1.0, ""whiten"": 0, ""width"": 300}",,,
E4_cures,base__center_priorbias,2,2,dfa,0.0941637977957725,0.0941637977957725,0.3910796046257019,0.9450451135635376,0.4126372337341308,0.9858370423316956,-0.0037801135498232,0.0788619738340134,0.0265375273202598,-0.0037801135498232,3000,-0.0037801135498232,"{""act"": ""tanh"", ""arch"": ""mlp"", ""batch"": 128, ""batchnorm"": 0, ""calibrate_head"": 0, ""center"": ""e"", ""classes"": 10, ""dataset"": ""mnist"", ""depth"": 3, ""fb_row_norm"": 0, ""fb_scale"": 1.0, ""fb_seed"": 2, ""freeze_bias"": 0, ""freeze_out"": 0, ""head"": ""sigmoid_bce"", ""hid_lr_mult"": 1.0, ""lr"": 0.001, ""muon"": 0, ""optimizer"": ""sgd"", ""out_bias_q"": 0.1, ""out_lr_mult"": 1.0, ""out_w_scale"": 1.0, ""p0"": 0.0, ""preprocess"": ""div255"", ""rule"": ""dfa"", ""seed"": 2, ""shift_step"": 0, ""target_center"": 0, ""target_scale"": 1.0, ""whiten"": 0, ""width"": 300}",,,
E4_cures,base__gated,0,0,dfa,1.2692182064056396,1.2692182064056396,0.3545146286487579,0.937033712863922,0.3549448549747467,0.9904417991638184,47.06930894006229,70.70890387737745,34.17119625244025,47.06930894006229,3000,47.06930894006229,"{""act"": ""tanh"", ""arch"": ""mlp"", ""batch"": 128, ""batchnorm"": 0, ""calibrate_head"": 0, ""center"": ""gated"", ""classes"": 10, ""dataset"": ""mnist"", ""depth"": 3, ""fb_row_norm"": 0, ""fb_scale"": 1.0, ""fb_seed"": 0, ""freeze_bias"": 0, ""freeze_out"": 0, ""gate_thr"": 0.1, ""head"": ""sigmoid_bce"", ""hid_lr_mult"": 1.0, ""lr"": 0.001, ""muon"": 0, ""optimizer"": ""sgd"", ""out_bias_q"": -1.0, ""out_lr_mult"": 1.0, ""out_w_scale"": 1.0, ""p0"": 0.0, ""preprocess"": ""div255"", ""rule"": ""dfa"", ""seed"": 0, ""shift_step"": 0, ""target_center"": 0, ""target_scale"": 1.0, ""whiten"": 0, ""width"": 300}",,,
E4_cures,base__gated,1,1,dfa,1.3514316082000732,1.3514316082000732,0.391764372587204,0.9543123841285706,0.3879089951515198,0.988448441028595,51.17829088425214,72.0666427828564,32.90069554356689,51.17829088425214,3000,51.17829088425214,"{""act"": ""tanh"", ""arch"": ""mlp"", ""batch"": 128, ""batchnorm"": 0, ""calibrate_head"": 0, ""center"": ""gated"", ""classes"": 10, ""dataset"": ""mnist"", ""depth"": 3, ""fb_row_norm"": 0, ""fb_scale"": 1.0, ""fb_seed"": 1, ""freeze_bias"": 0, ""freeze_out"": 0, ""gate_thr"": 0.1, ""head"": ""sigmoid_bce"", ""hid_lr_mult"": 1.0, ""lr"": 0.001, ""muon"": 0, ""optimizer"": ""sgd"", ""out_bias_q"": -1.0, ""out_lr_mult"": 1.0, ""out_w_scale"": 1.0, ""p0"": 0.0, ""preprocess"": ""div255"", ""rule"": ""dfa"", ""seed"": 1, ""shift_step"": 0, ""target_center"": 0, ""target_scale"": 1.0, ""whiten"": 0, ""width"": 300}",,,
E4_cures,base__gated,2,2,dfa,1.247653603553772,1.247653603553772,0.3910796046257019,0.9347896575927734,0.4126372337341308,0.9858370423316956,31.85360842520975,68.987005192698,27.77405789156229,31.85360842520975,3000,31.85360842520975,"{""act"": ""tanh"", ""arch"": ""mlp"", ""batch"": 128, ""batchnorm"": 0, ""calibrate_head"": 0, ""center"": ""gated"", ""classes"": 10, ""dataset"": ""mnist"", ""depth"": 3, ""fb_row_norm"": 0, ""fb_scale"": 1.0, ""fb_seed"": 2, ""freeze_bias"": 0, ""freeze_out"": 0, ""gate_thr"": 0.1, ""head"": ""sigmoid_bce"", ""hid_lr_mult"": 1.0, ""lr"": 0.001, ""muon"": 0, ""optimizer"": ""sgd"", ""out_bias_q"": -1.0, ""out_lr_mult"": 1.0, ""out_w_scale"": 1.0, ""p0"": 0.0, ""preprocess"": ""div255"", ""rule"": ""dfa"", ""seed"": 2, ""shift_step"": 0, ""target_center"": 0, ""target_scale"": 1.0, ""whiten"": 0, ""width"": 300}",,,
E4_cures,base__muon,0,0,dfa,1.2692182064056396,1.2692182064056396,0.7397050261497498,0.8733563423156738,0.6153811812400818,0.9292308688163756,12.57753645306252,4.407945119561043,3.4153387550306897,3.585398719337844,190,3.585398719337844,"{""act"": ""tanh"", ""arch"": ""mlp"", ""batch"": 128, ""batchnorm"": 0, ""calibrate_head"": 0, ""center"": ""none"", ""classes"": 10, ""dataset"": ""mnist"", ""depth"": 3, ""fb_row_norm"": 0, ""fb_scale"": 1.0, ""fb_seed"": 0, ""freeze_bias"": 0, ""freeze_out"": 0, ""head"": ""sigmoid_bce"", ""hid_lr_mult"": 1.0, ""lr"": 0.001, ""muon"": 1, ""optimizer"": ""sgd"", ""out_bias_q"": -1.0, ""out_lr_mult"": 1.0, ""out_w_scale"": 1.0, ""p0"": 0.0, ""preprocess"": ""div255"", ""rule"": ""dfa"", ""seed"": 0, ""shift_step"": 0, ""target_center"": 0, ""target_scale"": 1.0, ""whiten"": 0, ""width"": 300}",,,
E4_cures,base__muon,1,1,dfa,1.3514316082000732,1.3514316082000732,0.7596815228462219,0.8214425444602966,0.6076653003692627,0.9264784455299376,15.406846072977002,5.126516379920845,3.946728311405073,4.858664725909131,190,4.858664725909131,"{""act"": ""tanh"", ""arch"": ""mlp"", ""batch"": 128, ""batchnorm"": 0, ""calibrate_head"": 0, ""center"": ""none"", ""classes"": 10, ""dataset"": ""mnist"", ""depth"": 3, ""fb_row_norm"": 0, ""fb_scale"": 1.0, ""fb_seed"": 1, ""freeze_bias"": 0, ""freeze_out"": 0, ""head"": ""sigmoid_bce"", ""hid_lr_mult"": 1.0, ""lr"": 0.001, ""muon"": 1, ""optimizer"": ""sgd"", ""out_bias_q"": -1.0, ""out_lr_mult"": 1.0, ""out_w_scale"": 1.0, ""p0"": 0.0, ""preprocess"": ""div255"", ""rule"": ""dfa"", ""seed"": 1, ""shift_step"": 0, ""target_center"": 0, ""target_scale"": 1.0, ""whiten"": 0, ""width"": 300}",,,
E4_cures,base__muon,2,2,dfa,1.247653603553772,1.247653603553772,0.7459882497787476,0.8504014015197754,0.6276233196258545,0.9194089770317078,13.828984804325952,4.900228906157979,4.172737407955126,4.347372250019879,220,4.347372250019879,"{""act"": ""tanh"", ""arch"": ""mlp"", ""batch"": 128, ""batchnorm"": 0, ""calibrate_head"": 0, ""center"": ""none"", ""classes"": 10, ""dataset"": ""mnist"", ""depth"": 3, ""fb_row_norm"": 0, ""fb_scale"": 1.0, ""fb_seed"": 2, ""freeze_bias"": 0, ""freeze_out"": 0, ""head"": ""sigmoid_bce"", ""hid_lr_mult"": 1.0, ""lr"": 0.001, ""muon"": 1, ""optimizer"": ""sgd"", ""out_bias_q"": -1.0, ""out_lr_mult"": 1.0, ""out_w_scale"": 1.0, ""p0"": 0.0, ""preprocess"": ""div255"", ""rule"": ""dfa"", ""seed"": 2, ""shift_step"": 0, ""target_center"": 0, ""target_scale"": 1.0, ""whiten"": 0, ""width"": 300}",,,
E4_cures,base__none,0,0,dfa,1.2692182064056396,1.2692182064056396,0.9980725646018982,0.2263269871473312,0.894025981426239,0.7242494821548462,14.0534719159783,1.4921227197202316,2.540925627593533,3.676325601922509,70,3.676325601922509,"{""act"": ""tanh"", ""arch"": ""mlp"", ""batch"": 128, ""batchnorm"": 0, ""calibrate_head"": 0, ""center"": ""none"", ""classes"": 10, ""dataset"": ""mnist"", ""depth"": 3, ""fb_row_norm"": 0, ""fb_scale"": 1.0, ""fb_seed"": 0, ""freeze_bias"": 0, ""freeze_out"": 0, ""head"": ""sigmoid_bce"", ""hid_lr_mult"": 1.0, ""lr"": 0.001, ""muon"": 0, ""optimizer"": ""sgd"", ""out_bias_q"": -1.0, ""out_lr_mult"": 1.0, ""out_w_scale"": 1.0, ""p0"": 0.0, ""preprocess"": ""div255"", ""rule"": ""dfa"", ""seed"": 0, ""shift_step"": 0, ""target_center"": 0, ""target_scale"": 1.0, ""whiten"": 0, ""width"": 300}",,,
E4_cures,base__none,1,1,dfa,1.3514316082000732,1.3514316082000732,0.9989032745361328,0.1923276931047439,0.9021816849708556,0.6914756894111633,18.5263183818089,1.8664388013642907,3.418635580270249,5.577569118587211,80,5.577569118587211,"{""act"": ""tanh"", ""arch"": ""mlp"", ""batch"": 128, ""batchnorm"": 0, ""calibrate_head"": 0, ""center"": ""none"", ""classes"": 10, ""dataset"": ""mnist"", ""depth"": 3, ""fb_row_norm"": 0, ""fb_scale"": 1.0, ""fb_seed"": 1, ""freeze_bias"": 0, ""freeze_out"": 0, ""head"": ""sigmoid_bce"", ""hid_lr_mult"": 1.0, ""lr"": 0.001, ""muon"": 0, ""optimizer"": ""sgd"", ""out_bias_q"": -1.0, ""out_lr_mult"": 1.0, ""out_w_scale"": 1.0, ""p0"": 0.0, ""preprocess"": ""div255"", ""rule"": ""dfa"", ""seed"": 1, ""shift_step"": 0, ""target_center"": 0, ""target_scale"": 1.0, ""whiten"": 0, ""width"": 300}",,,
E4_cures,base__none,2,2,dfa,1.247653603553772,1.247653603553772,0.9982762932777404,0.2242631614208221,0.9032276272773744,0.7118026614189148,15.4016151386935,1.7945374288185971,3.412173004859885,5.0140220285374095,80,5.0140220285374095,"{""act"": ""tanh"", ""arch"": ""mlp"", ""batch"": 128, ""batchnorm"": 0, ""calibrate_head"": 0, ""center"": ""none"", ""classes"": 10, ""dataset"": ""mnist"", ""depth"": 3, ""fb_row_norm"": 0, ""fb_scale"": 1.0, ""fb_seed"": 2, ""freeze_bias"": 0, ""freeze_out"": 0, ""head"": ""sigmoid_bce"", ""hid_lr_mult"": 1.0, ""lr"": 0.001, ""muon"": 0, ""optimizer"": ""sgd"", ""out_bias_q"": -1.0, ""out_lr_mult"": 1.0, ""out_w_scale"": 1.0, ""p0"": 0.0, ""preprocess"": ""div255"", ""rule"": ""dfa"", ""seed"": 2, ""shift_step"": 0, ""target_center"": 0, ""target_scale"": 1.0, ""whiten"": 0, ""width"": 300}",,,
E4_cures,base__outlr10,0,0,dfa,1.2692182064056396,1.2692182064056396,0.91960209608078,0.8440855145454407,0.7254881262779236,0.9193956851959229,2.2475548985292493,0.5950922248923133,0.463957513590797,0.4610921435286044,30,0.4610921435286044,"{""act"": ""tanh"", ""arch"": ""mlp"", ""batch"": 128, ""batchnorm"": 0, ""calibrate_head"": 0, ""center"": ""none"", ""classes"": 10, ""dataset"": ""mnist"", ""depth"": 3, ""fb_row_norm"": 0, ""fb_scale"": 1.0, ""fb_seed"": 0, ""freeze_bias"": 0, ""freeze_out"": 0, ""head"": ""sigmoid_bce"", ""hid_lr_mult"": 1.0, ""lr"": 0.001, ""muon"": 0, ""optimizer"": ""sgd"", ""out_bias_q"": -1.0, ""out_lr_mult"": 10.0, ""out_w_scale"": 1.0, ""p0"": 0.0, ""preprocess"": ""div255"", ""rule"": ""dfa"", ""seed"": 0, ""shift_step"": 0, ""target_center"": 0, ""target_scale"": 1.0, ""whiten"": 0, ""width"": 300}",,,
E4_cures,base__outlr10,1,1,dfa,1.3514316082000732,1.3514316082000732,0.9378601312637328,0.7829656004905701,0.7349727749824524,0.9154727458953856,2.328092644323659,0.6835544305060125,0.5279433602575873,0.5886785626796814,30,0.5886785626796814,"{""act"": ""tanh"", ""arch"": ""mlp"", ""batch"": 128, ""batchnorm"": 0, ""calibrate_head"": 0, ""center"": ""none"", ""classes"": 10, ""dataset"": ""mnist"", ""depth"": 3, ""fb_row_norm"": 0, ""fb_scale"": 1.0, ""fb_seed"": 1, ""freeze_bias"": 0, ""freeze_out"": 0, ""head"": ""sigmoid_bce"", ""hid_lr_mult"": 1.0, ""lr"": 0.001, ""muon"": 0, ""optimizer"": ""sgd"", ""out_bias_q"": -1.0, ""out_lr_mult"": 10.0, ""out_w_scale"": 1.0, ""p0"": 0.0, ""preprocess"": ""div255"", ""rule"": ""dfa"", ""seed"": 1, ""shift_step"": 0, ""target_center"": 0, ""target_scale"": 1.0, ""whiten"": 0, ""width"": 300}",,,
E4_cures,base__outlr10,2,2,dfa,1.247653603553772,1.247653603553772,0.9180731177330016,0.8230535984039307,0.7324819564819336,0.913754105567932,2.218065316439298,0.6243695519866124,0.521426796789233,0.4969878298587631,30,0.4969878298587631,"{""act"": ""tanh"", ""arch"": ""mlp"", ""batch"": 128, ""batchnorm"": 0, ""calibrate_head"": 0, ""center"": ""none"", ""classes"": 10, ""dataset"": ""mnist"", ""depth"": 3, ""fb_row_norm"": 0, ""fb_scale"": 1.0, ""fb_seed"": 2, ""freeze_bias"": 0, ""freeze_out"": 0, ""head"": ""sigmoid_bce"", ""hid_lr_mult"": 1.0, ""lr"": 0.001, ""muon"": 0, ""optimizer"": ""sgd"", ""out_bias_q"": -1.0, ""out_lr_mult"": 10.0, ""out_w_scale"": 1.0, ""p0"": 0.0, ""preprocess"": ""div255"", ""rule"": ""dfa"", ""seed"": 2, ""shift_step"": 0, ""target_center"": 0, ""target_scale"": 1.0, ""whiten"": 0, ""width"": 300}",,,
E4_cures,base__priorbias,0,0,dfa,0.0415895916521549,0.0415895916521549,0.3622415363788605,0.9254024028778076,0.5814120769500732,0.974346160888672,0.6007547349220089,0.2311654547355539,0.7427704852609486,0.6007547349220089,3000,0.6007547349220089,"{""act"": ""tanh"", ""arch"": ""mlp"", ""batch"": 128, ""batchnorm"": 0, ""calibrate_head"": 0, ""center"": ""none"", ""classes"": 10, ""dataset"": ""mnist"", ""depth"": 3, ""fb_row_norm"": 0, ""fb_scale"": 1.0, ""fb_seed"": 0, ""freeze_bias"": 0, ""freeze_out"": 0, ""head"": ""sigmoid_bce"", ""hid_lr_mult"": 1.0, ""lr"": 0.001, ""muon"": 0, ""optimizer"": ""sgd"", ""out_bias_q"": 0.1, ""out_lr_mult"": 1.0, ""out_w_scale"": 1.0, ""p0"": 0.0, ""preprocess"": ""div255"", ""rule"": ""dfa"", ""seed"": 0, ""shift_step"": 0, ""target_center"": 0, ""target_scale"": 1.0, ""whiten"": 0, ""width"": 300}",,,
E4_cures,base__priorbias,1,1,dfa,0.1067334040999412,0.1067334040999412,0.935681700706482,0.6921672224998474,0.7308942079544067,0.8869994282722473,4.0646696602964205,2.7036957209153734,3.6865663977622343,4.0646696602964205,3000,4.0646696602964205,"{""act"": ""tanh"", ""arch"": ""mlp"", ""batch"": 128, ""batchnorm"": 0, ""calibrate_head"": 0, ""center"": ""none"", ""classes"": 10, ""dataset"": ""mnist"", ""depth"": 3, ""fb_row_norm"": 0, ""fb_scale"": 1.0, ""fb_seed"": 1, ""freeze_bias"": 0, ""freeze_out"": 0, ""head"": ""sigmoid_bce"", ""hid_lr_mult"": 1.0, ""lr"": 0.001, ""muon"": 0, ""optimizer"": ""sgd"", ""out_bias_q"": 0.1, ""out_lr_mult"": 1.0, ""out_w_scale"": 1.0, ""p0"": 0.0, ""preprocess"": ""div255"", ""rule"": ""dfa"", ""seed"": 1, ""shift_step"": 0, ""target_center"": 0, ""target_scale"": 1.0, ""whiten"": 0, ""width"": 300}",,,
E4_cures,base__priorbias,2,2,dfa,0.0941637977957725,0.0941637977957725,0.4454432725906372,0.9460355043411256,0.5726544260978699,0.9774681329727172,0.6380329314542065,0.6775911989683034,0.8043778014433113,0.6380329314542065,3000,0.6380329314542065,"{""act"": ""tanh"", ""arch"": ""mlp"", ""batch"": 128, ""batchnorm"": 0, ""calibrate_head"": 0, ""center"": ""none"", ""classes"": 10, ""dataset"": ""mnist"", ""depth"": 3, ""fb_row_norm"": 0, ""fb_scale"": 1.0, ""fb_seed"": 2, ""freeze_bias"": 0, ""freeze_out"": 0, ""head"": ""sigmoid_bce"", ""hid_lr_mult"": 1.0, ""lr"": 0.001, ""muon"": 0, ""optimizer"": ""sgd"", ""out_bias_q"": 0.1, ""out_lr_mult"": 1.0, ""out_w_scale"": 1.0, ""p0"": 0.0, ""preprocess"": ""div255"", ""rule"": ""dfa"", ""seed"": 2, ""shift_step"": 0, ""target_center"": 0, ""target_scale"": 1.0, ""whiten"": 0, ""width"": 300}",,,
E4_cures,base__whiten,0,0,dfa,1.2692182064056396,1.2692182064056396,0.9726796746253968,0.7874165773391724,0.8444090485572815,0.8863316178321838,7.3300573746314015,6.749384277355064,4.58159519615096,5.29011802113124,270,5.29011802113124,"{""act"": ""tanh"", ""arch"": ""mlp"", ""batch"": 128, ""batchnorm"": 0, ""calibrate_head"": 0, ""center"": ""none"", ""classes"": 10, ""dataset"": ""mnist"", ""depth"": 3, ""fb_row_norm"": 0, ""fb_scale"": 1.0, ""fb_seed"": 0, ""freeze_bias"": 0, ""freeze_out"": 0, ""head"": ""sigmoid_bce"", ""hid_lr_mult"": 1.0, ""lr"": 0.001, ""muon"": 0, ""optimizer"": ""sgd"", ""out_bias_q"": -1.0, ""out_lr_mult"": 1.0, ""out_w_scale"": 1.0, ""p0"": 0.0, ""preprocess"": ""div255"", ""rule"": ""dfa"", ""seed"": 0, ""shift_step"": 0, ""target_center"": 0, ""target_scale"": 1.0, ""whiten"": 1, ""whiten_lam"": 0.1, ""width"": 300}",,,
E4_cures,base__whiten,1,1,dfa,1.3514316082000732,1.3514316082000732,0.9720731973648072,0.8105502724647522,0.8308194875717163,0.8834254145622253,6.949576570621704,6.312748360576226,4.177259146270431,4.471646475190831,250,4.471646475190831,"{""act"": ""tanh"", ""arch"": ""mlp"", ""batch"": 128, ""batchnorm"": 0, ""calibrate_head"": 0, ""center"": ""none"", ""classes"": 10, ""dataset"": ""mnist"", ""depth"": 3, ""fb_row_norm"": 0, ""fb_scale"": 1.0, ""fb_seed"": 1, ""freeze_bias"": 0, ""freeze_out"": 0, ""head"": ""sigmoid_bce"", ""hid_lr_mult"": 1.0, ""lr"": 0.001, ""muon"": 0, ""optimizer"": ""sgd"", ""out_bias_q"": -1.0, ""out_lr_mult"": 1.0, ""out_w_scale"": 1.0, ""p0"": 0.0, ""preprocess"": ""div255"", ""rule"": ""dfa"", ""seed"": 1, ""shift_step"": 0, ""target_center"": 0, ""target_scale"": 1.0, ""whiten"": 1, ""whiten_lam"": 0.1, ""width"": 300}",,,
E4_cures,base__whiten,2,2,dfa,1.247653603553772,1.247653603553772,0.9745476841926576,0.7402129769325256,0.8296051621437073,0.8636904954910278,6.34904217182574,5.347227288946054,3.933169064644792,3.967448443654488,220,3.967448443654488,"{""act"": ""tanh"", ""arch"": ""mlp"", ""batch"": 128, ""batchnorm"": 0, ""calibrate_head"": 0, ""center"": ""none"", ""classes"": 10, ""dataset"": ""mnist"", ""depth"": 3, ""fb_row_norm"": 0, ""fb_scale"": 1.0, ""fb_seed"": 2, ""freeze_bias"": 0, ""freeze_out"": 0, ""head"": ""sigmoid_bce"", ""hid_lr_mult"": 1.0, ""lr"": 0.001, ""muon"": 0, ""optimizer"": ""sgd"", ""out_bias_q"": -1.0, ""out_lr_mult"": 1.0, ""out_w_scale"": 1.0, ""p0"": 0.0, ""preprocess"": ""div255"", ""rule"": ""dfa"", ""seed"": 2, ""shift_step"": 0, ""target_center"": 0, ""target_scale"": 1.0, ""whiten"": 1, ""whiten_lam"": 0.1, ""width"": 300}",,,
E4_cures,base__whiten_lam0.3,0,0,dfa,1.2692182064056396,1.2692182064056396,0.9560832381248474,0.742855429649353,0.7969850301742554,0.8636239171028137,7.543382505588687,5.212202387644605,3.5205088297867664,4.330060381048779,220,4.330060381048779,"{""act"": ""tanh"", ""arch"": ""mlp"", ""batch"": 128, ""batchnorm"": 0, ""calibrate_head"": 0, ""center"": ""none"", ""classes"": 10, ""dataset"": ""mnist"", ""depth"": 3, ""fb_row_norm"": 0, ""fb_scale"": 1.0, ""fb_seed"": 0, ""freeze_bias"": 0, ""freeze_out"": 0, ""head"": ""sigmoid_bce"", ""hid_lr_mult"": 1.0, ""lr"": 0.001, ""muon"": 0, ""optimizer"": ""sgd"", ""out_bias_q"": -1.0, ""out_lr_mult"": 1.0, ""out_w_scale"": 1.0, ""p0"": 0.0, ""preprocess"": ""div255"", ""rule"": ""dfa"", ""seed"": 0, ""shift_step"": 0, ""target_center"": 0, ""target_scale"": 1.0, ""whiten"": 1, ""whiten_lam"": 0.3, ""width"": 300}",,,
E4_cures,base__whiten_lam0.3,1,1,dfa,1.3514316082000732,1.3514316082000732,0.9465426802635192,0.7293752431869507,0.779413640499115,0.892250657081604,8.20739004967175,5.962975352249108,4.021749383594833,4.851259577966846,230,4.851259577966846,"{""act"": ""tanh"", ""arch"": ""mlp"", ""batch"": 128, ""batchnorm"": 0, ""calibrate_head"": 0, ""center"": ""none"", ""classes"": 10, ""dataset"": ""mnist"", ""depth"": 3, ""fb_row_norm"": 0, ""fb_scale"": 1.0, ""fb_seed"": 1, ""freeze_bias"": 0, ""freeze_out"": 0, ""head"": ""sigmoid_bce"", ""hid_lr_mult"": 1.0, ""lr"": 0.001, ""muon"": 0, ""optimizer"": ""sgd"", ""out_bias_q"": -1.0, ""out_lr_mult"": 1.0, ""out_w_scale"": 1.0, ""p0"": 0.0, ""preprocess"": ""div255"", ""rule"": ""dfa"", ""seed"": 1, ""shift_step"": 0, ""target_center"": 0, ""target_scale"": 1.0, ""whiten"": 1, ""whiten_lam"": 0.3, ""width"": 300}",,,
E4_cures,base__whiten_lam0.3,2,2,dfa,1.247653603553772,1.247653603553772,0.955777645111084,0.7126129269599915,0.7946052551269531,0.8609173893928528,8.105387403608091,5.287787218635552,4.207013976484617,4.675813431240176,230,4.675813431240176,"{""act"": ""tanh"", ""arch"": ""mlp"", ""batch"": 128, ""batchnorm"": 0, ""calibrate_head"": 0, ""center"": ""none"", ""classes"": 10, ""dataset"": ""mnist"", ""depth"": 3, ""fb_row_norm"": 0, ""fb_scale"": 1.0, ""fb_seed"": 2, ""freeze_bias"": 0, ""freeze_out"": 0, ""head"": ""sigmoid_bce"", ""hid_lr_mult"": 1.0, ""lr"": 0.001, ""muon"": 0, ""optimizer"": ""sgd"", ""out_bias_q"": -1.0, ""out_lr_mult"": 1.0, ""out_w_scale"": 1.0, ""p0"": 0.0, ""preprocess"": ""div255"", ""rule"": ""dfa"", ""seed"": 2, ""shift_step"": 0, ""target_center"": 0, ""target_scale"": 1.0, ""whiten"": 1, ""whiten_lam"": 0.3, ""width"": 300}",,,
E4_cures,base__whiten_lam1.0,0,0,dfa,1.2692182064056396,1.2692182064056396,0.9499114155769348,0.6632229089736938,0.7302787899971008,0.8675928115844727,9.139459623227932,4.433119501561503,3.535412547889851,4.381361290920476,180,4.381361290920476,"{""act"": ""tanh"", ""arch"": ""mlp"", ""batch"": 128, ""batchnorm"": 0, ""calibrate_head"": 0, ""center"": ""none"", ""classes"": 10, ""dataset"": ""mnist"", ""depth"": 3, ""fb_row_norm"": 0, ""fb_scale"": 1.0, ""fb_seed"": 0, ""freeze_bias"": 0, ""freeze_out"": 0, ""head"": ""sigmoid_bce"", ""hid_lr_mult"": 1.0, ""lr"": 0.001, ""muon"": 0, ""optimizer"": ""sgd"", ""out_bias_q"": -1.0, ""out_lr_mult"": 1.0, ""out_w_scale"": 1.0, ""p0"": 0.0, ""preprocess"": ""div255"", ""rule"": ""dfa"", ""seed"": 0, ""shift_step"": 0, ""target_center"": 0, ""target_scale"": 1.0, ""whiten"": 1, ""whiten_lam"": 1.0, ""width"": 300}",,,
E4_cures,base__whiten_lam1.0,1,1,dfa,1.3514316082000732,1.3514316082000732,0.9386664628982544,0.6859422326087952,0.7060867547988892,0.8923990726470947,10.777354917103528,5.66555362686836,4.182993542814364,5.197301022557315,210,5.197301022557315,"{""act"": ""tanh"", ""arch"": ""mlp"", ""batch"": 128, ""batchnorm"": 0, ""calibrate_head"": 0, ""center"": ""none"", ""classes"": 10, ""dataset"": ""mnist"", ""depth"": 3, ""fb_row_norm"": 0, ""fb_scale"": 1.0, ""fb_seed"": 1, ""freeze_bias"": 0, ""freeze_out"": 0, ""head"": ""sigmoid_bce"", ""hid_lr_mult"": 1.0, ""lr"": 0.001, ""muon"": 0, ""optimizer"": ""sgd"", ""out_bias_q"": -1.0, ""out_lr_mult"": 1.0, ""out_w_scale"": 1.0, ""p0"": 0.0, ""preprocess"": ""div255"", ""rule"": ""dfa"", ""seed"": 1, ""shift_step"": 0, ""target_center"": 0, ""target_scale"": 1.0, ""whiten"": 1, ""whiten_lam"": 1.0, ""width"": 300}",,,
E4_cures,base__whiten_lam1.0,2,2,dfa,1.247653603553772,1.247653603553772,0.9480860233306884,0.6627200841903687,0.7421120405197144,0.8643494844436646,9.948440724077749,4.734279815000504,4.034078524800021,4.435380964060844,180,4.435380964060844,"{""act"": ""tanh"", ""arch"": ""mlp"", ""batch"": 128, ""batchnorm"": 0, ""calibrate_head"": 0, ""center"": ""none"", ""classes"": 10, ""dataset"": ""mnist"", ""depth"": 3, ""fb_row_norm"": 0, ""fb_scale"": 1.0, ""fb_seed"": 2, ""freeze_bias"": 0, ""freeze_out"": 0, ""head"": ""sigmoid_bce"", ""hid_lr_mult"": 1.0, ""lr"": 0.001, ""muon"": 0, ""optimizer"": ""sgd"", ""out_bias_q"": -1.0, ""out_lr_mult"": 1.0, ""out_w_scale"": 1.0, ""p0"": 0.0, ""preprocess"": ""div255"", ""rule"": ""dfa"", ""seed"": 2, ""shift_step"": 0, ""target_center"": 0, ""target_scale"": 1.0, ""whiten"": 1, ""whiten_lam"": 1.0, ""width"": 300}",,,
E4_cures,base__whiten_lam10.0,0,0,dfa,1.2692182064056396,1.2692182064056396,0.9461261630058287,0.6999862194061279,0.7378458380699158,0.8835760951042175,13.446753594358112,4.167491410118406,3.874186292180495,4.606829277700975,170,4.606829277700975,"{""act"": ""tanh"", ""arch"": ""mlp"", ""batch"": 128, ""batchnorm"": 0, ""calibrate_head"": 0, ""center"": ""none"", ""classes"": 10, ""dataset"": ""mnist"", ""depth"": 3, ""fb_row_norm"": 0, ""fb_scale"": 1.0, ""fb_seed"": 0, ""freeze_bias"": 0, ""freeze_out"": 0, ""head"": ""sigmoid_bce"", ""hid_lr_mult"": 1.0, ""lr"": 0.001, ""muon"": 0, ""optimizer"": ""sgd"", ""out_bias_q"": -1.0, ""out_lr_mult"": 1.0, ""out_w_scale"": 1.0, ""p0"": 0.0, ""preprocess"": ""div255"", ""rule"": ""dfa"", ""seed"": 0, ""shift_step"": 0, ""target_center"": 0, ""target_scale"": 1.0, ""whiten"": 1, ""whiten_lam"": 10.0, ""width"": 300}",,,
E4_cures,base__whiten_lam10.0,1,1,dfa,1.3514316082000732,1.3514316082000732,0.9657521843910216,0.6232910752296448,0.7463997006416321,0.8737983107566833,16.54055726093865,4.5312511093361065,4.447904762061367,5.722481900724329,190,5.722481900724329,"{""act"": ""tanh"", ""arch"": ""mlp"", ""batch"": 128, ""batchnorm"": 0, ""calibrate_head"": 0, ""center"": ""none"", ""classes"": 10, ""dataset"": ""mnist"", ""depth"": 3, ""fb_row_norm"": 0, ""fb_scale"": 1.0, ""fb_seed"": 1, ""freeze_bias"": 0, ""freeze_out"": 0, ""head"": ""sigmoid_bce"", ""hid_lr_mult"": 1.0, ""lr"": 0.001, ""muon"": 0, ""optimizer"": ""sgd"", ""out_bias_q"": -1.0, ""out_lr_mult"": 1.0, ""out_w_scale"": 1.0, ""p0"": 0.0, ""preprocess"": ""div255"", ""rule"": ""dfa"", ""seed"": 1, ""shift_step"": 0, ""target_center"": 0, ""target_scale"": 1.0, ""whiten"": 1, ""whiten_lam"": 10.0, ""width"": 300}",,,
E4_cures,base__whiten_lam10.0,2,2,dfa,1.247653603553772,1.247653603553772,0.9611669778823853,0.6584864854812622,0.7514301538467407,0.8549509048461914,14.909630700545453,4.260012685976183,4.222058411260011,4.789877882575104,160,4.789877882575104,"{""act"": ""tanh"", ""arch"": ""mlp"", ""batch"": 128, ""batchnorm"": 0, ""calibrate_head"": 0, ""center"": ""none"", ""classes"": 10, ""dataset"": ""mnist"", ""depth"": 3, ""fb_row_norm"": 0, ""fb_scale"": 1.0, ""fb_seed"": 2, ""freeze_bias"": 0, ""freeze_out"": 0, ""head"": ""sigmoid_bce"", ""hid_lr_mult"": 1.0, ""lr"": 0.001, ""muon"": 0, ""optimizer"": ""sgd"", ""out_bias_q"": -1.0, ""out_lr_mult"": 1.0, ""out_w_scale"": 1.0, ""p0"": 0.0, ""preprocess"": ""div255"", ""rule"": ""dfa"", ""seed"": 2, ""shift_step"": 0, ""target_center"": 0, ""target_scale"": 1.0, ""whiten"": 1, ""whiten_lam"": 10.0, ""width"": 300}",,,
E4_cures,base__whiten_lam3.0,0,0,dfa,1.2692182064056396,1.2692182064056396,0.9265815019607544,0.6926858425140381,0.6907416582107544,0.8902784585952759,11.47084519380052,4.429818144275597,3.3774707657893077,4.206540549280757,180,4.206540549280757,"{""act"": ""tanh"", ""arch"": ""mlp"", ""batch"": 128, ""batchnorm"": 0, ""calibrate_head"": 0, ""center"": ""none"", ""classes"": 10, ""dataset"": ""mnist"", ""depth"": 3, ""fb_row_norm"": 0, ""fb_scale"": 1.0, ""fb_seed"": 0, ""freeze_bias"": 0, ""freeze_out"": 0, ""head"": ""sigmoid_bce"", ""hid_lr_mult"": 1.0, ""lr"": 0.001, ""muon"": 0, ""optimizer"": ""sgd"", ""out_bias_q"": -1.0, ""out_lr_mult"": 1.0, ""out_w_scale"": 1.0, ""p0"": 0.0, ""preprocess"": ""div255"", ""rule"": ""dfa"", ""seed"": 0, ""shift_step"": 0, ""target_center"": 0, ""target_scale"": 1.0, ""whiten"": 1, ""whiten_lam"": 3.0, ""width"": 300}",,,
E4_cures,base__whiten_lam3.0,1,1,dfa,1.3514316082000732,1.3514316082000732,0.9241461753845216,0.7101830840110779,0.6862106919288635,0.8942318558692932,12.971657688602113,5.469010222584549,4.310441017405964,4.984726483492557,210,4.984726483492557,"{""act"": ""tanh"", ""arch"": ""mlp"", ""batch"": 128, ""batchnorm"": 0, ""calibrate_head"": 0, ""center"": ""none"", ""classes"": 10, ""dataset"": ""mnist"", ""depth"": 3, ""fb_row_norm"": 0, ""fb_scale"": 1.0, ""fb_seed"": 1, ""freeze_bias"": 0, ""freeze_out"": 0, ""head"": ""sigmoid_bce"", ""hid_lr_mult"": 1.0, ""lr"": 0.001, ""muon"": 0, ""optimizer"": ""sgd"", ""out_bias_q"": -1.0, ""out_lr_mult"": 1.0, ""out_w_scale"": 1.0, ""p0"": 0.0, ""preprocess"": ""div255"", ""rule"": ""dfa"", ""seed"": 1, ""shift_step"": 0, ""target_center"": 0, ""target_scale"": 1.0, ""whiten"": 1, ""whiten_lam"": 3.0, ""width"": 300}",,,
E4_cures,base__whiten_lam3.0,2,2,dfa,1.247653603553772,1.247653603553772,0.9454769492149352,0.6874983310699463,0.7091019153594971,0.8782073259353638,11.172406921254792,4.838239169869223,4.0577918416575445,4.476261576027813,180,4.476261576027813,"{""act"": ""tanh"", ""arch"": ""mlp"", ""batch"": 128, ""batchnorm"": 0, ""calibrate_head"": 0, ""center"": ""none"", ""classes"": 10, ""dataset"": ""mnist"", ""depth"": 3, ""fb_row_norm"": 0, ""fb_scale"": 1.0, ""fb_seed"": 2, ""freeze_bias"": 0, ""freeze_out"": 0, ""head"": ""sigmoid_bce"", ""hid_lr_mult"": 1.0, ""lr"": 0.001, ""muon"": 0, ""optimizer"": ""sgd"", ""out_bias_q"": -1.0, ""out_lr_mult"": 1.0, ""out_w_scale"": 1.0, ""p0"": 0.0, ""preprocess"": ""div255"", ""rule"": ""dfa"", ""seed"": 2, ""shift_step"": 0, ""target_center"": 0, ""target_scale"": 1.0, ""whiten"": 1, ""whiten_lam"": 3.0, ""width"": 300}",,,
E4_cures,cnn__center_delta,0,0,dfa,1.2574265003204346,1.2574265003204346,0.7307156324386597,0.5560559630393982,0.574296236038208,0.9413387775421144,130.76468423433556,5.718957801873662,42.6341770444416,52.59139083872616,250,52.59139083872616,"{""act"": ""tanh"", ""arch"": ""cnn"", ""batch"": 128, ""batchnorm"": 0, ""calibrate_head"": 0, ""center"": ""delta"", ""classes"": 10, ""dataset"": ""mnist"", ""depth"": 3, ""fb_row_norm"": 0, ""fb_scale"": 1.0, ""fb_seed"": 0, ""freeze_bias"": 0, ""freeze_out"": 0, ""head"": ""sigmoid_bce"", ""hid_lr_mult"": 1.0, ""lr"": 0.001, ""muon"": 0, ""optimizer"": ""sgd"", ""out_bias_q"": -1.0, ""out_lr_mult"": 1.0, ""out_w_scale"": 1.0, ""p0"": 0.0, ""preprocess"": ""div255"", ""rule"": ""dfa"", ""seed"": 0, ""shift_step"": 0, ""target_center"": 0, ""target_scale"": 1.0, ""whiten"": 0, ""width"": 300}",,,
E4_cures,cnn__center_delta,1,1,dfa,1.294652223587036,1.294652223587036,0.6826733350753784,0.5936634540557861,0.5574524998664856,0.9458287358283995,146.00217894555647,7.705559496377146,50.737715181183454,58.88587598033215,290,58.88587598033215,"{""act"": ""tanh"", ""arch"": ""cnn"", ""batch"": 128, ""batchnorm"": 0, ""calibrate_head"": 0, ""center"": ""delta"", ""classes"": 10, ""dataset"": ""mnist"", ""depth"": 3, ""fb_row_norm"": 0, ""fb_scale"": 1.0, ""fb_seed"": 1, ""freeze_bias"": 0, ""freeze_out"": 0, ""head"": ""sigmoid_bce"", ""hid_lr_mult"": 1.0, ""lr"": 0.001, ""muon"": 0, ""optimizer"": ""sgd"", ""out_bias_q"": -1.0, ""out_lr_mult"": 1.0, ""out_w_scale"": 1.0, ""p0"": 0.0, ""preprocess"": ""div255"", ""rule"": ""dfa"", ""seed"": 1, ""shift_step"": 0, ""target_center"": 0, ""target_scale"": 1.0, ""whiten"": 0, ""width"": 300}",,,
E4_cures,cnn__center_delta,2,2,dfa,1.2303248643875122,1.2303248643875122,0.6912060976028442,0.5922359228134155,0.5529224872589111,0.9491510391235352,142.42741979612748,5.513656304114387,46.417371685679846,51.46550858592582,260,51.46550858592582,"{""act"": ""tanh"", ""arch"": ""cnn"", ""batch"": 128, ""batchnorm"": 0, ""calibrate_head"": 0, ""center"": ""delta"", ""classes"": 10, ""dataset"": ""mnist"", ""depth"": 3, ""fb_row_norm"": 0, ""fb_scale"": 1.0, ""fb_seed"": 2, ""freeze_bias"": 0, ""freeze_out"": 0, ""head"": ""sigmoid_bce"", ""hid_lr_mult"": 1.0, ""lr"": 0.001, ""muon"": 0, ""optimizer"": ""sgd"", ""out_bias_q"": -1.0, ""out_lr_mult"": 1.0, ""out_w_scale"": 1.0, ""p0"": 0.0, ""preprocess"": ""div255"", ""rule"": ""dfa"", ""seed"": 2, ""shift_step"": 0, ""target_center"": 0, ""target_scale"": 1.0, ""whiten"": 0, ""width"": 300}",,,
E4_cures,cnn__center_e,0,0,dfa,1.2574265003204346,1.2574265003204346,0.4840227663516998,0.9262751936912536,0.4976402819156647,0.9754135012626648,1326.2676849797408,37.18188647013037,619.4213006901593,1326.2676849797408,1500,1326.2676849797408,"{""act"": ""tanh"", ""arch"": ""cnn"", ""batch"": 128, ""batchnorm"": 0, ""calibrate_head"": 0, ""center"": ""e"", ""classes"": 10, ""dataset"": ""mnist"", ""depth"": 3, ""fb_row_norm"": 0, ""fb_scale"": 1.0, ""fb_seed"": 0, ""freeze_bias"": 0, ""freeze_out"": 0, ""head"": ""sigmoid_bce"", ""hid_lr_mult"": 1.0, ""lr"": 0.001, ""muon"": 0, ""optimizer"": ""sgd"", ""out_bias_q"": -1.0, ""out_lr_mult"": 1.0, ""out_w_scale"": 1.0, ""p0"": 0.0, ""preprocess"": ""div255"", ""rule"": ""dfa"", ""seed"": 0, ""shift_step"": 0, ""target_center"": 0, ""target_scale"": 1.0, ""whiten"": 0, ""width"": 300}",,,
E4_cures,cnn__center_e,1,1,dfa,1.294652223587036,1.294652223587036,0.4505928754806518,0.93911874294281,0.4991967380046844,0.9709953665733336,1399.8817367959784,37.023589050349,609.5418849271884,1399.8817367959784,1500,1399.8817367959784,"{""act"": ""tanh"", ""arch"": ""cnn"", ""batch"": 128, ""batchnorm"": 0, ""calibrate_head"": 0, ""center"": ""e"", ""classes"": 10, ""dataset"": ""mnist"", ""depth"": 3, ""fb_row_norm"": 0, ""fb_scale"": 1.0, ""fb_seed"": 1, ""freeze_bias"": 0, ""freeze_out"": 0, ""head"": ""sigmoid_bce"", ""hid_lr_mult"": 1.0, ""lr"": 0.001, ""muon"": 0, ""optimizer"": ""sgd"", ""out_bias_q"": -1.0, ""out_lr_mult"": 1.0, ""out_w_scale"": 1.0, ""p0"": 0.0, ""preprocess"": ""div255"", ""rule"": ""dfa"", ""seed"": 1, ""shift_step"": 0, ""target_center"": 0, ""target_scale"": 1.0, ""whiten"": 0, ""width"": 300}",,,
E4_cures,cnn__center_e,2,2,dfa,1.2303248643875122,1.2303248643875122,0.4864279627799988,0.9265755414962769,0.5395419597625732,0.9581239223480223,2042.47262335112,40.66526871296529,1286.467108535574,2042.47262335112,1500,2042.47262335112,"{""act"": ""tanh"", ""arch"": ""cnn"", ""batch"": 128, ""batchnorm"": 0, ""calibrate_head"": 0, ""center"": ""e"", ""classes"": 10, ""dataset"": ""mnist"", ""depth"": 3, ""fb_row_norm"": 0, ""fb_scale"": 1.0, ""fb_seed"": 2, ""freeze_bias"": 0, ""freeze_out"": 0, ""head"": ""sigmoid_bce"", ""hid_lr_mult"": 1.0, ""lr"": 0.001, ""muon"": 0, ""optimizer"": ""sgd"", ""out_bias_q"": -1.0, ""out_lr_mult"": 1.0, ""out_w_scale"": 1.0, ""p0"": 0.0, ""preprocess"": ""div255"", ""rule"": ""dfa"", ""seed"": 2, ""shift_step"": 0, ""target_center"": 0, ""target_scale"": 1.0, ""whiten"": 0, ""width"": 300}",,,
E4_cures,cnn__gated,0,0,dfa,1.2574265003204346,1.2574265003204346,0.4840227663516998,0.9262752532958984,0.4976402819156647,0.9754135012626648,1326.2673789329192,37.1818892658215,619.4213954365318,1326.2673789329192,1500,1326.2673789329192,"{""act"": ""tanh"", ""arch"": ""cnn"", ""batch"": 128, ""batchnorm"": 0, ""calibrate_head"": 0, ""center"": ""gated"", ""classes"": 10, ""dataset"": ""mnist"", ""depth"": 3, ""fb_row_norm"": 0, ""fb_scale"": 1.0, ""fb_seed"": 0, ""freeze_bias"": 0, ""freeze_out"": 0, ""gate_thr"": 0.1, ""head"": ""sigmoid_bce"", ""hid_lr_mult"": 1.0, ""lr"": 0.001, ""muon"": 0, ""optimizer"": ""sgd"", ""out_bias_q"": -1.0, ""out_lr_mult"": 1.0, ""out_w_scale"": 1.0, ""p0"": 0.0, ""preprocess"": ""div255"", ""rule"": ""dfa"", ""seed"": 0, ""shift_step"": 0, ""target_center"": 0, ""target_scale"": 1.0, ""whiten"": 0, ""width"": 300}",,,
E4_cures,cnn__gated,1,1,dfa,1.294652223587036,1.294652223587036,0.4505928456783294,0.9391186237335204,0.499196857213974,0.9709953665733336,1399.8820495058656,37.02358973808259,609.541985904922,1399.8820495058656,1500,1399.8820495058656,"{""act"": ""tanh"", ""arch"": ""cnn"", ""batch"": 128, ""batchnorm"": 0, ""calibrate_head"": 0, ""center"": ""gated"", ""classes"": 10, ""dataset"": ""mnist"", ""depth"": 3, ""fb_row_norm"": 0, ""fb_scale"": 1.0, ""fb_seed"": 1, ""freeze_bias"": 0, ""freeze_out"": 0, ""gate_thr"": 0.1, ""head"": ""sigmoid_bce"", ""hid_lr_mult"": 1.0, ""lr"": 0.001, ""muon"": 0, ""optimizer"": ""sgd"", ""out_bias_q"": -1.0, ""out_lr_mult"": 1.0, ""out_w_scale"": 1.0, ""p0"": 0.0, ""preprocess"": ""div255"", ""rule"": ""dfa"", ""seed"": 1, ""shift_step"": 0, ""target_center"": 0, ""target_scale"": 1.0, ""whiten"": 0, ""width"": 300}",,,
E4_cures,cnn__gated,2,2,dfa,1.2303248643875122,1.2303248643875122,0.486427903175354,0.9265756011009216,0.5395419597625732,0.9581239223480223,2042.473020506586,40.66526978975987,1286.4672376239218,2042.473020506586,1500,2042.473020506586,"{""act"": ""tanh"", ""arch"": ""cnn"", ""batch"": 128, ""batchnorm"": 0, ""calibrate_head"": 0, ""center"": ""gated"", ""classes"": 10, ""dataset"": ""mnist"", ""depth"": 3, ""fb_row_norm"": 0, ""fb_scale"": 1.0, ""fb_seed"": 2, ""freeze_bias"": 0, ""freeze_out"": 0, ""gate_thr"": 0.1, ""head"": ""sigmoid_bce"", ""hid_lr_mult"": 1.0, ""lr"": 0.001, ""muon"": 0, ""optimizer"": ""sgd"", ""out_bias_q"": -1.0, ""out_lr_mult"": 1.0, ""out_w_scale"": 1.0, ""p0"": 0.0, ""preprocess"": ""div255"", ""rule"": ""dfa"", ""seed"": 2, ""shift_step"": 0, ""target_center"": 0, ""target_scale"": 1.0, ""whiten"": 0, ""width"": 300}",,,
E4_cures,cnn__none,0,0,dfa,1.2574265003204346,1.2574265003204346,0.99996817111969,0.0090826014056801,0.979682683944702,0.4040539860725403,678.0632862894295,2.3595164551330194,269.6795536124594,272.3017490576214,110,272.3017490576214,"{""act"": ""tanh"", ""arch"": ""cnn"", ""batch"": 128, ""batchnorm"": 0, ""calibrate_head"": 0, ""center"": ""none"", ""classes"": 10, ""dataset"": ""mnist"", ""depth"": 3, ""fb_row_norm"": 0, ""fb_scale"": 1.0, ""fb_seed"": 0, ""freeze_bias"": 0, ""freeze_out"": 0, ""head"": ""sigmoid_bce"", ""hid_lr_mult"": 1.0, ""lr"": 0.001, ""muon"": 0, ""optimizer"": ""sgd"", ""out_bias_q"": -1.0, ""out_lr_mult"": 1.0, ""out_w_scale"": 1.0, ""p0"": 0.0, ""preprocess"": ""div255"", ""rule"": ""dfa"", ""seed"": 0, ""shift_step"": 0, ""target_center"": 0, ""target_scale"": 1.0, ""whiten"": 0, ""width"": 300}",,,
E4_cures,cnn__none,1,1,dfa,1.294652223587036,1.294652223587036,0.9998632669448853,0.0265289116650819,0.958547055721283,0.5424765944480896,692.809535232216,1.7999569913990343,154.539354242544,176.46633351318224,110,176.46633351318224,"{""act"": ""tanh"", ""arch"": ""cnn"", ""batch"": 128, ""batchnorm"": 0, ""calibrate_head"": 0, ""center"": ""none"", ""classes"": 10, ""dataset"": ""mnist"", ""depth"": 3, ""fb_row_norm"": 0, ""fb_scale"": 1.0, ""fb_seed"": 1, ""freeze_bias"": 0, ""freeze_out"": 0, ""head"": ""sigmoid_bce"", ""hid_lr_mult"": 1.0, ""lr"": 0.001, ""muon"": 0, ""optimizer"": ""sgd"", ""out_bias_q"": -1.0, ""out_lr_mult"": 1.0, ""out_w_scale"": 1.0, ""p0"": 0.0, ""preprocess"": ""div255"", ""rule"": ""dfa"", ""seed"": 1, ""shift_step"": 0, ""target_center"": 0, ""target_scale"": 1.0, ""whiten"": 0, ""width"": 300}",,,
E4_cures,cnn__none,2,2,dfa,1.2303248643875122,1.2303248643875122,0.9990542531013488,0.028780560940504,0.9155853986740112,0.4913923442363739,710.9516841903513,2.403606283510636,227.56150172519492,253.9158723759989,120,253.9158723759989,"{""act"": ""tanh"", ""arch"": ""cnn"", ""batch"": 128, ""batchnorm"": 0, ""calibrate_head"": 0, ""center"": ""none"", ""classes"": 10, ""dataset"": ""mnist"", ""depth"": 3, ""fb_row_norm"": 0, ""fb_scale"": 1.0, ""fb_seed"": 2, ""freeze_bias"": 0, ""freeze_out"": 0, ""head"": ""sigmoid_bce"", ""hid_lr_mult"": 1.0, ""lr"": 0.001, ""muon"": 0, ""optimizer"": ""sgd"", ""out_bias_q"": -1.0, ""out_lr_mult"": 1.0, ""out_w_scale"": 1.0, ""p0"": 0.0, ""preprocess"": ""div255"", ""rule"": ""dfa"", ""seed"": 2, ""shift_step"": 0, ""target_center"": 0, ""target_scale"": 1.0, ""whiten"": 0, ""width"": 300}",,,
E4_cures,cnn__outlr10,0,0,dfa,1.2574265003204346,1.2574265003204346,0.9999372363090516,0.0457151010632514,0.9523205757141112,0.8922815322875977,86.74200941591995,0.4729388611456527,9.294790507194802,12.692717079827691,20,12.692717079827691,"{""act"": ""tanh"", ""arch"": ""cnn"", ""batch"": 128, ""batchnorm"": 0, ""calibrate_head"": 0, ""center"": ""none"", ""classes"": 10, ""dataset"": ""mnist"", ""depth"": 3, ""fb_row_norm"": 0, ""fb_scale"": 1.0, ""fb_seed"": 0, ""freeze_bias"": 0, ""freeze_out"": 0, ""head"": ""sigmoid_bce"", ""hid_lr_mult"": 1.0, ""lr"": 0.001, ""muon"": 0, ""optimizer"": ""sgd"", ""out_bias_q"": -1.0, ""out_lr_mult"": 10.0, ""out_w_scale"": 1.0, ""p0"": 0.0, ""preprocess"": ""div255"", ""rule"": ""dfa"", ""seed"": 0, ""shift_step"": 0, ""target_center"": 0, ""target_scale"": 1.0, ""whiten"": 0, ""width"": 300}",,,
E4_cures,cnn__outlr10,1,1,dfa,1.294652223587036,1.294652223587036,0.9996125102043152,0.0822342559695243,0.925853967666626,0.916984498500824,86.02883885619666,0.4354553267357369,5.985799888665236,9.709525389585488,20,9.709525389585488,"{""act"": ""tanh"", ""arch"": ""cnn"", ""batch"": 128, ""batchnorm"": 0, ""calibrate_head"": 0, ""center"": ""none"", ""classes"": 10, ""dataset"": ""mnist"", ""depth"": 3, ""fb_row_norm"": 0, ""fb_scale"": 1.0, ""fb_seed"": 1, ""freeze_bias"": 0, ""freeze_out"": 0, ""head"": ""sigmoid_bce"", ""hid_lr_mult"": 1.0, ""lr"": 0.001, ""muon"": 0, ""optimizer"": ""sgd"", ""out_bias_q"": -1.0, ""out_lr_mult"": 10.0, ""out_w_scale"": 1.0, ""p0"": 0.0, ""preprocess"": ""div255"", ""rule"": ""dfa"", ""seed"": 1, ""shift_step"": 0, ""target_center"": 0, ""target_scale"": 1.0, ""whiten"": 0, ""width"": 300}",,,
E4_cures,cnn__outlr10,2,2,dfa,1.2303248643875122,1.2303248643875122,0.9987108111381532,0.0733545422554016,0.8903318643569946,0.8806784152984619,91.28926030278345,0.4236145931891786,7.445098755855919,10.1841803596834,20,10.1841803596834,"{""act"": ""tanh"", ""arch"": ""cnn"", ""batch"": 128, ""batchnorm"": 0, ""calibrate_head"": 0, ""center"": ""none"", ""classes"": 10, ""dataset"": ""mnist"", ""depth"": 3, ""fb_row_norm"": 0, ""fb_scale"": 1.0, ""fb_seed"": 2, ""freeze_bias"": 0, ""freeze_out"": 0, ""head"": ""sigmoid_bce"", ""hid_lr_mult"": 1.0, ""lr"": 0.001, ""muon"": 0, ""optimizer"": ""sgd"", ""out_bias_q"": -1.0, ""out_lr_mult"": 10.0, ""out_w_scale"": 1.0, ""p0"": 0.0, ""preprocess"": ""div255"", ""rule"": ""dfa"", ""seed"": 2, ""shift_step"": 0, ""target_center"": 0, ""target_scale"": 1.0, ""whiten"": 0, ""width"": 300}",,,
E4_cures,cnn__priorbias,0,0,dfa,0.0400339737534523,0.0400339737534523,0.6634556651115417,0.902333915233612,0.9639515280723572,0.7789852023124695,120.88564964175174,1.3794654404557904,203.49896908894144,120.88564964175174,1500,120.88564964175174,"{""act"": ""tanh"", ""arch"": ""cnn"", ""batch"": 128, ""batchnorm"": 0, ""calibrate_head"": 0, ""center"": ""none"", ""classes"": 10, ""dataset"": ""mnist"", ""depth"": 3, ""fb_row_norm"": 0, ""fb_scale"": 1.0, ""fb_seed"": 0, ""freeze_bias"": 0, ""freeze_out"": 0, ""head"": ""sigmoid_bce"", ""hid_lr_mult"": 1.0, ""lr"": 0.001, ""muon"": 0, ""optimizer"": ""sgd"", ""out_bias_q"": 0.1, ""out_lr_mult"": 1.0, ""out_w_scale"": 1.0, ""p0"": 0.0, ""preprocess"": ""div255"", ""rule"": ""dfa"", ""seed"": 0, ""shift_step"": 0, ""target_center"": 0, ""target_scale"": 1.0, ""whiten"": 0, ""width"": 300}",,,
E4_cures,cnn__priorbias,1,1,dfa,0.041793692857027,0.041793692857027,0.938457190990448,0.6157478094100952,0.9002071022987366,0.9700136780738832,133.5197961943689,1.651993907319053,163.7859384671178,133.5197961943689,1500,133.5197961943689,"{""act"": ""tanh"", ""arch"": ""cnn"", ""batch"": 128, ""batchnorm"": 0, ""calibrate_head"": 0, ""center"": ""none"", ""classes"": 10, ""dataset"": ""mnist"", ""depth"": 3, ""fb_row_norm"": 0, ""fb_scale"": 1.0, ""fb_seed"": 1, ""freeze_bias"": 0, ""freeze_out"": 0, ""head"": ""sigmoid_bce"", ""hid_lr_mult"": 1.0, ""lr"": 0.001, ""muon"": 0, ""optimizer"": ""sgd"", ""out_bias_q"": 0.1, ""out_lr_mult"": 1.0, ""out_w_scale"": 1.0, ""p0"": 0.0, ""preprocess"": ""div255"", ""rule"": ""dfa"", ""seed"": 1, ""shift_step"": 0, ""target_center"": 0, ""target_scale"": 1.0, ""whiten"": 0, ""width"": 300}",,,
E4_cures,cnn__priorbias,2,2,dfa,0.0536720938980579,0.0536720938980579,0.7106074690818787,0.8574605584144592,0.8325340747833252,0.7966618537902832,-0.4119074351442049,0.1553020872133482,-10.01579721763846,-0.4119074351442049,1500,-0.4119074351442049,"{""act"": ""tanh"", ""arch"": ""cnn"", ""batch"": 128, ""batchnorm"": 0, ""calibrate_head"": 0, ""center"": ""none"", ""classes"": 10, ""dataset"": ""mnist"", ""depth"": 3, ""fb_row_norm"": 0, ""fb_scale"": 1.0, ""fb_seed"": 2, ""freeze_bias"": 0, ""freeze_out"": 0, ""head"": ""sigmoid_bce"", ""hid_lr_mult"": 1.0, ""lr"": 0.001, ""muon"": 0, ""optimizer"": ""sgd"", ""out_bias_q"": 0.1, ""out_lr_mult"": 1.0, ""out_w_scale"": 1.0, ""p0"": 0.0, ""preprocess"": ""div255"", ""rule"": ""dfa"", ""seed"": 2, ""shift_step"": 0, ""target_center"": 0, ""target_scale"": 1.0, ""whiten"": 0, ""width"": 300}",,,
E4_cures,depth6__aligned,0,0,aligned,1.268113374710083,1.268113374710083,0.8803386092185974,0.8641713261604309,0.7911849617958069,0.967496693134308,3.839390495268965,0.1549812296347956,0.0698416192608299,0.0668904579179097,10,0.0745824298367202,"{""act"": ""tanh"", ""arch"": ""mlp"", ""batch"": 128, ""batchnorm"": 0, ""calibrate_head"": 0, ""center"": ""none"", ""classes"": 10, ""dataset"": ""mnist"", ""depth"": 6, ""fb_row_norm"": 0, ""fb_scale"": 1.0, ""fb_seed"": 0, ""freeze_bias"": 0, ""freeze_out"": 0, ""head"": ""sigmoid_bce"", ""hid_lr_mult"": 1.0, ""lr"": 0.001, ""muon"": 0, ""optimizer"": ""sgd"", ""out_bias_q"": -1.0, ""out_lr_mult"": 1.0, ""out_w_scale"": 1.0, ""p0"": 0.0, ""preprocess"": ""div255"", ""rule"": ""aligned"", ""seed"": 0, ""shift_step"": 0, ""target_center"": 0, ""target_scale"": 1.0, ""whiten"": 0, ""width"": 300}",0.0623036344658249,0.0756837141077728,0.0745824298367202
E4_cures,depth6__aligned,1,1,aligned,1.277761459350586,1.277761459350586,0.8940490484237671,0.8582931160926819,0.7798500061035156,0.9682371020317078,3.502663207109899,0.1505723164685497,0.0651248409991577,0.0563980155203521,10,0.0660717039602793,"{""act"": ""tanh"", ""arch"": ""mlp"", ""batch"": 128, ""batchnorm"": 0, ""calibrate_head"": 0, ""center"": ""none"", ""classes"": 10, ""dataset"": ""mnist"", ""depth"": 6, ""fb_row_norm"": 0, ""fb_scale"": 1.0, ""fb_seed"": 1, ""freeze_bias"": 0, ""freeze_out"": 0, ""head"": ""sigmoid_bce"", ""hid_lr_mult"": 1.0, ""lr"": 0.001, ""muon"": 0, ""optimizer"": ""sgd"", ""out_bias_q"": -1.0, ""out_lr_mult"": 1.0, ""out_w_scale"": 1.0, ""p0"": 0.0, ""preprocess"": ""div255"", ""rule"": ""aligned"", ""seed"": 1, ""shift_step"": 0, ""target_center"": 0, ""target_scale"": 1.0, ""whiten"": 0, ""width"": 300}",0.0635527758065119,0.0638213750486786,0.0660717039602793
E4_cures,depth6__aligned,2,2,aligned,1.2086238861083984,1.2086238861083984,0.8956935405731201,0.8493313789367676,0.7781930565834045,0.968748927116394,4.146832307163322,0.146011453769547,0.0651142100328228,0.0617717176022453,10,0.075351112348504,"{""act"": ""tanh"", ""arch"": ""mlp"", ""batch"": 128, ""batchnorm"": 0, ""calibrate_head"": 0, ""center"": ""none"", ""classes"": 10, ""dataset"": ""mnist"", ""depth"": 6, ""fb_row_norm"": 0, ""fb_scale"": 1.0, ""fb_seed"": 2, ""freeze_bias"": 0, ""freeze_out"": 0, ""head"": ""sigmoid_bce"", ""hid_lr_mult"": 1.0, ""lr"": 0.001, ""muon"": 0, ""optimizer"": ""sgd"", ""out_bias_q"": -1.0, ""out_lr_mult"": 1.0, ""out_w_scale"": 1.0, ""p0"": 0.0, ""preprocess"": ""div255"", ""rule"": ""aligned"", ""seed"": 2, ""shift_step"": 0, ""target_center"": 0, ""target_scale"": 1.0, ""whiten"": 0, ""width"": 300}",0.0630241122948683,0.0685242232966791,0.075351112348504
E4_cures,depth6__bn,0,0,dfa,1.2647415399551392,1.2647415399551392,0.1287786811590194,0.9926447868347168,0.178859993815422,0.996852695941925,8.636248129602178,23.47422697056342,5.8954833924025145,4.589074321940395,960,5.273917507463515,"{""act"": ""tanh"", ""arch"": ""mlp"", ""batch"": 128, ""batchnorm"": 1, ""calibrate_head"": 0, ""center"": ""none"", ""classes"": 10, ""dataset"": ""mnist"", ""depth"": 6, ""fb_row_norm"": 0, ""fb_scale"": 1.0, ""fb_seed"": 0, ""freeze_bias"": 0, ""freeze_out"": 0, ""head"": ""sigmoid_bce"", ""hid_lr_mult"": 1.0, ""lr"": 0.001, ""muon"": 0, ""optimizer"": ""sgd"", ""out_bias_q"": -1.0, ""out_lr_mult"": 1.0, ""out_w_scale"": 1.0, ""p0"": 0.0, ""preprocess"": ""div255"", ""rule"": ""dfa"", ""seed"": 0, ""shift_step"": 0, ""target_center"": 0, ""target_scale"": 1.0, ""whiten"": 0, ""width"": 300}",4.848503320589375,4.265398388668566,5.273917507463515
E4_cures,depth6__bn,1,1,dfa,1.2621005773544312,1.2621005773544312,0.1360588520765304,0.9887650012969972,0.1511709988117218,0.995294153690338,6.602732938516622,22.380220122056738,4.794294729636293,4.841551280513704,920,3.946579054262482,"{""act"": ""tanh"", ""arch"": ""mlp"", ""batch"": 128, ""batchnorm"": 1, ""calibrate_head"": 0, ""center"": ""none"", ""classes"": 10, ""dataset"": ""mnist"", ""depth"": 6, ""fb_row_norm"": 0, ""fb_scale"": 1.0, ""fb_seed"": 1, ""freeze_bias"": 0, ""freeze_out"": 0, ""head"": ""sigmoid_bce"", ""hid_lr_mult"": 1.0, ""lr"": 0.001, ""muon"": 0, ""optimizer"": ""sgd"", ""out_bias_q"": -1.0, ""out_lr_mult"": 1.0, ""out_w_scale"": 1.0, ""p0"": 0.0, ""preprocess"": ""div255"", ""rule"": ""dfa"", ""seed"": 1, ""shift_step"": 0, ""target_center"": 0, ""target_scale"": 1.0, ""whiten"": 0, ""width"": 300}",4.128315556653868,4.590097140616032,3.946579054262482
E4_cures,depth6__bn,2,2,dfa,1.265867829322815,1.265867829322815,0.1312881112098693,0.99273681640625,0.159955233335495,0.9959646463394164,7.241057928934657,23.25368596120035,5.246025821430192,4.413773953672154,960,4.432278580702509,"{""act"": ""tanh"", ""arch"": ""mlp"", ""batch"": 128, ""batchnorm"": 1, ""calibrate_head"": 0, ""center"": ""none"", ""classes"": 10, ""dataset"": ""mnist"", ""depth"": 6, ""fb_row_norm"": 0, ""fb_scale"": 1.0, ""fb_seed"": 2, ""freeze_bias"": 0, ""freeze_out"": 0, ""head"": ""sigmoid_bce"", ""hid_lr_mult"": 1.0, ""lr"": 0.001, ""muon"": 0, ""optimizer"": ""sgd"", ""out_bias_q"": -1.0, ""out_lr_mult"": 1.0, ""out_w_scale"": 1.0, ""p0"": 0.0, ""preprocess"": ""div255"", ""rule"": ""dfa"", ""seed"": 2, ""shift_step"": 0, ""target_center"": 0, ""target_scale"": 1.0, ""whiten"": 0, ""width"": 300}",4.353891462309091,4.783819583985426,4.432278580702509
E4_cures,depth6__center_delta,0,0,dfa,1.268113374710083,1.268113374710083,0.4017360806465149,0.480323851108551,0.5390726923942566,0.9304619431495668,84.21951571796386,60.693767144417706,135.60979627903012,136.63082829405744,3000,84.21951571796386,"{""act"": ""tanh"", ""arch"": ""mlp"", ""batch"": 128, ""batchnorm"": 0, ""calibrate_head"": 0, ""center"": ""delta"", ""classes"": 10, ""dataset"": ""mnist"", ""depth"": 6, ""fb_row_norm"": 0, ""fb_scale"": 1.0, ""fb_seed"": 0, ""freeze_bias"": 0, ""freeze_out"": 0, ""head"": ""sigmoid_bce"", ""hid_lr_mult"": 1.0, ""lr"": 0.001, ""muon"": 0, ""optimizer"": ""sgd"", ""out_bias_q"": -1.0, ""out_lr_mult"": 1.0, ""out_w_scale"": 1.0, ""p0"": 0.0, ""preprocess"": ""div255"", ""rule"": ""dfa"", ""seed"": 0, ""shift_step"": 0, ""target_center"": 0, ""target_scale"": 1.0, ""whiten"": 0, ""width"": 300}",113.88104739562058,99.9534612436922,84.21951571796386
E4_cures,depth6__center_delta,1,1,dfa,1.277761459350586,1.277761459350586,0.5343064665794373,0.6081826686859131,0.4940283596515655,0.9125038385391236,133.01005501198333,51.866722929653456,115.14467712380548,147.1570540906851,3000,133.01005501198333,"{""act"": ""tanh"", ""arch"": ""mlp"", ""batch"": 128, ""batchnorm"": 0, ""calibrate_head"": 0, ""center"": ""delta"", ""classes"": 10, ""dataset"": ""mnist"", ""depth"": 6, ""fb_row_norm"": 0, ""fb_scale"": 1.0, ""fb_seed"": 1, ""freeze_bias"": 0, ""freeze_out"": 0, ""head"": ""sigmoid_bce"", ""hid_lr_mult"": 1.0, ""lr"": 0.001, ""muon"": 0, ""optimizer"": ""sgd"", ""out_bias_q"": -1.0, ""out_lr_mult"": 1.0, ""out_w_scale"": 1.0, ""p0"": 0.0, ""preprocess"": ""div255"", ""rule"": ""dfa"", ""seed"": 1, ""shift_step"": 0, ""target_center"": 0, ""target_scale"": 1.0, ""whiten"": 0, ""width"": 300}",140.9450796605425,136.73929026344587,133.01005501198333
E4_cures,depth6__center_delta,2,2,dfa,1.2086238861083984,1.2086238861083984,0.523564875125885,0.740953803062439,0.5350050330162048,0.9288789629936218,103.84096944712569,47.57261215065169,112.64488412675848,130.31627419202974,3000,103.84096944712569,"{""act"": ""tanh"", ""arch"": ""mlp"", ""batch"": 128, ""batchnorm"": 0, ""calibrate_head"": 0, ""center"": ""delta"", ""classes"": 10, ""dataset"": ""mnist"", ""depth"": 6, ""fb_row_norm"": 0, ""fb_scale"": 1.0, ""fb_seed"": 2, ""freeze_bias"": 0, ""freeze_out"": 0, ""head"": ""sigmoid_bce"", ""hid_lr_mult"": 1.0, ""lr"": 0.001, ""muon"": 0, ""optimizer"": ""sgd"", ""out_bias_q"": -1.0, ""out_lr_mult"": 1.0, ""out_w_scale"": 1.0, ""p0"": 0.0, ""preprocess"": ""div255"", ""rule"": ""dfa"", ""seed"": 2, ""shift_step"": 0, ""target_center"": 0, ""target_scale"": 1.0, ""whiten"": 0, ""width"": 300}",114.3993415349526,107.18204029525783,103.84096944712569
E4_cures,depth6__center_e,0,0,dfa,1.268113374710083,1.268113374710083,0.3797813057899475,0.8499965667724609,0.3765544593334198,0.9893821477890016,40.64786511150247,82.60425808457681,32.383412392606175,37.62276735016184,3000,40.64786511150247,"{""act"": ""tanh"", ""arch"": ""mlp"", ""batch"": 128, ""batchnorm"": 0, ""calibrate_head"": 0, ""center"": ""e"", ""classes"": 10, ""dataset"": ""mnist"", ""depth"": 6, ""fb_row_norm"": 0, ""fb_scale"": 1.0, ""fb_seed"": 0, ""freeze_bias"": 0, ""freeze_out"": 0, ""head"": ""sigmoid_bce"", ""hid_lr_mult"": 1.0, ""lr"": 0.001, ""muon"": 0, ""optimizer"": ""sgd"", ""out_bias_q"": -1.0, ""out_lr_mult"": 1.0, ""out_w_scale"": 1.0, ""p0"": 0.0, ""preprocess"": ""div255"", ""rule"": ""dfa"", ""seed"": 0, ""shift_step"": 0, ""target_center"": 0, ""target_scale"": 1.0, ""whiten"": 0, ""width"": 300}",38.52447016099804,37.80425665175317,40.64786511150247
E4_cures,depth6__center_e,1,1,dfa,1.277761459350586,1.277761459350586,0.3332803547382355,0.7524625062942505,0.3876262009143829,0.9864993691444396,38.7769609728805,82.8053686876521,26.034423493277156,28.48082270582378,3000,38.7769609728805,"{""act"": ""tanh"", ""arch"": ""mlp"", ""batch"": 128, ""batchnorm"": 0, ""calibrate_head"": 0, ""center"": ""e"", ""classes"": 10, ""dataset"": ""mnist"", ""depth"": 6, ""fb_row_norm"": 0, ""fb_scale"": 1.0, ""fb_seed"": 1, ""freeze_bias"": 0, ""freeze_out"": 0, ""head"": ""sigmoid_bce"", ""hid_lr_mult"": 1.0, ""lr"": 0.001, ""muon"": 0, ""optimizer"": ""sgd"", ""out_bias_q"": -1.0, ""out_lr_mult"": 1.0, ""out_w_scale"": 1.0, ""p0"": 0.0, ""preprocess"": ""div255"", ""rule"": ""dfa"", ""seed"": 1, ""shift_step"": 0, ""target_center"": 0, ""target_scale"": 1.0, ""whiten"": 0, ""width"": 300}",30.992156360733127,37.21657564902544,38.7769609728805
E4_cures,depth6__center_e,2,2,dfa,1.2086238861083984,1.2086238861083984,0.439984530210495,0.8642608523368835,0.3772227168083191,0.9878299832344056,57.7563211239951,78.73917132730503,31.008512923616188,41.27010515136831,3000,57.7563211239951,"{""act"": ""tanh"", ""arch"": ""mlp"", ""batch"": 128, ""batchnorm"": 0, ""calibrate_head"": 0, ""center"": ""e"", ""classes"": 10, ""dataset"": ""mnist"", ""depth"": 6, ""fb_row_norm"": 0, ""fb_scale"": 1.0, ""fb_seed"": 2, ""freeze_bias"": 0, ""freeze_out"": 0, ""head"": ""sigmoid_bce"", ""hid_lr_mult"": 1.0, ""lr"": 0.001, ""muon"": 0, ""optimizer"": ""sgd"", ""out_bias_q"": -1.0, ""out_lr_mult"": 1.0, ""out_w_scale"": 1.0, ""p0"": 0.0, ""preprocess"": ""div255"", ""rule"": ""dfa"", ""seed"": 2, ""shift_step"": 0, ""target_center"": 0, ""target_scale"": 1.0, ""whiten"": 0, ""width"": 300}",48.17643173224714,53.91013687805455,57.7563211239951
E4_cures,depth6__center_outlr10,0,0,dfa,1.268113374710083,1.268113374710083,0.4020361602306366,0.7959750890731812,0.3765191733837127,0.98928564786911,28.958970820610308,20.50902800889057,7.8187669969951905,10.24535297898544,1580,22.579197280566973,"{""act"": ""tanh"", ""arch"": ""mlp"", ""batch"": 128, ""batchnorm"": 0, ""calibrate_head"": 0, ""center"": ""e"", ""classes"": 10, ""dataset"": ""mnist"", ""depth"": 6, ""fb_row_norm"": 0, ""fb_scale"": 1.0, ""fb_seed"": 0, ""freeze_bias"": 0, ""freeze_out"": 0, ""head"": ""sigmoid_bce"", ""hid_lr_mult"": 1.0, ""lr"": 0.001, ""muon"": 0, ""optimizer"": ""sgd"", ""out_bias_q"": -1.0, ""out_lr_mult"": 10.0, ""out_w_scale"": 1.0, ""p0"": 0.0, ""preprocess"": ""div255"", ""rule"": ""dfa"", ""seed"": 0, ""shift_step"": 0, ""target_center"": 0, ""target_scale"": 1.0, ""whiten"": 0, ""width"": 300}",14.372362863225629,18.15202977192774,22.579197280566973
E4_cures,depth6__center_outlr10,1,1,dfa,1.277761459350586,1.277761459350586,0.3396317064762115,0.606242299079895,0.3875364363193512,0.984549045562744,25.18973729247852,19.635471920351545,7.049255209629108,8.927929599849023,1370,17.77811948596218,"{""act"": ""tanh"", ""arch"": ""mlp"", ""batch"": 128, ""batchnorm"": 0, ""calibrate_head"": 0, ""center"": ""e"", ""classes"": 10, ""dataset"": ""mnist"", ""depth"": 6, ""fb_row_norm"": 0, ""fb_scale"": 1.0, ""fb_seed"": 1, ""freeze_bias"": 0, ""freeze_out"": 0, ""head"": ""sigmoid_bce"", ""hid_lr_mult"": 1.0, ""lr"": 0.001, ""muon"": 0, ""optimizer"": ""sgd"", ""out_bias_q"": -1.0, ""out_lr_mult"": 10.0, ""out_w_scale"": 1.0, ""p0"": 0.0, ""preprocess"": ""div255"", ""rule"": ""dfa"", ""seed"": 1, ""shift_step"": 0, ""target_center"": 0, ""target_scale"": 1.0, ""whiten"": 0, ""width"": 300}",11.504209448831526,15.211272267564349,17.77811948596218
E4_cures,depth6__center_outlr10,2,2,dfa,1.2086238861083984,1.2086238861083984,0.4402120113372803,0.9612406492233276,0.3776425421237945,0.9860209226608276,18.95973568783841,21.513696027842613,8.582303264439911,9.090695579870268,1730,14.991358936629515,"{""act"": ""tanh"", ""arch"": ""mlp"", ""batch"": 128, ""batchnorm"": 0, ""calibrate_head"": 0, ""center"": ""e"", ""classes"": 10, ""dataset"": ""mnist"", ""depth"": 6, ""fb_row_norm"": 0, ""fb_scale"": 1.0, ""fb_seed"": 2, ""freeze_bias"": 0, ""freeze_out"": 0, ""head"": ""sigmoid_bce"", ""hid_lr_mult"": 1.0, ""lr"": 0.001, ""muon"": 0, ""optimizer"": ""sgd"", ""out_bias_q"": -1.0, ""out_lr_mult"": 10.0, ""out_w_scale"": 1.0, ""p0"": 0.0, ""preprocess"": ""div255"", ""rule"": ""dfa"", ""seed"": 2, ""shift_step"": 0, ""target_center"": 0, ""target_scale"": 1.0, ""whiten"": 0, ""width"": 300}",10.154943635283692,12.194076833116773,14.991358936629515
E4_cures,depth6__gated,0,0,dfa,1.268113374710083,1.268113374710083,0.3797813057899475,0.8499965667724609,0.3765544593334198,0.9893821477890016,40.64786511150247,82.60425808457681,32.383412392606175,37.62276735016184,3000,40.64786511150247,"{""act"": ""tanh"", ""arch"": ""mlp"", ""batch"": 128, ""batchnorm"": 0, ""calibrate_head"": 0, ""center"": ""gated"", ""classes"": 10, ""dataset"": ""mnist"", ""depth"": 6, ""fb_row_norm"": 0, ""fb_scale"": 1.0, ""fb_seed"": 0, ""freeze_bias"": 0, ""freeze_out"": 0, ""gate_thr"": 0.1, ""head"": ""sigmoid_bce"", ""hid_lr_mult"": 1.0, ""lr"": 0.001, ""muon"": 0, ""optimizer"": ""sgd"", ""out_bias_q"": -1.0, ""out_lr_mult"": 1.0, ""out_w_scale"": 1.0, ""p0"": 0.0, ""preprocess"": ""div255"", ""rule"": ""dfa"", ""seed"": 0, ""shift_step"": 0, ""target_center"": 0, ""target_scale"": 1.0, ""whiten"": 0, ""width"": 300}",38.52447016099804,37.80425665175317,40.64786511150247
E4_cures,depth6__gated,1,1,dfa,1.277761459350586,1.277761459350586,0.3332803547382355,0.7524625062942505,0.3876262009143829,0.9864993691444396,38.7769609728805,82.8053686876521,26.034423493277156,28.48082270582378,3000,38.7769609728805,"{""act"": ""tanh"", ""arch"": ""mlp"", ""batch"": 128, ""batchnorm"": 0, ""calibrate_head"": 0, ""center"": ""gated"", ""classes"": 10, ""dataset"": ""mnist"", ""depth"": 6, ""fb_row_norm"": 0, ""fb_scale"": 1.0, ""fb_seed"": 1, ""freeze_bias"": 0, ""freeze_out"": 0, ""gate_thr"": 0.1, ""head"": ""sigmoid_bce"", ""hid_lr_mult"": 1.0, ""lr"": 0.001, ""muon"": 0, ""optimizer"": ""sgd"", ""out_bias_q"": -1.0, ""out_lr_mult"": 1.0, ""out_w_scale"": 1.0, ""p0"": 0.0, ""preprocess"": ""div255"", ""rule"": ""dfa"", ""seed"": 1, ""shift_step"": 0, ""target_center"": 0, ""target_scale"": 1.0, ""whiten"": 0, ""width"": 300}",30.992156360733127,37.21657564902544,38.7769609728805
E4_cures,depth6__gated,2,2,dfa,1.2086238861083984,1.2086238861083984,0.439984530210495,0.8642608523368835,0.3772227168083191,0.9878299832344056,57.7563211239951,78.73917132730503,31.008512923616188,41.27010515136831,3000,57.7563211239951,"{""act"": ""tanh"", ""arch"": ""mlp"", ""batch"": 128, ""batchnorm"": 0, ""calibrate_head"": 0, ""center"": ""gated"", ""classes"": 10, ""dataset"": ""mnist"", ""depth"": 6, ""fb_row_norm"": 0, ""fb_scale"": 1.0, ""fb_seed"": 2, ""freeze_bias"": 0, ""freeze_out"": 0, ""gate_thr"": 0.1, ""head"": ""sigmoid_bce"", ""hid_lr_mult"": 1.0, ""lr"": 0.001, ""muon"": 0, ""optimizer"": ""sgd"", ""out_bias_q"": -1.0, ""out_lr_mult"": 1.0, ""out_w_scale"": 1.0, ""p0"": 0.0, ""preprocess"": ""div255"", ""rule"": ""dfa"", ""seed"": 2, ""shift_step"": 0, ""target_center"": 0, ""target_scale"": 1.0, ""whiten"": 0, ""width"": 300}",48.17643173224714,53.91013687805455,57.7563211239951
E4_cures,depth6__muon,0,0,dfa,1.268113374710083,1.268113374710083,0.7787461280822754,0.8210386633872986,0.6911139488220215,0.9283527731895448,14.721487098093954,4.454641414612057,3.447966341615524,3.68433859402357,220,4.546629594858173,"{""act"": ""tanh"", ""arch"": ""mlp"", ""batch"": 128, ""batchnorm"": 0, ""calibrate_head"": 0, ""center"": ""none"", ""classes"": 10, ""dataset"": ""mnist"", ""depth"": 6, ""fb_row_norm"": 0, ""fb_scale"": 1.0, ""fb_seed"": 0, ""freeze_bias"": 0, ""freeze_out"": 0, ""head"": ""sigmoid_bce"", ""hid_lr_mult"": 1.0, ""lr"": 0.001, ""muon"": 1, ""optimizer"": ""sgd"", ""out_bias_q"": -1.0, ""out_lr_mult"": 1.0, ""out_w_scale"": 1.0, ""p0"": 0.0, ""preprocess"": ""div255"", ""rule"": ""dfa"", ""seed"": 0, ""shift_step"": 0, ""target_center"": 0, ""target_scale"": 1.0, ""whiten"": 0, ""width"": 300}",3.934384730027855,4.280430287207355,4.546629594858173
E4_cures,depth6__muon,1,1,dfa,1.277761459350586,1.277761459350586,0.7393786907196045,0.8351947069168091,0.6561861038208008,0.9219326972961426,15.003554076341148,5.069606038187958,4.173761648071878,4.539844410297847,260,5.756113410044978,"{""act"": ""tanh"", ""arch"": ""mlp"", ""batch"": 128, ""batchnorm"": 0, ""calibrate_head"": 0, ""center"": ""none"", ""classes"": 10, ""dataset"": ""mnist"", ""depth"": 6, ""fb_row_norm"": 0, ""fb_scale"": 1.0, ""fb_seed"": 1, ""freeze_bias"": 0, ""freeze_out"": 0, ""head"": ""sigmoid_bce"", ""hid_lr_mult"": 1.0, ""lr"": 0.001, ""muon"": 1, ""optimizer"": ""sgd"", ""out_bias_q"": -1.0, ""out_lr_mult"": 1.0, ""out_w_scale"": 1.0, ""p0"": 0.0, ""preprocess"": ""div255"", ""rule"": ""dfa"", ""seed"": 1, ""shift_step"": 0, ""target_center"": 0, ""target_scale"": 1.0, ""whiten"": 0, ""width"": 300}",5.437404113229404,5.721203457982891,5.756113410044978
E4_cures,depth6__muon,2,2,dfa,1.2086238861083984,1.2086238861083984,0.8300676345825195,0.8179441690444946,0.6559642553329468,0.9351739883422852,14.59787863324491,4.128854957027201,2.8618585072552545,2.8898553320864795,210,4.047994228915762,"{""act"": ""tanh"", ""arch"": ""mlp"", ""batch"": 128, ""batchnorm"": 0, ""calibrate_head"": 0, ""center"": ""none"", ""classes"": 10, ""dataset"": ""mnist"", ""depth"": 6, ""fb_row_norm"": 0, ""fb_scale"": 1.0, ""fb_seed"": 2, ""freeze_bias"": 0, ""freeze_out"": 0, ""head"": ""sigmoid_bce"", ""hid_lr_mult"": 1.0, ""lr"": 0.001, ""muon"": 1, ""optimizer"": ""sgd"", ""out_bias_q"": -1.0, ""out_lr_mult"": 1.0, ""out_w_scale"": 1.0, ""p0"": 0.0, ""preprocess"": ""div255"", ""rule"": ""dfa"", ""seed"": 2, ""shift_step"": 0, ""target_center"": 0, ""target_scale"": 1.0, ""whiten"": 0, ""width"": 300}",3.282310743443777,3.768364099071833,4.047994228915762
E4_cures,depth6__none,0,0,dfa,1.268113374710083,1.268113374710083,0.999998152256012,0.1344820857048034,0.9043447971343994,0.7101897597312927,15.46309990483488,1.5353065045512444,2.731705214014193,3.91457295016938,70,4.756650725055453,"{""act"": ""tanh"", ""arch"": ""mlp"", ""batch"": 128, ""batchnorm"": 0, ""calibrate_head"": 0, ""center"": ""none"", ""classes"": 10, ""dataset"": ""mnist"", ""depth"": 6, ""fb_row_norm"": 0, ""fb_scale"": 1.0, ""fb_seed"": 0, ""freeze_bias"": 0, ""freeze_out"": 0, ""head"": ""sigmoid_bce"", ""hid_lr_mult"": 1.0, ""lr"": 0.001, ""muon"": 0, ""optimizer"": ""sgd"", ""out_bias_q"": -1.0, ""out_lr_mult"": 1.0, ""out_w_scale"": 1.0, ""p0"": 0.0, ""preprocess"": ""div255"", ""rule"": ""dfa"", ""seed"": 0, ""shift_step"": 0, ""target_center"": 0, ""target_scale"": 1.0, ""whiten"": 0, ""width"": 300}",4.4383802703985324,4.689440505447378,4.756650725055453
E4_cures,depth6__none,1,1,dfa,1.277761459350586,1.277761459350586,0.9999972581863404,0.1712379306554794,0.899269163608551,0.7233515977859497,16.23547211359166,1.61123742540867,2.80022177574983,4.234271998344288,70,5.080554369181647,"{""act"": ""tanh"", ""arch"": ""mlp"", ""batch"": 128, ""batchnorm"": 0, ""calibrate_head"": 0, ""center"": ""none"", ""classes"": 10, ""dataset"": ""mnist"", ""depth"": 6, ""fb_row_norm"": 0, ""fb_scale"": 1.0, ""fb_seed"": 1, ""freeze_bias"": 0, ""freeze_out"": 0, ""head"": ""sigmoid_bce"", ""hid_lr_mult"": 1.0, ""lr"": 0.001, ""muon"": 0, ""optimizer"": ""sgd"", ""out_bias_q"": -1.0, ""out_lr_mult"": 1.0, ""out_w_scale"": 1.0, ""p0"": 0.0, ""preprocess"": ""div255"", ""rule"": ""dfa"", ""seed"": 1, ""shift_step"": 0, ""target_center"": 0, ""target_scale"": 1.0, ""whiten"": 0, ""width"": 300}",4.81968234191253,5.040714988330524,5.080554369181647
E4_cures,depth6__none,2,2,dfa,1.2086238861083984,1.2086238861083984,0.9999919533729552,0.2039322704076767,0.8814882636070251,0.7449429035186768,16.6115808020876,1.4277664244194614,2.2674200069716104,3.179788702272956,70,4.242850672278079,"{""act"": ""tanh"", ""arch"": ""mlp"", ""batch"": 128, ""batchnorm"": 0, ""calibrate_head"": 0, ""center"": ""none"", ""classes"": 10, ""dataset"": ""mnist"", ""depth"": 6, ""fb_row_norm"": 0, ""fb_scale"": 1.0, ""fb_seed"": 2, ""freeze_bias"": 0, ""freeze_out"": 0, ""head"": ""sigmoid_bce"", ""hid_lr_mult"": 1.0, ""lr"": 0.001, ""muon"": 0, ""optimizer"": ""sgd"", ""out_bias_q"": -1.0, ""out_lr_mult"": 1.0, ""out_w_scale"": 1.0, ""p0"": 0.0, ""preprocess"": ""div255"", ""rule"": ""dfa"", ""seed"": 2, ""shift_step"": 0, ""target_center"": 0, ""target_scale"": 1.0, ""whiten"": 0, ""width"": 300}",3.774205128098042,4.049779737865006,4.242850672278079
E4_cures,depth6__outlr10,0,0,dfa,1.268113374710083,1.268113374710083,0.9859344363212584,0.7495288848876953,0.7332561016082764,0.9164259433746338,2.1893796552621043,0.6200021128611147,0.4972060763536903,0.4970208275874748,30,0.4642691909494665,"{""act"": ""tanh"", ""arch"": ""mlp"", ""batch"": 128, ""batchnorm"": 0, ""calibrate_head"": 0, ""center"": ""none"", ""classes"": 10, ""dataset"": ""mnist"", ""depth"": 6, ""fb_row_norm"": 0, ""fb_scale"": 1.0, ""fb_seed"": 0, ""freeze_bias"": 0, ""freeze_out"": 0, ""head"": ""sigmoid_bce"", ""hid_lr_mult"": 1.0, ""lr"": 0.001, ""muon"": 0, ""optimizer"": ""sgd"", ""out_bias_q"": -1.0, ""out_lr_mult"": 10.0, ""out_w_scale"": 1.0, ""p0"": 0.0, ""preprocess"": ""div255"", ""rule"": ""dfa"", ""seed"": 0, ""shift_step"": 0, ""target_center"": 0, ""target_scale"": 1.0, ""whiten"": 0, ""width"": 300}",0.4862894230479599,0.4925499769631505,0.4642691909494665
E4_cures,depth6__outlr10,1,1,dfa,1.277761459350586,1.277761459350586,0.9883415699005128,0.7651429176330566,0.7422930002212524,0.9151294827461244,2.2678870364125894,0.6513380225096349,0.5276796409367633,0.5183960420986433,30,0.5336281393452886,"{""act"": ""tanh"", ""arch"": ""mlp"", ""batch"": 128, ""batchnorm"": 0, ""calibrate_head"": 0, ""center"": ""none"", ""classes"": 10, ""dataset"": ""mnist"", ""depth"": 6, ""fb_row_norm"": 0, ""fb_scale"": 1.0, ""fb_seed"": 1, ""freeze_bias"": 0, ""freeze_out"": 0, ""head"": ""sigmoid_bce"", ""hid_lr_mult"": 1.0, ""lr"": 0.001, ""muon"": 0, ""optimizer"": ""sgd"", ""out_bias_q"": -1.0, ""out_lr_mult"": 10.0, ""out_w_scale"": 1.0, ""p0"": 0.0, ""preprocess"": ""div255"", ""rule"": ""dfa"", ""seed"": 1, ""shift_step"": 0, ""target_center"": 0, ""target_scale"": 1.0, ""whiten"": 0, ""width"": 300}",0.5950078152886408,0.5666376945691785,0.5336281393452886
E4_cures,depth6__outlr10,2,2,dfa,1.2086238861083984,1.2086238861083984,0.9789897799491882,0.7875370979309082,0.6922337412834167,0.9346160888671876,2.122381364862949,0.5731800240354692,0.4086723488443278,0.3838270714209922,30,0.4306467271754102,"{""act"": ""tanh"", ""arch"": ""mlp"", ""batch"": 128, ""batchnorm"": 0, ""calibrate_head"": 0, ""center"": ""none"", ""classes"": 10, ""dataset"": ""mnist"", ""depth"": 6, ""fb_row_norm"": 0, ""fb_scale"": 1.0, ""fb_seed"": 2, ""freeze_bias"": 0, ""freeze_out"": 0, ""head"": ""sigmoid_bce"", ""hid_lr_mult"": 1.0, ""lr"": 0.001, ""muon"": 0, ""optimizer"": ""sgd"", ""out_bias_q"": -1.0, ""out_lr_mult"": 10.0, ""out_w_scale"": 1.0, ""p0"": 0.0, ""preprocess"": ""div255"", ""rule"": ""dfa"", ""seed"": 2, ""shift_step"": 0, ""target_center"": 0, ""target_scale"": 1.0, ""whiten"": 0, ""width"": 300}",0.4021076319960673,0.4182007495791161,0.4306467271754102
E4_cures,depth6__priorbias,0,0,dfa,0.0655139684677124,0.0655139684677124,0.4931021928787231,0.8821150660514832,0.6676495671272278,0.9765896797180176,0.6436544359155669,0.794328818495737,1.1552630734169658,1.142818595084987,3000,0.6436544359155669,"{""act"": ""tanh"", ""arch"": ""mlp"", ""batch"": 128, ""batchnorm"": 0, ""calibrate_head"": 0, ""center"": ""none"", ""classes"": 10, ""dataset"": ""mnist"", ""depth"": 6, ""fb_row_norm"": 0, ""fb_scale"": 1.0, ""fb_seed"": 0, ""freeze_bias"": 0, ""freeze_out"": 0, ""head"": ""sigmoid_bce"", ""hid_lr_mult"": 1.0, ""lr"": 0.001, ""muon"": 0, ""optimizer"": ""sgd"", ""out_bias_q"": 0.1, ""out_lr_mult"": 1.0, ""out_w_scale"": 1.0, ""p0"": 0.0, ""preprocess"": ""div255"", ""rule"": ""dfa"", ""seed"": 0, ""shift_step"": 0, ""target_center"": 0, ""target_scale"": 1.0, ""whiten"": 0, ""width"": 300}",0.9596998615701976,0.7581721597220962,0.6436544359155669
E4_cures,depth6__priorbias,1,1,dfa,0.0598718039691448,0.0598718039691448,0.5718829035758972,0.8385041356086731,0.6198586821556091,0.9731175303459167,1.3902233511339506,1.4479773529674982,2.3115853558643664,2.707616846896252,3000,1.3902233511339506,"{""act"": ""tanh"", ""arch"": ""mlp"", ""batch"": 128, ""batchnorm"": 0, ""calibrate_head"": 0, ""center"": ""none"", ""classes"": 10, ""dataset"": ""mnist"", ""depth"": 6, ""fb_row_norm"": 0, ""fb_scale"": 1.0, ""fb_seed"": 1, ""freeze_bias"": 0, ""freeze_out"": 0, ""head"": ""sigmoid_bce"", ""hid_lr_mult"": 1.0, ""lr"": 0.001, ""muon"": 0, ""optimizer"": ""sgd"", ""out_bias_q"": 0.1, ""out_lr_mult"": 1.0, ""out_w_scale"": 1.0, ""p0"": 0.0, ""preprocess"": ""div255"", ""rule"": ""dfa"", ""seed"": 1, ""shift_step"": 0, ""target_center"": 0, ""target_scale"": 1.0, ""whiten"": 0, ""width"": 300}",2.0239722267958125,1.8005795131432747,1.3902233511339506
E4_cures,depth6__priorbias,2,2,dfa,0.0585674196481704,0.0585674196481704,0.4371293783187866,0.8830581307411194,0.6360525488853455,0.9828758835792542,0.0477333179674636,0.4068348583990908,0.1711494051424419,0.1271374503596359,3000,0.0477333179674636,"{""act"": ""tanh"", ""arch"": ""mlp"", ""batch"": 128, ""batchnorm"": 0, ""calibrate_head"": 0, ""center"": ""none"", ""classes"": 10, ""dataset"": ""mnist"", ""depth"": 6, ""fb_row_norm"": 0, ""fb_scale"": 1.0, ""fb_seed"": 2, ""freeze_bias"": 0, ""freeze_out"": 0, ""head"": ""sigmoid_bce"", ""hid_lr_mult"": 1.0, ""lr"": 0.001, ""muon"": 0, ""optimizer"": ""sgd"", ""out_bias_q"": 0.1, ""out_lr_mult"": 1.0, ""out_w_scale"": 1.0, ""p0"": 0.0, ""preprocess"": ""div255"", ""rule"": ""dfa"", ""seed"": 2, ""shift_step"": 0, ""target_center"": 0, ""target_scale"": 1.0, ""whiten"": 0, ""width"": 300}",0.1093254655070519,0.0695301917680532,0.0477333179674636
E4_cures,depth6__whiten,0,0,dfa,1.268113374710083,1.268113374710083,0.99858558177948,0.7924948930740356,0.8405237197875977,0.8756800293922424,9.520858124059874,6.408707380948336,4.792065192527207,5.210931053420917,280,6.292592772694497,"{""act"": ""tanh"", ""arch"": ""mlp"", ""batch"": 128, ""batchnorm"": 0, ""calibrate_head"": 0, ""center"": ""none"", ""classes"": 10, ""dataset"": ""mnist"", ""depth"": 6, ""fb_row_norm"": 0, ""fb_scale"": 1.0, ""fb_seed"": 0, ""freeze_bias"": 0, ""freeze_out"": 0, ""head"": ""sigmoid_bce"", ""hid_lr_mult"": 1.0, ""lr"": 0.001, ""muon"": 0, ""optimizer"": ""sgd"", ""out_bias_q"": -1.0, ""out_lr_mult"": 1.0, ""out_w_scale"": 1.0, ""p0"": 0.0, ""preprocess"": ""div255"", ""rule"": ""dfa"", ""seed"": 0, ""shift_step"": 0, ""target_center"": 0, ""target_scale"": 1.0, ""whiten"": 1, ""whiten_lam"": 0.1, ""width"": 300}",5.416115125680732,5.835661616414344,6.292592772694497
E4_cures,depth6__whiten,1,1,dfa,1.277761459350586,1.277761459350586,0.9964730739593506,0.7897896766662598,0.8323089480400085,0.8836138844490051,11.467871708306197,6.971183122489719,5.137301896705019,5.489851903427516,280,7.79711717588758,"{""act"": ""tanh"", ""arch"": ""mlp"", ""batch"": 128, ""batchnorm"": 0, ""calibrate_head"": 0, ""center"": ""none"", ""classes"": 10, ""dataset"": ""mnist"", ""depth"": 6, ""fb_row_norm"": 0, ""fb_scale"": 1.0, ""fb_seed"": 1, ""freeze_bias"": 0, ""freeze_out"": 0, ""head"": ""sigmoid_bce"", ""hid_lr_mult"": 1.0, ""lr"": 0.001, ""muon"": 0, ""optimizer"": ""sgd"", ""out_bias_q"": -1.0, ""out_lr_mult"": 1.0, ""out_w_scale"": 1.0, ""p0"": 0.0, ""preprocess"": ""div255"", ""rule"": ""dfa"", ""seed"": 1, ""shift_step"": 0, ""target_center"": 0, ""target_scale"": 1.0, ""whiten"": 1, ""whiten_lam"": 0.1, ""width"": 300}",6.8435590575884815,7.599139306516291,7.79711717588758
E4_cures,depth6__whiten,2,2,dfa,1.2086238861083984,1.2086238861083984,0.9974968433380128,0.7249618768692017,0.8391845226287842,0.8685768246650696,7.249498993130445,4.916041241339549,3.062048149242497,3.251777835026681,210,4.129194585173099,"{""act"": ""tanh"", ""arch"": ""mlp"", ""batch"": 128, ""batchnorm"": 0, ""calibrate_head"": 0, ""center"": ""none"", ""classes"": 10, ""dataset"": ""mnist"", ""depth"": 6, ""fb_row_norm"": 0, ""fb_scale"": 1.0, ""fb_seed"": 2, ""freeze_bias"": 0, ""freeze_out"": 0, ""head"": ""sigmoid_bce"", ""hid_lr_mult"": 1.0, ""lr"": 0.001, ""muon"": 0, ""optimizer"": ""sgd"", ""out_bias_q"": -1.0, ""out_lr_mult"": 1.0, ""out_w_scale"": 1.0, ""p0"": 0.0, ""preprocess"": ""div255"", ""rule"": ""dfa"", ""seed"": 2, ""shift_step"": 0, ""target_center"": 0, ""target_scale"": 1.0, ""whiten"": 1, ""whiten_lam"": 0.1, ""width"": 300}",3.463924106718644,4.099862543205376,4.129194585173099
E7_anatomy,aligned,0,0,aligned,1.26921808719635,1.26921808719635,0.7685266137123108,0.8860040307044983,0.7441952228546143,0.957595705986023,3.6232493073900423,0.2390039916076928,0.1085324563778158,0.1161927602101289,20,0.1161927602101289,"{""act"": ""tanh"", ""arch"": ""mlp"", ""batch"": 128, ""batchnorm"": 0, ""calibrate_head"": 0, ""center"": ""none"", ""classes"": 10, ""dataset"": ""mnist"", ""depth"": 3, ""fb_row_norm"": 0, ""fb_scale"": 1.0, ""fb_seed"": 0, ""freeze_bias"": 0, ""freeze_out"": 0, ""head"": ""sigmoid_bce"", ""hid_lr_mult"": 1.0, ""lr"": 0.001, ""muon"": 0, ""optimizer"": ""sgd"", ""out_bias_q"": -1.0, ""out_lr_mult"": 1.0, ""out_w_scale"": 1.0, ""p0"": 0.0, ""preprocess"": ""div255"", ""rule"": ""aligned"", ""seed"": 0, ""shift_step"": 0, ""target_center"": 0, ""target_scale"": 1.0, ""whiten"": 0, ""width"": 300}",,,
E7_anatomy,aligned,1,1,aligned,1.3514316082000732,1.3514316082000732,0.7667832970619202,0.875990629196167,0.7494087219238281,0.9580080509185792,3.63530663800764,0.1901986004301951,0.0835228772642896,0.0819139711532367,10,0.0819139711532367,"{""act"": ""tanh"", ""arch"": ""mlp"", ""batch"": 128, ""batchnorm"": 0, ""calibrate_head"": 0, ""center"": ""none"", ""classes"": 10, ""dataset"": ""mnist"", ""depth"": 3, ""fb_row_norm"": 0, ""fb_scale"": 1.0, ""fb_seed"": 1, ""freeze_bias"": 0, ""freeze_out"": 0, ""head"": ""sigmoid_bce"", ""hid_lr_mult"": 1.0, ""lr"": 0.001, ""muon"": 0, ""optimizer"": ""sgd"", ""out_bias_q"": -1.0, ""out_lr_mult"": 1.0, ""out_w_scale"": 1.0, ""p0"": 0.0, ""preprocess"": ""div255"", ""rule"": ""aligned"", ""seed"": 1, ""shift_step"": 0, ""target_center"": 0, ""target_scale"": 1.0, ""whiten"": 0, ""width"": 300}",,,
E7_anatomy,aligned,2,2,aligned,1.247653603553772,1.247653603553772,0.7830855250358582,0.8717716932296753,0.736443042755127,0.956760823726654,3.906224338518417,0.270926390387344,0.1449587996527585,0.1362508763218779,20,0.1362508763218779,"{""act"": ""tanh"", ""arch"": ""mlp"", ""batch"": 128, ""batchnorm"": 0, ""calibrate_head"": 0, ""center"": ""none"", ""classes"": 10, ""dataset"": ""mnist"", ""depth"": 3, ""fb_row_norm"": 0, ""fb_scale"": 1.0, ""fb_seed"": 2, ""freeze_bias"": 0, ""freeze_out"": 0, ""head"": ""sigmoid_bce"", ""hid_lr_mult"": 1.0, ""lr"": 0.001, ""muon"": 0, ""optimizer"": ""sgd"", ""out_bias_q"": -1.0, ""out_lr_mult"": 1.0, ""out_w_scale"": 1.0, ""p0"": 0.0, ""preprocess"": ""div255"", ""rule"": ""aligned"", ""seed"": 2, ""shift_step"": 0, ""target_center"": 0, ""target_scale"": 1.0, ""whiten"": 0, ""width"": 300}",,,
E7_anatomy,base,0,0,dfa,1.26921808719635,1.26921808719635,0.9980725646018982,0.2263269871473312,0.894025981426239,0.724249541759491,14.05347257774262,1.492122831398583,2.5409258354889075,3.6763258215919232,70,3.6763258215919232,"{""act"": ""tanh"", ""arch"": ""mlp"", ""batch"": 128, ""batchnorm"": 0, ""calibrate_head"": 0, ""center"": ""none"", ""classes"": 10, ""dataset"": ""mnist"", ""depth"": 3, ""fb_row_norm"": 0, ""fb_scale"": 1.0, ""fb_seed"": 0, ""freeze_bias"": 0, ""freeze_out"": 0, ""head"": ""sigmoid_bce"", ""hid_lr_mult"": 1.0, ""lr"": 0.001, ""muon"": 0, ""optimizer"": ""sgd"", ""out_bias_q"": -1.0, ""out_lr_mult"": 1.0, ""out_w_scale"": 1.0, ""p0"": 0.0, ""preprocess"": ""div255"", ""rule"": ""dfa"", ""seed"": 0, ""shift_step"": 0, ""target_center"": 0, ""target_scale"": 1.0, ""whiten"": 0, ""width"": 300}",,,
E7_anatomy,base,1,1,dfa,1.3514316082000732,1.3514316082000732,0.9989032745361328,0.1923276931047439,0.9021817445755004,0.6914755702018738,18.526318371199174,1.86643883151386,3.418635585062604,5.577569140575033,80,5.577569140575033,"{""act"": ""tanh"", ""arch"": ""mlp"", ""batch"": 128, ""batchnorm"": 0, ""calibrate_head"": 0, ""center"": ""none"", ""classes"": 10, ""dataset"": ""mnist"", ""depth"": 3, ""fb_row_norm"": 0, ""fb_scale"": 1.0, ""fb_seed"": 1, ""freeze_bias"": 0, ""freeze_out"": 0, ""head"": ""sigmoid_bce"", ""hid_lr_mult"": 1.0, ""lr"": 0.001, ""muon"": 0, ""optimizer"": ""sgd"", ""out_bias_q"": -1.0, ""out_lr_mult"": 1.0, ""out_w_scale"": 1.0, ""p0"": 0.0, ""preprocess"": ""div255"", ""rule"": ""dfa"", ""seed"": 1, ""shift_step"": 0, ""target_center"": 0, ""target_scale"": 1.0, ""whiten"": 0, ""width"": 300}",,,
E7_anatomy,base,2,2,dfa,1.247653603553772,1.247653603553772,0.9982763528823853,0.2242631167173385,0.9032276272773744,0.7118024230003357,15.401615461290184,1.7945375288750172,3.41217315249748,5.014022190440472,80,5.014022190440472,"{""act"": ""tanh"", ""arch"": ""mlp"", ""batch"": 128, ""batchnorm"": 0, ""calibrate_head"": 0, ""center"": ""none"", ""classes"": 10, ""dataset"": ""mnist"", ""depth"": 3, ""fb_row_norm"": 0, ""fb_scale"": 1.0, ""fb_seed"": 2, ""freeze_bias"": 0, ""freeze_out"": 0, ""head"": ""sigmoid_bce"", ""hid_lr_mult"": 1.0, ""lr"": 0.001, ""muon"": 0, ""optimizer"": ""sgd"", ""out_bias_q"": -1.0, ""out_lr_mult"": 1.0, ""out_w_scale"": 1.0, ""p0"": 0.0, ""preprocess"": ""div255"", ""rule"": ""dfa"", ""seed"": 2, ""shift_step"": 0, ""target_center"": 0, ""target_scale"": 1.0, ""whiten"": 0, ""width"": 300}",,,
E7_anatomy,center_delta,0,0,dfa,1.26921808719635,1.26921808719635,0.5288453698158264,0.8552682995796204,0.5753376483917236,0.9392638206481934,99.63207206020031,38.15900335405017,88.20539161158847,99.63207206020031,3000,99.63207206020031,"{""act"": ""tanh"", ""arch"": ""mlp"", ""batch"": 128, ""batchnorm"": 0, ""calibrate_head"": 0, ""center"": ""delta"", ""classes"": 10, ""dataset"": ""mnist"", ""depth"": 3, ""fb_row_norm"": 0, ""fb_scale"": 1.0, ""fb_seed"": 0, ""freeze_bias"": 0, ""freeze_out"": 0, ""head"": ""sigmoid_bce"", ""hid_lr_mult"": 1.0, ""lr"": 0.001, ""muon"": 0, ""optimizer"": ""sgd"", ""out_bias_q"": -1.0, ""out_lr_mult"": 1.0, ""out_w_scale"": 1.0, ""p0"": 0.0, ""preprocess"": ""div255"", ""rule"": ""dfa"", ""seed"": 0, ""shift_step"": 0, ""target_center"": 0, ""target_scale"": 1.0, ""whiten"": 0, ""width"": 300}",,,
E7_anatomy,center_delta,1,1,dfa,1.3514316082000732,1.3514316082000732,0.5516651272773743,0.5274276733398438,0.5117235779762268,0.9091067910194396,117.2052158727478,40.3793847051524,90.83221119317,117.2052158727478,3000,117.2052158727478,"{""act"": ""tanh"", ""arch"": ""mlp"", ""batch"": 128, ""batchnorm"": 0, ""calibrate_head"": 0, ""center"": ""delta"", ""classes"": 10, ""dataset"": ""mnist"", ""depth"": 3, ""fb_row_norm"": 0, ""fb_scale"": 1.0, ""fb_seed"": 1, ""freeze_bias"": 0, ""freeze_out"": 0, ""head"": ""sigmoid_bce"", ""hid_lr_mult"": 1.0, ""lr"": 0.001, ""muon"": 0, ""optimizer"": ""sgd"", ""out_bias_q"": -1.0, ""out_lr_mult"": 1.0, ""out_w_scale"": 1.0, ""p0"": 0.0, ""preprocess"": ""div255"", ""rule"": ""dfa"", ""seed"": 1, ""shift_step"": 0, ""target_center"": 0, ""target_scale"": 1.0, ""whiten"": 0, ""width"": 300}",,,
E7_anatomy,center_delta,2,2,dfa,1.247653603553772,1.247653603553772,0.4560545682907104,0.8119068741798401,0.529319703578949,0.9395528435707092,100.7228842216872,40.17235908937874,86.49129204401252,100.7228842216872,3000,100.7228842216872,"{""act"": ""tanh"", ""arch"": ""mlp"", ""batch"": 128, ""batchnorm"": 0, ""calibrate_head"": 0, ""center"": ""delta"", ""classes"": 10, ""dataset"": ""mnist"", ""depth"": 3, ""fb_row_norm"": 0, ""fb_scale"": 1.0, ""fb_seed"": 2, ""freeze_bias"": 0, ""freeze_out"": 0, ""head"": ""sigmoid_bce"", ""hid_lr_mult"": 1.0, ""lr"": 0.001, ""muon"": 0, ""optimizer"": ""sgd"", ""out_bias_q"": -1.0, ""out_lr_mult"": 1.0, ""out_w_scale"": 1.0, ""p0"": 0.0, ""preprocess"": ""div255"", ""rule"": ""dfa"", ""seed"": 2, ""shift_step"": 0, ""target_center"": 0, ""target_scale"": 1.0, ""whiten"": 0, ""width"": 300}",,,
E7_anatomy,frzout,0,0,dfa,1.26921808719635,1.26921808719635,0.9999947547912598,0.0210179220885038,0.9771345257759094,0.2472692281007766,939.8270531624274,121.04895771054686,783.5725378110882,939.8270531624274,3000,939.8270531624274,"{""act"": ""tanh"", ""arch"": ""mlp"", ""batch"": 128, ""batchnorm"": 0, ""calibrate_head"": 0, ""center"": ""none"", ""classes"": 10, ""dataset"": ""mnist"", ""depth"": 3, ""fb_row_norm"": 0, ""fb_scale"": 1.0, ""fb_seed"": 0, ""freeze_bias"": 0, ""freeze_out"": 1, ""head"": ""sigmoid_bce"", ""hid_lr_mult"": 1.0, ""lr"": 0.001, ""muon"": 0, ""optimizer"": ""sgd"", ""out_bias_q"": -1.0, ""out_lr_mult"": 1.0, ""out_w_scale"": 1.0, ""p0"": 0.0, ""preprocess"": ""div255"", ""rule"": ""dfa"", ""seed"": 0, ""shift_step"": 0, ""target_center"": 0, ""target_scale"": 1.0, ""whiten"": 0, ""width"": 300}",,,
E7_anatomy,frzout,1,1,dfa,1.3514316082000732,1.3514316082000732,0.9999936819076538,0.0209458786994218,0.9743474125862122,0.245912104845047,1212.8540601295165,155.38087309551173,1008.2033567922535,1212.8540601295165,3000,1212.8540601295165,"{""act"": ""tanh"", ""arch"": ""mlp"", ""batch"": 128, ""batchnorm"": 0, ""calibrate_head"": 0, ""center"": ""none"", ""classes"": 10, ""dataset"": ""mnist"", ""depth"": 3, ""fb_row_norm"": 0, ""fb_scale"": 1.0, ""fb_seed"": 1, ""freeze_bias"": 0, ""freeze_out"": 1, ""head"": ""sigmoid_bce"", ""hid_lr_mult"": 1.0, ""lr"": 0.001, ""muon"": 0, ""optimizer"": ""sgd"", ""out_bias_q"": -1.0, ""out_lr_mult"": 1.0, ""out_w_scale"": 1.0, ""p0"": 0.0, ""preprocess"": ""div255"", ""rule"": ""dfa"", ""seed"": 1, ""shift_step"": 0, ""target_center"": 0, ""target_scale"": 1.0, ""whiten"": 0, ""width"": 300}",,,
E7_anatomy,frzout,2,2,dfa,1.247653603553772,1.247653603553772,0.9999983310699464,0.014514347538352,0.9766053557395936,0.2596917748451233,1021.663250639108,132.65661573467577,849.9387602586964,1021.663250639108,3000,1021.663250639108,"{""act"": ""tanh"", ""arch"": ""mlp"", ""batch"": 128, ""batchnorm"": 0, ""calibrate_head"": 0, ""center"": ""none"", ""classes"": 10, ""dataset"": ""mnist"", ""depth"": 3, ""fb_row_norm"": 0, ""fb_scale"": 1.0, ""fb_seed"": 2, ""freeze_bias"": 0, ""freeze_out"": 1, ""head"": ""sigmoid_bce"", ""hid_lr_mult"": 1.0, ""lr"": 0.001, ""muon"": 0, ""optimizer"": ""sgd"", ""out_bias_q"": -1.0, ""out_lr_mult"": 1.0, ""out_w_scale"": 1.0, ""p0"": 0.0, ""preprocess"": ""div255"", ""rule"": ""dfa"", ""seed"": 2, ""shift_step"": 0, ""target_center"": 0, ""target_scale"": 1.0, ""whiten"": 0, ""width"": 300}",,,
E7_anatomy,g3,0,0,dfa,3.8076542615890503,1.26921808719635,0.999739706516266,0.0927138403058052,0.9422848224639891,0.5469479560852051,50.95914736282944,2.9900708886816574,8.367440574699396,12.747619118640142,50,12.747619118640142,"{""act"": ""tanh"", ""arch"": ""mlp"", ""batch"": 128, ""batchnorm"": 0, ""calibrate_head"": 0, ""center"": ""none"", ""classes"": 10, ""dataset"": ""mnist"", ""depth"": 3, ""fb_row_norm"": 0, ""fb_scale"": 3.0, ""fb_seed"": 0, ""freeze_bias"": 0, ""freeze_out"": 0, ""head"": ""sigmoid_bce"", ""hid_lr_mult"": 1.0, ""lr"": 0.001, ""muon"": 0, ""optimizer"": ""sgd"", ""out_bias_q"": -1.0, ""out_lr_mult"": 1.0, ""out_w_scale"": 1.0, ""p0"": 0.0, ""preprocess"": ""div255"", ""rule"": ""dfa"", ""seed"": 0, ""shift_step"": 0, ""target_center"": 0, ""target_scale"": 1.0, ""whiten"": 0, ""width"": 300}",,,
E7_anatomy,g3,1,1,dfa,4.05429482460022,1.3514316082000732,0.999873161315918,0.0775673761963844,0.9444580674171448,0.5212137699127197,68.94852732962654,3.911681594209346,11.775582323767637,18.99999435669284,60,18.99999435669284,"{""act"": ""tanh"", ""arch"": ""mlp"", ""batch"": 128, ""batchnorm"": 0, ""calibrate_head"": 0, ""center"": ""none"", ""classes"": 10, ""dataset"": ""mnist"", ""depth"": 3, ""fb_row_norm"": 0, ""fb_scale"": 3.0, ""fb_seed"": 1, ""freeze_bias"": 0, ""freeze_out"": 0, ""head"": ""sigmoid_bce"", ""hid_lr_mult"": 1.0, ""lr"": 0.001, ""muon"": 0, ""optimizer"": ""sgd"", ""out_bias_q"": -1.0, ""out_lr_mult"": 1.0, ""out_w_scale"": 1.0, ""p0"": 0.0, ""preprocess"": ""div255"", ""rule"": ""dfa"", ""seed"": 1, ""shift_step"": 0, ""target_center"": 0, ""target_scale"": 1.0, ""whiten"": 0, ""width"": 300}",,,
E7_anatomy,g3,2,2,dfa,3.742960810661316,1.247653603553772,0.9998282194137572,0.0678131207823753,0.9460177421569824,0.5405383110046387,52.45749392089945,3.424922755925662,10.032715601597948,15.32633398459428,50,15.32633398459428,"{""act"": ""tanh"", ""arch"": ""mlp"", ""batch"": 128, ""batchnorm"": 0, ""calibrate_head"": 0, ""center"": ""none"", ""classes"": 10, ""dataset"": ""mnist"", ""depth"": 3, ""fb_row_norm"": 0, ""fb_scale"": 3.0, ""fb_seed"": 2, ""freeze_bias"": 0, ""freeze_out"": 0, ""head"": ""sigmoid_bce"", ""hid_lr_mult"": 1.0, ""lr"": 0.001, ""muon"": 0, ""optimizer"": ""sgd"", ""out_bias_q"": -1.0, ""out_lr_mult"": 1.0, ""out_w_scale"": 1.0, ""p0"": 0.0, ""preprocess"": ""div255"", ""rule"": ""dfa"", ""seed"": 2, ""shift_step"": 0, ""target_center"": 0, ""target_scale"": 1.0, ""whiten"": 0, ""width"": 300}",,,
E7_anatomy,smimb07,0,0,dfa,0.7122782468795776,0.7122782468795776,0.977142870426178,0.3948385417461395,0.7959622144699097,0.6730431318283081,4.573643165095743,12.644412330219197,4.930197794687662,4.281357637839147,80,4.281357637839147,"{""act"": ""tanh"", ""arch"": ""mlp"", ""batch"": 128, ""batchnorm"": 0, ""calibrate_head"": 0, ""center"": ""none"", ""classes"": 10, ""dataset"": ""mnist"", ""depth"": 3, ""fb_row_norm"": 0, ""fb_scale"": 1.0, ""fb_seed"": 0, ""freeze_bias"": 0, ""freeze_out"": 0, ""head"": ""softmax_ce"", ""hid_lr_mult"": 1.0, ""lr"": 0.001, ""muon"": 0, ""optimizer"": ""sgd"", ""out_bias_q"": -1.0, ""out_lr_mult"": 1.0, ""out_w_scale"": 1.0, ""p0"": 0.7, ""preprocess"": ""standardize"", ""rule"": ""dfa"", ""seed"": 0, ""shift_step"": 0, ""target_center"": 0, ""target_scale"": 1.0, ""whiten"": 0, ""width"": 300}",,,
E7_anatomy,smimb07,1,1,dfa,0.6788398623466492,0.6788398623466492,0.954731285572052,0.4653670787811279,0.7578212022781372,0.7327631711959839,4.106599592417904,11.468180662786745,4.140063696919597,3.5332419314157835,70,3.5332419314157835,"{""act"": ""tanh"", ""arch"": ""mlp"", ""batch"": 128, ""batchnorm"": 0, ""calibrate_head"": 0, ""center"": ""none"", ""classes"": 10, ""dataset"": ""mnist"", ""depth"": 3, ""fb_row_norm"": 0, ""fb_scale"": 1.0, ""fb_seed"": 1, ""freeze_bias"": 0, ""freeze_out"": 0, ""head"": ""softmax_ce"", ""hid_lr_mult"": 1.0, ""lr"": 0.001, ""muon"": 0, ""optimizer"": ""sgd"", ""out_bias_q"": -1.0, ""out_lr_mult"": 1.0, ""out_w_scale"": 1.0, ""p0"": 0.7, ""preprocess"": ""standardize"", ""rule"": ""dfa"", ""seed"": 1, ""shift_step"": 0, ""target_center"": 0, ""target_scale"": 1.0, ""whiten"": 0, ""width"": 300}",,,
E7_anatomy,smimb07,2,2,dfa,0.645359456539154,0.645359456539154,0.9464221596717834,0.4311049878597259,0.756110429763794,0.7265958189964294,5.038365743343206,12.834377302008786,4.913321834859533,4.257071054668028,80,4.257071054668028,"{""act"": ""tanh"", ""arch"": ""mlp"", ""batch"": 128, ""batchnorm"": 0, ""calibrate_head"": 0, ""center"": ""none"", ""classes"": 10, ""dataset"": ""mnist"", ""depth"": 3, ""fb_row_norm"": 0, ""fb_scale"": 1.0, ""fb_seed"": 2, ""freeze_bias"": 0, ""freeze_out"": 0, ""head"": ""softmax_ce"", ""hid_lr_mult"": 1.0, ""lr"": 0.001, ""muon"": 0, ""optimizer"": ""sgd"", ""out_bias_q"": -1.0, ""out_lr_mult"": 1.0, ""out_w_scale"": 1.0, ""p0"": 0.7, ""preprocess"": ""standardize"", ""rule"": ""dfa"", ""seed"": 2, ""shift_step"": 0, ""target_center"": 0, ""target_scale"": 1.0, ""whiten"": 0, ""width"": 300}",,,
E7_anatomy,softmax,0,0,dfa,0.0904107093811035,0.0904107093811035,0.2709207236766815,0.9329913258552552,0.2673662006855011,0.9613422155380248,0.0705821984996258,0.727936471331045,0.1130060908441868,0.0718519479917345,1400,0.0718519479917345,"{""act"": ""tanh"", ""arch"": ""mlp"", ""batch"": 128, ""batchnorm"": 0, ""calibrate_head"": 0, ""center"": ""none"", ""classes"": 10, ""dataset"": ""mnist"", ""depth"": 3, ""fb_row_norm"": 0, ""fb_scale"": 1.0, ""fb_seed"": 0, ""freeze_bias"": 0, ""freeze_out"": 0, ""head"": ""softmax_ce"", ""hid_lr_mult"": 1.0, ""lr"": 0.001, ""muon"": 0, ""optimizer"": ""sgd"", ""out_bias_q"": -1.0, ""out_lr_mult"": 1.0, ""out_w_scale"": 1.0, ""p0"": 0.0, ""preprocess"": ""standardize"", ""rule"": ""dfa"", ""seed"": 0, ""shift_step"": 0, ""target_center"": 0, ""target_scale"": 1.0, ""whiten"": 0, ""width"": 300}",,,
E7_anatomy,softmax,1,1,dfa,0.0930543169379234,0.0930543169379234,0.3001135885715484,0.9390148520469666,0.2783247530460357,0.956673800945282,0.3980372227673588,4.218397187128206,0.5553259262703447,0.3693021902148694,1040,0.3693021902148694,"{""act"": ""tanh"", ""arch"": ""mlp"", ""batch"": 128, ""batchnorm"": 0, ""calibrate_head"": 0, ""center"": ""none"", ""classes"": 10, ""dataset"": ""mnist"", ""depth"": 3, ""fb_row_norm"": 0, ""fb_scale"": 1.0, ""fb_seed"": 1, ""freeze_bias"": 0, ""freeze_out"": 0, ""head"": ""softmax_ce"", ""hid_lr_mult"": 1.0, ""lr"": 0.001, ""muon"": 0, ""optimizer"": ""sgd"", ""out_bias_q"": -1.0, ""out_lr_mult"": 1.0, ""out_w_scale"": 1.0, ""p0"": 0.0, ""preprocess"": ""standardize"", ""rule"": ""dfa"", ""seed"": 1, ""shift_step"": 0, ""target_center"": 0, ""target_scale"": 1.0, ""whiten"": 0, ""width"": 300}",,,
E7_anatomy,softmax,2,2,dfa,0.0889791771769523,0.0889791771769523,0.3184877038002014,0.917256236076355,0.283080130815506,0.9458945393562316,-0.0785567372797466,-2.50404404212582,-0.0731223350086319,-0.0293668686967756,1310,-0.0293668686967756,"{""act"": ""tanh"", ""arch"": ""mlp"", ""batch"": 128, ""batchnorm"": 0, ""calibrate_head"": 0, ""center"": ""none"", ""classes"": 10, ""dataset"": ""mnist"", ""depth"": 3, ""fb_row_norm"": 0, ""fb_scale"": 1.0, ""fb_seed"": 2, ""freeze_bias"": 0, ""freeze_out"": 0, ""head"": ""softmax_ce"", ""hid_lr_mult"": 1.0, ""lr"": 0.001, ""muon"": 0, ""optimizer"": ""sgd"", ""out_bias_q"": -1.0, ""out_lr_mult"": 1.0, ""out_w_scale"": 1.0, ""p0"": 0.0, ""preprocess"": ""standardize"", ""rule"": ""dfa"", ""seed"": 2, ""shift_step"": 0, ""target_center"": 0, ""target_scale"": 1.0, ""whiten"": 0, ""width"": 300}",,,
E10_nonsat,gelu_lr1e3_centere_outlr10,0,0,dfa,1.2646960020065308,1.2646960020065308,0.9928354620933532,0.5854490995407104,0.748698353767395,0.7386921644210815,57901.47737833073,5.609461273888348,1.901735349281333,0.8047218139571023,190,0.8047218139571023,"{""act"": ""gelu"", ""arch"": ""mlp"", ""batch"": 128, ""batchnorm"": 0, ""calibrate_head"": 0, ""center"": ""e"", ""classes"": 10, ""dataset"": ""mnist"", ""depth"": 3, ""fb_row_norm"": 0, ""fb_scale"": 1.0, ""fb_seed"": 0, ""freeze_bias"": 0, ""freeze_out"": 0, ""head"": ""sigmoid_bce"", ""hid_lr_mult"": 1.0, ""lr"": 0.001, ""muon"": 0, ""optimizer"": ""sgd"", ""out_bias_q"": -1.0, ""out_lr_mult"": 10.0, ""out_w_scale"": 1.0, ""p0"": 0.0, ""preprocess"": ""div255"", ""rule"": ""dfa"", ""seed"": 0, ""shift_step"": 0, ""target_center"": 0, ""target_scale"": 1.0, ""whiten"": 0, ""width"": 300}",,,
E10_nonsat,gelu_lr1e3_centere_outlr10,1,1,dfa,1.2938796281814575,1.2938796281814575,0.9923255443572998,0.5483388304710388,0.75539630651474,0.7381121516227722,47286.91208106085,5.19969523524438,2.101575949391075,0.8858286398152665,180,0.8858286398152665,"{""act"": ""gelu"", ""arch"": ""mlp"", ""batch"": 128, ""batchnorm"": 0, ""calibrate_head"": 0, ""center"": ""e"", ""classes"": 10, ""dataset"": ""mnist"", ""depth"": 3, ""fb_row_norm"": 0, ""fb_scale"": 1.0, ""fb_seed"": 1, ""freeze_bias"": 0, ""freeze_out"": 0, ""head"": ""sigmoid_bce"", ""hid_lr_mult"": 1.0, ""lr"": 0.001, ""muon"": 0, ""optimizer"": ""sgd"", ""out_bias_q"": -1.0, ""out_lr_mult"": 10.0, ""out_w_scale"": 1.0, ""p0"": 0.0, ""preprocess"": ""div255"", ""rule"": ""dfa"", ""seed"": 1, ""shift_step"": 0, ""target_center"": 0, ""target_scale"": 1.0, ""whiten"": 0, ""width"": 300}",,,
E10_nonsat,gelu_lr1e3_centere_outlr10,2,2,dfa,1.2646095752716064,1.2646095752716064,0.9911712408065796,0.5706952214241028,0.7408130764961243,0.7456813454627991,17606.292793479668,6.608598691481417,3.092247986220769,1.2612022245208845,240,1.2612022245208845,"{""act"": ""gelu"", ""arch"": ""mlp"", ""batch"": 128, ""batchnorm"": 0, ""calibrate_head"": 0, ""center"": ""e"", ""classes"": 10, ""dataset"": ""mnist"", ""depth"": 3, ""fb_row_norm"": 0, ""fb_scale"": 1.0, ""fb_seed"": 2, ""freeze_bias"": 0, ""freeze_out"": 0, ""head"": ""sigmoid_bce"", ""hid_lr_mult"": 1.0, ""lr"": 0.001, ""muon"": 0, ""optimizer"": ""sgd"", ""out_bias_q"": -1.0, ""out_lr_mult"": 10.0, ""out_w_scale"": 1.0, ""p0"": 0.0, ""preprocess"": ""div255"", ""rule"": ""dfa"", ""seed"": 2, ""shift_step"": 0, ""target_center"": 0, ""target_scale"": 1.0, ""whiten"": 0, ""width"": 300}",,,
E10_nonsat,gelu_lr1e3_centere_pixcenter,0,0,dfa,1.2665081024169922,1.2665081024169922,0.8351289629936218,0.966139316558838,0.1732709854841232,0.9925692677497864,8.228409711774427,0.8242876649449058,1.9384189636059643,3.1508870913668527,590,3.1508870913668527,"{""act"": ""gelu"", ""arch"": ""mlp"", ""batch"": 128, ""batchnorm"": 0, ""calibrate_head"": 0, ""center"": ""e"", ""classes"": 10, ""dataset"": ""mnist"", ""depth"": 3, ""fb_row_norm"": 0, ""fb_scale"": 1.0, ""fb_seed"": 0, ""freeze_bias"": 0, ""freeze_out"": 0, ""head"": ""sigmoid_bce"", ""hid_lr_mult"": 1.0, ""lr"": 0.001, ""muon"": 0, ""optimizer"": ""sgd"", ""out_bias_q"": -1.0, ""out_lr_mult"": 1.0, ""out_w_scale"": 1.0, ""p0"": 0.0, ""preprocess"": ""pixcenter"", ""rule"": ""dfa"", ""seed"": 0, ""shift_step"": 0, ""target_center"": 0, ""target_scale"": 1.0, ""whiten"": 0, ""width"": 300}",,,
E10_nonsat,gelu_lr1e3_centere_pixcenter,1,1,dfa,1.2706109285354614,1.2706109285354614,0.8669039607048035,0.9611255526542664,0.1799553036689758,0.9915288090705872,14.741738327614453,0.8322112776161465,2.0260539921607044,3.6234403952904897,620,3.6234403952904897,"{""act"": ""gelu"", ""arch"": ""mlp"", ""batch"": 128, ""batchnorm"": 0, ""calibrate_head"": 0, ""center"": ""e"", ""classes"": 10, ""dataset"": ""mnist"", ""depth"": 3, ""fb_row_norm"": 0, ""fb_scale"": 1.0, ""fb_seed"": 1, ""freeze_bias"": 0, ""freeze_out"": 0, ""head"": ""sigmoid_bce"", ""hid_lr_mult"": 1.0, ""lr"": 0.001, ""muon"": 0, ""optimizer"": ""sgd"", ""out_bias_q"": -1.0, ""out_lr_mult"": 1.0, ""out_w_scale"": 1.0, ""p0"": 0.0, ""preprocess"": ""pixcenter"", ""rule"": ""dfa"", ""seed"": 1, ""shift_step"": 0, ""target_center"": 0, ""target_scale"": 1.0, ""whiten"": 0, ""width"": 300}",,,
E10_nonsat,gelu_lr1e3_centere_pixcenter,2,2,dfa,1.2661728858947754,1.2661728858947754,0.8690099716186523,0.9629945755004884,0.1763094514608383,0.9913536906242372,14.015460870582531,0.8336263436183874,2.1991817660183783,5.219386618625676,630,5.219386618625676,"{""act"": ""gelu"", ""arch"": ""mlp"", ""batch"": 128, ""batchnorm"": 0, ""calibrate_head"": 0, ""center"": ""e"", ""classes"": 10, ""dataset"": ""mnist"", ""depth"": 3, ""fb_row_norm"": 0, ""fb_scale"": 1.0, ""fb_seed"": 2, ""freeze_bias"": 0, ""freeze_out"": 0, ""head"": ""sigmoid_bce"", ""hid_lr_mult"": 1.0, ""lr"": 0.001, ""muon"": 0, ""optimizer"": ""sgd"", ""out_bias_q"": -1.0, ""out_lr_mult"": 1.0, ""out_w_scale"": 1.0, ""p0"": 0.0, ""preprocess"": ""pixcenter"", ""rule"": ""dfa"", ""seed"": 2, ""shift_step"": 0, ""target_center"": 0, ""target_scale"": 1.0, ""whiten"": 0, ""width"": 300}",,,
E10_nonsat,gelu_lr1e3_priorbias,0,0,dfa,0.0269526988267898,0.0269526988267898,0.978681743144989,0.5119045376777649,0.7112640738487244,0.729407012462616,2.835606255189908,0.0120498105406997,0.4779666837726813,2.835606255189908,3000,2.835606255189908,"{""act"": ""gelu"", ""arch"": ""mlp"", ""batch"": 128, ""batchnorm"": 0, ""calibrate_head"": 0, ""center"": ""none"", ""classes"": 10, ""dataset"": ""mnist"", ""depth"": 3, ""fb_row_norm"": 0, ""fb_scale"": 1.0, ""fb_seed"": 0, ""freeze_bias"": 0, ""freeze_out"": 0, ""head"": ""sigmoid_bce"", ""hid_lr_mult"": 1.0, ""lr"": 0.001, ""muon"": 0, ""optimizer"": ""sgd"", ""out_bias_q"": 0.1, ""out_lr_mult"": 1.0, ""out_w_scale"": 1.0, ""p0"": 0.0, ""preprocess"": ""div255"", ""rule"": ""dfa"", ""seed"": 0, ""shift_step"": 0, ""target_center"": 0, ""target_scale"": 1.0, ""whiten"": 0, ""width"": 300}",,,
E10_nonsat,gelu_lr1e3_priorbias,1,1,dfa,0.02333171851933,0.02333171851933,0.9886294603347778,0.5504470467567444,0.7495368123054504,0.7294483780860901,15.058933840800954,0.629163477997381,3.178303353461968,15.058933840800954,3000,15.058933840800954,"{""act"": ""gelu"", ""arch"": ""mlp"", ""batch"": 128, ""batchnorm"": 0, ""calibrate_head"": 0, ""center"": ""none"", ""classes"": 10, ""dataset"": ""mnist"", ""depth"": 3, ""fb_row_norm"": 0, ""fb_scale"": 1.0, ""fb_seed"": 1, ""freeze_bias"": 0, ""freeze_out"": 0, ""head"": ""sigmoid_bce"", ""hid_lr_mult"": 1.0, ""lr"": 0.001, ""muon"": 0, ""optimizer"": ""sgd"", ""out_bias_q"": 0.1, ""out_lr_mult"": 1.0, ""out_w_scale"": 1.0, ""p0"": 0.0, ""preprocess"": ""div255"", ""rule"": ""dfa"", ""seed"": 1, ""shift_step"": 0, ""target_center"": 0, ""target_scale"": 1.0, ""whiten"": 0, ""width"": 300}",,,
E10_nonsat,gelu_lr1e3_priorbias,2,2,dfa,0.0357458814978599,0.0357458814978599,0.9617854952812196,0.4958058595657348,0.7325480580329895,0.734485387802124,-7.484296960660741,0.1310626489209455,-0.9438106240461388,-7.484296960660741,3000,-7.484296960660741,"{""act"": ""gelu"", ""arch"": ""mlp"", ""batch"": 128, ""batchnorm"": 0, ""calibrate_head"": 0, ""center"": ""none"", ""classes"": 10, ""dataset"": ""mnist"", ""depth"": 3, ""fb_row_norm"": 0, ""fb_scale"": 1.0, ""fb_seed"": 2, ""freeze_bias"": 0, ""freeze_out"": 0, ""head"": ""sigmoid_bce"", ""hid_lr_mult"": 1.0, ""lr"": 0.001, ""muon"": 0, ""optimizer"": ""sgd"", ""out_bias_q"": 0.1, ""out_lr_mult"": 1.0, ""out_w_scale"": 1.0, ""p0"": 0.0, ""preprocess"": ""div255"", ""rule"": ""dfa"", ""seed"": 2, ""shift_step"": 0, ""target_center"": 0, ""target_scale"": 1.0, ""whiten"": 0, ""width"": 300}",,,
E10_nonsat,gelu_lr1e4,0,0,dfa,1.2646960020065308,1.2646960020065308,0.9982598423957824,0.4410112202167511,0.904059112071991,0.5441682934761047,12.22568826640755,1.040745851213063,1.2262325882291736,1.8754990845365525,280,1.8754990845365525,"{""act"": ""gelu"", ""arch"": ""mlp"", ""batch"": 128, ""batchnorm"": 0, ""calibrate_head"": 0, ""center"": ""none"", ""classes"": 10, ""dataset"": ""mnist"", ""depth"": 3, ""fb_row_norm"": 0, ""fb_scale"": 1.0, ""fb_seed"": 0, ""freeze_bias"": 0, ""freeze_out"": 0, ""head"": ""sigmoid_bce"", ""hid_lr_mult"": 1.0, ""lr"": 0.0001, ""muon"": 0, ""optimizer"": ""sgd"", ""out_bias_q"": -1.0, ""out_lr_mult"": 1.0, ""out_w_scale"": 1.0, ""p0"": 0.0, ""preprocess"": ""div255"", ""rule"": ""dfa"", ""seed"": 0, ""shift_step"": 0, ""target_center"": 0, ""target_scale"": 1.0, ""whiten"": 0, ""width"": 300}",,,
E10_nonsat,gelu_lr1e4,1,1,dfa,1.2938796281814575,1.2938796281814575,0.9987844228744508,0.4873604774475097,0.9128153920173644,0.5467285513877869,12.145395026944746,1.1408677321881808,1.371002564977211,2.2584839002513903,290,2.2584839002513903,"{""act"": ""gelu"", ""arch"": ""mlp"", ""batch"": 128, ""batchnorm"": 0, ""calibrate_head"": 0, ""center"": ""none"", ""classes"": 10, ""dataset"": ""mnist"", ""depth"": 3, ""fb_row_norm"": 0, ""fb_scale"": 1.0, ""fb_seed"": 1, ""freeze_bias"": 0, ""freeze_out"": 0, ""head"": ""sigmoid_bce"", ""hid_lr_mult"": 1.0, ""lr"": 0.0001, ""muon"": 0, ""optimizer"": ""sgd"", ""out_bias_q"": -1.0, ""out_lr_mult"": 1.0, ""out_w_scale"": 1.0, ""p0"": 0.0, ""preprocess"": ""div255"", ""rule"": ""dfa"", ""seed"": 1, ""shift_step"": 0, ""target_center"": 0, ""target_scale"": 1.0, ""whiten"": 0, ""width"": 300}",,,
E10_nonsat,gelu_lr1e4,2,2,dfa,1.2646095752716064,1.2646095752716064,0.9974513649940492,0.4829729795455932,0.8934864401817322,0.5898013710975647,9.670699000823909,1.026319635159075,1.221602375120127,1.5239536042111006,310,1.5239536042111006,"{""act"": ""gelu"", ""arch"": ""mlp"", ""batch"": 128, ""batchnorm"": 0, ""calibrate_head"": 0, ""center"": ""none"", ""classes"": 10, ""dataset"": ""mnist"", ""depth"": 3, ""fb_row_norm"": 0, ""fb_scale"": 1.0, ""fb_seed"": 2, ""freeze_bias"": 0, ""freeze_out"": 0, ""head"": ""sigmoid_bce"", ""hid_lr_mult"": 1.0, ""lr"": 0.0001, ""muon"": 0, ""optimizer"": ""sgd"", ""out_bias_q"": -1.0, ""out_lr_mult"": 1.0, ""out_w_scale"": 1.0, ""p0"": 0.0, ""preprocess"": ""div255"", ""rule"": ""dfa"", ""seed"": 2, ""shift_step"": 0, ""target_center"": 0, ""target_scale"": 1.0, ""whiten"": 0, ""width"": 300}",,,
E10_nonsat,gelu_lr1e4_centere,0,0,dfa,1.2646960020065308,1.2646960020065308,0.9793927669525146,0.95602148771286,0.7061201333999634,0.7741760611534119,5.71295440139226,9.135196198830744,4.967149272206876,3.68665962347705,2430,3.68665962347705,"{""act"": ""gelu"", ""arch"": ""mlp"", ""batch"": 128, ""batchnorm"": 0, ""calibrate_head"": 0, ""center"": ""e"", ""classes"": 10, ""dataset"": ""mnist"", ""depth"": 3, ""fb_row_norm"": 0, ""fb_scale"": 1.0, ""fb_seed"": 0, ""freeze_bias"": 0, ""freeze_out"": 0, ""head"": ""sigmoid_bce"", ""hid_lr_mult"": 1.0, ""lr"": 0.0001, ""muon"": 0, ""optimizer"": ""sgd"", ""out_bias_q"": -1.0, ""out_lr_mult"": 1.0, ""out_w_scale"": 1.0, ""p0"": 0.0, ""preprocess"": ""div255"", ""rule"": ""dfa"", ""seed"": 0, ""shift_step"": 0, ""target_center"": 0, ""target_scale"": 1.0, ""whiten"": 0, ""width"": 300}",,,
E10_nonsat,gelu_lr1e4_centere,1,1,dfa,1.2938796281814575,1.2938796281814575,0.9664775729179382,0.9394704103469848,0.7245694994926453,0.783117949962616,7.178241287802967,9.44385548903758,6.304300947989211,4.473699243657016,2480,4.473699243657016,"{""act"": ""gelu"", ""arch"": ""mlp"", ""batch"": 128, ""batchnorm"": 0, ""calibrate_head"": 0, ""center"": ""e"", ""classes"": 10, ""dataset"": ""mnist"", ""depth"": 3, ""fb_row_norm"": 0, ""fb_scale"": 1.0, ""fb_seed"": 1, ""freeze_bias"": 0, ""freeze_out"": 0, ""head"": ""sigmoid_bce"", ""hid_lr_mult"": 1.0, ""lr"": 0.0001, ""muon"": 0, ""optimizer"": ""sgd"", ""out_bias_q"": -1.0, ""out_lr_mult"": 1.0, ""out_w_scale"": 1.0, ""p0"": 0.0, ""preprocess"": ""div255"", ""rule"": ""dfa"", ""seed"": 1, ""shift_step"": 0, ""target_center"": 0, ""target_scale"": 1.0, ""whiten"": 0, ""width"": 300}",,,
E10_nonsat,gelu_lr1e4_centere,2,2,dfa,1.2646095752716064,1.2646095752716064,0.8479181528091431,0.9527460932731628,0.6828923225402832,0.7600640654563904,7.926005401294545,10.901921129111866,8.557287751265934,7.926005401294545,3000,7.926005401294545,"{""act"": ""gelu"", ""arch"": ""mlp"", ""batch"": 128, ""batchnorm"": 0, ""calibrate_head"": 0, ""center"": ""e"", ""classes"": 10, ""dataset"": ""mnist"", ""depth"": 3, ""fb_row_norm"": 0, ""fb_scale"": 1.0, ""fb_seed"": 2, ""freeze_bias"": 0, ""freeze_out"": 0, ""head"": ""sigmoid_bce"", ""hid_lr_mult"": 1.0, ""lr"": 0.0001, ""muon"": 0, ""optimizer"": ""sgd"", ""out_bias_q"": -1.0, ""out_lr_mult"": 1.0, ""out_w_scale"": 1.0, ""p0"": 0.0, ""preprocess"": ""div255"", ""rule"": ""dfa"", ""seed"": 2, ""shift_step"": 0, ""target_center"": 0, ""target_scale"": 1.0, ""whiten"": 0, ""width"": 300}",,,
E10_nonsat,gelu_lr3e4,0,0,dfa,1.2646960020065308,1.2646960020065308,0.998330295085907,0.4398929476737976,0.9054378867149352,0.543045699596405,30.3964360892712,1.051797744097058,1.2441759208753018,1.9155071769434464,100,1.9155071769434464,"{""act"": ""gelu"", ""arch"": ""mlp"", ""batch"": 128, ""batchnorm"": 0, ""calibrate_head"": 0, ""center"": ""none"", ""classes"": 10, ""dataset"": ""mnist"", ""depth"": 3, ""fb_row_norm"": 0, ""fb_scale"": 1.0, ""fb_seed"": 0, ""freeze_bias"": 0, ""freeze_out"": 0, ""head"": ""sigmoid_bce"", ""hid_lr_mult"": 1.0, ""lr"": 0.0003, ""muon"": 0, ""optimizer"": ""sgd"", ""out_bias_q"": -1.0, ""out_lr_mult"": 1.0, ""out_w_scale"": 1.0, ""p0"": 0.0, ""preprocess"": ""div255"", ""rule"": ""dfa"", ""seed"": 0, ""shift_step"": 0, ""target_center"": 0, ""target_scale"": 1.0, ""whiten"": 0, ""width"": 300}",,,
E10_nonsat,gelu_lr3e4,1,1,dfa,1.2938796281814575,1.2938796281814575,0.998820960521698,0.4836735129356384,0.9138351678848268,0.5457479953765869,27.21746635864191,1.1549563948627648,1.3980486145673596,2.3284774719577865,100,2.3284774719577865,"{""act"": ""gelu"", ""arch"": ""mlp"", ""batch"": 128, ""batchnorm"": 0, ""calibrate_head"": 0, ""center"": ""none"", ""classes"": 10, ""dataset"": ""mnist"", ""depth"": 3, ""fb_row_norm"": 0, ""fb_scale"": 1.0, ""fb_seed"": 1, ""freeze_bias"": 0, ""freeze_out"": 0, ""head"": ""sigmoid_bce"", ""hid_lr_mult"": 1.0, ""lr"": 0.0003, ""muon"": 0, ""optimizer"": ""sgd"", ""out_bias_q"": -1.0, ""out_lr_mult"": 1.0, ""out_w_scale"": 1.0, ""p0"": 0.0, ""preprocess"": ""div255"", ""rule"": ""dfa"", ""seed"": 1, ""shift_step"": 0, ""target_center"": 0, ""target_scale"": 1.0, ""whiten"": 0, ""width"": 300}",,,
E10_nonsat,gelu_lr3e4,2,2,dfa,1.2646095752716064,1.2646095752716064,0.9974822402000428,0.4618065357208252,0.8944106101989746,0.5890244841575623,22.645369874107725,1.039479851235931,1.2559746191813088,1.6014529210811368,110,1.6014529210811368,"{""act"": ""gelu"", ""arch"": ""mlp"", ""batch"": 128, ""batchnorm"": 0, ""calibrate_head"": 0, ""center"": ""none"", ""classes"": 10, ""dataset"": ""mnist"", ""depth"": 3, ""fb_row_norm"": 0, ""fb_scale"": 1.0, ""fb_seed"": 2, ""freeze_bias"": 0, ""freeze_out"": 0, ""head"": ""sigmoid_bce"", ""hid_lr_mult"": 1.0, ""lr"": 0.0003, ""muon"": 0, ""optimizer"": ""sgd"", ""out_bias_q"": -1.0, ""out_lr_mult"": 1.0, ""out_w_scale"": 1.0, ""p0"": 0.0, ""preprocess"": ""div255"", ""rule"": ""dfa"", ""seed"": 2, ""shift_step"": 0, ""target_center"": 0, ""target_scale"": 1.0, ""whiten"": 0, ""width"": 300}",,,
E10_nonsat,gelu_lr3e4_centere,0,0,dfa,1.2646960020065308,1.2646960020065308,0.994889199733734,0.9173481464385986,0.7498432993888855,0.7460170984268188,169.09402529220492,9.155751238772906,4.97346432497211,3.682689848921068,810,3.682689848921068,"{""act"": ""gelu"", ""arch"": ""mlp"", ""batch"": 128, ""batchnorm"": 0, ""calibrate_head"": 0, ""center"": ""e"", ""classes"": 10, ""dataset"": ""mnist"", ""depth"": 3, ""fb_row_norm"": 0, ""fb_scale"": 1.0, ""fb_seed"": 0, ""freeze_bias"": 0, ""freeze_out"": 0, ""head"": ""sigmoid_bce"", ""hid_lr_mult"": 1.0, ""lr"": 0.0003, ""muon"": 0, ""optimizer"": ""sgd"", ""out_bias_q"": -1.0, ""out_lr_mult"": 1.0, ""out_w_scale"": 1.0, ""p0"": 0.0, ""preprocess"": ""div255"", ""rule"": ""dfa"", ""seed"": 0, ""shift_step"": 0, ""target_center"": 0, ""target_scale"": 1.0, ""whiten"": 0, ""width"": 300}",,,
E10_nonsat,gelu_lr3e4_centere,1,1,dfa,1.2938796281814575,1.2938796281814575,0.9936410188674928,0.8842130899429321,0.7560484409332275,0.7546680569648743,165.44414276697185,9.433830539872272,6.286455042185098,4.482047974108912,830,4.482047974108912,"{""act"": ""gelu"", ""arch"": ""mlp"", ""batch"": 128, ""batchnorm"": 0, ""calibrate_head"": 0, ""center"": ""e"", ""classes"": 10, ""dataset"": ""mnist"", ""depth"": 3, ""fb_row_norm"": 0, ""fb_scale"": 1.0, ""fb_seed"": 1, ""freeze_bias"": 0, ""freeze_out"": 0, ""head"": ""sigmoid_bce"", ""hid_lr_mult"": 1.0, ""lr"": 0.0003, ""muon"": 0, ""optimizer"": ""sgd"", ""out_bias_q"": -1.0, ""out_lr_mult"": 1.0, ""out_w_scale"": 1.0, ""p0"": 0.0, ""preprocess"": ""div255"", ""rule"": ""dfa"", ""seed"": 1, ""shift_step"": 0, ""target_center"": 0, ""target_scale"": 1.0, ""whiten"": 0, ""width"": 300}",,,
E10_nonsat,gelu_lr3e4_centere,2,2,dfa,1.2646095752716064,1.2646095752716064,0.9918394088745116,0.9272883534431458,0.7424511313438416,0.7492733597755432,73.15235080683397,11.177422028355398,9.55689572539739,13.25325609030669,1140,13.25325609030669,"{""act"": ""gelu"", ""arch"": ""mlp"", ""batch"": 128, ""batchnorm"": 0, ""calibrate_head"": 0, ""center"": ""e"", ""classes"": 10, ""dataset"": ""mnist"", ""depth"": 3, ""fb_row_norm"": 0, ""fb_scale"": 1.0, ""fb_seed"": 2, ""freeze_bias"": 0, ""freeze_out"": 0, ""head"": ""sigmoid_bce"", ""hid_lr_mult"": 1.0, ""lr"": 0.0003, ""muon"": 0, ""optimizer"": ""sgd"", ""out_bias_q"": -1.0, ""out_lr_mult"": 1.0, ""out_w_scale"": 1.0, ""p0"": 0.0, ""preprocess"": ""div255"", ""rule"": ""dfa"", ""seed"": 2, ""shift_step"": 0, ""target_center"": 0, ""target_scale"": 1.0, ""whiten"": 0, ""width"": 300}",,,
E10_nonsat,gelu_lr3e4_centere_outlr10,0,0,dfa,1.2646960020065308,1.2646960020065308,0.9949219226837158,0.9196699857711792,0.7517060041427612,0.7478185892105103,61.1595131144696,5.55301037409437,1.9030849140728427,0.8161559989404861,630,0.8161559989404861,"{""act"": ""gelu"", ""arch"": ""mlp"", ""batch"": 128, ""batchnorm"": 0, ""calibrate_head"": 0, ""center"": ""e"", ""classes"": 10, ""dataset"": ""mnist"", ""depth"": 3, ""fb_row_norm"": 0, ""fb_scale"": 1.0, ""fb_seed"": 0, ""freeze_bias"": 0, ""freeze_out"": 0, ""head"": ""sigmoid_bce"", ""hid_lr_mult"": 1.0, ""lr"": 0.0003, ""muon"": 0, ""optimizer"": ""sgd"", ""out_bias_q"": -1.0, ""out_lr_mult"": 10.0, ""out_w_scale"": 1.0, ""p0"": 0.0, ""preprocess"": ""div255"", ""rule"": ""dfa"", ""seed"": 0, ""shift_step"": 0, ""target_center"": 0, ""target_scale"": 1.0, ""whiten"": 0, ""width"": 300}",,,
E10_nonsat,gelu_lr3e4_centere_outlr10,1,1,dfa,1.2938796281814575,1.2938796281814575,0.994486391544342,0.881533682346344,0.7600748538970947,0.753645122051239,75.49529438059778,5.128069018502464,2.035598772905347,0.8398343300422262,570,0.8398343300422262,"{""act"": ""gelu"", ""arch"": ""mlp"", ""batch"": 128, ""batchnorm"": 0, ""calibrate_head"": 0, ""center"": ""e"", ""classes"": 10, ""dataset"": ""mnist"", ""depth"": 3, ""fb_row_norm"": 0, ""fb_scale"": 1.0, ""fb_seed"": 1, ""freeze_bias"": 0, ""freeze_out"": 0, ""head"": ""sigmoid_bce"", ""hid_lr_mult"": 1.0, ""lr"": 0.0003, ""muon"": 0, ""optimizer"": ""sgd"", ""out_bias_q"": -1.0, ""out_lr_mult"": 10.0, ""out_w_scale"": 1.0, ""p0"": 0.0, ""preprocess"": ""div255"", ""rule"": ""dfa"", ""seed"": 1, ""shift_step"": 0, ""target_center"": 0, ""target_scale"": 1.0, ""whiten"": 0, ""width"": 300}",,,
E10_nonsat,gelu_lr3e4_centere_outlr10,2,2,dfa,1.2646095752716064,1.2646095752716064,0.9937840700149536,0.9287809729576112,0.7485565543174744,0.7501972317695618,22.660212558002616,6.526508454653059,3.010508627708358,1.200935468547324,770,1.200935468547324,"{""act"": ""gelu"", ""arch"": ""mlp"", ""batch"": 128, ""batchnorm"": 0, ""calibrate_head"": 0, ""center"": ""e"", ""classes"": 10, ""dataset"": ""mnist"", ""depth"": 3, ""fb_row_norm"": 0, ""fb_scale"": 1.0, ""fb_seed"": 2, ""freeze_bias"": 0, ""freeze_out"": 0, ""head"": ""sigmoid_bce"", ""hid_lr_mult"": 1.0, ""lr"": 0.0003, ""muon"": 0, ""optimizer"": ""sgd"", ""out_bias_q"": -1.0, ""out_lr_mult"": 10.0, ""out_w_scale"": 1.0, ""p0"": 0.0, ""preprocess"": ""div255"", ""rule"": ""dfa"", ""seed"": 2, ""shift_step"": 0, ""target_center"": 0, ""target_scale"": 1.0, ""whiten"": 0, ""width"": 300}",,,
E10_nonsat,linear_lr1e3_centere_outlr10,0,0,dfa,1.26019287109375,1.26019287109375,0.9921751618385316,1.0,0.6561756730079651,1.0,435293.8074838903,1.250408740099154,0.6458693564812893,0.6406660172279705,70,0.6406660172279705,"{""act"": ""linear"", ""arch"": ""mlp"", ""batch"": 128, ""batchnorm"": 0, ""calibrate_head"": 0, ""center"": ""e"", ""classes"": 10, ""dataset"": ""mnist"", ""depth"": 3, ""fb_row_norm"": 0, ""fb_scale"": 1.0, ""fb_seed"": 0, ""freeze_bias"": 0, ""freeze_out"": 0, ""head"": ""sigmoid_bce"", ""hid_lr_mult"": 1.0, ""lr"": 0.001, ""muon"": 0, ""optimizer"": ""sgd"", ""out_bias_q"": -1.0, ""out_lr_mult"": 10.0, ""out_w_scale"": 1.0, ""p0"": 0.0, ""preprocess"": ""div255"", ""rule"": ""dfa"", ""seed"": 0, ""shift_step"": 0, ""target_center"": 0, ""target_scale"": 1.0, ""whiten"": 0, ""width"": 300}",,,
E10_nonsat,linear_lr1e3_centere_outlr10,1,1,dfa,1.3921167850494385,1.3921167850494385,0.9925792813301086,1.0,0.6458480358123779,1.0,871273.0022634508,1.032844192749312,0.5732009334397545,0.6001537564479011,50,0.6001537564479011,"{""act"": ""linear"", ""arch"": ""mlp"", ""batch"": 128, ""batchnorm"": 0, ""calibrate_head"": 0, ""center"": ""e"", ""classes"": 10, ""dataset"": ""mnist"", ""depth"": 3, ""fb_row_norm"": 0, ""fb_scale"": 1.0, ""fb_seed"": 1, ""freeze_bias"": 0, ""freeze_out"": 0, ""head"": ""sigmoid_bce"", ""hid_lr_mult"": 1.0, ""lr"": 0.001, ""muon"": 0, ""optimizer"": ""sgd"", ""out_bias_q"": -1.0, ""out_lr_mult"": 10.0, ""out_w_scale"": 1.0, ""p0"": 0.0, ""preprocess"": ""div255"", ""rule"": ""dfa"", ""seed"": 1, ""shift_step"": 0, ""target_center"": 0, ""target_scale"": 1.0, ""whiten"": 0, ""width"": 300}",,,
E10_nonsat,linear_lr1e3_centere_outlr10,2,2,dfa,1.2536029815673828,1.2536029815673828,0.9898830652236938,1.0,0.6478798389434814,1.0,593958.164527006,1.2341481935169538,0.7911641922313271,0.74826779887701,80,0.74826779887701,"{""act"": ""linear"", ""arch"": ""mlp"", ""batch"": 128, ""batchnorm"": 0, ""calibrate_head"": 0, ""center"": ""e"", ""classes"": 10, ""dataset"": ""mnist"", ""depth"": 3, ""fb_row_norm"": 0, ""fb_scale"": 1.0, ""fb_seed"": 2, ""freeze_bias"": 0, ""freeze_out"": 0, ""head"": ""sigmoid_bce"", ""hid_lr_mult"": 1.0, ""lr"": 0.001, ""muon"": 0, ""optimizer"": ""sgd"", ""out_bias_q"": -1.0, ""out_lr_mult"": 10.0, ""out_w_scale"": 1.0, ""p0"": 0.0, ""preprocess"": ""div255"", ""rule"": ""dfa"", ""seed"": 2, ""shift_step"": 0, ""target_center"": 0, ""target_scale"": 1.0, ""whiten"": 0, ""width"": 300}",,,
E10_nonsat,linear_lr1e3_centere_pixcenter,0,0,dfa,1.2694724798202517,1.2694724798202517,0.0075361956842243,1.0,0.0026144196745008,1.0,5.932951900507924,3.84286809336283,3.9343398441860304,5.932951900507924,3000,5.932951900507924,"{""act"": ""linear"", ""arch"": ""mlp"", ""batch"": 128, ""batchnorm"": 0, ""calibrate_head"": 0, ""center"": ""e"", ""classes"": 10, ""dataset"": ""mnist"", ""depth"": 3, ""fb_row_norm"": 0, ""fb_scale"": 1.0, ""fb_seed"": 0, ""freeze_bias"": 0, ""freeze_out"": 0, ""head"": ""sigmoid_bce"", ""hid_lr_mult"": 1.0, ""lr"": 0.001, ""muon"": 0, ""optimizer"": ""sgd"", ""out_bias_q"": -1.0, ""out_lr_mult"": 1.0, ""out_w_scale"": 1.0, ""p0"": 0.0, ""preprocess"": ""pixcenter"", ""rule"": ""dfa"", ""seed"": 0, ""shift_step"": 0, ""target_center"": 0, ""target_scale"": 1.0, ""whiten"": 0, ""width"": 300}",,,
E10_nonsat,linear_lr1e3_centere_pixcenter,1,1,dfa,1.2640516757965088,1.2640516757965088,0.0114446552470326,1.0,0.0035031891893595,1.0,6.360572159716299,3.8503145033264734,3.995935286943851,6.360572159716299,3000,6.360572159716299,"{""act"": ""linear"", ""arch"": ""mlp"", ""batch"": 128, ""batchnorm"": 0, ""calibrate_head"": 0, ""center"": ""e"", ""classes"": 10, ""dataset"": ""mnist"", ""depth"": 3, ""fb_row_norm"": 0, ""fb_scale"": 1.0, ""fb_seed"": 1, ""freeze_bias"": 0, ""freeze_out"": 0, ""head"": ""sigmoid_bce"", ""hid_lr_mult"": 1.0, ""lr"": 0.001, ""muon"": 0, ""optimizer"": ""sgd"", ""out_bias_q"": -1.0, ""out_lr_mult"": 1.0, ""out_w_scale"": 1.0, ""p0"": 0.0, ""preprocess"": ""pixcenter"", ""rule"": ""dfa"", ""seed"": 1, ""shift_step"": 0, ""target_center"": 0, ""target_scale"": 1.0, ""whiten"": 0, ""width"": 300}",,,
E10_nonsat,linear_lr1e3_centere_pixcenter,2,2,dfa,1.2700917720794678,1.2700917720794678,0.0539713725447654,1.0,0.0079141026362776,1.0,5.813138158267383,3.8252253964528937,3.9209962243298704,5.813138158267383,3000,5.813138158267383,"{""act"": ""linear"", ""arch"": ""mlp"", ""batch"": 128, ""batchnorm"": 0, ""calibrate_head"": 0, ""center"": ""e"", ""classes"": 10, ""dataset"": ""mnist"", ""depth"": 3, ""fb_row_norm"": 0, ""fb_scale"": 1.0, ""fb_seed"": 2, ""freeze_bias"": 0, ""freeze_out"": 0, ""head"": ""sigmoid_bce"", ""hid_lr_mult"": 1.0, ""lr"": 0.001, ""muon"": 0, ""optimizer"": ""sgd"", ""out_bias_q"": -1.0, ""out_lr_mult"": 1.0, ""out_w_scale"": 1.0, ""p0"": 0.0, ""preprocess"": ""pixcenter"", ""rule"": ""dfa"", ""seed"": 2, ""shift_step"": 0, ""target_center"": 0, ""target_scale"": 1.0, ""whiten"": 0, ""width"": 300}",,,
E10_nonsat,linear_lr1e3_priorbias,0,0,dfa,0.051307089626789,0.051307089626789,0.9734309315681458,1.0,0.6817219257354736,1.0,2.3606066249868265,0.3118516617156877,0.6990267514945795,2.3606066249868265,3000,2.3606066249868265,"{""act"": ""linear"", ""arch"": ""mlp"", ""batch"": 128, ""batchnorm"": 0, ""calibrate_head"": 0, ""center"": ""none"", ""classes"": 10, ""dataset"": ""mnist"", ""depth"": 3, ""fb_row_norm"": 0, ""fb_scale"": 1.0, ""fb_seed"": 0, ""freeze_bias"": 0, ""freeze_out"": 0, ""head"": ""sigmoid_bce"", ""hid_lr_mult"": 1.0, ""lr"": 0.001, ""muon"": 0, ""optimizer"": ""sgd"", ""out_bias_q"": 0.1, ""out_lr_mult"": 1.0, ""out_w_scale"": 1.0, ""p0"": 0.0, ""preprocess"": ""div255"", ""rule"": ""dfa"", ""seed"": 0, ""shift_step"": 0, ""target_center"": 0, ""target_scale"": 1.0, ""whiten"": 0, ""width"": 300}",,,
E10_nonsat,linear_lr1e3_priorbias,1,1,dfa,0.1679140776395797,0.1679140776395797,0.995335340499878,1.0,0.8131585717201233,1.0,5.675168011192568,0.4006597244066695,0.566266122507507,1.224841959496548,490,1.224841959496548,"{""act"": ""linear"", ""arch"": ""mlp"", ""batch"": 128, ""batchnorm"": 0, ""calibrate_head"": 0, ""center"": ""none"", ""classes"": 10, ""dataset"": ""mnist"", ""depth"": 3, ""fb_row_norm"": 0, ""fb_scale"": 1.0, ""fb_seed"": 1, ""freeze_bias"": 0, ""freeze_out"": 0, ""head"": ""sigmoid_bce"", ""hid_lr_mult"": 1.0, ""lr"": 0.001, ""muon"": 0, ""optimizer"": ""sgd"", ""out_bias_q"": 0.1, ""out_lr_mult"": 1.0, ""out_w_scale"": 1.0, ""p0"": 0.0, ""preprocess"": ""div255"", ""rule"": ""dfa"", ""seed"": 1, ""shift_step"": 0, ""target_center"": 0, ""target_scale"": 1.0, ""whiten"": 0, ""width"": 300}",,,
E10_nonsat,linear_lr1e3_priorbias,2,2,dfa,0.1231182888150215,0.1231182888150215,0.9652372002601624,1.0,0.7052380442619324,1.0,-0.6178192580102063,0.2622767523007675,0.2152729611073826,0.1293623475227699,1310,0.1293623475227699,"{""act"": ""linear"", ""arch"": ""mlp"", ""batch"": 128, ""batchnorm"": 0, ""calibrate_head"": 0, ""center"": ""none"", ""classes"": 10, ""dataset"": ""mnist"", ""depth"": 3, ""fb_row_norm"": 0, ""fb_scale"": 1.0, ""fb_seed"": 2, ""freeze_bias"": 0, ""freeze_out"": 0, ""head"": ""sigmoid_bce"", ""hid_lr_mult"": 1.0, ""lr"": 0.001, ""muon"": 0, ""optimizer"": ""sgd"", ""out_bias_q"": 0.1, ""out_lr_mult"": 1.0, ""out_w_scale"": 1.0, ""p0"": 0.0, ""preprocess"": ""div255"", ""rule"": ""dfa"", ""seed"": 2, ""shift_step"": 0, ""target_center"": 0, ""target_scale"": 1.0, ""whiten"": 0, ""width"": 300}",,,
E10_nonsat,linear_lr1e4,0,0,dfa,1.26019287109375,1.26019287109375,0.9944888353347778,1.0,0.7929831743240356,1.0,7.560494284846532,0.5340204331786489,0.7454984710843237,1.663937970474715,210,1.663937970474715,"{""act"": ""linear"", ""arch"": ""mlp"", ""batch"": 128, ""batchnorm"": 0, ""calibrate_head"": 0, ""center"": ""none"", ""classes"": 10, ""dataset"": ""mnist"", ""depth"": 3, ""fb_row_norm"": 0, ""fb_scale"": 1.0, ""fb_seed"": 0, ""freeze_bias"": 0, ""freeze_out"": 0, ""head"": ""sigmoid_bce"", ""hid_lr_mult"": 1.0, ""lr"": 0.0001, ""muon"": 0, ""optimizer"": ""sgd"", ""out_bias_q"": -1.0, ""out_lr_mult"": 1.0, ""out_w_scale"": 1.0, ""p0"": 0.0, ""preprocess"": ""div255"", ""rule"": ""dfa"", ""seed"": 0, ""shift_step"": 0, ""target_center"": 0, ""target_scale"": 1.0, ""whiten"": 0, ""width"": 300}",,,
E10_nonsat,linear_lr1e4,1,1,dfa,1.3921167850494385,1.3921167850494385,0.9953442811965942,1.0,0.8108327388763428,1.0,9.441252649347202,0.5984159490181699,0.8584329203500988,2.2557323949637698,150,2.2557323949637698,"{""act"": ""linear"", ""arch"": ""mlp"", ""batch"": 128, ""batchnorm"": 0, ""calibrate_head"": 0, ""center"": ""none"", ""classes"": 10, ""dataset"": ""mnist"", ""depth"": 3, ""fb_row_norm"": 0, ""fb_scale"": 1.0, ""fb_seed"": 1, ""freeze_bias"": 0, ""freeze_out"": 0, ""head"": ""sigmoid_bce"", ""hid_lr_mult"": 1.0, ""lr"": 0.0001, ""muon"": 0, ""optimizer"": ""sgd"", ""out_bias_q"": -1.0, ""out_lr_mult"": 1.0, ""out_w_scale"": 1.0, ""p0"": 0.0, ""preprocess"": ""div255"", ""rule"": ""dfa"", ""seed"": 1, ""shift_step"": 0, ""target_center"": 0, ""target_scale"": 1.0, ""whiten"": 0, ""width"": 300}",,,
E10_nonsat,linear_lr1e4,2,2,dfa,1.2536029815673828,1.2536029815673828,0.988275706768036,1.0,0.7917147278785706,1.0,6.131000913852351,0.5313163716120362,0.7920537084015518,1.5136182326483785,210,1.5136182326483785,"{""act"": ""linear"", ""arch"": ""mlp"", ""batch"": 128, ""batchnorm"": 0, ""calibrate_head"": 0, ""center"": ""none"", ""classes"": 10, ""dataset"": ""mnist"", ""depth"": 3, ""fb_row_norm"": 0, ""fb_scale"": 1.0, ""fb_seed"": 2, ""freeze_bias"": 0, ""freeze_out"": 0, ""head"": ""sigmoid_bce"", ""hid_lr_mult"": 1.0, ""lr"": 0.0001, ""muon"": 0, ""optimizer"": ""sgd"", ""out_bias_q"": -1.0, ""out_lr_mult"": 1.0, ""out_w_scale"": 1.0, ""p0"": 0.0, ""preprocess"": ""div255"", ""rule"": ""dfa"", ""seed"": 2, ""shift_step"": 0, ""target_center"": 0, ""target_scale"": 1.0, ""whiten"": 0, ""width"": 300}",,,
E10_nonsat,linear_lr1e4_centere,0,0,dfa,1.26019287109375,1.26019287109375,0.8061836361885071,1.0,0.6060136556625366,1.0,19.435554159262583,5.338181228761063,4.013044303881959,8.609431362433849,2420,8.609431362433849,"{""act"": ""linear"", ""arch"": ""mlp"", ""batch"": 128, ""batchnorm"": 0, ""calibrate_head"": 0, ""center"": ""e"", ""classes"": 10, ""dataset"": ""mnist"", ""depth"": 3, ""fb_row_norm"": 0, ""fb_scale"": 1.0, ""fb_seed"": 0, ""freeze_bias"": 0, ""freeze_out"": 0, ""head"": ""sigmoid_bce"", ""hid_lr_mult"": 1.0, ""lr"": 0.0001, ""muon"": 0, ""optimizer"": ""sgd"", ""out_bias_q"": -1.0, ""out_lr_mult"": 1.0, ""out_w_scale"": 1.0, ""p0"": 0.0, ""preprocess"": ""div255"", ""rule"": ""dfa"", ""seed"": 0, ""shift_step"": 0, ""target_center"": 0, ""target_scale"": 1.0, ""whiten"": 0, ""width"": 300}",,,
E10_nonsat,linear_lr1e4_centere,1,1,dfa,1.3921167850494385,1.3921167850494385,0.7062036395072937,1.0,0.601354718208313,1.0,29.142894695909625,4.504230153996703,3.494914526603356,7.251541982529957,1820,7.251541982529957,"{""act"": ""linear"", ""arch"": ""mlp"", ""batch"": 128, ""batchnorm"": 0, ""calibrate_head"": 0, ""center"": ""e"", ""classes"": 10, ""dataset"": ""mnist"", ""depth"": 3, ""fb_row_norm"": 0, ""fb_scale"": 1.0, ""fb_seed"": 1, ""freeze_bias"": 0, ""freeze_out"": 0, ""head"": ""sigmoid_bce"", ""hid_lr_mult"": 1.0, ""lr"": 0.0001, ""muon"": 0, ""optimizer"": ""sgd"", ""out_bias_q"": -1.0, ""out_lr_mult"": 1.0, ""out_w_scale"": 1.0, ""p0"": 0.0, ""preprocess"": ""div255"", ""rule"": ""dfa"", ""seed"": 1, ""shift_step"": 0, ""target_center"": 0, ""target_scale"": 1.0, ""whiten"": 0, ""width"": 300}",,,
E10_nonsat,linear_lr1e4_centere,2,2,dfa,1.2536029815673828,1.2536029815673828,0.7385669350624084,1.0,0.5875576734542847,1.0,28.382008102915115,5.326164688152725,4.708854301394355,11.964884371098352,2290,11.964884371098352,"{""act"": ""linear"", ""arch"": ""mlp"", ""batch"": 128, ""batchnorm"": 0, ""calibrate_head"": 0, ""center"": ""e"", ""classes"": 10, ""dataset"": ""mnist"", ""depth"": 3, ""fb_row_norm"": 0, ""fb_scale"": 1.0, ""fb_seed"": 2, ""freeze_bias"": 0, ""freeze_out"": 0, ""head"": ""sigmoid_bce"", ""hid_lr_mult"": 1.0, ""lr"": 0.0001, ""muon"": 0, ""optimizer"": ""sgd"", ""out_bias_q"": -1.0, ""out_lr_mult"": 1.0, ""out_w_scale"": 1.0, ""p0"": 0.0, ""preprocess"": ""div255"", ""rule"": ""dfa"", ""seed"": 2, ""shift_step"": 0, ""target_center"": 0, ""target_scale"": 1.0, ""whiten"": 0, ""width"": 300}",,,
E10_nonsat,linear_lr3e4,0,0,dfa,1.26019287109375,1.26019287109375,0.994672954082489,1.0,0.7960463166236877,1.0,13.34520055888306,0.5408680607967843,0.7565579169752958,1.684359909660468,70,1.684359909660468,"{""act"": ""linear"", ""arch"": ""mlp"", ""batch"": 128, ""batchnorm"": 0, ""calibrate_head"": 0, ""center"": ""none"", ""classes"": 10, ""dataset"": ""mnist"", ""depth"": 3, ""fb_row_norm"": 0, ""fb_scale"": 1.0, ""fb_seed"": 0, ""freeze_bias"": 0, ""freeze_out"": 0, ""head"": ""sigmoid_bce"", ""hid_lr_mult"": 1.0, ""lr"": 0.0003, ""muon"": 0, ""optimizer"": ""sgd"", ""out_bias_q"": -1.0, ""out_lr_mult"": 1.0, ""out_w_scale"": 1.0, ""p0"": 0.0, ""preprocess"": ""div255"", ""rule"": ""dfa"", ""seed"": 0, ""shift_step"": 0, ""target_center"": 0, ""target_scale"": 1.0, ""whiten"": 0, ""width"": 300}",,,
E10_nonsat,linear_lr3e4,1,1,dfa,1.3921167850494385,1.3921167850494385,0.9955075979232788,1.0,0.813748300075531,1.0,16.135257073000968,0.6068823238685679,0.8711802813773527,2.2767490990485086,50,2.2767490990485086,"{""act"": ""linear"", ""arch"": ""mlp"", ""batch"": 128, ""batchnorm"": 0, ""calibrate_head"": 0, ""center"": ""none"", ""classes"": 10, ""dataset"": ""mnist"", ""depth"": 3, ""fb_row_norm"": 0, ""fb_scale"": 1.0, ""fb_seed"": 1, ""freeze_bias"": 0, ""freeze_out"": 0, ""head"": ""sigmoid_bce"", ""hid_lr_mult"": 1.0, ""lr"": 0.0003, ""muon"": 0, ""optimizer"": ""sgd"", ""out_bias_q"": -1.0, ""out_lr_mult"": 1.0, ""out_w_scale"": 1.0, ""p0"": 0.0, ""preprocess"": ""div255"", ""rule"": ""dfa"", ""seed"": 1, ""shift_step"": 0, ""target_center"": 0, ""target_scale"": 1.0, ""whiten"": 0, ""width"": 300}",,,
E10_nonsat,linear_lr3e4,2,2,dfa,1.2536029815673828,1.2536029815673828,0.9887500405311584,1.0,0.7935754656791687,1.0,11.070587611583232,0.5331804891822879,0.7934176065181627,1.50914149603987,70,1.50914149603987,"{""act"": ""linear"", ""arch"": ""mlp"", ""batch"": 128, ""batchnorm"": 0, ""calibrate_head"": 0, ""center"": ""none"", ""classes"": 10, ""dataset"": ""mnist"", ""depth"": 3, ""fb_row_norm"": 0, ""fb_scale"": 1.0, ""fb_seed"": 2, ""freeze_bias"": 0, ""freeze_out"": 0, ""head"": ""sigmoid_bce"", ""hid_lr_mult"": 1.0, ""lr"": 0.0003, ""muon"": 0, ""optimizer"": ""sgd"", ""out_bias_q"": -1.0, ""out_lr_mult"": 1.0, ""out_w_scale"": 1.0, ""p0"": 0.0, ""preprocess"": ""div255"", ""rule"": ""dfa"", ""seed"": 2, ""shift_step"": 0, ""target_center"": 0, ""target_scale"": 1.0, ""whiten"": 0, ""width"": 300}",,,
E10_nonsat,linear_lr3e4_centere,0,0,dfa,1.26019287109375,1.26019287109375,0.7779987454414368,1.0,0.6035391688346863,1.0,108060.56421280076,5.367945260231527,4.022391464502119,8.590271627953829,810,8.590271627953829,"{""act"": ""linear"", ""arch"": ""mlp"", ""batch"": 128, ""batchnorm"": 0, ""calibrate_head"": 0, ""center"": ""e"", ""classes"": 10, ""dataset"": ""mnist"", ""depth"": 3, ""fb_row_norm"": 0, ""fb_scale"": 1.0, ""fb_seed"": 0, ""freeze_bias"": 0, ""freeze_out"": 0, ""head"": ""sigmoid_bce"", ""hid_lr_mult"": 1.0, ""lr"": 0.0003, ""muon"": 0, ""optimizer"": ""sgd"", ""out_bias_q"": -1.0, ""out_lr_mult"": 1.0, ""out_w_scale"": 1.0, ""p0"": 0.0, ""preprocess"": ""div255"", ""rule"": ""dfa"", ""seed"": 0, ""shift_step"": 0, ""target_center"": 0, ""target_scale"": 1.0, ""whiten"": 0, ""width"": 300}",,,
E10_nonsat,linear_lr3e4_centere,1,1,dfa,1.3921167850494385,1.3921167850494385,0.6593806147575378,1.0,0.5693528652191162,1.0,841136.2866332554,4.456189915287299,3.377241616680321,6.415951021538419,580,6.415951021538419,"{""act"": ""linear"", ""arch"": ""mlp"", ""batch"": 128, ""batchnorm"": 0, ""calibrate_head"": 0, ""center"": ""e"", ""classes"": 10, ""dataset"": ""mnist"", ""depth"": 3, ""fb_row_norm"": 0, ""fb_scale"": 1.0, ""fb_seed"": 1, ""freeze_bias"": 0, ""freeze_out"": 0, ""head"": ""sigmoid_bce"", ""hid_lr_mult"": 1.0, ""lr"": 0.0003, ""muon"": 0, ""optimizer"": ""sgd"", ""out_bias_q"": -1.0, ""out_lr_mult"": 1.0, ""out_w_scale"": 1.0, ""p0"": 0.0, ""preprocess"": ""div255"", ""rule"": ""dfa"", ""seed"": 1, ""shift_step"": 0, ""target_center"": 0, ""target_scale"": 1.0, ""whiten"": 0, ""width"": 300}",,,
E10_nonsat,linear_lr3e4_centere,2,2,dfa,1.2536029815673828,1.2536029815673828,0.6963450312614441,1.0,0.5738806128501892,1.0,439653.24695944594,5.49310378719056,5.119697215543285,16.292026835955866,850,16.292026835955866,"{""act"": ""linear"", ""arch"": ""mlp"", ""batch"": 128, ""batchnorm"": 0, ""calibrate_head"": 0, ""center"": ""e"", ""classes"": 10, ""dataset"": ""mnist"", ""depth"": 3, ""fb_row_norm"": 0, ""fb_scale"": 1.0, ""fb_seed"": 2, ""freeze_bias"": 0, ""freeze_out"": 0, ""head"": ""sigmoid_bce"", ""hid_lr_mult"": 1.0, ""lr"": 0.0003, ""muon"": 0, ""optimizer"": ""sgd"", ""out_bias_q"": -1.0, ""out_lr_mult"": 1.0, ""out_w_scale"": 1.0, ""p0"": 0.0, ""preprocess"": ""div255"", ""rule"": ""dfa"", ""seed"": 2, ""shift_step"": 0, ""target_center"": 0, ""target_scale"": 1.0, ""whiten"": 0, ""width"": 300}",,,
E10_nonsat,linear_lr3e4_centere_outlr10,0,0,dfa,1.26019287109375,1.26019287109375,0.9950516223907472,1.0,0.6972833871841431,1.0,125.55530599344448,1.2372298930702552,0.6400599922810235,0.6349431611003794,230,0.6349431611003794,"{""act"": ""linear"", ""arch"": ""mlp"", ""batch"": 128, ""batchnorm"": 0, ""calibrate_head"": 0, ""center"": ""e"", ""classes"": 10, ""dataset"": ""mnist"", ""depth"": 3, ""fb_row_norm"": 0, ""fb_scale"": 1.0, ""fb_seed"": 0, ""freeze_bias"": 0, ""freeze_out"": 0, ""head"": ""sigmoid_bce"", ""hid_lr_mult"": 1.0, ""lr"": 0.0003, ""muon"": 0, ""optimizer"": ""sgd"", ""out_bias_q"": -1.0, ""out_lr_mult"": 10.0, ""out_w_scale"": 1.0, ""p0"": 0.0, ""preprocess"": ""div255"", ""rule"": ""dfa"", ""seed"": 0, ""shift_step"": 0, ""target_center"": 0, ""target_scale"": 1.0, ""whiten"": 0, ""width"": 300}",,,
E10_nonsat,linear_lr3e4_centere_outlr10,1,1,dfa,1.3921167850494385,1.3921167850494385,0.9942549467086792,1.0,0.6857894062995911,1.0,230.5016807172194,1.0175746443257048,0.5632287341275913,0.5891647541655946,160,0.5891647541655946,"{""act"": ""linear"", ""arch"": ""mlp"", ""batch"": 128, ""batchnorm"": 0, ""calibrate_head"": 0, ""center"": ""e"", ""classes"": 10, ""dataset"": ""mnist"", ""depth"": 3, ""fb_row_norm"": 0, ""fb_scale"": 1.0, ""fb_seed"": 1, ""freeze_bias"": 0, ""freeze_out"": 0, ""head"": ""sigmoid_bce"", ""hid_lr_mult"": 1.0, ""lr"": 0.0003, ""muon"": 0, ""optimizer"": ""sgd"", ""out_bias_q"": -1.0, ""out_lr_mult"": 10.0, ""out_w_scale"": 1.0, ""p0"": 0.0, ""preprocess"": ""div255"", ""rule"": ""dfa"", ""seed"": 1, ""shift_step"": 0, ""target_center"": 0, ""target_scale"": 1.0, ""whiten"": 0, ""width"": 300}",,,
E10_nonsat,linear_lr3e4_centere_outlr10,2,2,dfa,1.2536029815673828,1.2536029815673828,0.9945828914642334,1.0,0.6851279735565186,1.0,158.9307517698491,1.194002754306405,0.7595373771062025,0.7140108948111135,240,0.7140108948111135,"{""act"": ""linear"", ""arch"": ""mlp"", ""batch"": 128, ""batchnorm"": 0, ""calibrate_head"": 0, ""center"": ""e"", ""classes"": 10, ""dataset"": ""mnist"", ""depth"": 3, ""fb_row_norm"": 0, ""fb_scale"": 1.0, ""fb_seed"": 2, ""freeze_bias"": 0, ""freeze_out"": 0, ""head"": ""sigmoid_bce"", ""hid_lr_mult"": 1.0, ""lr"": 0.0003, ""muon"": 0, ""optimizer"": ""sgd"", ""out_bias_q"": -1.0, ""out_lr_mult"": 10.0, ""out_w_scale"": 1.0, ""p0"": 0.0, ""preprocess"": ""div255"", ""rule"": ""dfa"", ""seed"": 2, ""shift_step"": 0, ""target_center"": 0, ""target_scale"": 1.0, ""whiten"": 0, ""width"": 300}",,,
E10_nonsat,relu_lr1e3_centere_outlr10,0,0,dfa,1.2818809747695925,1.2818809747695925,0.9937058091163636,0.6462360620498657,0.770767331123352,0.7786043286323547,40612.4835002466,2.5538763212184024,1.0882629865741331,0.6580461298470908,110,0.6580461298470908,"{""act"": ""relu"", ""arch"": ""mlp"", ""batch"": 128, ""batchnorm"": 0, ""calibrate_head"": 0, ""center"": ""e"", ""classes"": 10, ""dataset"": ""mnist"", ""depth"": 3, ""fb_row_norm"": 0, ""fb_scale"": 1.0, ""fb_seed"": 0, ""freeze_bias"": 0, ""freeze_out"": 0, ""head"": ""sigmoid_bce"", ""hid_lr_mult"": 1.0, ""lr"": 0.001, ""muon"": 0, ""optimizer"": ""sgd"", ""out_bias_q"": -1.0, ""out_lr_mult"": 10.0, ""out_w_scale"": 1.0, ""p0"": 0.0, ""preprocess"": ""div255"", ""rule"": ""dfa"", ""seed"": 0, ""shift_step"": 0, ""target_center"": 0, ""target_scale"": 1.0, ""whiten"": 0, ""width"": 300}",,,
E10_nonsat,relu_lr1e3_centere_outlr10,1,1,dfa,1.3372581005096436,1.3372581005096436,0.9926813840866088,0.6113672256469727,0.7801788449287415,0.804833173751831,30000.530124389785,2.448160089704972,1.2590607375220713,0.6827244003623771,100,0.6827244003623771,"{""act"": ""relu"", ""arch"": ""mlp"", ""batch"": 128, ""batchnorm"": 0, ""calibrate_head"": 0, ""center"": ""e"", ""classes"": 10, ""dataset"": ""mnist"", ""depth"": 3, ""fb_row_norm"": 0, ""fb_scale"": 1.0, ""fb_seed"": 1, ""freeze_bias"": 0, ""freeze_out"": 0, ""head"": ""sigmoid_bce"", ""hid_lr_mult"": 1.0, ""lr"": 0.001, ""muon"": 0, ""optimizer"": ""sgd"", ""out_bias_q"": -1.0, ""out_lr_mult"": 10.0, ""out_w_scale"": 1.0, ""p0"": 0.0, ""preprocess"": ""div255"", ""rule"": ""dfa"", ""seed"": 1, ""shift_step"": 0, ""target_center"": 0, ""target_scale"": 1.0, ""whiten"": 0, ""width"": 300}",,,
E10_nonsat,relu_lr1e3_centere_outlr10,2,2,dfa,1.301832914352417,1.301832914352417,0.9908699989318848,0.6155192852020264,0.7669275403022766,0.7845687866210938,5239.854137038512,3.6417040261789135,1.9036997283337809,0.9976494938300284,150,0.9976494938300284,"{""act"": ""relu"", ""arch"": ""mlp"", ""batch"": 128, ""batchnorm"": 0, ""calibrate_head"": 0, ""center"": ""e"", ""classes"": 10, ""dataset"": ""mnist"", ""depth"": 3, ""fb_row_norm"": 0, ""fb_scale"": 1.0, ""fb_seed"": 2, ""freeze_bias"": 0, ""freeze_out"": 0, ""head"": ""sigmoid_bce"", ""hid_lr_mult"": 1.0, ""lr"": 0.001, ""muon"": 0, ""optimizer"": ""sgd"", ""out_bias_q"": -1.0, ""out_lr_mult"": 10.0, ""out_w_scale"": 1.0, ""p0"": 0.0, ""preprocess"": ""div255"", ""rule"": ""dfa"", ""seed"": 2, ""shift_step"": 0, ""target_center"": 0, ""target_scale"": 1.0, ""whiten"": 0, ""width"": 300}",,,
E10_nonsat,relu_lr1e3_centere_pixcenter,0,0,dfa,1.2729994058609009,1.2729994058609009,0.8146884441375732,0.7466615438461304,0.3361843824386596,0.9955735802650452,0.6340843691376882,0.4520311512304961,2.398630147433115,2.7548728322960763,350,2.7548728322960763,"{""act"": ""relu"", ""arch"": ""mlp"", ""batch"": 128, ""batchnorm"": 0, ""calibrate_head"": 0, ""center"": ""e"", ""classes"": 10, ""dataset"": ""mnist"", ""depth"": 3, ""fb_row_norm"": 0, ""fb_scale"": 1.0, ""fb_seed"": 0, ""freeze_bias"": 0, ""freeze_out"": 0, ""head"": ""sigmoid_bce"", ""hid_lr_mult"": 1.0, ""lr"": 0.001, ""muon"": 0, ""optimizer"": ""sgd"", ""out_bias_q"": -1.0, ""out_lr_mult"": 1.0, ""out_w_scale"": 1.0, ""p0"": 0.0, ""preprocess"": ""pixcenter"", ""rule"": ""dfa"", ""seed"": 0, ""shift_step"": 0, ""target_center"": 0, ""target_scale"": 1.0, ""whiten"": 0, ""width"": 300}",,,
E10_nonsat,relu_lr1e3_centere_pixcenter,1,1,dfa,1.2916594743728638,1.2916594743728638,0.8018271923065186,0.7225787043571472,0.3364650905132293,0.9967166185379028,1.4980319107112268,0.4701533001903799,2.599723234169239,2.912470387389683,360,2.912470387389683,"{""act"": ""relu"", ""arch"": ""mlp"", ""batch"": 128, ""batchnorm"": 0, ""calibrate_head"": 0, ""center"": ""e"", ""classes"": 10, ""dataset"": ""mnist"", ""depth"": 3, ""fb_row_norm"": 0, ""fb_scale"": 1.0, ""fb_seed"": 1, ""freeze_bias"": 0, ""freeze_out"": 0, ""head"": ""sigmoid_bce"", ""hid_lr_mult"": 1.0, ""lr"": 0.001, ""muon"": 0, ""optimizer"": ""sgd"", ""out_bias_q"": -1.0, ""out_lr_mult"": 1.0, ""out_w_scale"": 1.0, ""p0"": 0.0, ""preprocess"": ""pixcenter"", ""rule"": ""dfa"", ""seed"": 1, ""shift_step"": 0, ""target_center"": 0, ""target_scale"": 1.0, ""whiten"": 0, ""width"": 300}",,,
E10_nonsat,relu_lr1e3_centere_pixcenter,2,2,dfa,1.295417547225952,1.295417547225952,0.807820737361908,0.6876068115234375,0.3327871263027191,0.9939865469932556,1.559290371013669,0.522710054422734,3.018985334725802,3.722943648243063,380,3.722943648243063,"{""act"": ""relu"", ""arch"": ""mlp"", ""batch"": 128, ""batchnorm"": 0, ""calibrate_head"": 0, ""center"": ""e"", ""classes"": 10, ""dataset"": ""mnist"", ""depth"": 3, ""fb_row_norm"": 0, ""fb_scale"": 1.0, ""fb_seed"": 2, ""freeze_bias"": 0, ""freeze_out"": 0, ""head"": ""sigmoid_bce"", ""hid_lr_mult"": 1.0, ""lr"": 0.001, ""muon"": 0, ""optimizer"": ""sgd"", ""out_bias_q"": -1.0, ""out_lr_mult"": 1.0, ""out_w_scale"": 1.0, ""p0"": 0.0, ""preprocess"": ""pixcenter"", ""rule"": ""dfa"", ""seed"": 2, ""shift_step"": 0, ""target_center"": 0, ""target_scale"": 1.0, ""whiten"": 0, ""width"": 300}",,,
E10_nonsat,relu_lr1e3_priorbias,0,0,dfa,0.0595730058848857,0.0595730058848857,0.989936113357544,0.5436928272247314,0.7550070881843567,0.7666410803794861,5.27919995958114,0.2137902803801391,1.0016407483736227,4.700603338992946,2250,4.700603338992946,"{""act"": ""relu"", ""arch"": ""mlp"", ""batch"": 128, ""batchnorm"": 0, ""calibrate_head"": 0, ""center"": ""none"", ""classes"": 10, ""dataset"": ""mnist"", ""depth"": 3, ""fb_row_norm"": 0, ""fb_scale"": 1.0, ""fb_seed"": 0, ""freeze_bias"": 0, ""freeze_out"": 0, ""head"": ""sigmoid_bce"", ""hid_lr_mult"": 1.0, ""lr"": 0.001, ""muon"": 0, ""optimizer"": ""sgd"", ""out_bias_q"": 0.1, ""out_lr_mult"": 1.0, ""out_w_scale"": 1.0, ""p0"": 0.0, ""preprocess"": ""div255"", ""rule"": ""dfa"", ""seed"": 0, ""shift_step"": 0, ""target_center"": 0, ""target_scale"": 1.0, ""whiten"": 0, ""width"": 300}",,,
E10_nonsat,relu_lr1e3_priorbias,1,1,dfa,0.0607862435281276,0.0607862435281276,0.9909012317657472,0.5721405744552612,0.7777392268180847,0.7898998856544495,4.466143075449241,0.5895008548302891,1.4009810025995808,4.577727047428231,2730,4.577727047428231,"{""act"": ""relu"", ""arch"": ""mlp"", ""batch"": 128, ""batchnorm"": 0, ""calibrate_head"": 0, ""center"": ""none"", ""classes"": 10, ""dataset"": ""mnist"", ""depth"": 3, ""fb_row_norm"": 0, ""fb_scale"": 1.0, ""fb_seed"": 1, ""freeze_bias"": 0, ""freeze_out"": 0, ""head"": ""sigmoid_bce"", ""hid_lr_mult"": 1.0, ""lr"": 0.001, ""muon"": 0, ""optimizer"": ""sgd"", ""out_bias_q"": 0.1, ""out_lr_mult"": 1.0, ""out_w_scale"": 1.0, ""p0"": 0.0, ""preprocess"": ""div255"", ""rule"": ""dfa"", ""seed"": 1, ""shift_step"": 0, ""target_center"": 0, ""target_scale"": 1.0, ""whiten"": 0, ""width"": 300}",,,
E10_nonsat,relu_lr1e3_priorbias,2,2,dfa,0.0362224467098712,0.0362224467098712,0.981813907623291,0.525631308555603,0.7816171646118164,0.7845687866210938,-5.646172555653359,0.185292419959827,-0.5861918754501774,-5.646172555653359,3000,-5.646172555653359,"{""act"": ""relu"", ""arch"": ""mlp"", ""batch"": 128, ""batchnorm"": 0, ""calibrate_head"": 0, ""center"": ""none"", ""classes"": 10, ""dataset"": ""mnist"", ""depth"": 3, ""fb_row_norm"": 0, ""fb_scale"": 1.0, ""fb_seed"": 2, ""freeze_bias"": 0, ""freeze_out"": 0, ""head"": ""sigmoid_bce"", ""hid_lr_mult"": 1.0, ""lr"": 0.001, ""muon"": 0, ""optimizer"": ""sgd"", ""out_bias_q"": 0.1, ""out_lr_mult"": 1.0, ""out_w_scale"": 1.0, ""p0"": 0.0, ""preprocess"": ""div255"", ""rule"": ""dfa"", ""seed"": 2, ""shift_step"": 0, ""target_center"": 0, ""target_scale"": 1.0, ""whiten"": 0, ""width"": 300}",,,
E10_nonsat,relu_lr1e4,0,0,dfa,1.2818809747695925,1.2818809747695925,0.9991411566734314,0.4032138586044311,0.8964081406593323,0.670111358165741,8.602851086095733,0.8940596346575936,1.1187995899645686,1.9362170987750205,260,1.9362170987750205,"{""act"": ""relu"", ""arch"": ""mlp"", ""batch"": 128, ""batchnorm"": 0, ""calibrate_head"": 0, ""center"": ""none"", ""classes"": 10, ""dataset"": ""mnist"", ""depth"": 3, ""fb_row_norm"": 0, ""fb_scale"": 1.0, ""fb_seed"": 0, ""freeze_bias"": 0, ""freeze_out"": 0, ""head"": ""sigmoid_bce"", ""hid_lr_mult"": 1.0, ""lr"": 0.0001, ""muon"": 0, ""optimizer"": ""sgd"", ""out_bias_q"": -1.0, ""out_lr_mult"": 1.0, ""out_w_scale"": 1.0, ""p0"": 0.0, ""preprocess"": ""div255"", ""rule"": ""dfa"", ""seed"": 0, ""shift_step"": 0, ""target_center"": 0, ""target_scale"": 1.0, ""whiten"": 0, ""width"": 300}",,,
E10_nonsat,relu_lr1e4,1,1,dfa,1.3372581005096436,1.3372581005096436,0.9990342855453492,0.448445975780487,0.8921155333518982,0.6862711906433105,6.447553525009952,0.9510197954138188,1.1233772575240943,1.7907005101768374,250,1.7907005101768374,"{""act"": ""relu"", ""arch"": ""mlp"", ""batch"": 128, ""batchnorm"": 0, ""calibrate_head"": 0, ""center"": ""none"", ""classes"": 10, ""dataset"": ""mnist"", ""depth"": 3, ""fb_row_norm"": 0, ""fb_scale"": 1.0, ""fb_seed"": 1, ""freeze_bias"": 0, ""freeze_out"": 0, ""head"": ""sigmoid_bce"", ""hid_lr_mult"": 1.0, ""lr"": 0.0001, ""muon"": 0, ""optimizer"": ""sgd"", ""out_bias_q"": -1.0, ""out_lr_mult"": 1.0, ""out_w_scale"": 1.0, ""p0"": 0.0, ""preprocess"": ""div255"", ""rule"": ""dfa"", ""seed"": 1, ""shift_step"": 0, ""target_center"": 0, ""target_scale"": 1.0, ""whiten"": 0, ""width"": 300}",,,
E10_nonsat,relu_lr1e4,2,2,dfa,1.301832914352417,1.301832914352417,0.9982030987739564,0.4520312845706939,0.8823363780975342,0.6993852853775024,5.955178254838854,0.8737787131642533,1.1182858576753776,1.4747722758504362,290,1.4747722758504362,"{""act"": ""relu"", ""arch"": ""mlp"", ""batch"": 128, ""batchnorm"": 0, ""calibrate_head"": 0, ""center"": ""none"", ""classes"": 10, ""dataset"": ""mnist"", ""depth"": 3, ""fb_row_norm"": 0, ""fb_scale"": 1.0, ""fb_seed"": 2, ""freeze_bias"": 0, ""freeze_out"": 0, ""head"": ""sigmoid_bce"", ""hid_lr_mult"": 1.0, ""lr"": 0.0001, ""muon"": 0, ""optimizer"": ""sgd"", ""out_bias_q"": -1.0, ""out_lr_mult"": 1.0, ""out_w_scale"": 1.0, ""p0"": 0.0, ""preprocess"": ""div255"", ""rule"": ""dfa"", ""seed"": 2, ""shift_step"": 0, ""target_center"": 0, ""target_scale"": 1.0, ""whiten"": 0, ""width"": 300}",,,
E10_nonsat,relu_lr1e4_centere,0,0,dfa,1.2818809747695925,1.2818809747695925,0.939309060573578,0.7222245335578918,0.7188448905944824,0.7885020971298218,2.9503700838161238,6.5486122320865805,4.304965756891099,3.400314200932326,1960,3.400314200932326,"{""act"": ""relu"", ""arch"": ""mlp"", ""batch"": 128, ""batchnorm"": 0, ""calibrate_head"": 0, ""center"": ""e"", ""classes"": 10, ""dataset"": ""mnist"", ""depth"": 3, ""fb_row_norm"": 0, ""fb_scale"": 1.0, ""fb_seed"": 0, ""freeze_bias"": 0, ""freeze_out"": 0, ""head"": ""sigmoid_bce"", ""hid_lr_mult"": 1.0, ""lr"": 0.0001, ""muon"": 0, ""optimizer"": ""sgd"", ""out_bias_q"": -1.0, ""out_lr_mult"": 1.0, ""out_w_scale"": 1.0, ""p0"": 0.0, ""preprocess"": ""div255"", ""rule"": ""dfa"", ""seed"": 0, ""shift_step"": 0, ""target_center"": 0, ""target_scale"": 1.0, ""whiten"": 0, ""width"": 300}",,,
E10_nonsat,relu_lr1e4_centere,1,1,dfa,1.3372581005096436,1.3372581005096436,0.909227192401886,0.6872787475585938,0.7319128513336182,0.8119688034057617,4.605893478842756,6.8921889436509085,5.4142137746683066,3.929146726611104,2000,3.929146726611104,"{""act"": ""relu"", ""arch"": ""mlp"", ""batch"": 128, ""batchnorm"": 0, ""calibrate_head"": 0, ""center"": ""e"", ""classes"": 10, ""dataset"": ""mnist"", ""depth"": 3, ""fb_row_norm"": 0, ""fb_scale"": 1.0, ""fb_seed"": 1, ""freeze_bias"": 0, ""freeze_out"": 0, ""head"": ""sigmoid_bce"", ""hid_lr_mult"": 1.0, ""lr"": 0.0001, ""muon"": 0, ""optimizer"": ""sgd"", ""out_bias_q"": -1.0, ""out_lr_mult"": 1.0, ""out_w_scale"": 1.0, ""p0"": 0.0, ""preprocess"": ""div255"", ""rule"": ""dfa"", ""seed"": 1, ""shift_step"": 0, ""target_center"": 0, ""target_scale"": 1.0, ""whiten"": 0, ""width"": 300}",,,
E10_nonsat,relu_lr1e4_centere,2,2,dfa,1.301832914352417,1.301832914352417,0.8159618973731995,0.6796432137489319,0.6994172930717468,0.7845687866210938,5.151681569620496,8.625427320245095,7.375598934259527,5.344215666971507,2360,5.344215666971507,"{""act"": ""relu"", ""arch"": ""mlp"", ""batch"": 128, ""batchnorm"": 0, ""calibrate_head"": 0, ""center"": ""e"", ""classes"": 10, ""dataset"": ""mnist"", ""depth"": 3, ""fb_row_norm"": 0, ""fb_scale"": 1.0, ""fb_seed"": 2, ""freeze_bias"": 0, ""freeze_out"": 0, ""head"": ""sigmoid_bce"", ""hid_lr_mult"": 1.0, ""lr"": 0.0001, ""muon"": 0, ""optimizer"": ""sgd"", ""out_bias_q"": -1.0, ""out_lr_mult"": 1.0, ""out_w_scale"": 1.0, ""p0"": 0.0, ""preprocess"": ""div255"", ""rule"": ""dfa"", ""seed"": 2, ""shift_step"": 0, ""target_center"": 0, ""target_scale"": 1.0, ""whiten"": 0, ""width"": 300}",,,
E10_nonsat,relu_lr3e4,0,0,dfa,1.2818809747695925,1.2818809747695925,0.9991507530212402,0.403556078672409,0.897645115852356,0.66841059923172,20.71585774208164,0.901469790245423,1.1226973449316078,1.9263521381991755,90,1.9263521381991755,"{""act"": ""relu"", ""arch"": ""mlp"", ""batch"": 128, ""batchnorm"": 0, ""calibrate_head"": 0, ""center"": ""none"", ""classes"": 10, ""dataset"": ""mnist"", ""depth"": 3, ""fb_row_norm"": 0, ""fb_scale"": 1.0, ""fb_seed"": 0, ""freeze_bias"": 0, ""freeze_out"": 0, ""head"": ""sigmoid_bce"", ""hid_lr_mult"": 1.0, ""lr"": 0.0003, ""muon"": 0, ""optimizer"": ""sgd"", ""out_bias_q"": -1.0, ""out_lr_mult"": 1.0, ""out_w_scale"": 1.0, ""p0"": 0.0, ""preprocess"": ""div255"", ""rule"": ""dfa"", ""seed"": 0, ""shift_step"": 0, ""target_center"": 0, ""target_scale"": 1.0, ""whiten"": 0, ""width"": 300}",,,
E10_nonsat,relu_lr3e4,1,1,dfa,1.3372581005096436,1.3372581005096436,0.9990591406822203,0.4479746222496032,0.8931304216384888,0.6846846342086792,14.05344350369341,0.9678370886460672,1.1560705432226193,1.8785552941856496,90,1.8785552941856496,"{""act"": ""relu"", ""arch"": ""mlp"", ""batch"": 128, ""batchnorm"": 0, ""calibrate_head"": 0, ""center"": ""none"", ""classes"": 10, ""dataset"": ""mnist"", ""depth"": 3, ""fb_row_norm"": 0, ""fb_scale"": 1.0, ""fb_seed"": 1, ""freeze_bias"": 0, ""freeze_out"": 0, ""head"": ""sigmoid_bce"", ""hid_lr_mult"": 1.0, ""lr"": 0.0003, ""muon"": 0, ""optimizer"": ""sgd"", ""out_bias_q"": -1.0, ""out_lr_mult"": 1.0, ""out_w_scale"": 1.0, ""p0"": 0.0, ""preprocess"": ""div255"", ""rule"": ""dfa"", ""seed"": 1, ""shift_step"": 0, ""target_center"": 0, ""target_scale"": 1.0, ""whiten"": 0, ""width"": 300}",,,
E10_nonsat,relu_lr3e4,2,2,dfa,1.301832914352417,1.301832914352417,0.9982327222824096,0.4326255917549133,0.883247971534729,0.6983435153961182,15.185296209150422,0.8815811460429307,1.134580673406342,1.5062141662785855,100,1.5062141662785855,"{""act"": ""relu"", ""arch"": ""mlp"", ""batch"": 128, ""batchnorm"": 0, ""calibrate_head"": 0, ""center"": ""none"", ""classes"": 10, ""dataset"": ""mnist"", ""depth"": 3, ""fb_row_norm"": 0, ""fb_scale"": 1.0, ""fb_seed"": 2, ""freeze_bias"": 0, ""freeze_out"": 0, ""head"": ""sigmoid_bce"", ""hid_lr_mult"": 1.0, ""lr"": 0.0003, ""muon"": 0, ""optimizer"": ""sgd"", ""out_bias_q"": -1.0, ""out_lr_mult"": 1.0, ""out_w_scale"": 1.0, ""p0"": 0.0, ""preprocess"": ""div255"", ""rule"": ""dfa"", ""seed"": 2, ""shift_step"": 0, ""target_center"": 0, ""target_scale"": 1.0, ""whiten"": 0, ""width"": 300}",,,
E10_nonsat,relu_lr3e4_centere,0,0,dfa,1.2818809747695925,1.2818809747695925,0.9952048659324646,0.7042090892791748,0.7710282206535339,0.7775620222091675,54.01508672477612,6.576254391294562,4.324949870669972,3.423276815457319,660,3.423276815457319,"{""act"": ""relu"", ""arch"": ""mlp"", ""batch"": 128, ""batchnorm"": 0, ""calibrate_head"": 0, ""center"": ""e"", ""classes"": 10, ""dataset"": ""mnist"", ""depth"": 3, ""fb_row_norm"": 0, ""fb_scale"": 1.0, ""fb_seed"": 0, ""freeze_bias"": 0, ""freeze_out"": 0, ""head"": ""sigmoid_bce"", ""hid_lr_mult"": 1.0, ""lr"": 0.0003, ""muon"": 0, ""optimizer"": ""sgd"", ""out_bias_q"": -1.0, ""out_lr_mult"": 1.0, ""out_w_scale"": 1.0, ""p0"": 0.0, ""preprocess"": ""div255"", ""rule"": ""dfa"", ""seed"": 0, ""shift_step"": 0, ""target_center"": 0, ""target_scale"": 1.0, ""whiten"": 0, ""width"": 300}",,,
E10_nonsat,relu_lr3e4_centere,1,1,dfa,1.3372581005096436,1.3372581005096436,0.994072437286377,0.6737576127052307,0.779664158821106,0.8070457577705383,60.6482819948864,6.892011338543954,5.422001335233685,3.94580595524706,670,3.94580595524706,"{""act"": ""relu"", ""arch"": ""mlp"", ""batch"": 128, ""batchnorm"": 0, ""calibrate_head"": 0, ""center"": ""e"", ""classes"": 10, ""dataset"": ""mnist"", ""depth"": 3, ""fb_row_norm"": 0, ""fb_scale"": 1.0, ""fb_seed"": 1, ""freeze_bias"": 0, ""freeze_out"": 0, ""head"": ""sigmoid_bce"", ""hid_lr_mult"": 1.0, ""lr"": 0.0003, ""muon"": 0, ""optimizer"": ""sgd"", ""out_bias_q"": -1.0, ""out_lr_mult"": 1.0, ""out_w_scale"": 1.0, ""p0"": 0.0, ""preprocess"": ""div255"", ""rule"": ""dfa"", ""seed"": 1, ""shift_step"": 0, ""target_center"": 0, ""target_scale"": 1.0, ""whiten"": 0, ""width"": 300}",,,
E10_nonsat,relu_lr3e4_centere,2,2,dfa,1.301832914352417,1.301832914352417,0.9897863268852234,0.6623996496200562,0.7644176483154297,0.7845687866210938,23.247607134945103,8.647451841525779,7.382879936331251,5.339365572001125,790,5.339365572001125,"{""act"": ""relu"", ""arch"": ""mlp"", ""batch"": 128, ""batchnorm"": 0, ""calibrate_head"": 0, ""center"": ""e"", ""classes"": 10, ""dataset"": ""mnist"", ""depth"": 3, ""fb_row_norm"": 0, ""fb_scale"": 1.0, ""fb_seed"": 2, ""freeze_bias"": 0, ""freeze_out"": 0, ""head"": ""sigmoid_bce"", ""hid_lr_mult"": 1.0, ""lr"": 0.0003, ""muon"": 0, ""optimizer"": ""sgd"", ""out_bias_q"": -1.0, ""out_lr_mult"": 1.0, ""out_w_scale"": 1.0, ""p0"": 0.0, ""preprocess"": ""div255"", ""rule"": ""dfa"", ""seed"": 2, ""shift_step"": 0, ""target_center"": 0, ""target_scale"": 1.0, ""whiten"": 0, ""width"": 300}",,,
E10_nonsat,relu_lr3e4_centere_outlr10,0,0,dfa,1.2818809747695925,1.2818809747695925,0.9954949617385864,0.7070677280426025,0.7708500027656555,0.7786425352096558,17.330006172351123,2.4888083486595947,1.053251436707503,0.6345851785298924,340,0.6345851785298924,"{""act"": ""relu"", ""arch"": ""mlp"", ""batch"": 128, ""batchnorm"": 0, ""calibrate_head"": 0, ""center"": ""e"", ""classes"": 10, ""dataset"": ""mnist"", ""depth"": 3, ""fb_row_norm"": 0, ""fb_scale"": 1.0, ""fb_seed"": 0, ""freeze_bias"": 0, ""freeze_out"": 0, ""head"": ""sigmoid_bce"", ""hid_lr_mult"": 1.0, ""lr"": 0.0003, ""muon"": 0, ""optimizer"": ""sgd"", ""out_bias_q"": -1.0, ""out_lr_mult"": 10.0, ""out_w_scale"": 1.0, ""p0"": 0.0, ""preprocess"": ""div255"", ""rule"": ""dfa"", ""seed"": 0, ""shift_step"": 0, ""target_center"": 0, ""target_scale"": 1.0, ""whiten"": 0, ""width"": 300}",,,
E10_nonsat,relu_lr3e4_centere_outlr10,1,1,dfa,1.3372581005096436,1.3372581005096436,0.9945799708366394,0.6646223068237305,0.7845431566238403,0.8053724765777588,17.99407082125436,2.412124115852862,1.2352491566998445,0.6654754681127413,320,0.6654754681127413,"{""act"": ""relu"", ""arch"": ""mlp"", ""batch"": 128, ""batchnorm"": 0, ""calibrate_head"": 0, ""center"": ""e"", ""classes"": 10, ""dataset"": ""mnist"", ""depth"": 3, ""fb_row_norm"": 0, ""fb_scale"": 1.0, ""fb_seed"": 1, ""freeze_bias"": 0, ""freeze_out"": 0, ""head"": ""sigmoid_bce"", ""hid_lr_mult"": 1.0, ""lr"": 0.0003, ""muon"": 0, ""optimizer"": ""sgd"", ""out_bias_q"": -1.0, ""out_lr_mult"": 10.0, ""out_w_scale"": 1.0, ""p0"": 0.0, ""preprocess"": ""div255"", ""rule"": ""dfa"", ""seed"": 1, ""shift_step"": 0, ""target_center"": 0, ""target_scale"": 1.0, ""whiten"": 0, ""width"": 300}",,,
E10_nonsat,relu_lr3e4_centere_outlr10,2,2,dfa,1.301832914352417,1.301832914352417,0.9893497824668884,0.6609259843826294,0.7653130292892456,0.7845687866210938,4.993810000872772,3.57059837994025,1.8395916728809445,0.9597315841194448,470,0.9597315841194448,"{""act"": ""relu"", ""arch"": ""mlp"", ""batch"": 128, ""batchnorm"": 0, ""calibrate_head"": 0, ""center"": ""e"", ""classes"": 10, ""dataset"": ""mnist"", ""depth"": 3, ""fb_row_norm"": 0, ""fb_scale"": 1.0, ""fb_seed"": 2, ""freeze_bias"": 0, ""freeze_out"": 0, ""head"": ""sigmoid_bce"", ""hid_lr_mult"": 1.0, ""lr"": 0.0003, ""muon"": 0, ""optimizer"": ""sgd"", ""out_bias_q"": -1.0, ""out_lr_mult"": 10.0, ""out_w_scale"": 1.0, ""p0"": 0.0, ""preprocess"": ""div255"", ""rule"": ""dfa"", ""seed"": 2, ""shift_step"": 0, ""target_center"": 0, ""target_scale"": 1.0, ""whiten"": 0, ""width"": 300}",,,
E11_cifar,cnn,0,0,dfa,1.1780904531478882,1.1780904531478882,0.9999964237213136,0.0090874647721648,0.976912796497345,0.30072221159935,1050.5327995501136,31.783981465425907,394.6070161110587,271.4532170494184,100,271.4532170494184,"{""act"": ""tanh"", ""arch"": ""cnn"", ""batch"": 128, ""batchnorm"": 0, ""calibrate_head"": 0, ""center"": ""none"", ""classes"": 10, ""dataset"": ""cifar10"", ""depth"": 3, ""fb_row_norm"": 0, ""fb_scale"": 1.0, ""fb_seed"": 0, ""freeze_bias"": 0, ""freeze_out"": 0, ""head"": ""sigmoid_bce"", ""hid_lr_mult"": 1.0, ""lr"": 0.001, ""muon"": 0, ""optimizer"": ""sgd"", ""out_bias_q"": -1.0, ""out_lr_mult"": 1.0, ""out_w_scale"": 1.0, ""p0"": 0.0, ""preprocess"": ""div255"", ""rule"": ""dfa"", ""seed"": 0, ""shift_step"": 0, ""target_center"": 0, ""target_scale"": 1.0, ""whiten"": 0, ""width"": 300}",,,
E11_cifar,cnn,1,1,dfa,1.2267407178878784,1.2267407178878784,0.9999994039535522,0.0078718056902289,0.979686677455902,0.310039609670639,1297.904292276978,49.87710598495576,670.0239983963367,437.9642261913025,110,437.9642261913025,"{""act"": ""tanh"", ""arch"": ""cnn"", ""batch"": 128, ""batchnorm"": 0, ""calibrate_head"": 0, ""center"": ""none"", ""classes"": 10, ""dataset"": ""cifar10"", ""depth"": 3, ""fb_row_norm"": 0, ""fb_scale"": 1.0, ""fb_seed"": 1, ""freeze_bias"": 0, ""freeze_out"": 0, ""head"": ""sigmoid_bce"", ""hid_lr_mult"": 1.0, ""lr"": 0.001, ""muon"": 0, ""optimizer"": ""sgd"", ""out_bias_q"": -1.0, ""out_lr_mult"": 1.0, ""out_w_scale"": 1.0, ""p0"": 0.0, ""preprocess"": ""div255"", ""rule"": ""dfa"", ""seed"": 1, ""shift_step"": 0, ""target_center"": 0, ""target_scale"": 1.0, ""whiten"": 0, ""width"": 300}",,,
E11_cifar,cnn,2,2,dfa,1.1134332418441772,1.1134332418441772,0.9999985694885254,0.0090806009247899,0.9836099147796632,0.2840304374694824,926.6080929714282,42.27827176812119,606.8386705296917,389.1663314173997,130,389.1663314173997,"{""act"": ""tanh"", ""arch"": ""cnn"", ""batch"": 128, ""batchnorm"": 0, ""calibrate_head"": 0, ""center"": ""none"", ""classes"": 10, ""dataset"": ""cifar10"", ""depth"": 3, ""fb_row_norm"": 0, ""fb_scale"": 1.0, ""fb_seed"": 2, ""freeze_bias"": 0, ""freeze_out"": 0, ""head"": ""sigmoid_bce"", ""hid_lr_mult"": 1.0, ""lr"": 0.001, ""muon"": 0, ""optimizer"": ""sgd"", ""out_bias_q"": -1.0, ""out_lr_mult"": 1.0, ""out_w_scale"": 1.0, ""p0"": 0.0, ""preprocess"": ""div255"", ""rule"": ""dfa"", ""seed"": 2, ""shift_step"": 0, ""target_center"": 0, ""target_scale"": 1.0, ""whiten"": 0, ""width"": 300}",,,
E11_cifar,cnn_centere,0,0,dfa,1.1780904531478882,1.1780904531478882,0.8812195062637329,0.8888921737670898,0.8504828810691833,0.9338160157203674,2888.937599677894,1577.1419919419463,5769.244156133818,2888.937599677894,4000,2888.937599677894,"{""act"": ""tanh"", ""arch"": ""cnn"", ""batch"": 128, ""batchnorm"": 0, ""calibrate_head"": 0, ""center"": ""e"", ""classes"": 10, ""dataset"": ""cifar10"", ""depth"": 3, ""fb_row_norm"": 0, ""fb_scale"": 1.0, ""fb_seed"": 0, ""freeze_bias"": 0, ""freeze_out"": 0, ""head"": ""sigmoid_bce"", ""hid_lr_mult"": 1.0, ""lr"": 0.001, ""muon"": 0, ""optimizer"": ""sgd"", ""out_bias_q"": -1.0, ""out_lr_mult"": 1.0, ""out_w_scale"": 1.0, ""p0"": 0.0, ""preprocess"": ""div255"", ""rule"": ""dfa"", ""seed"": 0, ""shift_step"": 0, ""target_center"": 0, ""target_scale"": 1.0, ""whiten"": 0, ""width"": 300}",,,
E11_cifar,cnn_centere,1,1,dfa,1.2267407178878784,1.2267407178878784,0.8607909679412842,0.9196577072143556,0.8554423451423645,0.9199466705322266,3114.2193223578684,1605.399263406626,6335.099609425108,3114.2193223578684,4000,3114.2193223578684,"{""act"": ""tanh"", ""arch"": ""cnn"", ""batch"": 128, ""batchnorm"": 0, ""calibrate_head"": 0, ""center"": ""e"", ""classes"": 10, ""dataset"": ""cifar10"", ""depth"": 3, ""fb_row_norm"": 0, ""fb_scale"": 1.0, ""fb_seed"": 1, ""freeze_bias"": 0, ""freeze_out"": 0, ""head"": ""sigmoid_bce"", ""hid_lr_mult"": 1.0, ""lr"": 0.001, ""muon"": 0, ""optimizer"": ""sgd"", ""out_bias_q"": -1.0, ""out_lr_mult"": 1.0, ""out_w_scale"": 1.0, ""p0"": 0.0, ""preprocess"": ""div255"", ""rule"": ""dfa"", ""seed"": 1, ""shift_step"": 0, ""target_center"": 0, ""target_scale"": 1.0, ""whiten"": 0, ""width"": 300}",,,
E11_cifar,cnn_centere,2,2,dfa,1.1134332418441772,1.1134332418441772,0.8854052424430847,0.905089557170868,0.8577243089675903,0.9088000059127808,2989.7495655359803,967.747463928934,4393.891487920228,2627.812507264181,2510,2627.812507264181,"{""act"": ""tanh"", ""arch"": ""cnn"", ""batch"": 128, ""batchnorm"": 0, ""calibrate_head"": 0, ""center"": ""e"", ""classes"": 10, ""dataset"": ""cifar10"", ""depth"": 3, ""fb_row_norm"": 0, ""fb_scale"": 1.0, ""fb_seed"": 2, ""freeze_bias"": 0, ""freeze_out"": 0, ""head"": ""sigmoid_bce"", ""hid_lr_mult"": 1.0, ""lr"": 0.001, ""muon"": 0, ""optimizer"": ""sgd"", ""out_bias_q"": -1.0, ""out_lr_mult"": 1.0, ""out_w_scale"": 1.0, ""p0"": 0.0, ""preprocess"": ""div255"", ""rule"": ""dfa"", ""seed"": 2, ""shift_step"": 0, ""target_center"": 0, ""target_scale"": 1.0, ""whiten"": 0, ""width"": 300}",,,
E11_cifar,cnn_centere_outlr10,0,0,dfa,1.1780904531478882,1.1780904531478882,0.8961554169654846,0.8319968581199646,0.8565419316291809,0.9218574166297911,952.3865518024433,170.00305519144075,763.2034481166811,417.43139386679104,690,417.43139386679104,"{""act"": ""tanh"", ""arch"": ""cnn"", ""batch"": 128, ""batchnorm"": 0, ""calibrate_head"": 0, ""center"": ""e"", ""classes"": 10, ""dataset"": ""cifar10"", ""depth"": 3, ""fb_row_norm"": 0, ""fb_scale"": 1.0, ""fb_seed"": 0, ""freeze_bias"": 0, ""freeze_out"": 0, ""head"": ""sigmoid_bce"", ""hid_lr_mult"": 1.0, ""lr"": 0.001, ""muon"": 0, ""optimizer"": ""sgd"", ""out_bias_q"": -1.0, ""out_lr_mult"": 10.0, ""out_w_scale"": 1.0, ""p0"": 0.0, ""preprocess"": ""div255"", ""rule"": ""dfa"", ""seed"": 0, ""shift_step"": 0, ""target_center"": 0, ""target_scale"": 1.0, ""whiten"": 0, ""width"": 300}",,,
E11_cifar,cnn_centere_outlr10,1,1,dfa,1.2267407178878784,1.2267407178878784,0.8616477251052856,0.7221411466598511,0.851473331451416,0.894344687461853,710.0672610673622,37.02872721087476,65.2286587199947,35.1139031788954,110,35.1139031788954,"{""act"": ""tanh"", ""arch"": ""cnn"", ""batch"": 128, ""batchnorm"": 0, ""calibrate_head"": 0, ""center"": ""e"", ""classes"": 10, ""dataset"": ""cifar10"", ""depth"": 3, ""fb_row_norm"": 0, ""fb_scale"": 1.0, ""fb_seed"": 1, ""freeze_bias"": 0, ""freeze_out"": 0, ""head"": ""sigmoid_bce"", ""hid_lr_mult"": 1.0, ""lr"": 0.001, ""muon"": 0, ""optimizer"": ""sgd"", ""out_bias_q"": -1.0, ""out_lr_mult"": 10.0, ""out_w_scale"": 1.0, ""p0"": 0.0, ""preprocess"": ""div255"", ""rule"": ""dfa"", ""seed"": 1, ""shift_step"": 0, ""target_center"": 0, ""target_scale"": 1.0, ""whiten"": 0, ""width"": 300}",,,
E11_cifar,cnn_centere_outlr10,2,2,dfa,1.1134332418441772,1.1134332418441772,0.8970416188240051,0.8212587833404541,0.8546974062919617,0.9209206104278564,782.0905468111463,161.21094011768724,559.8294951144566,321.300875995479,550,321.300875995479,"{""act"": ""tanh"", ""arch"": ""cnn"", ""batch"": 128, ""batchnorm"": 0, ""calibrate_head"": 0, ""center"": ""e"", ""classes"": 10, ""dataset"": ""cifar10"", ""depth"": 3, ""fb_row_norm"": 0, ""fb_scale"": 1.0, ""fb_seed"": 2, ""freeze_bias"": 0, ""freeze_out"": 0, ""head"": ""sigmoid_bce"", ""hid_lr_mult"": 1.0, ""lr"": 0.001, ""muon"": 0, ""optimizer"": ""sgd"", ""out_bias_q"": -1.0, ""out_lr_mult"": 10.0, ""out_w_scale"": 1.0, ""p0"": 0.0, ""preprocess"": ""div255"", ""rule"": ""dfa"", ""seed"": 2, ""shift_step"": 0, ""target_center"": 0, ""target_scale"": 1.0, ""whiten"": 0, ""width"": 300}",,,
E11_cifar,cnn_centere_pixcenter,0,0,dfa,1.2663668394088743,1.2663668394088743,0.1159174814820289,0.8392327427864075,0.0816219598054885,0.905319094657898,1195.6220386365867,6.725257472663238,946.462009053918,1195.6220386365867,4000,1195.6220386365867,"{""act"": ""tanh"", ""arch"": ""cnn"", ""batch"": 128, ""batchnorm"": 0, ""calibrate_head"": 0, ""center"": ""e"", ""classes"": 10, ""dataset"": ""cifar10"", ""depth"": 3, ""fb_row_norm"": 0, ""fb_scale"": 1.0, ""fb_seed"": 0, ""freeze_bias"": 0, ""freeze_out"": 0, ""head"": ""sigmoid_bce"", ""hid_lr_mult"": 1.0, ""lr"": 0.001, ""muon"": 0, ""optimizer"": ""sgd"", ""out_bias_q"": -1.0, ""out_lr_mult"": 1.0, ""out_w_scale"": 1.0, ""p0"": 0.0, ""preprocess"": ""pixcenter"", ""rule"": ""dfa"", ""seed"": 0, ""shift_step"": 0, ""target_center"": 0, ""target_scale"": 1.0, ""whiten"": 0, ""width"": 300}",,,
E11_cifar,cnn_centere_pixcenter,1,1,dfa,1.2644909620285034,1.2644909620285034,0.1280398666858673,0.8343457579612732,0.1141211241483688,0.8864917755126953,819.9726340084243,6.857334645236786,906.9192008429424,819.9726340084243,4000,819.9726340084243,"{""act"": ""tanh"", ""arch"": ""cnn"", ""batch"": 128, ""batchnorm"": 0, ""calibrate_head"": 0, ""center"": ""e"", ""classes"": 10, ""dataset"": ""cifar10"", ""depth"": 3, ""fb_row_norm"": 0, ""fb_scale"": 1.0, ""fb_seed"": 1, ""freeze_bias"": 0, ""freeze_out"": 0, ""head"": ""sigmoid_bce"", ""hid_lr_mult"": 1.0, ""lr"": 0.001, ""muon"": 0, ""optimizer"": ""sgd"", ""out_bias_q"": -1.0, ""out_lr_mult"": 1.0, ""out_w_scale"": 1.0, ""p0"": 0.0, ""preprocess"": ""pixcenter"", ""rule"": ""dfa"", ""seed"": 1, ""shift_step"": 0, ""target_center"": 0, ""target_scale"": 1.0, ""whiten"": 0, ""width"": 300}",,,
E11_cifar,cnn_centere_pixcenter,2,2,dfa,1.2629973888397217,1.2629973888397217,0.1734495460987091,0.8756750226020813,0.1561350375413894,0.915734589099884,1058.6717566298075,6.3553310286304905,1296.1714533820923,1058.6717566298075,4000,1058.6717566298075,"{""act"": ""tanh"", ""arch"": ""cnn"", ""batch"": 128, ""batchnorm"": 0, ""calibrate_head"": 0, ""center"": ""e"", ""classes"": 10, ""dataset"": ""cifar10"", ""depth"": 3, ""fb_row_norm"": 0, ""fb_scale"": 1.0, ""fb_seed"": 2, ""freeze_bias"": 0, ""freeze_out"": 0, ""head"": ""sigmoid_bce"", ""hid_lr_mult"": 1.0, ""lr"": 0.001, ""muon"": 0, ""optimizer"": ""sgd"", ""out_bias_q"": -1.0, ""out_lr_mult"": 1.0, ""out_w_scale"": 1.0, ""p0"": 0.0, ""preprocess"": ""pixcenter"", ""rule"": ""dfa"", ""seed"": 2, ""shift_step"": 0, ""target_center"": 0, ""target_scale"": 1.0, ""whiten"": 0, ""width"": 300}",,,
E11_cifar,cnn_outlr10,0,0,dfa,1.1780904531478882,1.1780904531478882,0.9996434450149536,0.0280278250575065,0.9501597285270692,0.666522741317749,119.24989544253808,5.46960048124626,23.063241248921983,15.891238141178636,20,15.891238141178636,"{""act"": ""tanh"", ""arch"": ""cnn"", ""batch"": 128, ""batchnorm"": 0, ""calibrate_head"": 0, ""center"": ""none"", ""classes"": 10, ""dataset"": ""cifar10"", ""depth"": 3, ""fb_row_norm"": 0, ""fb_scale"": 1.0, ""fb_seed"": 0, ""freeze_bias"": 0, ""freeze_out"": 0, ""head"": ""sigmoid_bce"", ""hid_lr_mult"": 1.0, ""lr"": 0.001, ""muon"": 0, ""optimizer"": ""sgd"", ""out_bias_q"": -1.0, ""out_lr_mult"": 10.0, ""out_w_scale"": 1.0, ""p0"": 0.0, ""preprocess"": ""div255"", ""rule"": ""dfa"", ""seed"": 0, ""shift_step"": 0, ""target_center"": 0, ""target_scale"": 1.0, ""whiten"": 0, ""width"": 300}",,,
E11_cifar,cnn_outlr10,1,1,dfa,1.2267407178878784,1.2267407178878784,0.9999820590019226,0.010857431218028,0.9649218320846558,0.5842335820198059,125.6421987265708,8.880874296194749,52.36710016727093,40.64837270013218,20,40.64837270013218,"{""act"": ""tanh"", ""arch"": ""cnn"", ""batch"": 128, ""batchnorm"": 0, ""calibrate_head"": 0, ""center"": ""none"", ""classes"": 10, ""dataset"": ""cifar10"", ""depth"": 3, ""fb_row_norm"": 0, ""fb_scale"": 1.0, ""fb_seed"": 1, ""freeze_bias"": 0, ""freeze_out"": 0, ""head"": ""sigmoid_bce"", ""hid_lr_mult"": 1.0, ""lr"": 0.001, ""muon"": 0, ""optimizer"": ""sgd"", ""out_bias_q"": -1.0, ""out_lr_mult"": 10.0, ""out_w_scale"": 1.0, ""p0"": 0.0, ""preprocess"": ""div255"", ""rule"": ""dfa"", ""seed"": 1, ""shift_step"": 0, ""target_center"": 0, ""target_scale"": 1.0, ""whiten"": 0, ""width"": 300}",,,
E11_cifar,cnn_outlr10,2,2,dfa,1.1134332418441772,1.1134332418441772,0.9997827410697936,0.0476362518966198,0.9590551853179932,0.6614341735839844,108.14808825908196,5.460899907863579,29.24134796775926,19.370712617989483,20,19.370712617989483,"{""act"": ""tanh"", ""arch"": ""cnn"", ""batch"": 128, ""batchnorm"": 0, ""calibrate_head"": 0, ""center"": ""none"", ""classes"": 10, ""dataset"": ""cifar10"", ""depth"": 3, ""fb_row_norm"": 0, ""fb_scale"": 1.0, ""fb_seed"": 2, ""freeze_bias"": 0, ""freeze_out"": 0, ""head"": ""sigmoid_bce"", ""hid_lr_mult"": 1.0, ""lr"": 0.001, ""muon"": 0, ""optimizer"": ""sgd"", ""out_bias_q"": -1.0, ""out_lr_mult"": 10.0, ""out_w_scale"": 1.0, ""p0"": 0.0, ""preprocess"": ""div255"", ""rule"": ""dfa"", ""seed"": 2, ""shift_step"": 0, ""target_center"": 0, ""target_scale"": 1.0, ""whiten"": 0, ""width"": 300}",,,
E11_cifar,cnn_pixcenter,0,0,dfa,1.2663668394088743,1.2663668394088743,0.9999992847442628,0.0090254498645663,0.9466644525527954,0.6245812177658081,989.3968649598684,0.1306348853337307,174.05992896338125,235.86423452379796,130,235.86423452379796,"{""act"": ""tanh"", ""arch"": ""cnn"", ""batch"": 128, ""batchnorm"": 0, ""calibrate_head"": 0, ""center"": ""none"", ""classes"": 10, ""dataset"": ""cifar10"", ""depth"": 3, ""fb_row_norm"": 0, ""fb_scale"": 1.0, ""fb_seed"": 0, ""freeze_bias"": 0, ""freeze_out"": 0, ""head"": ""sigmoid_bce"", ""hid_lr_mult"": 1.0, ""lr"": 0.001, ""muon"": 0, ""optimizer"": ""sgd"", ""out_bias_q"": -1.0, ""out_lr_mult"": 1.0, ""out_w_scale"": 1.0, ""p0"": 0.0, ""preprocess"": ""pixcenter"", ""rule"": ""dfa"", ""seed"": 0, ""shift_step"": 0, ""target_center"": 0, ""target_scale"": 1.0, ""whiten"": 0, ""width"": 300}",,,
E11_cifar,cnn_pixcenter,1,1,dfa,1.2644909620285034,1.2644909620285034,1.0,0.0082450294867157,0.9812079668045044,0.4475862681865692,1221.3165196068144,0.1986021389726333,430.8409696165626,442.4722205632029,130,442.4722205632029,"{""act"": ""tanh"", ""arch"": ""cnn"", ""batch"": 128, ""batchnorm"": 0, ""calibrate_head"": 0, ""center"": ""none"", ""classes"": 10, ""dataset"": ""cifar10"", ""depth"": 3, ""fb_row_norm"": 0, ""fb_scale"": 1.0, ""fb_seed"": 1, ""freeze_bias"": 0, ""freeze_out"": 0, ""head"": ""sigmoid_bce"", ""hid_lr_mult"": 1.0, ""lr"": 0.001, ""muon"": 0, ""optimizer"": ""sgd"", ""out_bias_q"": -1.0, ""out_lr_mult"": 1.0, ""out_w_scale"": 1.0, ""p0"": 0.0, ""preprocess"": ""pixcenter"", ""rule"": ""dfa"", ""seed"": 1, ""shift_step"": 0, ""target_center"": 0, ""target_scale"": 1.0, ""whiten"": 0, ""width"": 300}",,,
E11_cifar,cnn_pixcenter,2,2,dfa,1.2629973888397217,1.2629973888397217,1.0,0.0083340192213654,0.988231599330902,0.707090437412262,985.938752372175,0.1321375897289017,225.21884767391583,266.3761784598024,90,266.3761784598024,"{""act"": ""tanh"", ""arch"": ""cnn"", ""batch"": 128, ""batchnorm"": 0, ""calibrate_head"": 0, ""center"": ""none"", ""classes"": 10, ""dataset"": ""cifar10"", ""depth"": 3, ""fb_row_norm"": 0, ""fb_scale"": 1.0, ""fb_seed"": 2, ""freeze_bias"": 0, ""freeze_out"": 0, ""head"": ""sigmoid_bce"", ""hid_lr_mult"": 1.0, ""lr"": 0.001, ""muon"": 0, ""optimizer"": ""sgd"", ""out_bias_q"": -1.0, ""out_lr_mult"": 1.0, ""out_w_scale"": 1.0, ""p0"": 0.0, ""preprocess"": ""pixcenter"", ""rule"": ""dfa"", ""seed"": 2, ""shift_step"": 0, ""target_center"": 0, ""target_scale"": 1.0, ""whiten"": 0, ""width"": 300}",,,
E11_cifar,cnn_priorbias,0,0,dfa,0.0645980089902877,0.0645980089902877,0.999929666519165,0.0161739364266395,0.9757377505302428,0.500947892665863,-5.761037687513146,-1.972550364063924,-39.72046937669018,-5.761037687513146,4000,-5.761037687513146,"{""act"": ""tanh"", ""arch"": ""cnn"", ""batch"": 128, ""batchnorm"": 0, ""calibrate_head"": 0, ""center"": ""none"", ""classes"": 10, ""dataset"": ""cifar10"", ""depth"": 3, ""fb_row_norm"": 0, ""fb_scale"": 1.0, ""fb_seed"": 0, ""freeze_bias"": 0, ""freeze_out"": 0, ""head"": ""sigmoid_bce"", ""hid_lr_mult"": 1.0, ""lr"": 0.001, ""muon"": 0, ""optimizer"": ""sgd"", ""out_bias_q"": 0.1, ""out_lr_mult"": 1.0, ""out_w_scale"": 1.0, ""p0"": 0.0, ""preprocess"": ""div255"", ""rule"": ""dfa"", ""seed"": 0, ""shift_step"": 0, ""target_center"": 0, ""target_scale"": 1.0, ""whiten"": 0, ""width"": 300}",,,
E11_cifar,cnn_priorbias,1,1,dfa,0.0644201412796974,0.0644201412796974,0.9999921917915344,0.0143200531601905,0.9696232080459596,0.4507169127464294,35.16415524480322,4.543516917380488,48.22314278532238,35.16415524480322,4000,35.16415524480322,"{""act"": ""tanh"", ""arch"": ""cnn"", ""batch"": 128, ""batchnorm"": 0, ""calibrate_head"": 0, ""center"": ""none"", ""classes"": 10, ""dataset"": ""cifar10"", ""depth"": 3, ""fb_row_norm"": 0, ""fb_scale"": 1.0, ""fb_seed"": 1, ""freeze_bias"": 0, ""freeze_out"": 0, ""head"": ""sigmoid_bce"", ""hid_lr_mult"": 1.0, ""lr"": 0.001, ""muon"": 0, ""optimizer"": ""sgd"", ""out_bias_q"": 0.1, ""out_lr_mult"": 1.0, ""out_w_scale"": 1.0, ""p0"": 0.0, ""preprocess"": ""div255"", ""rule"": ""dfa"", ""seed"": 1, ""shift_step"": 0, ""target_center"": 0, ""target_scale"": 1.0, ""whiten"": 0, ""width"": 300}",,,
E11_cifar,cnn_priorbias,2,2,dfa,0.0957415401935577,0.0957415401935577,0.9999924898147584,0.0183438062667846,0.9814231991767884,0.3111692070960998,-225.78708428371723,-26.68091090636313,-392.4601290030293,-225.78708428371723,4000,-225.78708428371723,"{""act"": ""tanh"", ""arch"": ""cnn"", ""batch"": 128, ""batchnorm"": 0, ""calibrate_head"": 0, ""center"": ""none"", ""classes"": 10, ""dataset"": ""cifar10"", ""depth"": 3, ""fb_row_norm"": 0, ""fb_scale"": 1.0, ""fb_seed"": 2, ""freeze_bias"": 0, ""freeze_out"": 0, ""head"": ""sigmoid_bce"", ""hid_lr_mult"": 1.0, ""lr"": 0.001, ""muon"": 0, ""optimizer"": ""sgd"", ""out_bias_q"": 0.1, ""out_lr_mult"": 1.0, ""out_w_scale"": 1.0, ""p0"": 0.0, ""preprocess"": ""div255"", ""rule"": ""dfa"", ""seed"": 2, ""shift_step"": 0, ""target_center"": 0, ""target_scale"": 1.0, ""whiten"": 0, ""width"": 300}",,,
E11_cifar,cnn_softmax,0,0,dfa,0.0317171923816204,0.0317171923816204,0.1778211444616317,0.8849288821220398,0.141749694943428,0.8474893569946289,1.9580350153722683,1.012117529795701,2.917426164636521,1.9580350153722683,4000,1.9580350153722683,"{""act"": ""tanh"", ""arch"": ""cnn"", ""batch"": 128, ""batchnorm"": 0, ""calibrate_head"": 0, ""center"": ""none"", ""classes"": 10, ""dataset"": ""cifar10"", ""depth"": 3, ""fb_row_norm"": 0, ""fb_scale"": 1.0, ""fb_seed"": 0, ""freeze_bias"": 0, ""freeze_out"": 0, ""head"": ""softmax_ce"", ""hid_lr_mult"": 1.0, ""lr"": 0.001, ""muon"": 0, ""optimizer"": ""sgd"", ""out_bias_q"": -1.0, ""out_lr_mult"": 1.0, ""out_w_scale"": 1.0, ""p0"": 0.0, ""preprocess"": ""standardize"", ""rule"": ""dfa"", ""seed"": 0, ""shift_step"": 0, ""target_center"": 0, ""target_scale"": 1.0, ""whiten"": 0, ""width"": 300}",,,
E11_cifar,cnn_softmax,1,1,dfa,0.0243166908621788,0.0243166908621788,0.128995656967163,0.8051936626434326,0.145876795053482,0.8282396197319031,-1.2019218462502554,0.0637091349007509,-1.872325265484975,-1.2019218462502554,4000,-1.2019218462502554,"{""act"": ""tanh"", ""arch"": ""cnn"", ""batch"": 128, ""batchnorm"": 0, ""calibrate_head"": 0, ""center"": ""none"", ""classes"": 10, ""dataset"": ""cifar10"", ""depth"": 3, ""fb_row_norm"": 0, ""fb_scale"": 1.0, ""fb_seed"": 1, ""freeze_bias"": 0, ""freeze_out"": 0, ""head"": ""softmax_ce"", ""hid_lr_mult"": 1.0, ""lr"": 0.001, ""muon"": 0, ""optimizer"": ""sgd"", ""out_bias_q"": -1.0, ""out_lr_mult"": 1.0, ""out_w_scale"": 1.0, ""p0"": 0.0, ""preprocess"": ""standardize"", ""rule"": ""dfa"", ""seed"": 1, ""shift_step"": 0, ""target_center"": 0, ""target_scale"": 1.0, ""whiten"": 0, ""width"": 300}",,,
E11_cifar,cnn_softmax,2,2,dfa,0.0325643457472324,0.0325643457472324,0.1428666412830352,0.8722841739654541,0.1324133872985839,0.8423115611076355,5.812438462417647,0.9507145400337252,7.953956262685794,5.812438462417647,4000,5.812438462417647,"{""act"": ""tanh"", ""arch"": ""cnn"", ""batch"": 128, ""batchnorm"": 0, ""calibrate_head"": 0, ""center"": ""none"", ""classes"": 10, ""dataset"": ""cifar10"", ""depth"": 3, ""fb_row_norm"": 0, ""fb_scale"": 1.0, ""fb_seed"": 2, ""freeze_bias"": 0, ""freeze_out"": 0, ""head"": ""softmax_ce"", ""hid_lr_mult"": 1.0, ""lr"": 0.001, ""muon"": 0, ""optimizer"": ""sgd"", ""out_bias_q"": -1.0, ""out_lr_mult"": 1.0, ""out_w_scale"": 1.0, ""p0"": 0.0, ""preprocess"": ""standardize"", ""rule"": ""dfa"", ""seed"": 2, ""shift_step"": 0, ""target_center"": 0, ""target_scale"": 1.0, ""whiten"": 0, ""width"": 300}",,,
E11_cifar,cnn_softmax_imb07,0,0,dfa,0.6681231260299683,0.6681231260299683,0.9890224933624268,0.0597538575530052,0.4957994520664215,0.779396653175354,368.1445591446291,12.788300216656554,108.4601803896476,132.10592061591495,140,132.10592061591495,"{""act"": ""tanh"", ""arch"": ""cnn"", ""batch"": 128, ""batchnorm"": 0, ""calibrate_head"": 0, ""center"": ""none"", ""classes"": 10, ""dataset"": ""cifar10"", ""depth"": 3, ""fb_row_norm"": 0, ""fb_scale"": 1.0, ""fb_seed"": 0, ""freeze_bias"": 0, ""freeze_out"": 0, ""head"": ""softmax_ce"", ""hid_lr_mult"": 1.0, ""lr"": 0.001, ""muon"": 0, ""optimizer"": ""sgd"", ""out_bias_q"": -1.0, ""out_lr_mult"": 1.0, ""out_w_scale"": 1.0, ""p0"": 0.7, ""preprocess"": ""standardize"", ""rule"": ""dfa"", ""seed"": 0, ""shift_step"": 0, ""target_center"": 0, ""target_scale"": 1.0, ""whiten"": 0, ""width"": 300}",,,
E11_cifar,cnn_softmax_imb07,1,1,dfa,0.653749406337738,0.653749406337738,0.9727608561515808,0.1389976292848587,0.4817236661911011,0.8405822515487671,254.60953735908168,9.133953506257267,43.42399402817987,52.74951878219934,100,52.74951878219934,"{""act"": ""tanh"", ""arch"": ""cnn"", ""batch"": 128, ""batchnorm"": 0, ""calibrate_head"": 0, ""center"": ""none"", ""classes"": 10, ""dataset"": ""cifar10"", ""depth"": 3, ""fb_row_norm"": 0, ""fb_scale"": 1.0, ""fb_seed"": 1, ""freeze_bias"": 0, ""freeze_out"": 0, ""head"": ""softmax_ce"", ""hid_lr_mult"": 1.0, ""lr"": 0.001, ""muon"": 0, ""optimizer"": ""sgd"", ""out_bias_q"": -1.0, ""out_lr_mult"": 1.0, ""out_w_scale"": 1.0, ""p0"": 0.7, ""preprocess"": ""standardize"", ""rule"": ""dfa"", ""seed"": 1, ""shift_step"": 0, ""target_center"": 0, ""target_scale"": 1.0, ""whiten"": 0, ""width"": 300}",,,
E11_cifar,cnn_softmax_imb07,2,2,dfa,0.6607705354690552,0.6607705354690552,0.9327816367149352,0.2402393370866775,0.3321147263050079,0.8649563193321228,217.65454425520784,9.448489865343848,34.590712514131226,49.8678148504688,110,49.8678148504688,"{""act"": ""tanh"", ""arch"": ""cnn"", ""batch"": 128, ""batchnorm"": 0, ""calibrate_head"": 0, ""center"": ""none"", ""classes"": 10, ""dataset"": ""cifar10"", ""depth"": 3, ""fb_row_norm"": 0, ""fb_scale"": 1.0, ""fb_seed"": 2, ""freeze_bias"": 0, ""freeze_out"": 0, ""head"": ""softmax_ce"", ""hid_lr_mult"": 1.0, ""lr"": 0.001, ""muon"": 0, ""optimizer"": ""sgd"", ""out_bias_q"": -1.0, ""out_lr_mult"": 1.0, ""out_w_scale"": 1.0, ""p0"": 0.7, ""preprocess"": ""standardize"", ""rule"": ""dfa"", ""seed"": 2, ""shift_step"": 0, ""target_center"": 0, ""target_scale"": 1.0, ""whiten"": 0, ""width"": 300}",,,
E11_cifar,cnn_softmax_imb07_centere,0,0,dfa,0.6681231260299683,0.6681231260299683,0.1843553781509399,0.7644931674003601,0.115396648645401,0.8190597295761108,504.53383223150735,334.41876492520413,860.6348819741816,504.53383223150735,4000,504.53383223150735,"{""act"": ""tanh"", ""arch"": ""cnn"", ""batch"": 128, ""batchnorm"": 0, ""calibrate_head"": 0, ""center"": ""e"", ""classes"": 10, ""dataset"": ""cifar10"", ""depth"": 3, ""fb_row_norm"": 0, ""fb_scale"": 1.0, ""fb_seed"": 0, ""freeze_bias"": 0, ""freeze_out"": 0, ""head"": ""softmax_ce"", ""hid_lr_mult"": 1.0, ""lr"": 0.001, ""muon"": 0, ""optimizer"": ""sgd"", ""out_bias_q"": -1.0, ""out_lr_mult"": 1.0, ""out_w_scale"": 1.0, ""p0"": 0.7, ""preprocess"": ""standardize"", ""rule"": ""dfa"", ""seed"": 0, ""shift_step"": 0, ""target_center"": 0, ""target_scale"": 1.0, ""whiten"": 0, ""width"": 300}",,,
E11_cifar,cnn_softmax_imb07_centere,1,1,dfa,0.653749406337738,0.653749406337738,0.1662302017211914,0.7901836633682251,0.0959422886371612,0.7649374008178711,478.8039137561284,387.2333908544001,855.6926078386317,478.8039137561284,4000,478.8039137561284,"{""act"": ""tanh"", ""arch"": ""cnn"", ""batch"": 128, ""batchnorm"": 0, ""calibrate_head"": 0, ""center"": ""e"", ""classes"": 10, ""dataset"": ""cifar10"", ""depth"": 3, ""fb_row_norm"": 0, ""fb_scale"": 1.0, ""fb_seed"": 1, ""freeze_bias"": 0, ""freeze_out"": 0, ""head"": ""softmax_ce"", ""hid_lr_mult"": 1.0, ""lr"": 0.001, ""muon"": 0, ""optimizer"": ""sgd"", ""out_bias_q"": -1.0, ""out_lr_mult"": 1.0, ""out_w_scale"": 1.0, ""p0"": 0.7, ""preprocess"": ""standardize"", ""rule"": ""dfa"", ""seed"": 1, ""shift_step"": 0, ""target_center"": 0, ""target_scale"": 1.0, ""whiten"": 0, ""width"": 300}",,,
E11_cifar,cnn_softmax_imb07_centere,2,2,dfa,0.6607705354690552,0.6607705354690552,0.1780429482460022,0.7908022403717041,0.1472962498664856,0.7666624784469604,694.9172837235074,375.670779199684,1320.5094682968722,694.2387729387863,3990,694.2387729387863,"{""act"": ""tanh"", ""arch"": ""cnn"", ""batch"": 128, ""batchnorm"": 0, ""calibrate_head"": 0, ""center"": ""e"", ""classes"": 10, ""dataset"": ""cifar10"", ""depth"": 3, ""fb_row_norm"": 0, ""fb_scale"": 1.0, ""fb_seed"": 2, ""freeze_bias"": 0, ""freeze_out"": 0, ""head"": ""softmax_ce"", ""hid_lr_mult"": 1.0, ""lr"": 0.001, ""muon"": 0, ""optimizer"": ""sgd"", ""out_bias_q"": -1.0, ""out_lr_mult"": 1.0, ""out_w_scale"": 1.0, ""p0"": 0.7, ""preprocess"": ""standardize"", ""rule"": ""dfa"", ""seed"": 2, ""shift_step"": 0, ""target_center"": 0, ""target_scale"": 1.0, ""whiten"": 0, ""width"": 300}",,,
E11_cifar,cnnrelu,0,0,dfa,1.2279294729232788,1.2279294729232788,0.9998844861984252,0.1800645142793655,0.9265757203102112,0.2329801023006439,10784799.69703838,37.319229496468765,3459.4050693889453,10784799.69703838,4000,10784799.69703838,"{""act"": ""relu"", ""arch"": ""cnn"", ""batch"": 128, ""batchnorm"": 0, ""calibrate_head"": 0, ""center"": ""none"", ""classes"": 10, ""dataset"": ""cifar10"", ""depth"": 3, ""fb_row_norm"": 0, ""fb_scale"": 1.0, ""fb_seed"": 0, ""freeze_bias"": 0, ""freeze_out"": 0, ""head"": ""sigmoid_bce"", ""hid_lr_mult"": 1.0, ""lr"": 0.001, ""muon"": 0, ""optimizer"": ""sgd"", ""out_bias_q"": -1.0, ""out_lr_mult"": 1.0, ""out_w_scale"": 1.0, ""p0"": 0.0, ""preprocess"": ""div255"", ""rule"": ""dfa"", ""seed"": 0, ""shift_step"": 0, ""target_center"": 0, ""target_scale"": 1.0, ""whiten"": 0, ""width"": 300}",,,
E11_cifar,cnnrelu,1,1,dfa,1.2800397872924805,1.2800397872924805,0.9999806880950928,0.1875225603580474,0.895875096321106,0.2313036918640136,736492448.2518306,34.201236169108114,19383.652320413406,736492448.2518306,4000,736492448.2518306,"{""act"": ""relu"", ""arch"": ""cnn"", ""batch"": 128, ""batchnorm"": 0, ""calibrate_head"": 0, ""center"": ""none"", ""classes"": 10, ""dataset"": ""cifar10"", ""depth"": 3, ""fb_row_norm"": 0, ""fb_scale"": 1.0, ""fb_seed"": 1, ""freeze_bias"": 0, ""freeze_out"": 0, ""head"": ""sigmoid_bce"", ""hid_lr_mult"": 1.0, ""lr"": 0.001, ""muon"": 0, ""optimizer"": ""sgd"", ""out_bias_q"": -1.0, ""out_lr_mult"": 1.0, ""out_w_scale"": 1.0, ""p0"": 0.0, ""preprocess"": ""div255"", ""rule"": ""dfa"", ""seed"": 1, ""shift_step"": 0, ""target_center"": 0, ""target_scale"": 1.0, ""whiten"": 0, ""width"": 300}",,,
E11_cifar,cnnrelu,2,2,dfa,1.252417802810669,1.252417802810669,0.999911606311798,0.1249953359365463,0.900301456451416,0.4041300117969513,185580134.36510116,29.742949287012408,14001.388479726467,185580134.36510116,4000,185580134.36510116,"{""act"": ""relu"", ""arch"": ""cnn"", ""batch"": 128, ""batchnorm"": 0, ""calibrate_head"": 0, ""center"": ""none"", ""classes"": 10, ""dataset"": ""cifar10"", ""depth"": 3, ""fb_row_norm"": 0, ""fb_scale"": 1.0, ""fb_seed"": 2, ""freeze_bias"": 0, ""freeze_out"": 0, ""head"": ""sigmoid_bce"", ""hid_lr_mult"": 1.0, ""lr"": 0.001, ""muon"": 0, ""optimizer"": ""sgd"", ""out_bias_q"": -1.0, ""out_lr_mult"": 1.0, ""out_w_scale"": 1.0, ""p0"": 0.0, ""preprocess"": ""div255"", ""rule"": ""dfa"", ""seed"": 2, ""shift_step"": 0, ""target_center"": 0, ""target_scale"": 1.0, ""whiten"": 0, ""width"": 300}",,,
E11_cifar,cnnrelu_centere_pixcenter,0,0,dfa,1.2578223943710327,1.2578223943710327,0.953597366809845,0.6980575323104858,0.6617681980133057,0.8493327498435974,189.58998883089708,0.4212970908705976,44.60431605869245,30.983891428234134,160,30.983891428234134,"{""act"": ""relu"", ""arch"": ""cnn"", ""batch"": 128, ""batchnorm"": 0, ""calibrate_head"": 0, ""center"": ""e"", ""classes"": 10, ""dataset"": ""cifar10"", ""depth"": 3, ""fb_row_norm"": 0, ""fb_scale"": 1.0, ""fb_seed"": 0, ""freeze_bias"": 0, ""freeze_out"": 0, ""head"": ""sigmoid_bce"", ""hid_lr_mult"": 1.0, ""lr"": 0.001, ""muon"": 0, ""optimizer"": ""sgd"", ""out_bias_q"": -1.0, ""out_lr_mult"": 1.0, ""out_w_scale"": 1.0, ""p0"": 0.0, ""preprocess"": ""pixcenter"", ""rule"": ""dfa"", ""seed"": 0, ""shift_step"": 0, ""target_center"": 0, ""target_scale"": 1.0, ""whiten"": 0, ""width"": 300}",,,
E11_cifar,cnnrelu_centere_pixcenter,1,1,dfa,1.2683271169662476,1.2683271169662476,0.9727598428726196,0.7304272651672363,0.5856570601463318,0.8502130508422852,2670.28492345667,0.4102328642864227,48.73581584203059,26.723744379745035,150,26.723744379745035,"{""act"": ""relu"", ""arch"": ""cnn"", ""batch"": 128, ""batchnorm"": 0, ""calibrate_head"": 0, ""center"": ""e"", ""classes"": 10, ""dataset"": ""cifar10"", ""depth"": 3, ""fb_row_norm"": 0, ""fb_scale"": 1.0, ""fb_seed"": 1, ""freeze_bias"": 0, ""freeze_out"": 0, ""head"": ""sigmoid_bce"", ""hid_lr_mult"": 1.0, ""lr"": 0.001, ""muon"": 0, ""optimizer"": ""sgd"", ""out_bias_q"": -1.0, ""out_lr_mult"": 1.0, ""out_w_scale"": 1.0, ""p0"": 0.0, ""preprocess"": ""pixcenter"", ""rule"": ""dfa"", ""seed"": 1, ""shift_step"": 0, ""target_center"": 0, ""target_scale"": 1.0, ""whiten"": 0, ""width"": 300}",,,
E11_cifar,cnnrelu_centere_pixcenter,2,2,dfa,1.2620372772216797,1.2620372772216797,0.9866638779640198,0.7107241153717041,0.4926038384437561,0.7832677364349365,104881.53934152526,0.2761258225394907,18.21975258075061,13.084579158237537,120,13.084579158237537,"{""act"": ""relu"", ""arch"": ""cnn"", ""batch"": 128, ""batchnorm"": 0, ""calibrate_head"": 0, ""center"": ""e"", ""classes"": 10, ""dataset"": ""cifar10"", ""depth"": 3, ""fb_row_norm"": 0, ""fb_scale"": 1.0, ""fb_seed"": 2, ""freeze_bias"": 0, ""freeze_out"": 0, ""head"": ""sigmoid_bce"", ""hid_lr_mult"": 1.0, ""lr"": 0.001, ""muon"": 0, ""optimizer"": ""sgd"", ""out_bias_q"": -1.0, ""out_lr_mult"": 1.0, ""out_w_scale"": 1.0, ""p0"": 0.0, ""preprocess"": ""pixcenter"", ""rule"": ""dfa"", ""seed"": 2, ""shift_step"": 0, ""target_center"": 0, ""target_scale"": 1.0, ""whiten"": 0, ""width"": 300}",,,
E11_cifar,cnnrelu_priorbias,0,0,dfa,0.0272236261516809,0.0272236261516809,0.9999353885650636,0.1561711430549621,0.9127814769744872,0.2683800458908081,4326298.871323243,4.204859172040046,708.6643498787424,4326298.871323243,4000,4326298.871323243,"{""act"": ""relu"", ""arch"": ""cnn"", ""batch"": 128, ""batchnorm"": 0, ""calibrate_head"": 0, ""center"": ""none"", ""classes"": 10, ""dataset"": ""cifar10"", ""depth"": 3, ""fb_row_norm"": 0, ""fb_scale"": 1.0, ""fb_seed"": 0, ""freeze_bias"": 0, ""freeze_out"": 0, ""head"": ""sigmoid_bce"", ""hid_lr_mult"": 1.0, ""lr"": 0.001, ""muon"": 0, ""optimizer"": ""sgd"", ""out_bias_q"": 0.1, ""out_lr_mult"": 1.0, ""out_w_scale"": 1.0, ""p0"": 0.0, ""preprocess"": ""div255"", ""rule"": ""dfa"", ""seed"": 0, ""shift_step"": 0, ""target_center"": 0, ""target_scale"": 1.0, ""whiten"": 0, ""width"": 300}",,,
E11_cifar,cnnrelu_priorbias,1,1,dfa,0.0349401421844959,0.0349401421844959,0.999843180179596,0.1718899458646774,0.8853195905685425,0.3475920557975769,-2361392312.850969,-20.729148046450003,-39996.81595652376,-2361392312.850969,4000,-2361392312.850969,"{""act"": ""relu"", ""arch"": ""cnn"", ""batch"": 128, ""batchnorm"": 0, ""calibrate_head"": 0, ""center"": ""none"", ""classes"": 10, ""dataset"": ""cifar10"", ""depth"": 3, ""fb_row_norm"": 0, ""fb_scale"": 1.0, ""fb_seed"": 1, ""freeze_bias"": 0, ""freeze_out"": 0, ""head"": ""sigmoid_bce"", ""hid_lr_mult"": 1.0, ""lr"": 0.001, ""muon"": 0, ""optimizer"": ""sgd"", ""out_bias_q"": 0.1, ""out_lr_mult"": 1.0, ""out_w_scale"": 1.0, ""p0"": 0.0, ""preprocess"": ""div255"", ""rule"": ""dfa"", ""seed"": 1, ""shift_step"": 0, ""target_center"": 0, ""target_scale"": 1.0, ""whiten"": 0, ""width"": 300}",,,
E11_cifar,cnnrelu_priorbias,2,2,dfa,0.090499922633171,0.090499922633171,0.999919593334198,0.1046504750847816,0.8999902606010437,0.2805990576744079,371396691.72508055,9.149809914936348,9037.8135893031,371396691.72508055,4000,371396691.72508055,"{""act"": ""relu"", ""arch"": ""cnn"", ""batch"": 128, ""batchnorm"": 0, ""calibrate_head"": 0, ""center"": ""none"", ""classes"": 10, ""dataset"": ""cifar10"", ""depth"": 3, ""fb_row_norm"": 0, ""fb_scale"": 1.0, ""fb_seed"": 2, ""freeze_bias"": 0, ""freeze_out"": 0, ""head"": ""sigmoid_bce"", ""hid_lr_mult"": 1.0, ""lr"": 0.001, ""muon"": 0, ""optimizer"": ""sgd"", ""out_bias_q"": 0.1, ""out_lr_mult"": 1.0, ""out_w_scale"": 1.0, ""p0"": 0.0, ""preprocess"": ""div255"", ""rule"": ""dfa"", ""seed"": 2, ""shift_step"": 0, ""target_center"": 0, ""target_scale"": 1.0, ""whiten"": 0, ""width"": 300}",,,
E11_cifar,mlp,0,0,dfa,1.3963756561279297,1.3963756561279297,0.9999328851699828,0.1340263932943344,0.9949315786361694,0.0988228544592857,16.619807329311932,29.40262109886225,10.007820252893245,7.963843518674694,70,7.963843518674694,"{""act"": ""tanh"", ""arch"": ""mlp"", ""batch"": 128, ""batchnorm"": 0, ""calibrate_head"": 0, ""center"": ""none"", ""classes"": 10, ""dataset"": ""cifar10"", ""depth"": 3, ""fb_row_norm"": 0, ""fb_scale"": 1.0, ""fb_seed"": 0, ""freeze_bias"": 0, ""freeze_out"": 0, ""head"": ""sigmoid_bce"", ""hid_lr_mult"": 1.0, ""lr"": 0.001, ""muon"": 0, ""optimizer"": ""sgd"", ""out_bias_q"": -1.0, ""out_lr_mult"": 1.0, ""out_w_scale"": 1.0, ""p0"": 0.0, ""preprocess"": ""div255"", ""rule"": ""dfa"", ""seed"": 0, ""shift_step"": 0, ""target_center"": 0, ""target_scale"": 1.0, ""whiten"": 0, ""width"": 300}",,,
E11_cifar,mlp,1,1,dfa,1.1953860521316528,1.1953860521316528,0.9999162554740906,0.1598753929138183,0.9939571022987366,0.1198418065905571,17.378578641037976,28.280208620398984,9.301996402772753,7.549551822436551,70,7.549551822436551,"{""act"": ""tanh"", ""arch"": ""mlp"", ""batch"": 128, ""batchnorm"": 0, ""calibrate_head"": 0, ""center"": ""none"", ""classes"": 10, ""dataset"": ""cifar10"", ""depth"": 3, ""fb_row_norm"": 0, ""fb_scale"": 1.0, ""fb_seed"": 1, ""freeze_bias"": 0, ""freeze_out"": 0, ""head"": ""sigmoid_bce"", ""hid_lr_mult"": 1.0, ""lr"": 0.001, ""muon"": 0, ""optimizer"": ""sgd"", ""out_bias_q"": -1.0, ""out_lr_mult"": 1.0, ""out_w_scale"": 1.0, ""p0"": 0.0, ""preprocess"": ""div255"", ""rule"": ""dfa"", ""seed"": 1, ""shift_step"": 0, ""target_center"": 0, ""target_scale"": 1.0, ""whiten"": 0, ""width"": 300}",,,
E11_cifar,mlp,2,2,dfa,1.1976577043533323,1.1976577043533323,0.9998584389686584,0.1836993843317031,0.9950428009033204,0.1149699687957763,16.974501859161975,26.568382514204806,8.931997293002148,6.992810636141015,70,6.992810636141015,"{""act"": ""tanh"", ""arch"": ""mlp"", ""batch"": 128, ""batchnorm"": 0, ""calibrate_head"": 0, ""center"": ""none"", ""classes"": 10, ""dataset"": ""cifar10"", ""depth"": 3, ""fb_row_norm"": 0, ""fb_scale"": 1.0, ""fb_seed"": 2, ""freeze_bias"": 0, ""freeze_out"": 0, ""head"": ""sigmoid_bce"", ""hid_lr_mult"": 1.0, ""lr"": 0.001, ""muon"": 0, ""optimizer"": ""sgd"", ""out_bias_q"": -1.0, ""out_lr_mult"": 1.0, ""out_w_scale"": 1.0, ""p0"": 0.0, ""preprocess"": ""div255"", ""rule"": ""dfa"", ""seed"": 2, ""shift_step"": 0, ""target_center"": 0, ""target_scale"": 1.0, ""whiten"": 0, ""width"": 300}",,,
E11_cifar,mlp_centere,0,0,dfa,1.3963756561279297,1.3963756561279297,0.7891237139701843,0.8498668670654297,0.8040549159049988,0.8575574159622192,58.72376087211436,1934.6443862892784,100.02003452912568,58.72376087211436,4000,58.72376087211436,"{""act"": ""tanh"", ""arch"": ""mlp"", ""batch"": 128, ""batchnorm"": 0, ""calibrate_head"": 0, ""center"": ""e"", ""classes"": 10, ""dataset"": ""cifar10"", ""depth"": 3, ""fb_row_norm"": 0, ""fb_scale"": 1.0, ""fb_seed"": 0, ""freeze_bias"": 0, ""freeze_out"": 0, ""head"": ""sigmoid_bce"", ""hid_lr_mult"": 1.0, ""lr"": 0.001, ""muon"": 0, ""optimizer"": ""sgd"", ""out_bias_q"": -1.0, ""out_lr_mult"": 1.0, ""out_w_scale"": 1.0, ""p0"": 0.0, ""preprocess"": ""div255"", ""rule"": ""dfa"", ""seed"": 0, ""shift_step"": 0, ""target_center"": 0, ""target_scale"": 1.0, ""whiten"": 0, ""width"": 300}",,,
E11_cifar,mlp_centere,1,1,dfa,1.1953860521316528,1.1953860521316528,0.7992593050003052,0.8700712323188782,0.7969518303871155,0.8108368515968323,63.549792944368825,1929.873021660544,87.29537220836038,63.549792944368825,4000,63.549792944368825,"{""act"": ""tanh"", ""arch"": ""mlp"", ""batch"": 128, ""batchnorm"": 0, ""calibrate_head"": 0, ""center"": ""e"", ""classes"": 10, ""dataset"": ""cifar10"", ""depth"": 3, ""fb_row_norm"": 0, ""fb_scale"": 1.0, ""fb_seed"": 1, ""freeze_bias"": 0, ""freeze_out"": 0, ""head"": ""sigmoid_bce"", ""hid_lr_mult"": 1.0, ""lr"": 0.001, ""muon"": 0, ""optimizer"": ""sgd"", ""out_bias_q"": -1.0, ""out_lr_mult"": 1.0, ""out_w_scale"": 1.0, ""p0"": 0.0, ""preprocess"": ""div255"", ""rule"": ""dfa"", ""seed"": 1, ""shift_step"": 0, ""target_center"": 0, ""target_scale"": 1.0, ""whiten"": 0, ""width"": 300}",,,
E11_cifar,mlp_centere,2,2,dfa,1.1976577043533323,1.1976577043533323,0.8240901827812195,0.7985559105873108,0.8138396739959717,0.8573370575904846,61.97834057239642,1917.8761630902256,98.49693962581392,61.97834057239642,4000,61.97834057239642,"{""act"": ""tanh"", ""arch"": ""mlp"", ""batch"": 128, ""batchnorm"": 0, ""calibrate_head"": 0, ""center"": ""e"", ""classes"": 10, ""dataset"": ""cifar10"", ""depth"": 3, ""fb_row_norm"": 0, ""fb_scale"": 1.0, ""fb_seed"": 2, ""freeze_bias"": 0, ""freeze_out"": 0, ""head"": ""sigmoid_bce"", ""hid_lr_mult"": 1.0, ""lr"": 0.001, ""muon"": 0, ""optimizer"": ""sgd"", ""out_bias_q"": -1.0, ""out_lr_mult"": 1.0, ""out_w_scale"": 1.0, ""p0"": 0.0, ""preprocess"": ""div255"", ""rule"": ""dfa"", ""seed"": 2, ""shift_step"": 0, ""target_center"": 0, ""target_scale"": 1.0, ""whiten"": 0, ""width"": 300}",,,
E11_cifar,mlp_pixcenter,0,0,dfa,1.263494610786438,1.263494610786438,0.5671992301940918,0.6917725205421448,0.0439246855676174,0.9223412275314332,2.9030897561592384,0.4104401806671118,0.4478828606527367,1.2074904243782227,210,1.2074904243782227,"{""act"": ""tanh"", ""arch"": ""mlp"", ""batch"": 128, ""batchnorm"": 0, ""calibrate_head"": 0, ""center"": ""none"", ""classes"": 10, ""dataset"": ""cifar10"", ""depth"": 3, ""fb_row_norm"": 0, ""fb_scale"": 1.0, ""fb_seed"": 0, ""freeze_bias"": 0, ""freeze_out"": 0, ""head"": ""sigmoid_bce"", ""hid_lr_mult"": 1.0, ""lr"": 0.001, ""muon"": 0, ""optimizer"": ""sgd"", ""out_bias_q"": -1.0, ""out_lr_mult"": 1.0, ""out_w_scale"": 1.0, ""p0"": 0.0, ""preprocess"": ""pixcenter"", ""rule"": ""dfa"", ""seed"": 0, ""shift_step"": 0, ""target_center"": 0, ""target_scale"": 1.0, ""whiten"": 0, ""width"": 300}",,,
E11_cifar,mlp_pixcenter,1,1,dfa,1.26640784740448,1.26640784740448,0.7196016311645508,0.7402637600898743,0.0441461838781833,0.9428567290306092,3.091090159359359,0.3948787019506522,0.4009766013950069,1.161478745025445,200,1.161478745025445,"{""act"": ""tanh"", ""arch"": ""mlp"", ""batch"": 128, ""batchnorm"": 0, ""calibrate_head"": 0, ""center"": ""none"", ""classes"": 10, ""dataset"": ""cifar10"", ""depth"": 3, ""fb_row_norm"": 0, ""fb_scale"": 1.0, ""fb_seed"": 1, ""freeze_bias"": 0, ""freeze_out"": 0, ""head"": ""sigmoid_bce"", ""hid_lr_mult"": 1.0, ""lr"": 0.001, ""muon"": 0, ""optimizer"": ""sgd"", ""out_bias_q"": -1.0, ""out_lr_mult"": 1.0, ""out_w_scale"": 1.0, ""p0"": 0.0, ""preprocess"": ""pixcenter"", ""rule"": ""dfa"", ""seed"": 1, ""shift_step"": 0, ""target_center"": 0, ""target_scale"": 1.0, ""whiten"": 0, ""width"": 300}",,,
E11_cifar,mlp_pixcenter,2,2,dfa,1.2658648490905762,1.2658648490905762,0.7395046949386597,0.7218508124351501,0.0491013266146183,0.95521742105484,3.1289920316016877,0.3870944870264752,0.4176857693808377,1.134609733935109,190,1.134609733935109,"{""act"": ""tanh"", ""arch"": ""mlp"", ""batch"": 128, ""batchnorm"": 0, ""calibrate_head"": 0, ""center"": ""none"", ""classes"": 10, ""dataset"": ""cifar10"", ""depth"": 3, ""fb_row_norm"": 0, ""fb_scale"": 1.0, ""fb_seed"": 2, ""freeze_bias"": 0, ""freeze_out"": 0, ""head"": ""sigmoid_bce"", ""hid_lr_mult"": 1.0, ""lr"": 0.001, ""muon"": 0, ""optimizer"": ""sgd"", ""out_bias_q"": -1.0, ""out_lr_mult"": 1.0, ""out_w_scale"": 1.0, ""p0"": 0.0, ""preprocess"": ""pixcenter"", ""rule"": ""dfa"", ""seed"": 2, ""shift_step"": 0, ""target_center"": 0, ""target_scale"": 1.0, ""whiten"": 0, ""width"": 300}",,,
E11_cifar,mlp_priorbias,0,0,dfa,0.1745202243328094,0.1745202243328094,0.9868831634521484,0.5808591246604919,0.9556382894515992,0.3851571381092071,1.2520957548864238,-1.4925284221485713,-0.6377958754552514,-0.5044241014288892,340,-0.5044241014288892,"{""act"": ""tanh"", ""arch"": ""mlp"", ""batch"": 128, ""batchnorm"": 0, ""calibrate_head"": 0, ""center"": ""none"", ""classes"": 10, ""dataset"": ""cifar10"", ""depth"": 3, ""fb_row_norm"": 0, ""fb_scale"": 1.0, ""fb_seed"": 0, ""freeze_bias"": 0, ""freeze_out"": 0, ""head"": ""sigmoid_bce"", ""hid_lr_mult"": 1.0, ""lr"": 0.001, ""muon"": 0, ""optimizer"": ""sgd"", ""out_bias_q"": 0.1, ""out_lr_mult"": 1.0, ""out_w_scale"": 1.0, ""p0"": 0.0, ""preprocess"": ""div255"", ""rule"": ""dfa"", ""seed"": 0, ""shift_step"": 0, ""target_center"": 0, ""target_scale"": 1.0, ""whiten"": 0, ""width"": 300}",,,
E11_cifar,mlp_priorbias,1,1,dfa,0.0971703976392746,0.0971703976392746,0.9906626343727112,0.4923991560935974,0.9664226770401,0.326663613319397,0.6588754707991836,0.3400371962850074,0.6984054758449932,0.6588754707991836,4000,0.6588754707991836,"{""act"": ""tanh"", ""arch"": ""mlp"", ""batch"": 128, ""batchnorm"": 0, ""calibrate_head"": 0, ""center"": ""none"", ""classes"": 10, ""dataset"": ""cifar10"", ""depth"": 3, ""fb_row_norm"": 0, ""fb_scale"": 1.0, ""fb_seed"": 1, ""freeze_bias"": 0, ""freeze_out"": 0, ""head"": ""sigmoid_bce"", ""hid_lr_mult"": 1.0, ""lr"": 0.001, ""muon"": 0, ""optimizer"": ""sgd"", ""out_bias_q"": 0.1, ""out_lr_mult"": 1.0, ""out_w_scale"": 1.0, ""p0"": 0.0, ""preprocess"": ""div255"", ""rule"": ""dfa"", ""seed"": 1, ""shift_step"": 0, ""target_center"": 0, ""target_scale"": 1.0, ""whiten"": 0, ""width"": 300}",,,
E11_cifar,mlp_priorbias,2,2,dfa,0.1080335825681686,0.1080335825681686,0.9735224843025208,0.6701940298080444,0.9477134943008424,0.4106705486774444,1.6394002455854852,8.798150232415109,2.0910644864771024,1.6394002455854852,4000,1.6394002455854852,"{""act"": ""tanh"", ""arch"": ""mlp"", ""batch"": 128, ""batchnorm"": 0, ""calibrate_head"": 0, ""center"": ""none"", ""classes"": 10, ""dataset"": ""cifar10"", ""depth"": 3, ""fb_row_norm"": 0, ""fb_scale"": 1.0, ""fb_seed"": 2, ""freeze_bias"": 0, ""freeze_out"": 0, ""head"": ""sigmoid_bce"", ""hid_lr_mult"": 1.0, ""lr"": 0.001, ""muon"": 0, ""optimizer"": ""sgd"", ""out_bias_q"": 0.1, ""out_lr_mult"": 1.0, ""out_w_scale"": 1.0, ""p0"": 0.0, ""preprocess"": ""div255"", ""rule"": ""dfa"", ""seed"": 2, ""shift_step"": 0, ""target_center"": 0, ""target_scale"": 1.0, ""whiten"": 0, ""width"": 300}",,,
E11_cifar,mlp_std,0,0,dfa,1.280660629272461,1.280660629272461,0.4312902987003326,0.6731135249137878,0.1991457939147949,0.934065878391266,11.830060585033417,22.36765561894451,6.924868493234253,9.42108839461526,490,9.42108839461526,"{""act"": ""tanh"", ""arch"": ""mlp"", ""batch"": 128, ""batchnorm"": 0, ""calibrate_head"": 0, ""center"": ""none"", ""classes"": 10, ""dataset"": ""cifar10"", ""depth"": 3, ""fb_row_norm"": 0, ""fb_scale"": 1.0, ""fb_seed"": 0, ""freeze_bias"": 0, ""freeze_out"": 0, ""head"": ""sigmoid_bce"", ""hid_lr_mult"": 1.0, ""lr"": 0.001, ""muon"": 0, ""optimizer"": ""sgd"", ""out_bias_q"": -1.0, ""out_lr_mult"": 1.0, ""out_w_scale"": 1.0, ""p0"": 0.0, ""preprocess"": ""standardize"", ""rule"": ""dfa"", ""seed"": 0, ""shift_step"": 0, ""target_center"": 0, ""target_scale"": 1.0, ""whiten"": 0, ""width"": 300}",,,
E11_cifar,mlp_std,1,1,dfa,1.2637981176376345,1.2637981176376345,0.4069680273532867,0.7646310329437256,0.1319914758205413,0.9385127425193788,11.206104723897951,21.69120702578497,5.640269070696374,8.432800719747107,490,8.432800719747107,"{""act"": ""tanh"", ""arch"": ""mlp"", ""batch"": 128, ""batchnorm"": 0, ""calibrate_head"": 0, ""center"": ""none"", ""classes"": 10, ""dataset"": ""cifar10"", ""depth"": 3, ""fb_row_norm"": 0, ""fb_scale"": 1.0, ""fb_seed"": 1, ""freeze_bias"": 0, ""freeze_out"": 0, ""head"": ""sigmoid_bce"", ""hid_lr_mult"": 1.0, ""lr"": 0.001, ""muon"": 0, ""optimizer"": ""sgd"", ""out_bias_q"": -1.0, ""out_lr_mult"": 1.0, ""out_w_scale"": 1.0, ""p0"": 0.0, ""preprocess"": ""standardize"", ""rule"": ""dfa"", ""seed"": 1, ""shift_step"": 0, ""target_center"": 0, ""target_scale"": 1.0, ""whiten"": 0, ""width"": 300}",,,
E11_cifar,mlp_std,2,2,dfa,1.2372928857803345,1.2372928857803345,0.4440518915653229,0.7763961553573608,0.145222470164299,0.9389720559120178,10.039241037312662,21.162566590500656,5.492591289963202,7.596905055646009,480,7.596905055646009,"{""act"": ""tanh"", ""arch"": ""mlp"", ""batch"": 128, ""batchnorm"": 0, ""calibrate_head"": 0, ""center"": ""none"", ""classes"": 10, ""dataset"": ""cifar10"", ""depth"": 3, ""fb_row_norm"": 0, ""fb_scale"": 1.0, ""fb_seed"": 2, ""freeze_bias"": 0, ""freeze_out"": 0, ""head"": ""sigmoid_bce"", ""hid_lr_mult"": 1.0, ""lr"": 0.001, ""muon"": 0, ""optimizer"": ""sgd"", ""out_bias_q"": -1.0, ""out_lr_mult"": 1.0, ""out_w_scale"": 1.0, ""p0"": 0.0, ""preprocess"": ""standardize"", ""rule"": ""dfa"", ""seed"": 2, ""shift_step"": 0, ""target_center"": 0, ""target_scale"": 1.0, ""whiten"": 0, ""width"": 300}",,,
E12_cifar2,cnn_calib,0,0,dfa,0.0189397986978292,0.0189397986978292,0.99966162443161,0.027092833071947,0.963522493839264,0.5088491439819336,7.546630938546288,1.4504140385012632,9.639555448245543,7.546630938546288,4000,7.546630938546288,"{""act"": ""tanh"", ""arch"": ""cnn"", ""batch"": 128, ""batchnorm"": 0, ""calibrate_head"": 1, ""center"": ""none"", ""classes"": 10, ""dataset"": ""cifar10"", ""depth"": 3, ""fb_row_norm"": 0, ""fb_scale"": 1.0, ""fb_seed"": 0, ""freeze_bias"": 0, ""freeze_out"": 0, ""head"": ""sigmoid_bce"", ""hid_lr_mult"": 1.0, ""lr"": 0.001, ""muon"": 0, ""optimizer"": ""sgd"", ""out_bias_q"": -1.0, ""out_lr_mult"": 1.0, ""out_w_scale"": 1.0, ""p0"": 0.0, ""preprocess"": ""div255"", ""rule"": ""dfa"", ""seed"": 0, ""shift_step"": 0, ""target_center"": 0, ""target_scale"": 1.0, ""whiten"": 0, ""width"": 300}",,,
E12_cifar2,cnn_calib,1,1,dfa,0.0181799978017807,0.0181799978017807,0.9999747276306152,0.009642937220633,0.9735777378082277,0.5309327244758606,93.42328711516916,14.682631627120008,191.5697506008929,93.42328711516916,4000,93.42328711516916,"{""act"": ""tanh"", ""arch"": ""cnn"", ""batch"": 128, ""batchnorm"": 0, ""calibrate_head"": 1, ""center"": ""none"", ""classes"": 10, ""dataset"": ""cifar10"", ""depth"": 3, ""fb_row_norm"": 0, ""fb_scale"": 1.0, ""fb_seed"": 1, ""freeze_bias"": 0, ""freeze_out"": 0, ""head"": ""sigmoid_bce"", ""hid_lr_mult"": 1.0, ""lr"": 0.001, ""muon"": 0, ""optimizer"": ""sgd"", ""out_bias_q"": -1.0, ""out_lr_mult"": 1.0, ""out_w_scale"": 1.0, ""p0"": 0.0, ""preprocess"": ""div255"", ""rule"": ""dfa"", ""seed"": 1, ""shift_step"": 0, ""target_center"": 0, ""target_scale"": 1.0, ""whiten"": 0, ""width"": 300}",,,
E12_cifar2,cnn_calib,2,2,dfa,0.0262255240231752,0.0262255240231752,0.9999839663505554,0.0115844793617725,0.9819056987762452,0.3505704998970032,-40.98006748910871,-6.754604596889196,-65.9001520574869,-40.98006748910871,4000,-40.98006748910871,"{""act"": ""tanh"", ""arch"": ""cnn"", ""batch"": 128, ""batchnorm"": 0, ""calibrate_head"": 1, ""center"": ""none"", ""classes"": 10, ""dataset"": ""cifar10"", ""depth"": 3, ""fb_row_norm"": 0, ""fb_scale"": 1.0, ""fb_seed"": 2, ""freeze_bias"": 0, ""freeze_out"": 0, ""head"": ""sigmoid_bce"", ""hid_lr_mult"": 1.0, ""lr"": 0.001, ""muon"": 0, ""optimizer"": ""sgd"", ""out_bias_q"": -1.0, ""out_lr_mult"": 1.0, ""out_w_scale"": 1.0, ""p0"": 0.0, ""preprocess"": ""div255"", ""rule"": ""dfa"", ""seed"": 2, ""shift_step"": 0, ""target_center"": 0, ""target_scale"": 1.0, ""whiten"": 0, ""width"": 300}",,,
E12_cifar2,cnn_calib_centere,0,0,dfa,0.0189397986978292,0.0189397986978292,0.88152015209198,0.9247301816940308,0.8485963940620422,0.9511802792549132,-30.783203041138773,-22.069877979728908,-51.85650057835501,-30.783203041138773,4000,-30.783203041138773,"{""act"": ""tanh"", ""arch"": ""cnn"", ""batch"": 128, ""batchnorm"": 0, ""calibrate_head"": 1, ""center"": ""e"", ""classes"": 10, ""dataset"": ""cifar10"", ""depth"": 3, ""fb_row_norm"": 0, ""fb_scale"": 1.0, ""fb_seed"": 0, ""freeze_bias"": 0, ""freeze_out"": 0, ""head"": ""sigmoid_bce"", ""hid_lr_mult"": 1.0, ""lr"": 0.001, ""muon"": 0, ""optimizer"": ""sgd"", ""out_bias_q"": -1.0, ""out_lr_mult"": 1.0, ""out_w_scale"": 1.0, ""p0"": 0.0, ""preprocess"": ""div255"", ""rule"": ""dfa"", ""seed"": 0, ""shift_step"": 0, ""target_center"": 0, ""target_scale"": 1.0, ""whiten"": 0, ""width"": 300}",,,
E12_cifar2,cnn_calib_centere,1,1,dfa,0.0181799978017807,0.0181799978017807,0.8582644462585449,0.8901172280311584,0.8547266125679016,0.93927663564682,-27.157135823915542,-15.941690030204828,-35.503199661211546,-27.157135823915542,4000,-27.157135823915542,"{""act"": ""tanh"", ""arch"": ""cnn"", ""batch"": 128, ""batchnorm"": 0, ""calibrate_head"": 1, ""center"": ""e"", ""classes"": 10, ""dataset"": ""cifar10"", ""depth"": 3, ""fb_row_norm"": 0, ""fb_scale"": 1.0, ""fb_seed"": 1, ""freeze_bias"": 0, ""freeze_out"": 0, ""head"": ""sigmoid_bce"", ""hid_lr_mult"": 1.0, ""lr"": 0.001, ""muon"": 0, ""optimizer"": ""sgd"", ""out_bias_q"": -1.0, ""out_lr_mult"": 1.0, ""out_w_scale"": 1.0, ""p0"": 0.0, ""preprocess"": ""div255"", ""rule"": ""dfa"", ""seed"": 1, ""shift_step"": 0, ""target_center"": 0, ""target_scale"": 1.0, ""whiten"": 0, ""width"": 300}",,,
E12_cifar2,cnn_calib_centere,2,2,dfa,0.0262255240231752,0.0262255240231752,0.8797298073768616,0.9034701585769652,0.8542467355728149,0.9328671097755432,25.45655306972428,17.958875059633584,57.59275202056142,25.45655306972428,4000,25.45655306972428,"{""act"": ""tanh"", ""arch"": ""cnn"", ""batch"": 128, ""batchnorm"": 0, ""calibrate_head"": 1, ""center"": ""e"", ""classes"": 10, ""dataset"": ""cifar10"", ""depth"": 3, ""fb_row_norm"": 0, ""fb_scale"": 1.0, ""fb_seed"": 2, ""freeze_bias"": 0, ""freeze_out"": 0, ""head"": ""sigmoid_bce"", ""hid_lr_mult"": 1.0, ""lr"": 0.001, ""muon"": 0, ""optimizer"": ""sgd"", ""out_bias_q"": -1.0, ""out_lr_mult"": 1.0, ""out_w_scale"": 1.0, ""p0"": 0.0, ""preprocess"": ""div255"", ""rule"": ""dfa"", ""seed"": 2, ""shift_step"": 0, ""target_center"": 0, ""target_scale"": 1.0, ""whiten"": 0, ""width"": 300}",,,
E12_cifar2,cnn_centere_pixcenter_outlr10,0,0,dfa,1.2663668394088743,1.2663668394088743,0.1881617456674575,0.8986258506774902,0.1414447575807571,0.9617210626602172,147.98607189502613,1.2298297087043526,15.439898670892031,24.987917104292663,890,24.987917104292663,"{""act"": ""tanh"", ""arch"": ""cnn"", ""batch"": 128, ""batchnorm"": 0, ""calibrate_head"": 0, ""center"": ""e"", ""classes"": 10, ""dataset"": ""cifar10"", ""depth"": 3, ""fb_row_norm"": 0, ""fb_scale"": 1.0, ""fb_seed"": 0, ""freeze_bias"": 0, ""freeze_out"": 0, ""head"": ""sigmoid_bce"", ""hid_lr_mult"": 1.0, ""lr"": 0.001, ""muon"": 0, ""optimizer"": ""sgd"", ""out_bias_q"": -1.0, ""out_lr_mult"": 10.0, ""out_w_scale"": 1.0, ""p0"": 0.0, ""preprocess"": ""pixcenter"", ""rule"": ""dfa"", ""seed"": 0, ""shift_step"": 0, ""target_center"": 0, ""target_scale"": 1.0, ""whiten"": 0, ""width"": 300}",,,
E12_cifar2,cnn_centere_pixcenter_outlr10,1,1,dfa,1.2644909620285034,1.2644909620285034,0.2870425581932068,0.8874004483222961,0.2266185730695724,0.9401267766952516,209.14416382956836,1.1046808228330836,31.5037944001863,34.91593269356449,780,34.91593269356449,"{""act"": ""tanh"", ""arch"": ""cnn"", ""batch"": 128, ""batchnorm"": 0, ""calibrate_head"": 0, ""center"": ""e"", ""classes"": 10, ""dataset"": ""cifar10"", ""depth"": 3, ""fb_row_norm"": 0, ""fb_scale"": 1.0, ""fb_seed"": 1, ""freeze_bias"": 0, ""freeze_out"": 0, ""head"": ""sigmoid_bce"", ""hid_lr_mult"": 1.0, ""lr"": 0.001, ""muon"": 0, ""optimizer"": ""sgd"", ""out_bias_q"": -1.0, ""out_lr_mult"": 10.0, ""out_w_scale"": 1.0, ""p0"": 0.0, ""preprocess"": ""pixcenter"", ""rule"": ""dfa"", ""seed"": 1, ""shift_step"": 0, ""target_center"": 0, ""target_scale"": 1.0, ""whiten"": 0, ""width"": 300}",,,
E12_cifar2,cnn_centere_pixcenter_outlr10,2,2,dfa,1.2629973888397217,1.2629973888397217,0.2353347241878509,0.9320498108863832,0.2121238857507705,0.9777168035507202,128.93309237436054,1.0030921958095602,11.400875229985584,13.168762693456594,690,13.168762693456594,"{""act"": ""tanh"", ""arch"": ""cnn"", ""batch"": 128, ""batchnorm"": 0, ""calibrate_head"": 0, ""center"": ""e"", ""classes"": 10, ""dataset"": ""cifar10"", ""depth"": 3, ""fb_row_norm"": 0, ""fb_scale"": 1.0, ""fb_seed"": 2, ""freeze_bias"": 0, ""freeze_out"": 0, ""head"": ""sigmoid_bce"", ""hid_lr_mult"": 1.0, ""lr"": 0.001, ""muon"": 0, ""optimizer"": ""sgd"", ""out_bias_q"": -1.0, ""out_lr_mult"": 10.0, ""out_w_scale"": 1.0, ""p0"": 0.0, ""preprocess"": ""pixcenter"", ""rule"": ""dfa"", ""seed"": 2, ""shift_step"": 0, ""target_center"": 0, ""target_scale"": 1.0, ""whiten"": 0, ""width"": 300}",,,
E12_cifar2,cnnrelu_lr1e4,0,0,dfa,1.2279294729232788,1.2279294729232788,0.9993601441383362,0.4552558660507202,0.8934195041656494,0.3529924750328064,214.67366130869476,3.119381824986758,5.572904476441762,4.465161791551228,180,4.465161791551228,"{""act"": ""relu"", ""arch"": ""cnn"", ""batch"": 128, ""batchnorm"": 0, ""calibrate_head"": 0, ""center"": ""none"", ""classes"": 10, ""dataset"": ""cifar10"", ""depth"": 3, ""fb_row_norm"": 0, ""fb_scale"": 1.0, ""fb_seed"": 0, ""freeze_bias"": 0, ""freeze_out"": 0, ""head"": ""sigmoid_bce"", ""hid_lr_mult"": 1.0, ""lr"": 0.0001, ""muon"": 0, ""optimizer"": ""sgd"", ""out_bias_q"": -1.0, ""out_lr_mult"": 1.0, ""out_w_scale"": 1.0, ""p0"": 0.0, ""preprocess"": ""div255"", ""rule"": ""dfa"", ""seed"": 0, ""shift_step"": 0, ""target_center"": 0, ""target_scale"": 1.0, ""whiten"": 0, ""width"": 300}",,,
E12_cifar2,cnnrelu_lr1e4,1,1,dfa,1.2800397872924805,1.2800397872924805,0.9996618628501892,0.3745395839214325,0.9005283117294312,0.485451340675354,251.94339896116355,4.9311306902690974,29.118363203808155,30.334509344074824,100,30.334509344074824,"{""act"": ""relu"", ""arch"": ""cnn"", ""batch"": 128, ""batchnorm"": 0, ""calibrate_head"": 0, ""center"": ""none"", ""classes"": 10, ""dataset"": ""cifar10"", ""depth"": 3, ""fb_row_norm"": 0, ""fb_scale"": 1.0, ""fb_seed"": 1, ""freeze_bias"": 0, ""freeze_out"": 0, ""head"": ""sigmoid_bce"", ""hid_lr_mult"": 1.0, ""lr"": 0.0001, ""muon"": 0, ""optimizer"": ""sgd"", ""out_bias_q"": -1.0, ""out_lr_mult"": 1.0, ""out_w_scale"": 1.0, ""p0"": 0.0, ""preprocess"": ""div255"", ""rule"": ""dfa"", ""seed"": 1, ""shift_step"": 0, ""target_center"": 0, ""target_scale"": 1.0, ""whiten"": 0, ""width"": 300}",,,
E12_cifar2,cnnrelu_lr1e4,2,2,dfa,1.252417802810669,1.252417802810669,0.9993558526039124,0.4543172717094421,0.9017841815948486,0.4778625071048736,181.8822973753384,2.2609966403637185,10.053893173830168,3.021024625396028,90,3.021024625396028,"{""act"": ""relu"", ""arch"": ""cnn"", ""batch"": 128, ""batchnorm"": 0, ""calibrate_head"": 0, ""center"": ""none"", ""classes"": 10, ""dataset"": ""cifar10"", ""depth"": 3, ""fb_row_norm"": 0, ""fb_scale"": 1.0, ""fb_seed"": 2, ""freeze_bias"": 0, ""freeze_out"": 0, ""head"": ""sigmoid_bce"", ""hid_lr_mult"": 1.0, ""lr"": 0.0001, ""muon"": 0, ""optimizer"": ""sgd"", ""out_bias_q"": -1.0, ""out_lr_mult"": 1.0, ""out_w_scale"": 1.0, ""p0"": 0.0, ""preprocess"": ""div255"", ""rule"": ""dfa"", ""seed"": 2, ""shift_step"": 0, ""target_center"": 0, ""target_scale"": 1.0, ""whiten"": 0, ""width"": 300}",,,
E12_cifar2,cnnrelu_lr1e4_calib,0,0,dfa,0.0186247620731592,0.0186247620731592,0.9995459318161012,0.5196282267570496,0.8868212103843689,0.4389668405056,-252.2569712143472,-1.7172396985476146,-15.338646864675788,-252.2569712143472,4000,-252.2569712143472,"{""act"": ""relu"", ""arch"": ""cnn"", ""batch"": 128, ""batchnorm"": 0, ""calibrate_head"": 1, ""center"": ""none"", ""classes"": 10, ""dataset"": ""cifar10"", ""depth"": 3, ""fb_row_norm"": 0, ""fb_scale"": 1.0, ""fb_seed"": 0, ""freeze_bias"": 0, ""freeze_out"": 0, ""head"": ""sigmoid_bce"", ""hid_lr_mult"": 1.0, ""lr"": 0.0001, ""muon"": 0, ""optimizer"": ""sgd"", ""out_bias_q"": -1.0, ""out_lr_mult"": 1.0, ""out_w_scale"": 1.0, ""p0"": 0.0, ""preprocess"": ""div255"", ""rule"": ""dfa"", ""seed"": 0, ""shift_step"": 0, ""target_center"": 0, ""target_scale"": 1.0, ""whiten"": 0, ""width"": 300}",,,
E12_cifar2,cnnrelu_lr1e4_calib,1,1,dfa,0.0181959979236125,0.0181959979236125,0.9996108412742616,0.5963359475135803,0.8749542236328125,0.5967400670051575,-296.22751177269583,-3.089270939843129,-39.83302078070592,-296.22751177269583,4000,-296.22751177269583,"{""act"": ""relu"", ""arch"": ""cnn"", ""batch"": 128, ""batchnorm"": 0, ""calibrate_head"": 1, ""center"": ""none"", ""classes"": 10, ""dataset"": ""cifar10"", ""depth"": 3, ""fb_row_norm"": 0, ""fb_scale"": 1.0, ""fb_seed"": 1, ""freeze_bias"": 0, ""freeze_out"": 0, ""head"": ""sigmoid_bce"", ""hid_lr_mult"": 1.0, ""lr"": 0.0001, ""muon"": 0, ""optimizer"": ""sgd"", ""out_bias_q"": -1.0, ""out_lr_mult"": 1.0, ""out_w_scale"": 1.0, ""p0"": 0.0, ""preprocess"": ""div255"", ""rule"": ""dfa"", ""seed"": 1, ""shift_step"": 0, ""target_center"": 0, ""target_scale"": 1.0, ""whiten"": 0, ""width"": 300}",,,
E12_cifar2,cnnrelu_lr1e4_calib,2,2,dfa,0.0262601356953382,0.0262601356953382,0.9993478655815125,0.5663360357284546,0.8951466083526611,0.6528496742248535,49.40272206284933,-0.6757752224351307,2.7193159374379894,49.40272206284933,4000,49.40272206284933,"{""act"": ""relu"", ""arch"": ""cnn"", ""batch"": 128, ""batchnorm"": 0, ""calibrate_head"": 1, ""center"": ""none"", ""classes"": 10, ""dataset"": ""cifar10"", ""depth"": 3, ""fb_row_norm"": 0, ""fb_scale"": 1.0, ""fb_seed"": 2, ""freeze_bias"": 0, ""freeze_out"": 0, ""head"": ""sigmoid_bce"", ""hid_lr_mult"": 1.0, ""lr"": 0.0001, ""muon"": 0, ""optimizer"": ""sgd"", ""out_bias_q"": -1.0, ""out_lr_mult"": 1.0, ""out_w_scale"": 1.0, ""p0"": 0.0, ""preprocess"": ""div255"", ""rule"": ""dfa"", ""seed"": 2, ""shift_step"": 0, ""target_center"": 0, ""target_scale"": 1.0, ""whiten"": 0, ""width"": 300}",,,
E12_cifar2,cnnrelu_lr1e4_centere_pixcenter,0,0,dfa,1.2578223943710327,1.2578223943710327,0.91726952791214,0.7277476191520691,0.5219789743423462,0.9469733238220216,11.748791523433315,0.3985336958901789,45.90629563252932,33.88699986646911,1500,33.88699986646911,"{""act"": ""relu"", ""arch"": ""cnn"", ""batch"": 128, ""batchnorm"": 0, ""calibrate_head"": 0, ""center"": ""e"", ""classes"": 10, ""dataset"": ""cifar10"", ""depth"": 3, ""fb_row_norm"": 0, ""fb_scale"": 1.0, ""fb_seed"": 0, ""freeze_bias"": 0, ""freeze_out"": 0, ""head"": ""sigmoid_bce"", ""hid_lr_mult"": 1.0, ""lr"": 0.0001, ""muon"": 0, ""optimizer"": ""sgd"", ""out_bias_q"": -1.0, ""out_lr_mult"": 1.0, ""out_w_scale"": 1.0, ""p0"": 0.0, ""preprocess"": ""pixcenter"", ""rule"": ""dfa"", ""seed"": 0, ""shift_step"": 0, ""target_center"": 0, ""target_scale"": 1.0, ""whiten"": 0, ""width"": 300}",,,
E12_cifar2,cnnrelu_lr1e4_centere_pixcenter,1,1,dfa,1.2683271169662476,1.2683271169662476,0.9264550805091858,0.7468922734260559,0.5929582118988037,0.9147994518280028,23.31480556873977,0.4016333428751721,49.71338282894876,27.233585620591764,1450,27.233585620591764,"{""act"": ""relu"", ""arch"": ""cnn"", ""batch"": 128, ""batchnorm"": 0, ""calibrate_head"": 0, ""center"": ""e"", ""classes"": 10, ""dataset"": ""cifar10"", ""depth"": 3, ""fb_row_norm"": 0, ""fb_scale"": 1.0, ""fb_seed"": 1, ""freeze_bias"": 0, ""freeze_out"": 0, ""head"": ""sigmoid_bce"", ""hid_lr_mult"": 1.0, ""lr"": 0.0001, ""muon"": 0, ""optimizer"": ""sgd"", ""out_bias_q"": -1.0, ""out_lr_mult"": 1.0, ""out_w_scale"": 1.0, ""p0"": 0.0, ""preprocess"": ""pixcenter"", ""rule"": ""dfa"", ""seed"": 1, ""shift_step"": 0, ""target_center"": 0, ""target_scale"": 1.0, ""whiten"": 0, ""width"": 300}",,,
E12_cifar2,cnnrelu_lr1e4_centere_pixcenter,2,2,dfa,1.2620372772216797,1.2620372772216797,0.9270071983337402,0.7234644889831543,0.4775187373161316,0.9468663334846495,13.91224314991528,0.2584469021861544,17.346184727620628,10.95772841426048,1200,10.95772841426048,"{""act"": ""relu"", ""arch"": ""cnn"", ""batch"": 128, ""batchnorm"": 0, ""calibrate_head"": 0, ""center"": ""e"", ""classes"": 10, ""dataset"": ""cifar10"", ""depth"": 3, ""fb_row_norm"": 0, ""fb_scale"": 1.0, ""fb_seed"": 2, ""freeze_bias"": 0, ""freeze_out"": 0, ""head"": ""sigmoid_bce"", ""hid_lr_mult"": 1.0, ""lr"": 0.0001, ""muon"": 0, ""optimizer"": ""sgd"", ""out_bias_q"": -1.0, ""out_lr_mult"": 1.0, ""out_w_scale"": 1.0, ""p0"": 0.0, ""preprocess"": ""pixcenter"", ""rule"": ""dfa"", ""seed"": 2, ""shift_step"": 0, ""target_center"": 0, ""target_scale"": 1.0, ""whiten"": 0, ""width"": 300}",,,
E12_cifar2,cnnrelu_lr3e4,0,0,dfa,1.2279294729232788,1.2279294729232788,0.9994097352027892,0.229363203048706,0.893622636795044,0.3126678466796875,2921.321961815312,3.4641796583823674,6.764426750885201,5.097477113415546,30,5.097477113415546,"{""act"": ""relu"", ""arch"": ""cnn"", ""batch"": 128, ""batchnorm"": 0, ""calibrate_head"": 0, ""center"": ""none"", ""classes"": 10, ""dataset"": ""cifar10"", ""depth"": 3, ""fb_row_norm"": 0, ""fb_scale"": 1.0, ""fb_seed"": 0, ""freeze_bias"": 0, ""freeze_out"": 0, ""head"": ""sigmoid_bce"", ""hid_lr_mult"": 1.0, ""lr"": 0.0003, ""muon"": 0, ""optimizer"": ""sgd"", ""out_bias_q"": -1.0, ""out_lr_mult"": 1.0, ""out_w_scale"": 1.0, ""p0"": 0.0, ""preprocess"": ""div255"", ""rule"": ""dfa"", ""seed"": 0, ""shift_step"": 0, ""target_center"": 0, ""target_scale"": 1.0, ""whiten"": 0, ""width"": 300}",,,
E12_cifar2,cnnrelu_lr3e4,1,1,dfa,1.2800397872924805,1.2800397872924805,0.9998496770858764,0.2358918040990829,0.8953508734703064,0.3400579392910003,395652.3361884799,11.869126194774624,843.618416351955,395652.3361884799,4000,395652.3361884799,"{""act"": ""relu"", ""arch"": ""cnn"", ""batch"": 128, ""batchnorm"": 0, ""calibrate_head"": 0, ""center"": ""none"", ""classes"": 10, ""dataset"": ""cifar10"", ""depth"": 3, ""fb_row_norm"": 0, ""fb_scale"": 1.0, ""fb_seed"": 1, ""freeze_bias"": 0, ""freeze_out"": 0, ""head"": ""sigmoid_bce"", ""hid_lr_mult"": 1.0, ""lr"": 0.0003, ""muon"": 0, ""optimizer"": ""sgd"", ""out_bias_q"": -1.0, ""out_lr_mult"": 1.0, ""out_w_scale"": 1.0, ""p0"": 0.0, ""preprocess"": ""div255"", ""rule"": ""dfa"", ""seed"": 1, ""shift_step"": 0, ""target_center"": 0, ""target_scale"": 1.0, ""whiten"": 0, ""width"": 300}",,,
E12_cifar2,cnnrelu_lr3e4,2,2,dfa,1.252417802810669,1.252417802810669,0.9994284510612488,0.3556959629058838,0.902010977268219,0.4936226308345794,24869.36616289958,7.980652238997002,298.00610538462325,24869.36616289958,4000,24869.36616289958,"{""act"": ""relu"", ""arch"": ""cnn"", ""batch"": 128, ""batchnorm"": 0, ""calibrate_head"": 0, ""center"": ""none"", ""classes"": 10, ""dataset"": ""cifar10"", ""depth"": 3, ""fb_row_norm"": 0, ""fb_scale"": 1.0, ""fb_seed"": 2, ""freeze_bias"": 0, ""freeze_out"": 0, ""head"": ""sigmoid_bce"", ""hid_lr_mult"": 1.0, ""lr"": 0.0003, ""muon"": 0, ""optimizer"": ""sgd"", ""out_bias_q"": -1.0, ""out_lr_mult"": 1.0, ""out_w_scale"": 1.0, ""p0"": 0.0, ""preprocess"": ""div255"", ""rule"": ""dfa"", ""seed"": 2, ""shift_step"": 0, ""target_center"": 0, ""target_scale"": 1.0, ""whiten"": 0, ""width"": 300}",,,
E12_cifar2,cnnrelu_lr3e4_calib,0,0,dfa,0.0186247620731592,0.0186247620731592,0.9995583891868592,0.3768586814403534,0.8924978375434875,0.3924740254878998,1164.225912620714,-0.8363607553510133,-2.061080111945861,1164.225912620714,4000,1164.225912620714,"{""act"": ""relu"", ""arch"": ""cnn"", ""batch"": 128, ""batchnorm"": 0, ""calibrate_head"": 1, ""center"": ""none"", ""classes"": 10, ""dataset"": ""cifar10"", ""depth"": 3, ""fb_row_norm"": 0, ""fb_scale"": 1.0, ""fb_seed"": 0, ""freeze_bias"": 0, ""freeze_out"": 0, ""head"": ""sigmoid_bce"", ""hid_lr_mult"": 1.0, ""lr"": 0.0003, ""muon"": 0, ""optimizer"": ""sgd"", ""out_bias_q"": -1.0, ""out_lr_mult"": 1.0, ""out_w_scale"": 1.0, ""p0"": 0.0, ""preprocess"": ""div255"", ""rule"": ""dfa"", ""seed"": 0, ""shift_step"": 0, ""target_center"": 0, ""target_scale"": 1.0, ""whiten"": 0, ""width"": 300}",,,
E12_cifar2,cnnrelu_lr3e4_calib,1,1,dfa,0.0181959979236125,0.0181959979236125,0.9997150897979736,0.3237342834472656,0.8780051469802856,0.5476316213607788,-407489.3023183543,-8.030915240932565,-900.0096402932808,-407489.3023183543,4000,-407489.3023183543,"{""act"": ""relu"", ""arch"": ""cnn"", ""batch"": 128, ""batchnorm"": 0, ""calibrate_head"": 1, ""center"": ""none"", ""classes"": 10, ""dataset"": ""cifar10"", ""depth"": 3, ""fb_row_norm"": 0, ""fb_scale"": 1.0, ""fb_seed"": 1, ""freeze_bias"": 0, ""freeze_out"": 0, ""head"": ""sigmoid_bce"", ""hid_lr_mult"": 1.0, ""lr"": 0.0003, ""muon"": 0, ""optimizer"": ""sgd"", ""out_bias_q"": -1.0, ""out_lr_mult"": 1.0, ""out_w_scale"": 1.0, ""p0"": 0.0, ""preprocess"": ""div255"", ""rule"": ""dfa"", ""seed"": 1, ""shift_step"": 0, ""target_center"": 0, ""target_scale"": 1.0, ""whiten"": 0, ""width"": 300}",,,
E12_cifar2,cnnrelu_lr3e4_calib,2,2,dfa,0.0262601356953382,0.0262601356953382,0.9994990229606628,0.2558173537254333,0.8971958756446838,0.5732656121253967,20177.051227852186,1.2346574477060994,182.87857906836683,20177.051227852186,4000,20177.051227852186,"{""act"": ""relu"", ""arch"": ""cnn"", ""batch"": 128, ""batchnorm"": 0, ""calibrate_head"": 1, ""center"": ""none"", ""classes"": 10, ""dataset"": ""cifar10"", ""depth"": 3, ""fb_row_norm"": 0, ""fb_scale"": 1.0, ""fb_seed"": 2, ""freeze_bias"": 0, ""freeze_out"": 0, ""head"": ""sigmoid_bce"", ""hid_lr_mult"": 1.0, ""lr"": 0.0003, ""muon"": 0, ""optimizer"": ""sgd"", ""out_bias_q"": -1.0, ""out_lr_mult"": 1.0, ""out_w_scale"": 1.0, ""p0"": 0.0, ""preprocess"": ""div255"", ""rule"": ""dfa"", ""seed"": 2, ""shift_step"": 0, ""target_center"": 0, ""target_scale"": 1.0, ""whiten"": 0, ""width"": 300}",,,
E12_cifar2,cnnrelu_lr3e4_centere_pixcenter,0,0,dfa,1.2578223943710327,1.2578223943710327,0.9722517132759094,0.702221155166626,0.5968237519264221,0.8958350419998169,8.969663565397852,0.3925195143286665,42.46895067525803,30.26864713702641,500,30.26864713702641,"{""act"": ""relu"", ""arch"": ""cnn"", ""batch"": 128, ""batchnorm"": 0, ""calibrate_head"": 0, ""center"": ""e"", ""classes"": 10, ""dataset"": ""cifar10"", ""depth"": 3, ""fb_row_norm"": 0, ""fb_scale"": 1.0, ""fb_seed"": 0, ""freeze_bias"": 0, ""freeze_out"": 0, ""head"": ""sigmoid_bce"", ""hid_lr_mult"": 1.0, ""lr"": 0.0003, ""muon"": 0, ""optimizer"": ""sgd"", ""out_bias_q"": -1.0, ""out_lr_mult"": 1.0, ""out_w_scale"": 1.0, ""p0"": 0.0, ""preprocess"": ""pixcenter"", ""rule"": ""dfa"", ""seed"": 0, ""shift_step"": 0, ""target_center"": 0, ""target_scale"": 1.0, ""whiten"": 0, ""width"": 300}",,,
E12_cifar2,cnnrelu_lr3e4_centere_pixcenter,1,1,dfa,1.2683271169662476,1.2683271169662476,0.9900898337364196,0.7387853860855103,0.5972810983657837,0.8548380732536316,47.81978684720772,0.4108890190145421,49.779890376132016,27.82369242093659,490,27.82369242093659,"{""act"": ""relu"", ""arch"": ""cnn"", ""batch"": 128, ""batchnorm"": 0, ""calibrate_head"": 0, ""center"": ""e"", ""classes"": 10, ""dataset"": ""cifar10"", ""depth"": 3, ""fb_row_norm"": 0, ""fb_scale"": 1.0, ""fb_seed"": 1, ""freeze_bias"": 0, ""freeze_out"": 0, ""head"": ""sigmoid_bce"", ""hid_lr_mult"": 1.0, ""lr"": 0.0003, ""muon"": 0, ""optimizer"": ""sgd"", ""out_bias_q"": -1.0, ""out_lr_mult"": 1.0, ""out_w_scale"": 1.0, ""p0"": 0.0, ""preprocess"": ""pixcenter"", ""rule"": ""dfa"", ""seed"": 1, ""shift_step"": 0, ""target_center"": 0, ""target_scale"": 1.0, ""whiten"": 0, ""width"": 300}",,,
E12_cifar2,cnnrelu_lr3e4_centere_pixcenter,2,2,dfa,1.2620372772216797,1.2620372772216797,0.9865759015083312,0.7088590264320374,0.4865102767944336,0.8263022303581238,52.72006867399333,0.2618130285014113,17.519982536647404,11.90935811096444,390,11.90935811096444,"{""act"": ""relu"", ""arch"": ""cnn"", ""batch"": 128, ""batchnorm"": 0, ""calibrate_head"": 0, ""center"": ""e"", ""classes"": 10, ""dataset"": ""cifar10"", ""depth"": 3, ""fb_row_norm"": 0, ""fb_scale"": 1.0, ""fb_seed"": 2, ""freeze_bias"": 0, ""freeze_out"": 0, ""head"": ""sigmoid_bce"", ""hid_lr_mult"": 1.0, ""lr"": 0.0003, ""muon"": 0, ""optimizer"": ""sgd"", ""out_bias_q"": -1.0, ""out_lr_mult"": 1.0, ""out_w_scale"": 1.0, ""p0"": 0.0, ""preprocess"": ""pixcenter"", ""rule"": ""dfa"", ""seed"": 2, ""shift_step"": 0, ""target_center"": 0, ""target_scale"": 1.0, ""whiten"": 0, ""width"": 300}",,,
E12_cifar2,mlp_calib,0,0,dfa,0.0186426658183336,0.0186426658183336,0.9788939952850342,0.6654097437858582,0.957777976989746,0.4177417159080505,-2.46931116464918,-15.56936696569164,-3.712745393361567,-2.46931116464918,4000,-2.46931116464918,"{""act"": ""tanh"", ""arch"": ""mlp"", ""batch"": 128, ""batchnorm"": 0, ""calibrate_head"": 1, ""center"": ""none"", ""classes"": 10, ""dataset"": ""cifar10"", ""depth"": 3, ""fb_row_norm"": 0, ""fb_scale"": 1.0, ""fb_seed"": 0, ""freeze_bias"": 0, ""freeze_out"": 0, ""head"": ""sigmoid_bce"", ""hid_lr_mult"": 1.0, ""lr"": 0.001, ""muon"": 0, ""optimizer"": ""sgd"", ""out_bias_q"": -1.0, ""out_lr_mult"": 1.0, ""out_w_scale"": 1.0, ""p0"": 0.0, ""preprocess"": ""div255"", ""rule"": ""dfa"", ""seed"": 0, ""shift_step"": 0, ""target_center"": 0, ""target_scale"": 1.0, ""whiten"": 0, ""width"": 300}",,,
E12_cifar2,mlp_calib,1,1,dfa,0.0205052811652421,0.0205052811652421,0.99628746509552,0.3130848705768585,0.9692341089248656,0.3039955198764801,2.470845143869393,11.296664978063433,2.992794506751199,2.470845143869393,4000,2.470845143869393,"{""act"": ""tanh"", ""arch"": ""mlp"", ""batch"": 128, ""batchnorm"": 0, ""calibrate_head"": 1, ""center"": ""none"", ""classes"": 10, ""dataset"": ""cifar10"", ""depth"": 3, ""fb_row_norm"": 0, ""fb_scale"": 1.0, ""fb_seed"": 1, ""freeze_bias"": 0, ""freeze_out"": 0, ""head"": ""sigmoid_bce"", ""hid_lr_mult"": 1.0, ""lr"": 0.001, ""muon"": 0, ""optimizer"": ""sgd"", ""out_bias_q"": -1.0, ""out_lr_mult"": 1.0, ""out_w_scale"": 1.0, ""p0"": 0.0, ""preprocess"": ""div255"", ""rule"": ""dfa"", ""seed"": 1, ""shift_step"": 0, ""target_center"": 0, ""target_scale"": 1.0, ""whiten"": 0, ""width"": 300}",,,
E12_cifar2,mlp_calib,2,2,dfa,0.0279880184680223,0.0279880184680223,0.9928295016288756,0.4808012247085571,0.968707263469696,0.3151013255119324,0.3231546612278885,5.48361284684746,0.9697088667263248,0.3231546612278885,4000,0.3231546612278885,"{""act"": ""tanh"", ""arch"": ""mlp"", ""batch"": 128, ""batchnorm"": 0, ""calibrate_head"": 1, ""center"": ""none"", ""classes"": 10, ""dataset"": ""cifar10"", ""depth"": 3, ""fb_row_norm"": 0, ""fb_scale"": 1.0, ""fb_seed"": 2, ""freeze_bias"": 0, ""freeze_out"": 0, ""head"": ""sigmoid_bce"", ""hid_lr_mult"": 1.0, ""lr"": 0.001, ""muon"": 0, ""optimizer"": ""sgd"", ""out_bias_q"": -1.0, ""out_lr_mult"": 1.0, ""out_w_scale"": 1.0, ""p0"": 0.0, ""preprocess"": ""div255"", ""rule"": ""dfa"", ""seed"": 2, ""shift_step"": 0, ""target_center"": 0, ""target_scale"": 1.0, ""whiten"": 0, ""width"": 300}",,,
E12_cifar2,mlp_centere_pixcenter,0,0,dfa,1.263494610786438,1.263494610786438,0.0010186930885538,0.7730690240859985,0.0005085144075565,0.9229413866996764,8.49851141310785,8.065962163084125,7.063160155552346,8.49851141310785,4000,8.49851141310785,"{""act"": ""tanh"", ""arch"": ""mlp"", ""batch"": 128, ""batchnorm"": 0, ""calibrate_head"": 0, ""center"": ""e"", ""classes"": 10, ""dataset"": ""cifar10"", ""depth"": 3, ""fb_row_norm"": 0, ""fb_scale"": 1.0, ""fb_seed"": 0, ""freeze_bias"": 0, ""freeze_out"": 0, ""head"": ""sigmoid_bce"", ""hid_lr_mult"": 1.0, ""lr"": 0.001, ""muon"": 0, ""optimizer"": ""sgd"", ""out_bias_q"": -1.0, ""out_lr_mult"": 1.0, ""out_w_scale"": 1.0, ""p0"": 0.0, ""preprocess"": ""pixcenter"", ""rule"": ""dfa"", ""seed"": 0, ""shift_step"": 0, ""target_center"": 0, ""target_scale"": 1.0, ""whiten"": 0, ""width"": 300}",,,
E12_cifar2,mlp_centere_pixcenter,1,1,dfa,1.26640784740448,1.26640784740448,0.0060434807091951,0.7785391807556152,0.0028111771680414,0.9414216876029968,8.125835978236166,8.043894853343579,6.655588011307968,8.125835978236166,4000,8.125835978236166,"{""act"": ""tanh"", ""arch"": ""mlp"", ""batch"": 128, ""batchnorm"": 0, ""calibrate_head"": 0, ""center"": ""e"", ""classes"": 10, ""dataset"": ""cifar10"", ""depth"": 3, ""fb_row_norm"": 0, ""fb_scale"": 1.0, ""fb_seed"": 1, ""freeze_bias"": 0, ""freeze_out"": 0, ""head"": ""sigmoid_bce"", ""hid_lr_mult"": 1.0, ""lr"": 0.001, ""muon"": 0, ""optimizer"": ""sgd"", ""out_bias_q"": -1.0, ""out_lr_mult"": 1.0, ""out_w_scale"": 1.0, ""p0"": 0.0, ""preprocess"": ""pixcenter"", ""rule"": ""dfa"", ""seed"": 1, ""shift_step"": 0, ""target_center"": 0, ""target_scale"": 1.0, ""whiten"": 0, ""width"": 300}",,,
E12_cifar2,mlp_centere_pixcenter,2,2,dfa,1.2658648490905762,1.2658648490905762,0.0086238291114568,0.7728553414344788,0.0016934992745518,0.9353274703025818,9.060044362308398,8.165442042624619,6.9976623741863335,9.060044362308398,4000,9.060044362308398,"{""act"": ""tanh"", ""arch"": ""mlp"", ""batch"": 128, ""batchnorm"": 0, ""calibrate_head"": 0, ""center"": ""e"", ""classes"": 10, ""dataset"": ""cifar10"", ""depth"": 3, ""fb_row_norm"": 0, ""fb_scale"": 1.0, ""fb_seed"": 2, ""freeze_bias"": 0, ""freeze_out"": 0, ""head"": ""sigmoid_bce"", ""hid_lr_mult"": 1.0, ""lr"": 0.001, ""muon"": 0, ""optimizer"": ""sgd"", ""out_bias_q"": -1.0, ""out_lr_mult"": 1.0, ""out_w_scale"": 1.0, ""p0"": 0.0, ""preprocess"": ""pixcenter"", ""rule"": ""dfa"", ""seed"": 2, ""shift_step"": 0, ""target_center"": 0, ""target_scale"": 1.0, ""whiten"": 0, ""width"": 300}",,,
E12_cifar2,mnist_calib,0,0,dfa,0.0298745464533567,0.0298745464533567,0.3564002215862274,0.9397547841072084,0.5851909518241882,0.985116720199585,0.4034172318787169,0.0918262733098481,0.4723252916022652,0.4034172318787169,3000,0.4034172318787169,"{""act"": ""tanh"", ""arch"": ""mlp"", ""batch"": 128, ""batchnorm"": 0, ""calibrate_head"": 1, ""center"": ""none"", ""classes"": 10, ""dataset"": ""mnist"", ""depth"": 3, ""fb_row_norm"": 0, ""fb_scale"": 1.0, ""fb_seed"": 0, ""freeze_bias"": 0, ""freeze_out"": 0, ""head"": ""sigmoid_bce"", ""hid_lr_mult"": 1.0, ""lr"": 0.001, ""muon"": 0, ""optimizer"": ""sgd"", ""out_bias_q"": -1.0, ""out_lr_mult"": 1.0, ""out_w_scale"": 1.0, ""p0"": 0.0, ""preprocess"": ""div255"", ""rule"": ""dfa"", ""seed"": 0, ""shift_step"": 0, ""target_center"": 0, ""target_scale"": 1.0, ""whiten"": 0, ""width"": 300}",,,
E12_cifar2,mnist_calib,1,1,dfa,0.0208087712526321,0.0208087712526321,0.3897453844547272,0.9472786784172058,0.5532628297805786,0.9731890559196472,2.3406377656765023,1.861514745806916,2.3627094283902377,2.3406377656765023,3000,2.3406377656765023,"{""act"": ""tanh"", ""arch"": ""mlp"", ""batch"": 128, ""batchnorm"": 0, ""calibrate_head"": 1, ""center"": ""none"", ""classes"": 10, ""dataset"": ""mnist"", ""depth"": 3, ""fb_row_norm"": 0, ""fb_scale"": 1.0, ""fb_seed"": 1, ""freeze_bias"": 0, ""freeze_out"": 0, ""head"": ""sigmoid_bce"", ""hid_lr_mult"": 1.0, ""lr"": 0.001, ""muon"": 0, ""optimizer"": ""sgd"", ""out_bias_q"": -1.0, ""out_lr_mult"": 1.0, ""out_w_scale"": 1.0, ""p0"": 0.0, ""preprocess"": ""div255"", ""rule"": ""dfa"", ""seed"": 1, ""shift_step"": 0, ""target_center"": 0, ""target_scale"": 1.0, ""whiten"": 0, ""width"": 300}",,,
E12_cifar2,mnist_calib,2,2,dfa,0.0177251547574996,0.0177251547574996,0.3910796046257019,0.9332199692726136,0.5677416920661926,0.9746879935264589,0.6201428718376315,0.4006828605658523,0.8039439353076222,0.6201428718376315,3000,0.6201428718376315,"{""act"": ""tanh"", ""arch"": ""mlp"", ""batch"": 128, ""batchnorm"": 0, ""calibrate_head"": 1, ""center"": ""none"", ""classes"": 10, ""dataset"": ""mnist"", ""depth"": 3, ""fb_row_norm"": 0, ""fb_scale"": 1.0, ""fb_seed"": 2, ""freeze_bias"": 0, ""freeze_out"": 0, ""head"": ""sigmoid_bce"", ""hid_lr_mult"": 1.0, ""lr"": 0.001, ""muon"": 0, ""optimizer"": ""sgd"", ""out_bias_q"": -1.0, ""out_lr_mult"": 1.0, ""out_w_scale"": 1.0, ""p0"": 0.0, ""preprocess"": ""div255"", ""rule"": ""dfa"", ""seed"": 2, ""shift_step"": 0, ""target_center"": 0, ""target_scale"": 1.0, ""whiten"": 0, ""width"": 300}",,,
