tag,n_runs,maxcos_l1_mean,minp_l1_mean,kappa_l1_mean,maxcos_l2_mean,minp_l2_mean,kappa_l2_mean,maxcos_l3_mean,minp_l3_mean,kappa_l3_mean,steps_cos_gt_0.9_mean,plateau_onset_mean,plateau_band_end_mean,plateau_exit_mean,plateau_duration_mean,plateau_band_acc_mean,ebar0_mean,ebar_ratio_10_mean,maxcos_l4_mean,minp_l4_mean,kappa_l4_mean,maxcos_l5_mean,minp_l5_mean,kappa_l5_mean,maxcos_l6_mean,minp_l6_mean,kappa_l6_mean,n_layers_mean,minp_w300_l1_mean,maxcos_w300_l1_mean,cos0_l1_mean,p0_l1_mean,H0_l1_mean,wa_end_l1_mean,minp_w300_l2_mean,maxcos_w300_l2_mean,cos0_l2_mean,p0_l2_mean,H0_l2_mean,wa_end_l2_mean,minp_w300_l3_mean,maxcos_w300_l3_mean,cos0_l3_mean,p0_l3_mean,H0_l3_mean,wa_end_l3_mean,acc_450_mean,acc_1000_mean,acc_1500_mean,acc_3000_mean,acc_final_mean,step_final_mean,loss_final_mean,loss_min_mean,kappa_cf_l1_mean,kappa_cf_l2_mean,kappa_cf_l3_mean,drive_mean,ebar0_pred_mean,fb_scale_mean,lr_mean,out_lr_mult_mean,hid_lr_mult_mean,batch_mean,width_mean,depth_mean,steps_mean,out_bias_q_mean,freeze_bias_mean,freeze_out_mean,muon_mean,whiten_mean,batchnorm_mean,p0_mean,target_scale_mean,classes_mean,C_mean,prior_loss_mean,xbar2_mean,wall_mean,final_step_mean,minp_w300_l4_mean,maxcos_w300_l4_mean,cos0_l4_mean,p0_l4_mean,H0_l4_mean,wa_end_l4_mean,minp_w300_l5_mean,maxcos_w300_l5_mean,cos0_l5_mean,p0_l5_mean,H0_l5_mean,wa_end_l5_mean,minp_w300_l6_mean,maxcos_w300_l6_mean,cos0_l6_mean,p0_l6_mean,H0_l6_mean,wa_end_l6_mean,kappa_cf_l4_mean,kappa_cf_l5_mean,kappa_cf_l6_mean,maxcos_l1_sd,minp_l1_sd,kappa_l1_sd,maxcos_l2_sd,minp_l2_sd,kappa_l2_sd,maxcos_l3_sd,minp_l3_sd,kappa_l3_sd,steps_cos_gt_0.9_sd,plateau_onset_sd,plateau_band_end_sd,plateau_exit_sd,plateau_duration_sd,plateau_band_acc_sd,ebar0_sd,ebar_ratio_10_sd,maxcos_l4_sd,minp_l4_sd,kappa_l4_sd,maxcos_l5_sd,minp_l5_sd,kappa_l5_sd,maxcos_l6_sd,minp_l6_sd,kappa_l6_sd,n_layers_sd,minp_w300_l1_sd,maxcos_w300_l1_sd,cos0_l1_sd,p0_l1_sd,H0_l1_sd,wa_end_l1_sd,minp_w300_l2_sd,maxcos_w300_l2_sd,cos0_l2_sd,p0_l2_sd,H0_l2_sd,wa_end_l2_sd,minp_w300_l3_sd,maxcos_w300_l3_sd,cos0_l3_sd,p0_l3_sd,H0_l3_sd,wa_end_l3_sd,acc_450_sd,acc_1000_sd,acc_1500_sd,acc_3000_sd,acc_final_sd,step_final_sd,loss_final_sd,loss_min_sd,kappa_cf_l1_sd,kappa_cf_l2_sd,kappa_cf_l3_sd,drive_sd,ebar0_pred_sd,fb_scale_sd,lr_sd,out_lr_mult_sd,hid_lr_mult_sd,batch_sd,width_sd,depth_sd,steps_sd,out_bias_q_sd,freeze_bias_sd,freeze_out_sd,muon_sd,whiten_sd,batchnorm_sd,p0_sd,target_scale_sd,classes_sd,C_sd,prior_loss_sd,xbar2_sd,wall_sd,final_step_sd,minp_w300_l4_sd,maxcos_w300_l4_sd,cos0_l4_sd,p0_l4_sd,H0_l4_sd,wa_end_l4_sd,minp_w300_l5_sd,maxcos_w300_l5_sd,cos0_l5_sd,p0_l5_sd,H0_l5_sd,wa_end_l5_sd,minp_w300_l6_sd,maxcos_w300_l6_sd,cos0_l6_sd,p0_l6_sd,H0_l6_sd,wa_end_l6_sd,kappa_cf_l4_sd,kappa_cf_l5_sd,kappa_cf_l6_sd,maxcos_l1_n,minp_l1_n,kappa_l1_n,maxcos_l2_n,minp_l2_n,kappa_l2_n,maxcos_l3_n,minp_l3_n,kappa_l3_n,steps_cos_gt_0.9_n,plateau_onset_n,plateau_band_end_n,plateau_exit_n,plateau_duration_n,plateau_band_acc_n,ebar0_n,ebar_ratio_10_n,maxcos_l4_n,minp_l4_n,kappa_l4_n,maxcos_l5_n,minp_l5_n,kappa_l5_n,maxcos_l6_n,minp_l6_n,kappa_l6_n,n_layers_n,minp_w300_l1_n,maxcos_w300_l1_n,cos0_l1_n,p0_l1_n,H0_l1_n,wa_end_l1_n,minp_w300_l2_n,maxcos_w300_l2_n,cos0_l2_n,p0_l2_n,H0_l2_n,wa_end_l2_n,minp_w300_l3_n,maxcos_w300_l3_n,cos0_l3_n,p0_l3_n,H0_l3_n,wa_end_l3_n,acc_450_n,acc_1000_n,acc_1500_n,acc_3000_n,acc_final_n,step_final_n,loss_final_n,loss_min_n,kappa_cf_l1_n,kappa_cf_l2_n,kappa_cf_l3_n,drive_n,ebar0_pred_n,fb_scale_n,lr_n,out_lr_mult_n,hid_lr_mult_n,batch_n,width_n,depth_n,steps_n,out_bias_q_n,freeze_bias_n,freeze_out_n,muon_n,whiten_n,batchnorm_n,p0_n,target_scale_n,classes_n,C_n,prior_loss_n,xbar2_n,wall_n,final_step_n,minp_w300_l4_n,maxcos_w300_l4_n,cos0_l4_n,p0_l4_n,H0_l4_n,wa_end_l4_n,minp_w300_l5_n,maxcos_w300_l5_n,cos0_l5_n,p0_l5_n,H0_l5_n,wa_end_l5_n,minp_w300_l6_n,maxcos_w300_l6_n,cos0_l6_n,p0_l6_n,H0_l6_n,wa_end_l6_n,kappa_cf_l4_n,kappa_cf_l5_n,kappa_cf_l6_n,rule,dataset,preprocess,arch,act,head,center
cnn,3,0.9512717127799988,0.4134900172551473,5.707457999069088,0.9895515839258829,0.15288678308327985,890.6590880704861,0.9996285438537598,0.021464042986432664,693.9435820363619,356.6666666666667,210.0,350.0,770.0,560.0,0.10491536458333334,1.2608011960983276,1.4273050589254588,,,,,,,,,,3.0,0.4793076117833455,0.9512717127799988,0.38067348798116046,0.9984531799952189,51.49140930175781,,0.1547655016183853,0.9895515839258829,0.4032258490721385,0.9993463158607483,17.25324821472168,,0.021464042986432664,0.9996285438537598,0.4312688410282135,0.9995611310005188,0.7467191616694132,,0.23356119791666666,0.6417643229166666,0.84033203125,,0.84033203125,1500.0,1.739143927892049,1.739143927892049,147.8669866067526,201.55285085089238,69.7373400053949,1.2608011960983276,1.264911064067352,1.0,0.001,1.0,1.0,128.0,300.0,3.0,1500.0,-1.0,0.0,0.0,0.0,0.0,0.0,0.0,1.0,0.0,10.0,3.2490788990307586,35.225006103515625,6.993437925974528,1500.0,,,,,,,,,,,,,,,,,,,,,,0.032662110402621757,0.07736259565937308,0.4154474045787774,0.008449939248745793,0.024918370452173162,43.408306279129484,0.0005001117374924015,0.010781566925484919,16.47145474636831,126.62279942148388,,,,,,0.0322961872996045,0.2316024318629114,,,,,,,,,,0.0,0.06999841020815792,0.032662110402621757,0.03328414719703483,0.0009578771394449125,21.637531604244177,,0.02552915728218412,0.008449939248745793,0.030952193592073175,0.00047443777523061784,7.90130049771554,,0.010781566925484919,0.0005001117374924015,0.02788982062234359,0.00040125573718177715,0.3411189044449225,,0.06279177904361558,0.0805979657253263,0.04398056311884804,,0.04398056311884804,0.0,0.1942561502549189,0.1942561502549189,32.808030492392845,53.24373426489528,17.266569167046985,0.0322961872996045,0.0,0.0,0.0,0.0,0.0,0.0,0.0,0.0,0.0,0.0,0.0,0.0,0.0,0.0,0.0,0.0,0.0,0.0,0.0,0.0,0.0,1.8778193511768346,0.0,,,,,,,,,,,,,,,,,,,,,,3,3,3,3,3,3,3,3,3,3,1,1,1,1,1,3,3,0,0,0,0,0,0,0,0,0,3,3,3,3,3,3,0,3,3,3,3,3,0,3,3,3,3,3,0,3,3,3,0,3,3,3,3,3,3,3,3,3,3,3,3,3,3,3,3,3,3,3,3,3,3,3,3,3,3,3,3,3,3,3,0,0,0,0,0,0,0,0,0,0,0,0,0,0,0,0,0,0,0,0,0,dfa,mnist,div255,cnn,tanh,sigmoid_bce,none
cnn_bp,1,0.6340504884719849,0.9895389080047609,3.93388647018405,0.8049931526184082,0.9596168398857116,16.172508467193794,0.9611747860908508,0.7716958522796631,16.91106723639588,490.0,,,,,,1.2574265003204346,1.1872313506269694,,,,,,,,,,3.0,0.9953016638755798,0.6340504884719849,0.4050407409667969,0.998178482055664,59.3372802734375,,0.990049123764038,0.8049931526184082,0.4101015329360962,0.999281883239746,18.055389404296875,,0.8389734029769897,0.9611747860908508,0.4195513427257538,0.9996638298034668,0.7305046916007996,,0.73046875,0.8125,0.849609375,,0.849609375,1500.0,1.44140887260437,1.44140887260437,144.58816700467625,240.82968355765362,76.05751169936242,1.2574265003204346,1.264911064067352,1.0,0.001,1.0,1.0,128.0,300.0,3.0,1500.0,-1.0,0.0,0.0,0.0,0.0,0.0,0.0,1.0,0.0,10.0,3.2490788990307586,35.225006103515625,6.1484456062316895,1500.0,,,,,,,,,,,,,,,,,,,,,,,,,,,,,,,,,,,,,,,,,,,,,,,,,,,,,,,,,,,,,,,,,,,,,,,,,,,,,,,,,,,,,,,,,,,,,,,,,,,,,,,,,,,,,,,,,,,,,,,,,,,1,1,1,1,1,1,1,1,1,1,0,0,0,0,0,1,1,0,0,0,0,0,0,0,0,0,1,1,1,1,1,1,0,1,1,1,1,1,0,1,1,1,1,1,0,1,1,1,0,1,1,1,1,1,1,1,1,1,1,1,1,1,1,1,1,1,1,1,1,1,1,1,1,1,1,1,1,1,1,1,0,0,0,0,0,0,0,0,0,0,0,0,0,0,0,0,0,0,0,0,0,bp,mnist,div255,cnn,tanh,sigmoid_bce,none
cnn_center,3,0.5615570346514384,0.9026293754577637,8.654219430294772,0.6673296888669332,0.752775251865387,117.52464501967073,0.7015316883722941,0.4977818528811137,139.73133490179384,0.0,,,,,,1.2608011960983276,1.300615027045616,,,,,,,,,,3.0,0.9454394578933716,0.5532617171605428,0.38067348798116046,0.9984531799952189,51.49140930175781,,0.8326335350672404,0.6665868957837423,0.4032258490721385,0.9993463158607483,17.25324821472168,,0.5806517402331034,0.7015316883722941,0.4312688410282135,0.9995611310005188,0.7467191616694132,,0.3590494791666667,0.7117513020833334,0.78955078125,,0.78955078125,1500.0,1.8823246955871582,1.8823246955871582,147.8669866067526,201.55285085089238,69.7373400053949,1.2608011960983276,1.264911064067352,1.0,0.001,1.0,1.0,128.0,300.0,3.0,1500.0,-1.0,0.0,0.0,0.0,0.0,0.0,0.0,1.0,0.0,10.0,3.2490788990307586,35.225006103515625,6.342608213424683,1500.0,,,,,,,,,,,,,,,,,,,,,,0.011262478173103746,0.007896360726598795,1.346528097208668,0.029018222721352373,0.012914474329858022,11.072458515511407,0.025631600662836023,0.03304140588211579,7.968546789895698,0.0,,,,,,0.0322961872996045,0.05313456806418983,,,,,,,,,,0.0,0.003920740901381883,0.0057633741165788056,0.03328414719703483,0.0009578771394449125,21.637531604244177,,0.016158804095203566,0.02923175533759726,0.030952193592073175,0.00047443777523061784,7.90130049771554,,0.021312573980573762,0.025631600662836023,0.02788982062234359,0.00040125573718177715,0.3411189044449225,,0.056843012383617345,0.043785879772083654,0.054661335817017695,,0.054661335817017695,0.0,0.060987801679553394,0.060987801679553394,32.808030492392845,53.24373426489528,17.266569167046985,0.0322961872996045,0.0,0.0,0.0,0.0,0.0,0.0,0.0,0.0,0.0,0.0,0.0,0.0,0.0,0.0,0.0,0.0,0.0,0.0,0.0,0.0,0.0,1.1466303307037777,0.0,,,,,,,,,,,,,,,,,,,,,,3,3,3,3,3,3,3,3,3,3,0,0,0,0,0,3,3,0,0,0,0,0,0,0,0,0,3,3,3,3,3,3,0,3,3,3,3,3,0,3,3,3,3,3,0,3,3,3,0,3,3,3,3,3,3,3,3,3,3,3,3,3,3,3,3,3,3,3,3,3,3,3,3,3,3,3,3,3,3,3,0,0,0,0,0,0,0,0,0,0,0,0,0,0,0,0,0,0,0,0,0,dfa,mnist,div255,cnn,tanh,sigmoid_bce,delta
cnn_centere,3,0.5121263166268667,0.9027566909790039,38.290245006636155,0.5856399337450663,0.4759911000728607,838.4766214400123,0.47368114193280536,0.917235791683197,1589.5403498932637,0.0,,,,,,1.2608011960983276,1.3026539258462269,,,,,,,,,,3.0,0.9681775569915771,0.44478917121887207,0.38067348798116046,0.9984531799952189,51.49140930175781,,0.7566553155581156,0.5219494899113973,0.4032258490721385,0.9993463158607483,17.25324821472168,,0.9306564331054688,0.47368114193280536,0.4312688410282135,0.9995611310005188,0.7467191616694132,,0.6259765625,0.8701171875,0.9041341145833334,,0.9041341145833334,1500.0,1.7994792064030964,1.7973626852035522,147.8669866067526,201.55285085089238,69.7373400053949,1.2608011960983276,1.264911064067352,1.0,0.001,1.0,1.0,128.0,300.0,3.0,1500.0,-1.0,0.0,0.0,0.0,0.0,0.0,0.0,1.0,0.0,10.0,3.2490788990307586,35.225006103515625,6.250196933746338,1500.0,,,,,,,,,,,,,,,,,,,,,,0.023755342156196225,0.04538811248167701,2.0583442807546444,0.008734092939701158,0.06011647227668602,388.00213526875194,0.020031205634861864,0.013920451777471388,393.97313388066453,0.0,,,,,,0.0322961872996045,0.05479699352585042,,,,,,,,,,0.0,0.008982675182452866,0.0043991736771263985,0.03328414719703483,0.0009578771394449125,21.637531604244177,,0.08743669872811412,0.019714620115612737,0.030952193592073175,0.00047443777523061784,7.90130049771554,,0.007330059731102937,0.020031205634861864,0.02788982062234359,0.00040125573718177715,0.3411189044449225,,0.030269499491853258,0.017766997459629154,0.007569671845204092,,0.007569671845204092,0.0,0.19356648013734143,0.19488014154842281,32.808030492392845,53.24373426489528,17.266569167046985,0.0322961872996045,0.0,0.0,0.0,0.0,0.0,0.0,0.0,0.0,0.0,0.0,0.0,0.0,0.0,0.0,0.0,0.0,0.0,0.0,0.0,0.0,0.0,1.0738323740225897,0.0,,,,,,,,,,,,,,,,,,,,,,3,3,3,3,3,3,3,3,3,3,0,0,0,0,0,3,3,0,0,0,0,0,0,0,0,0,3,3,3,3,3,3,0,3,3,3,3,3,0,3,3,3,3,3,0,3,3,3,0,3,3,3,3,3,3,3,3,3,3,3,3,3,3,3,3,3,3,3,3,3,3,3,3,3,3,3,3,3,3,3,0,0,0,0,0,0,0,0,0,0,0,0,0,0,0,0,0,0,0,0,0,dfa,mnist,div255,cnn,tanh,sigmoid_bce,e
depth6,3,0.8950340747833252,0.7261614203453064,5.760367264498776,0.984247068564097,0.38716546694437665,10.12166735120465,0.997784435749054,0.25171238680680585,12.916391665173705,430.0,83.33333333333333,443.3333333333333,603.3333333333334,520.0,0.10129421857937482,1.2514995733896892,1.19573657519443,0.9997055729230245,0.2064792762200037,12.940082905595277,0.9999635020891825,0.1835416158040364,13.479995318992907,0.9999957879384359,0.16988409558931983,14.538810412975247,6.0,0.7261614203453064,0.8950340747833252,0.37996907035509747,0.9880542357762655,13.788181940714518,0.5365884304046631,0.38716546694437665,0.984247068564097,0.37511785825093585,0.9925263524055481,11.006115913391113,0.48789318402608234,0.25171238680680585,0.997784435749054,0.37877482175827026,0.994109570980072,9.349713961283365,0.4891775647799174,0.17057291666666666,0.7010091145833334,0.8507486979166666,,0.8759765625,2000.0,0.9756333827972412,0.9756333827972412,34.41848964184992,14.052528415143323,11.295206413398757,1.2514995733896892,1.264911064067352,1.0,0.001,1.0,1.0,128.0,300.0,6.0,2000.0,-1.0,0.0,0.0,0.0,0.0,0.0,0.0,1.0,0.0,10.0,3.2490788990307586,35.225006103515625,15.218420823415121,2000.0,0.2064792762200037,0.9997055729230245,0.39759977658589674,0.9947288632392883,8.557268778483072,0.4888949791590373,0.1835416158040364,0.9999635020891825,0.3787589470545451,0.9962976574897766,6.925698439280192,0.427383820215861,0.16988409558931983,0.9999957879384359,0.38339701294898987,0.9967489838600159,6.480650266011556,0.260953406492869,9.798655450095568,9.026357007268466,7.414232222048324,0.012002385772843686,0.01754612714783378,0.14786017348818253,0.00429063124943414,0.047264771496297965,0.20491949235120402,0.000649900402534912,0.018072892208290028,0.8489083025743756,17.320508075688775,5.773502691896256,65.06407098647712,55.07570547286103,50.0,0.009350392574142713,0.03744348814132911,0.10897844934543562,0.00010615388662048678,0.015328976960001755,0.5341331181197887,1.965239650169076e-05,0.0018522492205082662,0.2706224628078791,3.35078490254856e-06,0.034744880066789365,0.6820382297723302,0.0,0.01754612714783378,0.012002385772843686,0.006531812636366284,0.0013424970527516824,0.17111969168825597,0.010645479530984011,0.047264771496297965,0.00429063124943414,0.011411674125197623,0.0008806545500330872,0.8683346886425649,0.012054153676603552,0.018072892208290028,0.000649900402534912,0.021758796201321963,0.00047888576132400787,0.6816599462060418,0.018025263295766376,0.054733983221311726,0.023367884350156295,0.005356276911427184,,0.006712757365657969,0.0,0.007337379599701215,0.007337379599701215,8.148544337234233,3.3202192120088303,1.9813529307989095,0.03744348814132911,0.0,0.0,0.0,0.0,0.0,0.0,0.0,0.0,0.0,0.0,0.0,0.0,0.0,0.0,0.0,0.0,0.0,0.0,0.0,0.0,0.0,0.4073415882411915,0.0,0.015328976960001755,0.00010615388662048678,0.007562060002887297,0.0009363114479247972,0.3620859483545689,0.00460538906823464,0.0018522492205082662,1.965239650169076e-05,0.01878554105754286,0.0005717527417223359,0.7750525120751498,0.016622876366334874,0.034744880066789365,3.35078490254856e-06,0.052018842051255135,0.0011475697490241018,1.5583135773677232,0.014412750728541696,2.254845362121707,1.7976289961474734,1.0327276086074986,3,3,3,3,3,3,3,3,3,3,3,3,3,3,3,3,3,3,3,3,3,3,3,3,3,3,3,3,3,3,3,3,3,3,3,3,3,3,3,3,3,3,3,3,3,3,3,3,0,3,3,3,3,3,3,3,3,3,3,3,3,3,3,3,3,3,3,3,3,3,3,3,3,3,3,3,3,3,3,3,3,3,3,3,3,3,3,3,3,3,3,3,3,3,3,3,3,3,3,3,3,dfa,mnist,div255,mlp,tanh,sigmoid_bce,none
depth6_bp,1,0.4370527565479278,0.985597550868988,4.575579859183103,0.5262575149536133,0.980810284614563,2.135924629896217,0.6052179932594299,0.9792830348014832,2.107436437916873,0.0,,,,,,1.268113374710083,1.0410214922885963,0.7294504642486572,0.9593154191970824,2.092456846981033,0.7907963395118713,0.9513336420059204,2.667769901458968,0.8494502902030945,0.9332731366157532,2.900604972084865,6.0,0.985597550868988,0.4370527565479278,0.3761306405067444,0.9893821477890016,13.984066009521484,,0.980810284614563,0.5262575149536133,0.3800201714038849,0.9920334219932556,11.566617965698242,,0.9792830348014832,0.6052179932594299,0.3536507487297058,0.994549036026001,8.627571105957031,,0.68310546875,0.791015625,0.82421875,,0.85009765625,2000.0,1.3712177276611328,1.3712177276611328,33.84983310085365,14.00160243300144,11.742659740774805,1.268113374710083,1.264911064067352,1.0,0.001,1.0,1.0,128.0,300.0,6.0,2000.0,-1.0,0.0,0.0,0.0,0.0,0.0,0.0,1.0,0.0,10.0,3.2490788990307586,35.225006103515625,14.168444633483887,2000.0,0.9593154191970824,0.7294504642486572,0.3894586265087127,0.994669497013092,8.58588981628418,,0.9513336420059204,0.7907963395118713,0.3769061267375946,0.99579656124115,6.992161750793457,,0.9332731366157532,0.8494502902030945,0.3797813057899475,0.9969165325164796,6.454602241516113,,8.996318017779956,8.95736965446367,7.46813791021362,,,,,,,,,,,,,,,,,,,,,,,,,,,,,,,,,,,,,,,,,,,,,,,,,,,,,,,,,,,,,,,,,,,,,,,,,,,,,,,,,,,,,,,,,,,,,,,,,,,,,,1,1,1,1,1,1,1,1,1,1,0,0,0,0,0,1,1,1,1,1,1,1,1,1,1,1,1,1,1,1,1,1,0,1,1,1,1,1,0,1,1,1,1,1,0,1,1,1,0,1,1,1,1,1,1,1,1,1,1,1,1,1,1,1,1,1,1,1,1,1,1,1,1,1,1,1,1,1,1,1,1,1,1,1,1,0,1,1,1,1,1,0,1,1,1,1,1,0,1,1,1,bp,mnist,div255,mlp,tanh,sigmoid_bce,none
depth6_center,3,0.5150723854700724,0.6423661112785339,39.99389697813851,0.4928167959054311,0.40075822671254474,78.27686195965607,0.47993697722752887,0.4494997064272563,93.82504597710032,0.0,,,,,,1.2514995733896892,1.2695336765074738,0.4802025059858958,0.44895075758298236,85.52545952079811,0.4832632640997569,0.37272548675537104,80.84354818424019,0.48653580745061237,0.30026316146055854,76.79893750927768,6.0,0.9239482482274374,0.46931223074595135,0.37996907035509747,0.9880542357762655,13.788181940714518,0.11039724697669344,0.8508724172910055,0.4504370391368866,0.37511785825093585,0.9925263524055481,11.006115913391113,0.15919991334279374,0.7516234914461771,0.4327991207440694,0.37877482175827026,0.994109570980072,9.349713961283365,0.22264082233111057,0.29150390625,0.5465494791666666,0.7013346354166666,,0.7843424479166666,2000.0,2.7200188636779785,2.703755776087443,34.41848964184992,14.052528415143323,11.295206413398757,1.2514995733896892,1.264911064067352,1.0,0.001,1.0,1.0,128.0,300.0,6.0,2000.0,-1.0,0.0,0.0,0.0,0.0,0.0,0.0,1.0,0.0,10.0,3.2490788990307586,35.225006103515625,16.750967025756836,2000.0,0.6998293598492941,0.4185497462749481,0.39759977658589674,0.9947288632392883,8.557268778483072,0.25962415337562555,0.6595550775527954,0.39559339483579,0.3787589470545451,0.9962976574897766,6.925698439280192,0.22012294332186375,0.6098201076189677,0.3941248854001363,0.38339701294898987,0.9967489838600159,6.480650266011556,0.12252296259005861,9.798655450095568,9.026357007268466,7.414232222048324,0.026120522863538373,0.005481563654373144,4.124954804971321,0.028272007608356447,0.07765386699308208,5.589821563567337,0.04854650502389252,0.11685662987749879,7.38341964441859,0.0,,,,,,0.03744348814132911,0.043581678258713785,0.061059668544479556,0.11454706778682891,12.516815964753226,0.07494526921511672,0.09660886912500104,15.391711425489428,0.07363484702419049,0.09885018920067469,17.8885554171863,0.0,0.009942702921188306,0.0025228499166576874,0.006531812636366284,0.0013424970527516824,0.17111969168825597,0.058124358802150805,0.05379543444822374,0.008627293852802092,0.011411674125197623,0.0008806545500330872,0.8683346886425649,0.07534601101958342,0.09795260570140278,0.017954035774618946,0.021758796201321963,0.00047888576132400787,0.6816599462060418,0.07612298440536515,0.008214162031865587,0.1518894823911231,0.1370499731283476,,0.09788222552668074,0.0,0.24438265427643502,0.2484809961294432,8.148544337234233,3.3202192120088303,1.9813529307989095,0.03744348814132911,0.0,0.0,0.0,0.0,0.0,0.0,0.0,0.0,0.0,0.0,0.0,0.0,0.0,0.0,0.0,0.0,0.0,0.0,0.0,0.0,0.0,0.024384791687315423,0.0,0.0757120349955637,0.012994260788743021,0.007562060002887297,0.0009363114479247972,0.3620859483545689,0.08500335322472816,0.09882232111445118,0.009932378096321505,0.01878554105754286,0.0005717527417223359,0.7750525120751498,0.06929782365784021,0.13032269130341845,0.049659012894861645,0.052018842051255135,0.0011475697490241018,1.5583135773677232,0.054752945568804404,2.254845362121707,1.7976289961474734,1.0327276086074986,3,3,3,3,3,3,3,3,3,3,0,0,0,0,0,3,3,3,3,3,3,3,3,3,3,3,3,3,3,3,3,3,3,3,3,3,3,3,3,3,3,3,3,3,3,3,3,3,0,3,3,3,3,3,3,3,3,3,3,3,3,3,3,3,3,3,3,3,3,3,3,3,3,3,3,3,3,3,3,3,3,3,3,3,3,3,3,3,3,3,3,3,3,3,3,3,3,3,3,3,3,dfa,mnist,div255,mlp,tanh,sigmoid_bce,delta
depth6_centere,3,0.3804677923520406,0.9558647473653158,61.673689221534374,0.3753954569498698,0.8725403348604838,21.452729177019943,0.3791040281454722,0.7701027393341064,24.04463504158797,0.0,,,,,,1.2514995733896892,1.268608314805519,0.3978681862354278,0.6881909569104513,26.400315121012586,0.3796122074127197,0.6305150787035624,29.1662320983471,0.384348730246226,0.5656341910362244,31.18335660918152,6.0,0.9879038333892822,0.3804677923520406,0.37996907035509747,0.9880542357762655,13.788181940714518,0.35713990529378253,0.9753963748613993,0.3753954569498698,0.37511785825093585,0.9925263524055481,11.006115913391113,0.3438623746236165,0.9491097331047058,0.3791040281454722,0.37877482175827026,0.994109570980072,9.349713961283365,0.3867486417293548,0.5478515625,0.7610677083333334,0.8216145833333334,,0.845703125,2000.0,2.992943207422892,2.992943207422892,34.41848964184992,14.052528415143323,11.295206413398757,1.2514995733896892,1.264911064067352,1.0,0.001,1.0,1.0,128.0,300.0,6.0,2000.0,-1.0,0.0,0.0,0.0,0.0,0.0,0.0,1.0,0.0,10.0,3.2490788990307586,35.225006103515625,16.048803965250652,2000.0,0.9181322455406189,0.3978681862354278,0.39759977658589674,0.9947288632392883,8.557268778483072,0.3748510678609212,0.867215077082316,0.3796122074127197,0.3787589470545451,0.9962976574897766,6.925698439280192,0.28913073738416034,0.8222399751345316,0.384348730246226,0.38339701294898987,0.9967489838600159,6.480650266011556,0.15864842633406318,9.798655450095568,9.026357007268466,7.414232222048324,0.0062083614482608155,0.011653209539104018,2.1085982321138443,0.01168787466118595,0.042714321497017,2.260205126334096,0.02185061360891129,0.07029916678563942,4.081898611334242,0.0,,,,,,0.03744348814132911,0.045701356108853355,0.007929710453935996,0.08214677198464895,5.328382646096419,0.0201336348413813,0.0838425727774319,6.10309702694751,0.05349851671239629,0.09287591113315555,6.562026980375628,0.0,0.0014428075278487913,0.0062083614482608155,0.006531812636366284,0.0013424970527516824,0.17111969168825597,0.08658349339112997,0.005656185334726998,0.01168787466118595,0.011411674125197623,0.0008806545500330872,0.8683346886425649,0.05184066393870692,0.016581662913291738,0.02185061360891129,0.021758796201321963,0.00047888576132400787,0.6816599462060418,0.030345575008001495,0.05395673516262061,0.011030546142485317,0.00880712842348223,,0.007673942209717633,0.0,0.10866417408167281,0.10866417408167281,8.148544337234233,3.3202192120088303,1.9813529307989095,0.03744348814132911,0.0,0.0,0.0,0.0,0.0,0.0,0.0,0.0,0.0,0.0,0.0,0.0,0.0,0.0,0.0,0.0,0.0,0.0,0.0,0.0,0.0,0.2695816011021319,0.0,0.030922039844015186,0.007929710453935996,0.007562060002887297,0.0009363114479247972,0.3620859483545689,0.019510226946060926,0.06211266353734512,0.0201336348413813,0.01878554105754286,0.0005717527417223359,0.7750525120751498,0.006981415022230062,0.06084849076997027,0.05349851671239629,0.052018842051255135,0.0011475697490241018,1.5583135773677232,0.01960123912925654,2.254845362121707,1.7976289961474734,1.0327276086074986,3,3,3,3,3,3,3,3,3,3,0,0,0,0,0,3,3,3,3,3,3,3,3,3,3,3,3,3,3,3,3,3,3,3,3,3,3,3,3,3,3,3,3,3,3,3,3,3,0,3,3,3,3,3,3,3,3,3,3,3,3,3,3,3,3,3,3,3,3,3,3,3,3,3,3,3,3,3,3,3,3,3,3,3,3,3,3,3,3,3,3,3,3,3,3,3,3,3,3,3,3,dfa,mnist,div255,mlp,tanh,sigmoid_bce,e
fa,3,0.7537558078765869,0.90654456615448,6.1784904064821875,0.9166829188664755,0.7649882038434347,6.103806805788513,0.9907772541046143,0.35671035448710126,8.078274883640463,383.3333333333333,90.0,280.0,570.0,480.0,0.11766124906994047,1.2894344727198284,1.3097073808091653,,,,,,,,,,3.0,0.90654456615448,0.7537558078765869,0.38470569252967834,0.9884867072105408,14.038005828857422,,0.7649882038434347,0.9166829188664755,0.37960734963417053,0.9928126533826193,11.02204163869222,,0.35671035448710126,0.9907772541046143,0.3776098887125651,0.9941629767417908,9.087292035420736,,0.2679036458333333,0.68017578125,0.8255208333333334,,0.8601888020833334,2000.0,1.252552072207133,1.252552072207133,25.489379638648316,10.538669121246059,8.43826772259638,1.2894344727198284,1.264911064067352,1.0,0.001,1.0,1.0,128.0,300.0,3.0,2000.0,-1.0,0.0,0.0,0.0,0.0,0.0,0.0,1.0,0.0,10.0,3.2490788990307586,35.225006103515625,9.598697026570639,2000.0,,,,,,,,,,,,,,,,,,,,,,0.008347730618759677,0.006243407926587942,0.1648337600552009,0.005947296946977093,0.0190707398152979,0.5982055265189323,0.002308411933838339,0.0410747183343347,0.8817292383360628,20.81665999466133,0.0,69.2820323027551,30.0,30.0,0.0071513228685367684,0.05476304985897501,0.04801416253090047,,,,,,,,,,0.0,0.006243407926587942,0.008347730618759677,0.0293509676544497,0.002539809994922193,1.4158406883105061,,0.0190707398152979,0.005947296946977093,0.02533094815668091,0.0006364215611277847,0.7681671753344824,,0.0410747183343347,0.002308411933838339,0.020511505173409307,0.0006321758289724897,0.6213559629840015,,0.04285021529141753,0.01613546058775225,0.011813312051838588,,0.012977017750831791,0.0,0.03417398339968189,0.03417398339968189,1.6381739710841083,0.30309183784331123,0.25772676029856056,0.05476304985897501,0.0,0.0,0.0,0.0,0.0,0.0,0.0,0.0,0.0,0.0,0.0,0.0,0.0,0.0,0.0,0.0,0.0,0.0,0.0,0.0,0.0,0.40263703445617927,0.0,,,,,,,,,,,,,,,,,,,,,,3,3,3,3,3,3,3,3,3,3,3,3,3,3,3,3,3,0,0,0,0,0,0,0,0,0,3,3,3,3,3,3,0,3,3,3,3,3,0,3,3,3,3,3,0,3,3,3,0,3,3,3,3,3,3,3,3,3,3,3,3,3,3,3,3,3,3,3,3,3,3,3,3,3,3,3,3,3,3,3,0,0,0,0,0,0,0,0,0,0,0,0,0,0,0,0,0,0,0,0,0,fa,mnist,div255,mlp,tanh,sigmoid_bce,none
fa_center,3,0.5001886586348215,0.9279152552286783,27.673881844040213,0.507191002368927,0.79704882701238,25.43604260321978,0.48678281903266907,0.4819586972395579,37.26462894184614,0.0,,,,,,1.2894344727198284,1.2809215037984145,,,,,,,,,,3.0,0.9706027706464132,0.4222830931345622,0.38470569252967834,0.9884867072105408,14.038005828857422,,0.9625224073727926,0.38767502705256146,0.37960734963417053,0.9928126533826193,11.02204163869222,,0.9283053874969482,0.37864114840825397,0.3776098887125651,0.9941629767417908,9.087292035420736,,0.4573567708333333,0.6940104166666666,0.7599283854166666,,0.7942708333333334,2000.0,2.2109527587890625,2.2109527587890625,25.489379638648316,10.538669121246059,8.43826772259638,1.2894344727198284,1.264911064067352,1.0,0.001,1.0,1.0,128.0,300.0,3.0,2000.0,-1.0,0.0,0.0,0.0,0.0,0.0,0.0,1.0,0.0,10.0,3.2490788990307586,35.225006103515625,9.883032957712809,2000.0,,,,,,,,,,,,,,,,,,,,,,0.02729189145256973,0.00418323473647017,2.8506666204923192,0.019939133216921052,0.028055855497195952,1.1642627611691696,0.010772166424361723,0.03418155593722408,1.8001588464250238,0.0,,,,,,0.05476304985897501,0.03580664828020348,,,,,,,,,,0.0,0.0017385852833738814,0.022148743411780504,0.0293509676544497,0.002539809994922193,1.4158406883105061,,0.010448543020149241,0.03292154614642812,0.02533094815668091,0.0006364215611277847,0.7681671753344824,,0.020750090854762104,0.021337122815689776,0.020511505173409307,0.0006321758289724897,0.6213559629840015,,0.0922920453226719,0.010164384763018211,0.007938638280115378,,0.015084124015752147,0.0,0.08076809525358093,0.08076809525358093,1.6381739710841083,0.30309183784331123,0.25772676029856056,0.05476304985897501,0.0,0.0,0.0,0.0,0.0,0.0,0.0,0.0,0.0,0.0,0.0,0.0,0.0,0.0,0.0,0.0,0.0,0.0,0.0,0.0,0.0,0.5964557991978773,0.0,,,,,,,,,,,,,,,,,,,,,,3,3,3,3,3,3,3,3,3,3,0,0,0,0,0,3,3,0,0,0,0,0,0,0,0,0,3,3,3,3,3,3,0,3,3,3,3,3,0,3,3,3,3,3,0,3,3,3,0,3,3,3,3,3,3,3,3,3,3,3,3,3,3,3,3,3,3,3,3,3,3,3,3,3,3,3,3,3,3,3,0,0,0,0,0,0,0,0,0,0,0,0,0,0,0,0,0,0,0,0,0,fa,mnist,div255,mlp,tanh,sigmoid_bce,delta
fa_centere,3,0.39440231521924335,0.9680106043815613,43.53459336187917,0.37960734963417053,0.963600218296051,23.804383736711284,0.3777644832928975,0.8781248728434244,18.393357877295166,0.0,,,,,,1.2894344727198284,1.2785714339622192,,,,,,,,,,3.0,0.9874486327171326,0.38470569252967834,0.38470569252967834,0.9884867072105408,14.038005828857422,,0.9875107804934183,0.37960734963417053,0.37960734963417053,0.9928126533826193,11.02204163869222,,0.97057044506073,0.3777644832928975,0.3776098887125651,0.9941629767417908,9.087292035420736,,0.5818684895833334,0.7849934895833334,0.82568359375,,0.8499348958333334,2000.0,1.9607093334197996,1.9607093334197996,25.489379638648316,10.538669121246059,8.43826772259638,1.2894344727198284,1.264911064067352,1.0,0.001,1.0,1.0,128.0,300.0,3.0,2000.0,-1.0,0.0,0.0,0.0,0.0,0.0,0.0,1.0,0.0,10.0,3.2490788990307586,35.225006103515625,10.269834359486898,2000.0,,,,,,,,,,,,,,,,,,,,,,0.015928148509421654,0.0010598365108941763,1.5088487347863078,0.02533094815668091,0.001898625506781917,1.0120695373947735,0.02024463648014468,0.03515622703607658,0.6490547634590084,0.0,,,,,,0.05476304985897501,0.03806782568054585,,,,,,,,,,0.0,0.0014722102118296869,0.0293509676544497,0.0293509676544497,0.002539809994922193,1.4158406883105061,,0.0012358752467633307,0.02533094815668091,0.02533094815668091,0.0006364215611277847,0.7681671753344824,,0.0021985955885015173,0.02024463648014468,0.020511505173409307,0.0006321758289724897,0.6213559629840015,,0.07225957621785448,0.014238513444037211,0.005920095533682686,,0.008319907499434925,0.0,0.03026673723161812,0.03026673723161812,1.6381739710841083,0.30309183784331123,0.25772676029856056,0.05476304985897501,0.0,0.0,0.0,0.0,0.0,0.0,0.0,0.0,0.0,0.0,0.0,0.0,0.0,0.0,0.0,0.0,0.0,0.0,0.0,0.0,0.0,1.0071645611226638,0.0,,,,,,,,,,,,,,,,,,,,,,3,3,3,3,3,3,3,3,3,3,0,0,0,0,0,3,3,0,0,0,0,0,0,0,0,0,3,3,3,3,3,3,0,3,3,3,3,3,0,3,3,3,3,3,0,3,3,3,0,3,3,3,3,3,3,3,3,3,3,3,3,3,3,3,3,3,3,3,3,3,3,3,3,3,3,3,3,3,3,3,0,0,0,0,0,0,0,0,0,0,0,0,0,0,0,0,0,0,0,0,0,fa,mnist,div255,mlp,tanh,sigmoid_bce,e
fa_depth6,3,0.633276621500651,0.9536047577857971,6.023300689941468,0.7548772692680359,0.9294529954592387,4.374616994732218,0.8501704335212708,0.8913071354230245,4.529440137118654,613.3333333333334,96.66666666666667,430.0,820.0,723.3333333333334,0.11052732779309642,1.2514995733896892,1.209853808871499,0.9316695928573608,0.8205546538035074,4.966178906555652,0.9800739089647929,0.6601494352022806,5.945259202608231,0.997873842716217,0.2896988987922668,8.508299767097983,6.0,0.9536047577857971,0.633276621500651,0.37996907035509747,0.9880542357762655,13.788181940714518,,0.9294529954592387,0.7548772692680359,0.37511785825093585,0.9925263524055481,11.006115913391113,,0.8913071354230245,0.8501704335212708,0.37877482175827026,0.994109570980072,9.349713961283365,,0.1455078125,0.4729817708333333,0.72705078125,,0.8243815104166666,2000.0,1.498651146888733,1.498651146888733,34.41848964184992,14.052528415143323,11.295206413398757,1.2514995733896892,1.264911064067352,1.0,0.001,1.0,1.0,128.0,300.0,6.0,2000.0,-1.0,0.0,0.0,0.0,0.0,0.0,0.0,1.0,0.0,10.0,3.2490788990307586,35.225006103515625,16.90209420522054,2000.0,0.8205546538035074,0.9316695928573608,0.39759977658589674,0.9947288632392883,8.557268778483072,,0.6601494352022806,0.9800739089647929,0.3787589470545451,0.9962976574897766,6.925698439280192,,0.2896988987922668,0.997873842716217,0.38339701294898987,0.9967489838600159,6.480650266011556,,9.798655450095568,9.026357007268466,7.414232222048324,0.04044428600902071,0.012007310595579287,0.38393139036721213,0.0380998978376669,0.011262050966953971,0.4818432987068637,0.03286324789285251,0.03073397553637966,0.6999863027527812,70.94598884597588,5.773502691896256,105.35653752852738,60.0,55.075705472861024,0.0017312701883222383,0.03744348814132911,0.07733326460166526,0.018147035765869925,0.030138703980897085,0.7293774451373332,0.006014745154897021,0.03375200668260494,0.7494332840374576,0.0009920026708316945,0.08050483556321299,1.3669002875547223,0.0,0.012007310595579287,0.04044428600902071,0.006531812636366284,0.0013424970527516824,0.17111969168825597,,0.011262050966953971,0.0380998978376669,0.011411674125197623,0.0008806545500330872,0.8683346886425649,,0.03073397553637966,0.03286324789285251,0.021758796201321963,0.00047888576132400787,0.6816599462060418,,0.009430277302650374,0.08399194491078198,0.040178753080411536,,0.021285553155900593,0.0,0.13454973346398486,0.13454973346398486,8.148544337234233,3.3202192120088303,1.9813529307989095,0.03744348814132911,0.0,0.0,0.0,0.0,0.0,0.0,0.0,0.0,0.0,0.0,0.0,0.0,0.0,0.0,0.0,0.0,0.0,0.0,0.0,0.0,0.0,3.3560421516981123,0.0,0.030138703980897085,0.018147035765869925,0.007562060002887297,0.0009363114479247972,0.3620859483545689,,0.03375200668260494,0.006014745154897021,0.01878554105754286,0.0005717527417223359,0.7750525120751498,,0.08050483556321299,0.0009920026708316945,0.052018842051255135,0.0011475697490241018,1.5583135773677232,,2.254845362121707,1.7976289961474734,1.0327276086074986,3,3,3,3,3,3,3,3,3,3,3,3,3,3,3,3,3,3,3,3,3,3,3,3,3,3,3,3,3,3,3,3,0,3,3,3,3,3,0,3,3,3,3,3,0,3,3,3,0,3,3,3,3,3,3,3,3,3,3,3,3,3,3,3,3,3,3,3,3,3,3,3,3,3,3,3,3,3,3,3,3,3,3,3,3,0,3,3,3,3,3,0,3,3,3,3,3,0,3,3,3,fa,mnist,div255,mlp,tanh,sigmoid_bce,none
fa_depth6_center,3,0.4480125407377879,0.9694327314694723,38.936409373067214,0.4807770252227783,0.9549388885498047,25.801596952173714,0.4890780945618947,0.9155766566594442,28.11792469876674,0.0,,,,,,1.2514995733896892,1.268020720362385,0.47721373041470844,0.8258274992307028,32.98424904567386,0.4597061475118001,0.6424485743045807,42.49473740414354,0.4492705961068471,0.39258261521657306,58.008347266287,6.0,0.9769207040468851,0.4181155463059743,0.37996907035509747,0.9880542357762655,13.788181940714518,,0.9728747010231018,0.4363660415013631,0.37511785825093585,0.9925263524055481,11.006115913391113,,0.9616923530896505,0.4324296911557515,0.37877482175827026,0.994109570980072,9.349713961283365,,0.38671875,0.56396484375,0.63916015625,,0.69091796875,2000.0,2.988209327061971,2.988209327061971,34.41848964184992,14.052528415143323,11.295206413398757,1.2514995733896892,1.264911064067352,1.0,0.001,1.0,1.0,128.0,300.0,6.0,2000.0,-1.0,0.0,0.0,0.0,0.0,0.0,0.0,1.0,0.0,10.0,3.2490788990307586,35.225006103515625,15.437854051589966,2000.0,0.9430928826332092,0.4365933934847514,0.39759977658589674,0.9947288632392883,8.557268778483072,,0.8778213063875834,0.43519603212674457,0.3787589470545451,0.9962976574897766,6.925698439280192,,0.7262258330980936,0.4482731521129608,0.38339701294898987,0.9967489838600159,6.480650266011556,,9.798655450095568,9.026357007268466,7.414232222048324,0.014609806377492391,0.003657115962409065,0.833531569992389,0.04004870188674945,0.01659923332793701,2.103972868235006,0.051360391507740945,0.04343005387296254,5.873416582805282,0.0,,,,,,0.03744348814132911,0.04807327356431248,0.06953080874203028,0.10378643880133638,8.743637291375023,0.09229516515666812,0.18967484184154906,14.745462108728146,0.10931544521134937,0.28548323515810153,23.32517017829083,0.0,0.002416472408615427,0.022555119881885546,0.006531812636366284,0.0013424970527516824,0.17111969168825597,,0.011599222410608113,0.061459498681439066,0.011411674125197623,0.0008806545500330872,0.8683346886425649,,0.018840614473747217,0.055315319227383246,0.021758796201321963,0.00047888576132400787,0.6816599462060418,,0.09228903141665437,0.06968408139999784,0.09608973052759702,,0.10408410933373018,0.0,0.5126911459570447,0.5126911459570447,8.148544337234233,3.3202192120088303,1.9813529307989095,0.03744348814132911,0.0,0.0,0.0,0.0,0.0,0.0,0.0,0.0,0.0,0.0,0.0,0.0,0.0,0.0,0.0,0.0,0.0,0.0,0.0,0.0,0.0,0.25799160481933087,0.0,0.03114868614967196,0.06054444789745604,0.007562060002887297,0.0009363114479247972,0.3620859483545689,,0.07751866037375789,0.0947821420275051,0.01878554105754286,0.0005717527417223359,0.7750525120751498,,0.15925856538117963,0.10774550820600291,0.052018842051255135,0.0011475697490241018,1.5583135773677232,,2.254845362121707,1.7976289961474734,1.0327276086074986,3,3,3,3,3,3,3,3,3,3,0,0,0,0,0,3,3,3,3,3,3,3,3,3,3,3,3,3,3,3,3,3,0,3,3,3,3,3,0,3,3,3,3,3,0,3,3,3,0,3,3,3,3,3,3,3,3,3,3,3,3,3,3,3,3,3,3,3,3,3,3,3,3,3,3,3,3,3,3,3,3,3,3,3,3,0,3,3,3,3,3,0,3,3,3,3,3,0,3,3,3,fa,mnist,div255,mlp,tanh,sigmoid_bce,delta
fa_depth6_centere,3,0.41821955641110736,0.9753935138384501,47.51252130823146,0.3970932761828105,0.9777337312698364,24.894536658679566,0.38346172372500104,0.9786049127578735,20.90199998205082,0.0,,,,,,1.2514995733896892,1.2696333413209793,0.3980155686537425,0.9751104911168417,18.641873762031068,0.38004256288210553,0.9647931456565857,16.9468085032325,0.3835275173187256,0.9070638616879781,16.05793295720461,6.0,0.9872614542643229,0.3807443380355835,0.37996907035509747,0.9880542357762655,13.788181940714518,,0.9901562929153442,0.37598463892936707,0.37511785825093585,0.9925263524055481,11.006115913391113,,0.9896981318791708,0.3793276051680247,0.37877482175827026,0.994109570980072,9.349713961283365,,0.52099609375,0.7277018229166666,0.80517578125,,0.8367513020833334,2000.0,2.133793036142985,2.133793036142985,34.41848964184992,14.052528415143323,11.295206413398757,1.2514995733896892,1.264911064067352,1.0,0.001,1.0,1.0,128.0,300.0,6.0,2000.0,-1.0,0.0,0.0,0.0,0.0,0.0,0.0,1.0,0.0,10.0,3.2490788990307586,35.225006103515625,16.015324751536053,2000.0,0.9855108261108398,0.3980155686537425,0.39759977658589674,0.9947288632392883,8.557268778483072,,0.9716075658798218,0.38004256288210553,0.3787589470545451,0.9962976574897766,6.925698439280192,,0.925268312295278,0.3835275173187256,0.38339701294898987,0.9967489838600159,6.480650266011556,,9.798655450095568,9.026357007268466,7.414232222048324,0.008591357595558747,0.0026412902205149805,1.6914424887641575,0.00747469482505577,0.0019228041823425536,2.02133990166524,0.015090455133811388,0.001854263485660608,1.3606601343311655,0.0,,,,,,0.03744348814132911,0.05029889929101203,0.008135819024944448,0.003642332308597058,1.3509706568156972,0.02082025219898475,0.0028300622477688752,0.6370815494064097,0.05222114464425281,0.03442045439362524,1.752191237009464,0.0,0.0011203703813987063,0.005919999730308132,0.006531812636366284,0.0013424970527516824,0.17111969168825597,,0.00165041673764383,0.012131465915579112,0.011411674125197623,0.0008806545500330872,0.8683346886425649,,0.001672861677607268,0.022246404956207624,0.021758796201321963,0.00047888576132400787,0.6816599462060418,,0.08104144987912508,0.07642862461701103,0.0284546919615888,,0.014973073739722544,0.0,0.23885894008486214,0.23885894008486214,8.148544337234233,3.3202192120088303,1.9813529307989095,0.03744348814132911,0.0,0.0,0.0,0.0,0.0,0.0,0.0,0.0,0.0,0.0,0.0,0.0,0.0,0.0,0.0,0.0,0.0,0.0,0.0,0.0,0.0,0.29818225579525964,0.0,0.0028327141706072654,0.008135819024944448,0.007562060002887297,0.0009363114479247972,0.3620859483545689,,0.007979004065923386,0.02082025219898475,0.01878554105754286,0.0005717527417223359,0.7750525120751498,,0.028918237435743382,0.05222114464425281,0.052018842051255135,0.0011475697490241018,1.5583135773677232,,2.254845362121707,1.7976289961474734,1.0327276086074986,3,3,3,3,3,3,3,3,3,3,0,0,0,0,0,3,3,3,3,3,3,3,3,3,3,3,3,3,3,3,3,3,0,3,3,3,3,3,0,3,3,3,3,3,0,3,3,3,0,3,3,3,3,3,3,3,3,3,3,3,3,3,3,3,3,3,3,3,3,3,3,3,3,3,3,3,3,3,3,3,3,3,3,3,3,0,3,3,3,3,3,0,3,3,3,3,3,0,3,3,3,fa,mnist,div255,mlp,tanh,sigmoid_bce,e
fashion,3,0.9287832379341125,0.6042476495107015,12.887542141322676,0.9882633090019226,0.32530011733373004,14.339553131563639,0.9983570178349813,0.20940328141053513,16.895111040910326,233.33333333333334,86.66666666666667,230.0,383.3333333333333,296.6666666666667,0.091143798828125,1.2814148664474487,1.2482931594890365,,,,,,,,,,3.0,0.6042476495107015,0.9287832379341125,0.585146983464559,0.9523483912150065,32.62853558858236,0.4954922099908193,0.32530011733373004,0.9882633090019226,0.5870357553164164,0.9712127844492594,24.099467595418293,0.3804069260756175,0.20940328141053513,0.9983570178349813,0.5752271215120951,0.9798776706059774,18.18970235188802,0.23889086643854773,0.3165690104166667,0.5755208333333334,0.6917317708333334,,0.7459309895833334,2000.0,1.351670742034912,1.351670742034912,35.123447079765754,12.425914279609161,9.233262213743528,1.2814148664474487,1.264911064067352,1.0,0.001,1.0,1.0,128.0,300.0,3.0,2000.0,-1.0,0.0,0.0,0.0,0.0,0.0,0.0,1.0,0.0,10.0,3.250811768834607,93.29624938964844,11.03079104423523,2000.0,,,,,,,,,,,,,,,,,,,,,,0.003026324798253379,0.008330517919409315,0.6706711374270753,0.002926377573062775,0.03064541349046943,0.36523387815301367,0.0004929719980515246,0.021551832639782463,1.8590202135642129,23.094010767585033,5.773502691896256,55.67764362830022,20.81665999466132,23.09401076758504,0.02037551257740797,0.029291563660535848,0.10818966370639042,,,,,,,,,,0.0,0.008330517919409315,0.003026324798253379,0.028422748905276827,0.006272855654551949,2.7992231005389523,0.004709598834675992,0.03064541349046943,0.002926377573062775,0.04149291765259947,0.006988084192706733,3.2305995613957776,0.014052101348916388,0.021551832639782463,0.0004929719980515246,0.056291316101522035,0.0045820924663053115,2.988578389472316,0.01054665263757948,0.04858418884745499,0.052422247334355195,0.009320077019674739,,0.007787027157490677,0.0,0.028806951385131008,0.028806951385131008,5.180857670181364,0.9458498346065545,0.41870339131401213,0.029291563660535848,0.0,0.0,0.0,0.0,0.0,0.0,0.0,0.0,0.0,0.0,0.0,0.0,0.0,0.0,0.0,0.0,0.0,0.0,0.0,0.0,0.0,0.982475904623585,0.0,,,,,,,,,,,,,,,,,,,,,,3,3,3,3,3,3,3,3,3,3,3,3,3,3,3,3,3,0,0,0,0,0,0,0,0,0,3,3,3,3,3,3,3,3,3,3,3,3,3,3,3,3,3,3,3,3,3,3,0,3,3,3,3,3,3,3,3,3,3,3,3,3,3,3,3,3,3,3,3,3,3,3,3,3,3,3,3,3,3,3,0,0,0,0,0,0,0,0,0,0,0,0,0,0,0,0,0,0,0,0,0,dfa,fashion,div255,mlp,tanh,sigmoid_bce,none
fashion_bp,1,0.6226041913032532,0.9260403513908386,11.375500417010064,0.7034297585487366,0.9267174601554872,4.465764755783256,0.7770705223083496,0.9087439179420472,4.235678240527076,0.0,,,,,,1.2589316368103027,0.8911294867791949,,,,,,,,,,3.0,0.9370943307876588,0.6226041913032532,0.5549818277359009,0.955347180366516,30.16126823425293,,0.9352176189422609,0.7034297585487366,0.5457479357719421,0.9761385917663574,21.28385162353516,,0.9280462265014648,0.7770705223083496,0.521622896194458,0.9837766289711,15.836343765258787,,0.60986328125,0.68359375,0.7109375,,0.7197265625,2000.0,1.5797069072723389,1.5797069072723389,38.73140387282075,12.79923298097413,9.15290759345832,1.2589316368103027,1.264911064067352,1.0,0.001,1.0,1.0,128.0,300.0,3.0,2000.0,-1.0,0.0,0.0,0.0,0.0,0.0,0.0,1.0,0.0,10.0,3.250811768834607,93.29624938964844,8.504348993301392,2000.0,,,,,,,,,,,,,,,,,,,,,,,,,,,,,,,,,,,,,,,,,,,,,,,,,,,,,,,,,,,,,,,,,,,,,,,,,,,,,,,,,,,,,,,,,,,,,,,,,,,,,,,,,,,,,,,,,,,,,,,,,,,1,1,1,1,1,1,1,1,1,1,0,0,0,0,0,1,1,0,0,0,0,0,0,0,0,0,1,1,1,1,1,1,0,1,1,1,1,1,0,1,1,1,1,1,0,1,1,1,0,1,1,1,1,1,1,1,1,1,1,1,1,1,1,1,1,1,1,1,1,1,1,1,1,1,1,1,1,1,1,1,0,0,0,0,0,0,0,0,0,0,0,0,0,0,0,0,0,0,0,0,0,bp,fashion,div255,mlp,tanh,sigmoid_bce,none
fashion_center,3,0.7539076010386149,0.43907756606737774,60.358992456331464,0.6870417594909668,0.43253554900487257,91.40478759627912,0.6503750483194987,0.4701032141844432,68.81403016378329,0.0,,,,,,1.2814148664474487,1.2566302857680072,,,,,,,,,,3.0,0.6705653270085653,0.7176732619603475,0.585146983464559,0.9523483912150065,32.62853558858236,0.0222330689430237,0.6377273201942444,0.6749203205108643,0.5870357553164164,0.9712127844492594,24.099467595418293,0.1162937780221303,0.600965678691864,0.6503750483194987,0.5752271215120951,0.9798776706059774,18.18970235188802,0.1076364119847615,0.3987630208333333,0.5138346354166666,0.6114908854166666,,0.6228841145833334,2000.0,2.2987345854441323,2.2987345854441323,35.123447079765754,12.425914279609161,9.233262213743528,1.2814148664474487,1.264911064067352,1.0,0.001,1.0,1.0,128.0,300.0,3.0,2000.0,-1.0,0.0,0.0,0.0,0.0,0.0,0.0,1.0,0.0,10.0,3.250811768834607,93.29624938964844,9.700042565663656,2000.0,,,,,,,,,,,,,,,,,,,,,,0.03424667246644561,0.004041027583072852,17.59059146279765,0.038277966033635036,0.046257848301910154,32.06244174967681,0.06224657863318842,0.059947594582814435,22.45140942814768,0.0,,,,,,0.029291563660535848,0.03196326175765655,,,,,,,,,,0.0,0.023019733576480177,0.02763211016360377,0.028422748905276827,0.006272855654551949,2.7992231005389523,0.10517088894327971,0.06909854101530068,0.032899343553340725,0.04149291765259947,0.006988084192706733,3.2305995613957776,0.0739289971639138,0.11735357921137766,0.06224657863318842,0.056291316101522035,0.0045820924663053115,2.988578389472316,0.029713304097861264,0.03854124051794953,0.04710416934814627,0.025260395692377455,,0.013195644569472198,0.0,0.2888179232148103,0.2888179232148103,5.180857670181364,0.9458498346065545,0.41870339131401213,0.029291563660535848,0.0,0.0,0.0,0.0,0.0,0.0,0.0,0.0,0.0,0.0,0.0,0.0,0.0,0.0,0.0,0.0,0.0,0.0,0.0,0.0,0.0,0.6236129229219207,0.0,,,,,,,,,,,,,,,,,,,,,,3,3,3,3,3,3,3,3,3,3,0,0,0,0,0,3,3,0,0,0,0,0,0,0,0,0,3,3,3,3,3,3,3,3,3,3,3,3,3,3,3,3,3,3,3,3,3,3,0,3,3,3,3,3,3,3,3,3,3,3,3,3,3,3,3,3,3,3,3,3,3,3,3,3,3,3,3,3,3,3,0,0,0,0,0,0,0,0,0,0,0,0,0,0,0,0,0,0,0,0,0,dfa,fashion,div255,mlp,tanh,sigmoid_bce,delta
fashion_centere,3,0.5860281387964884,0.8195932507514954,130.83435356994775,0.5891315937042236,0.6208722591400146,45.73026138096469,0.5810061097145081,0.5107156336307526,43.05478908209019,0.0,,,,,,1.2814148664474487,1.257979189310639,,,,,,,,,,3.0,0.9235346913337708,0.5860281387964884,0.585146983464559,0.9523483912150065,32.62853558858236,0.3133669594923655,0.8562756578127543,0.5891315937042236,0.5870357553164164,0.9712127844492594,24.099467595418293,0.22336563467979423,0.7387075225512186,0.5810061097145081,0.5752271215120951,0.9798776706059774,18.18970235188802,0.13489093383153272,0.4986979166666667,0.63037109375,0.6593424479166666,,0.7027994791666666,2000.0,2.7447617053985596,2.744518200556437,35.123447079765754,12.425914279609161,9.233262213743528,1.2814148664474487,1.264911064067352,1.0,0.001,1.0,1.0,128.0,300.0,3.0,2000.0,-1.0,0.0,0.0,0.0,0.0,0.0,0.0,1.0,0.0,10.0,3.250811768834607,93.29624938964844,9.670967737833658,2000.0,,,,,,,,,,,,,,,,,,,,,,0.027351197508402855,0.08127910573409453,4.673711062337967,0.04124638656129663,0.08160013443837344,6.898526345813662,0.058377264226491254,0.0664936532871979,9.985552488532706,0.0,,,,,,0.029291563660535848,0.042486282050594584,,,,,,,,,,0.0,0.01914288290533253,0.027351197508402855,0.028422748905276827,0.006272855654551949,2.7992231005389523,0.011641452680901186,0.07592910034487355,0.04124638656129663,0.04149291765259947,0.006988084192706733,3.2305995613957776,0.0038294907017364568,0.15534499881270725,0.058377264226491254,0.056291316101522035,0.0045820924663053115,2.988578389472316,0.01107345899838027,0.010756973725168168,0.013019816040989632,0.017334557465585033,,0.010976377148494395,0.0,0.11429148286644016,0.11469236908939193,5.180857670181364,0.9458498346065545,0.41870339131401213,0.029291563660535848,0.0,0.0,0.0,0.0,0.0,0.0,0.0,0.0,0.0,0.0,0.0,0.0,0.0,0.0,0.0,0.0,0.0,0.0,0.0,0.0,0.0,0.12176043043176434,0.0,,,,,,,,,,,,,,,,,,,,,,3,3,3,3,3,3,3,3,3,3,0,0,0,0,0,3,3,0,0,0,0,0,0,0,0,0,3,3,3,3,3,3,3,3,3,3,3,3,3,3,3,3,3,3,3,3,3,3,0,3,3,3,3,3,3,3,3,3,3,3,3,3,3,3,3,3,3,3,3,3,3,3,3,3,3,3,3,3,3,3,0,0,0,0,0,0,0,0,0,0,0,0,0,0,0,0,0,0,0,0,0,dfa,fashion,div255,mlp,tanh,sigmoid_bce,e
fashion_softmax,3,0.28168975313504535,0.8938092390696207,1.2583191448253581,0.2803096075852712,0.8662781914075216,0.2563138752677068,0.2763370374838511,0.8200217882792155,0.13524024812203142,0.0,,,,,,0.1072057411074638,0.11255098963797298,,,,,,,,,,3.0,0.8956626653671265,0.28168975313504535,0.2808725635210673,0.9418764313062032,37.60121281941732,0.4812533756097157,0.8662781914075216,0.2803096075852712,0.27476632595062256,0.9746503829956055,20.844507217407227,0.33838091293970746,0.8200217882792155,0.2763370374838511,0.270288457473119,0.9837958216667175,13.93465487162272,0.18932968874772382,0.65283203125,0.7722981770833334,0.79931640625,,0.8121744791666666,2000.0,0.5392193794250488,0.5389210184415182,,,,0.1072057411074638,,1.0,0.001,1.0,1.0,128.0,300.0,3.0,2000.0,-1.0,0.0,0.0,0.0,0.0,0.0,0.0,1.0,0.0,10.0,2.302568924353064,236.16775512695312,10.399595022201538,2000.0,,,,,,,,,,,,,,,,,,,,,,0.012876533318871937,0.010307178436090969,0.37180476682602187,0.010027001486586803,0.053855089995659536,0.07782494340614084,0.02444987027387873,0.096843311888284,0.04192875211570177,0.0,,,,,,0.02758181111702787,0.025282519612321176,,,,,,,,,,0.0,0.011965076736922849,0.012876533318871937,0.01284348764508817,0.004900713794591969,1.250815433953645,0.009471062261404317,0.053855089995659536,0.010027001486586803,0.01510681812247095,0.001144917309787483,0.7182069815462839,0.018832484680123093,0.096843311888284,0.02444987027387873,0.02617029239645839,0.0007331897069330541,0.8343708622087656,0.013437965618033653,0.05916671358921537,0.010498993113847745,0.005859375,,0.00811683440090604,0.0,0.030260283245071115,0.030199451309865056,,,,0.02758181111702787,,0.0,0.0,0.0,0.0,0.0,0.0,0.0,0.0,0.0,0.0,0.0,0.0,0.0,0.0,0.0,0.0,0.0,0.0,0.0,0.0,0.756463067841176,0.0,,,,,,,,,,,,,,,,,,,,,,3,3,3,3,3,3,3,3,3,3,0,0,0,0,0,3,3,0,0,0,0,0,0,0,0,0,3,3,3,3,3,3,3,3,3,3,3,3,3,3,3,3,3,3,3,3,3,3,0,3,3,3,3,0,0,0,3,0,3,3,3,3,3,3,3,3,3,3,3,3,3,3,3,3,3,3,3,3,3,3,0,0,0,0,0,0,0,0,0,0,0,0,0,0,0,0,0,0,0,0,0,dfa,fashion,standardize,mlp,tanh,softmax_ce,none
fashion_softmax_bp,1,0.2682707905769348,0.94282728433609,2.742477007223717,0.2764046788215637,0.975738525390625,0.4069208066863712,0.251286506652832,0.979707896709442,0.2329834567059713,0.0,,,,,,0.1057262420654296,0.10166937381060975,,,,,,,,,,3.0,0.9441800713539124,0.2682707905769348,0.2682707905769348,0.947088062763214,36.23274612426758,,0.975738525390625,0.2764046788215637,0.2764046788215637,0.975738525390625,21.52063751220703,,0.9829121828079224,0.251286506652832,0.251286506652832,0.9845760464668274,13.220178604125977,,0.7197265625,0.75634765625,0.7685546875,,0.7802734375,2000.0,0.6235072612762451,0.6235072612762451,,,,0.1057262420654296,,1.0,0.001,1.0,1.0,128.0,300.0,3.0,2000.0,-1.0,0.0,0.0,0.0,0.0,0.0,0.0,1.0,0.0,10.0,2.302568924353064,236.16775512695312,9.136472463607788,2000.0,,,,,,,,,,,,,,,,,,,,,,,,,,,,,,,,,,,,,,,,,,,,,,,,,,,,,,,,,,,,,,,,,,,,,,,,,,,,,,,,,,,,,,,,,,,,,,,,,,,,,,,,,,,,,,,,,,,,,,,,,,,1,1,1,1,1,1,1,1,1,1,0,0,0,0,0,1,1,0,0,0,0,0,0,0,0,0,1,1,1,1,1,1,0,1,1,1,1,1,0,1,1,1,1,1,0,1,1,1,0,1,1,1,1,0,0,0,1,0,1,1,1,1,1,1,1,1,1,1,1,1,1,1,1,1,1,1,1,1,1,1,0,0,0,0,0,0,0,0,0,0,0,0,0,0,0,0,0,0,0,0,0,bp,fashion,standardize,mlp,tanh,softmax_ce,none
fashion_softmax_center,3,0.2808725635210673,0.8341412941614786,6.945557894089518,0.27549049258232117,0.8411968549092611,1.2847868076153504,0.27304345369338984,0.7996530532836914,0.7606700823620045,0.0,,,,,,0.1072057411074638,0.1109647662357136,,,,,,,,,,3.0,0.8818898797035217,0.2808725635210673,0.2808725635210673,0.9418764313062032,37.60121281941732,0.47312217950820923,0.8441196282704672,0.27549049258232117,0.27476632595062256,0.9746503829956055,20.844507217407227,0.33993058403333026,0.7996530532836914,0.27304345369338984,0.270288457473119,0.9837958216667175,13.93465487162272,0.18537413080533338,0.63671875,0.7511393229166666,0.7810872395833334,,0.7965494791666666,2000.0,0.5947936375935873,0.5947936375935873,,,,0.1072057411074638,,1.0,0.001,1.0,1.0,128.0,300.0,3.0,2000.0,-1.0,0.0,0.0,0.0,0.0,0.0,0.0,1.0,0.0,10.0,2.302568924353064,236.16775512695312,9.294371525446573,2000.0,,,,,,,,,,,,,,,,,,,,,,0.01284348764508817,0.010774937116350096,4.821575487187616,0.013976231954261212,0.06193648352832499,1.0050087679029924,0.024859526662582253,0.10893131275438053,0.6400790879327011,0.0,,,,,,0.02758181111702787,0.019889929306387995,,,,,,,,,,0.0,0.011404639316988811,0.01284348764508817,0.01284348764508817,0.004900713794591969,1.250815433953645,0.010923081745556108,0.06500925738915585,0.013976231954261212,0.01510681812247095,0.001144917309787483,0.7182069815462839,0.019016245283171865,0.10893131275438053,0.024859526662582253,0.02617029239645839,0.0007331897069330541,0.8343708622087656,0.012101707410309573,0.01220703125,0.005866152763977898,0.010129139246420322,,0.012200519096295681,0.0,0.020065442805581195,0.020065442805581195,,,,0.02758181111702787,,0.0,0.0,0.0,0.0,0.0,0.0,0.0,0.0,0.0,0.0,0.0,0.0,0.0,0.0,0.0,0.0,0.0,0.0,0.0,0.0,0.25634552556161755,0.0,,,,,,,,,,,,,,,,,,,,,,3,3,3,3,3,3,3,3,3,3,0,0,0,0,0,3,3,0,0,0,0,0,0,0,0,0,3,3,3,3,3,3,3,3,3,3,3,3,3,3,3,3,3,3,3,3,3,3,0,3,3,3,3,0,0,0,3,0,3,3,3,3,3,3,3,3,3,3,3,3,3,3,3,3,3,3,3,3,3,3,0,0,0,0,0,0,0,0,0,0,0,0,0,0,0,0,0,0,0,0,0,dfa,fashion,standardize,mlp,tanh,softmax_ce,delta
fashion_softmax_centere,3,0.2808725635210673,0.8936312198638916,0.9881343483665761,0.27506834268569946,0.8586639364560446,0.14192135791133978,0.270918865998586,0.8078095118204752,0.07000714513485003,0.0,,,,,,0.1072057411074638,0.10453803384562761,,,,,,,,,,3.0,0.893919030825297,0.2808725635210673,0.2808725635210673,0.9418764313062032,37.60121281941732,0.4779345492521922,0.8586639364560446,0.27506834268569946,0.27476632595062256,0.9746503829956055,20.844507217407227,0.33528921008110046,0.8078095118204752,0.270918865998586,0.270288457473119,0.9837958216667175,13.93465487162272,0.188320184747378,0.6521809895833334,0.7726236979166666,0.8004557291666666,,0.81005859375,2000.0,0.5422367652257284,0.5421757698059082,,,,0.1072057411074638,,1.0,0.001,1.0,1.0,128.0,300.0,3.0,2000.0,-1.0,0.0,0.0,0.0,0.0,0.0,0.0,1.0,0.0,10.0,2.302568924353064,236.16775512695312,10.362008730570475,2000.0,,,,,,,,,,,,,,,,,,,,,,0.01284348764508817,0.011834068983120623,1.6000911633147998,0.014632851731272479,0.05168359785398815,0.14009537479918932,0.025798459952121947,0.09267381424608814,0.07760342126610068,0.0,,,,,,0.02758181111702787,0.02392785733985312,,,,,,,,,,0.0,0.012178120998258359,0.01284348764508817,0.01284348764508817,0.004900713794591969,1.250815433953645,0.013039410239494894,0.05168359785398815,0.014632851731272479,0.01510681812247095,0.001144917309787483,0.7182069815462839,0.02536777318527946,0.09267381424608814,0.025798459952121947,0.02617029239645839,0.0007331897069330541,0.8343708622087656,0.0129528602863382,0.04509756038408318,0.010058277705390868,0.007787027157490677,,0.009605622838333008,0.0,0.028639272076956167,0.02863526439905949,,,,0.02758181111702787,,0.0,0.0,0.0,0.0,0.0,0.0,0.0,0.0,0.0,0.0,0.0,0.0,0.0,0.0,0.0,0.0,0.0,0.0,0.0,0.0,1.1482737786826696,0.0,,,,,,,,,,,,,,,,,,,,,,3,3,3,3,3,3,3,3,3,3,0,0,0,0,0,3,3,0,0,0,0,0,0,0,0,0,3,3,3,3,3,3,3,3,3,3,3,3,3,3,3,3,3,3,3,3,3,3,0,3,3,3,3,0,0,0,3,0,3,3,3,3,3,3,3,3,3,3,3,3,3,3,3,3,3,3,3,3,3,3,0,0,0,0,0,0,0,0,0,0,0,0,0,0,0,0,0,0,0,0,0,dfa,fashion,standardize,mlp,tanh,softmax_ce,e
gelu,3,0.9085002541542053,0.5562503139177958,2.410374110384961,0.9875707427660626,0.4471967220306396,9.254661042396016,0.9983612696329752,0.45767261584599805,37.97618449255893,323.3333333333333,,,,,,1.2743950684865315,1.3421140200451376,,,,,,,,,,3.0,0.5562503139177958,0.9085002541542053,0.40915048122406006,0.7790844837824503,6.243030230204265,0.41320159037907916,0.4471967220306396,0.9875707427660626,0.3918682436148326,0.8682873646418253,1.5138709545135498,0.2960255444049835,0.45767261584599805,0.9983612696329752,0.4064182639122009,0.9536579847335815,0.40826984246571857,0.14948929846286774,0.6925455729166666,0.8640950520833334,0.89013671875,,0.8997395833333334,2000.0,0.6613566279411316,0.6526638468106588,180.32534036833417,35.96034142421206,12.488981100030207,1.2743950684865315,1.264911064067352,1.0,0.001,1.0,1.0,128.0,300.0,3.0,2000.0,-1.0,0.0,0.0,0.0,0.0,0.0,0.0,1.0,0.0,10.0,3.2490788990307586,35.225006103515625,9.383884827295939,2000.0,,,,,,,,,,,,,,,,,,,,,,0.010118437556723637,0.026469453287604458,0.1970304337129642,0.0024609784309279586,0.0037821140030834615,0.8849925552184734,0.0006788367768661718,0.02074412834148767,6.376293418737613,55.07570547286101,,,,,,0.01687417901036896,0.02400694043905036,,,,,,,,,,0.0,0.026469453287604458,0.010118437556723637,0.03130674533464827,0.01647359074487889,0.8070441442030633,0.01233121161482626,0.0037821140030834615,0.0024609784309279586,0.03178952765054473,0.019868449413028448,0.21125521942813852,0.01750468349716265,0.02074412834148767,0.0006788367768661718,0.0342715210620841,0.00766881809284615,0.07541452889058232,0.00969391226226141,0.02600451043937825,0.002457628396898032,0.007372885190694092,,0.009584916578343388,0.0,0.02470395145405545,0.02408701872479776,7.183329359851503,2.8622546893706837,0.662611645622227,0.01687417901036896,0.0,0.0,0.0,0.0,0.0,0.0,0.0,0.0,0.0,0.0,0.0,0.0,0.0,0.0,0.0,0.0,0.0,0.0,0.0,0.0,0.0,0.03660593211986813,0.0,,,,,,,,,,,,,,,,,,,,,,3,3,3,3,3,3,3,3,3,3,0,0,0,0,0,3,3,0,0,0,0,0,0,0,0,0,3,3,3,3,3,3,3,3,3,3,3,3,3,3,3,3,3,3,3,3,3,3,0,3,3,3,3,3,3,3,3,3,3,3,3,3,3,3,3,3,3,3,3,3,3,3,3,3,3,3,3,3,3,3,0,0,0,0,0,0,0,0,0,0,0,0,0,0,0,0,0,0,0,0,0,dfa,mnist,div255,mlp,gelu,sigmoid_bce,none
gelu_bp,1,0.7460619211196899,0.6389764547348022,14.94907198876249,0.8815625309944153,0.596863865852356,6.452605675668906,0.9463132619857788,0.5299690365791321,6.095535080524074,1700.0,,,,,,1.2646960020065308,1.3156921584104015,,,,,,,,,,3.0,0.6711528301239014,0.6184285283088684,0.3732084631919861,0.7854689955711365,5.346977233886719,,0.6525439023971558,0.7975924611091614,0.3570496439933777,0.8888198137283325,1.2794908285140991,,0.624721884727478,0.8980439305305481,0.3785949349403381,0.9612262845039368,0.3502341210842132,,0.2255859375,0.4169921875,0.572265625,,0.66552734375,2000.0,2.512697696685791,2.512697696685791,186.38029347965383,32.65565991017688,11.728146253132177,1.2646960020065308,1.264911064067352,1.0,0.001,1.0,1.0,128.0,300.0,3.0,2000.0,-1.0,0.0,0.0,0.0,0.0,0.0,0.0,1.0,0.0,10.0,3.2490788990307586,35.225006103515625,8.293707132339478,2000.0,,,,,,,,,,,,,,,,,,,,,,,,,,,,,,,,,,,,,,,,,,,,,,,,,,,,,,,,,,,,,,,,,,,,,,,,,,,,,,,,,,,,,,,,,,,,,,,,,,,,,,,,,,,,,,,,,,,,,,,,,,,1,1,1,1,1,1,1,1,1,1,0,0,0,0,0,1,1,0,0,0,0,0,0,0,0,0,1,1,1,1,1,1,0,1,1,1,1,1,0,1,1,1,1,1,0,1,1,1,0,1,1,1,1,1,1,1,1,1,1,1,1,1,1,1,1,1,1,1,1,1,1,1,1,1,1,1,1,1,1,1,0,0,0,0,0,0,0,0,0,0,0,0,0,0,0,0,0,0,0,0,0,bp,mnist,div255,mlp,gelu,sigmoid_bce,none
gelu_center,3,0.6063439249992371,0.7186689575513204,17.814859367788653,0.7986945708592733,0.6486371358235677,20.58296043112342,0.9901920557022095,0.48924492796262103,1485.8474540814505,1050.0,,,,,,1.2743950684865315,1.335329412651703,,,,,,,,,,3.0,0.7186689575513204,0.4625454843044281,0.40915048122406006,0.7790844837824503,6.243030230204265,0.17265749226013816,0.6800363262494405,0.50772092739741,0.3918682436148326,0.8682873646418253,1.5138709545135498,0.25568949182828266,0.6612638831138611,0.589978833993276,0.4064182639122009,0.9536579847335815,0.40826984246571857,0.40151180823644,0.25732421875,0.2809244791666667,0.2596028645833333,,0.18131510416666666,2000.0,15249494.072916666,3.3481452465057373,180.32534036833417,35.96034142421206,12.488981100030207,1.2743950684865315,1.264911064067352,1.0,0.001,1.0,1.0,128.0,300.0,3.0,2000.0,-1.0,0.0,0.0,0.0,0.0,0.0,0.0,1.0,0.0,10.0,3.2490788990307586,35.225006103515625,10.108586231867472,2000.0,,,,,,,,,,,,,,,,,,,,,,0.030176560553843313,0.0006606782103722429,1.4155536914387974,0.05947372179363401,0.049705850864991956,2.6462170575488524,0.005965031080889257,0.02126877908225126,530.4209488502784,257.0992026436488,,,,,,0.01687417901036896,0.014138785185175803,,,,,,,,,,0.0,0.0006606782103722429,0.008508513767344817,0.03130674533464827,0.01647359074487889,0.8070441442030633,0.053463180923386346,0.023017074944690245,0.05338283386769238,0.03178952765054473,0.019868449413028448,0.21125521942813852,0.06638574161917643,0.0426481682876309,0.08735355768488284,0.0342715210620841,0.00766881809284615,0.07541452889058232,0.02333648797054557,0.0823503373640014,0.13667194836962965,0.06724172370590847,,0.07640522483548791,0.0,14817363.309688352,0.3160683340560798,7.183329359851503,2.8622546893706837,0.662611645622227,0.01687417901036896,0.0,0.0,0.0,0.0,0.0,0.0,0.0,0.0,0.0,0.0,0.0,0.0,0.0,0.0,0.0,0.0,0.0,0.0,0.0,0.0,0.0,0.4521361565741406,0.0,,,,,,,,,,,,,,,,,,,,,,3,3,3,3,3,3,3,3,3,3,0,0,0,0,0,3,3,0,0,0,0,0,0,0,0,0,3,3,3,3,3,3,3,3,3,3,3,3,3,3,3,3,3,3,3,3,3,3,0,3,3,3,3,3,3,3,3,3,3,3,3,3,3,3,3,3,3,3,3,3,3,3,3,3,3,3,3,3,3,3,0,0,0,0,0,0,0,0,0,0,0,0,0,0,0,0,0,0,0,0,0,dfa,mnist,div255,mlp,gelu,sigmoid_bce,delta
gelu_centere,3,0.7439557909965515,0.7416999936103821,11.425616709579877,0.8983602722485861,0.6282303333282471,31.977051914634313,0.989940345287323,0.5723018248875936,5422.863968401997,1720.0,,,,,,1.2743950684865315,1.3354630588864502,,,,,,,,,,3.0,0.7416999936103821,0.7034071683883667,0.40915048122406006,0.7790844837824503,6.243030230204265,0.4175881842772166,0.6282303333282471,0.8348737359046936,0.3918682436148326,0.8682873646418253,1.5138709545135498,0.5221446653207144,0.5723018248875936,0.9296516378720602,0.4064182639122009,0.9536579847335815,0.40826984246571857,0.6264743804931641,0.28515625,0.228515625,0.310546875,,0.3619791666666667,2000.0,12133981.458333334,3.6970526377360025,180.32534036833417,35.96034142421206,12.488981100030207,1.2743950684865315,1.264911064067352,1.0,0.001,1.0,1.0,128.0,300.0,3.0,2000.0,-1.0,0.0,0.0,0.0,0.0,0.0,0.0,1.0,0.0,10.0,3.2490788990307586,35.225006103515625,10.522651672363281,2000.0,,,,,,,,,,,,,,,,,,,,,,0.005307209915789306,0.006100605147267654,0.9132022012466563,0.006334755909598512,0.02759113422447252,2.2297027462261694,0.0010867190431403594,0.006123339309336815,2473.1764334771538,87.17797887081348,,,,,,0.01687417901036896,0.01473263425076514,,,,,,,,,,0.0,0.006100605147267654,0.021879393757903848,0.03130674533464827,0.01647359074487889,0.8070441442030633,0.0691003817310195,0.02759113422447252,0.054004723946252275,0.03178952765054473,0.019868449413028448,0.21125521942813852,0.03742201916713898,0.006123339309336815,0.07241365280153718,0.0342715210620841,0.00766881809284615,0.07541452889058232,0.04278445780573164,0.10410014253546111,0.08364729547865582,0.09948123843181064,,0.05727339944633109,0.0,8842843.06196859,0.20790060500521362,7.183329359851503,2.8622546893706837,0.662611645622227,0.01687417901036896,0.0,0.0,0.0,0.0,0.0,0.0,0.0,0.0,0.0,0.0,0.0,0.0,0.0,0.0,0.0,0.0,0.0,0.0,0.0,0.0,0.0,1.2026880877681685,0.0,,,,,,,,,,,,,,,,,,,,,,3,3,3,3,3,3,3,3,3,3,0,0,0,0,0,3,3,0,0,0,0,0,0,0,0,0,3,3,3,3,3,3,3,3,3,3,3,3,3,3,3,3,3,3,3,3,3,3,0,3,3,3,3,3,3,3,3,3,3,3,3,3,3,3,3,3,3,3,3,3,3,3,3,3,3,3,3,3,3,3,0,0,0,0,0,0,0,0,0,0,0,0,0,0,0,0,0,0,0,0,0,dfa,mnist,div255,mlp,gelu,sigmoid_bce,e
linear,3,0.8099231918652853,1.0,1.876843006121377,0.9510259628295898,1.0,5.2589629017175845,0.9934998353322347,1.0,21.689800387033497,176.66666666666666,,,,,,1.3019708792368572,1.214215254076618,,,,,,,,,,3.0,1.0,0.8099231918652853,0.387835552295049,1.0,18.50007438659668,0.5286339322725931,1.0,0.9510259628295898,0.3831642270088195,1.0,17.816691080729168,0.34306718905766803,1.0,0.9934998353322347,0.3831305007139841,1.0,17.438154538472492,0.15758840243021643,0.8103841145833334,0.8821614583333334,0.8948567708333334,,0.9005533854166666,2000.0,0.7933679620424906,0.7875755627950033,14.092274814586737,7.545210485134217,7.294730364598756,1.3019708792368572,1.264911064067352,1.0,0.001,1.0,1.0,128.0,300.0,3.0,2000.0,-1.0,0.0,0.0,0.0,0.0,0.0,0.0,1.0,0.0,10.0,3.2490788990307586,35.225006103515625,10.328843037287394,2000.0,,,,,,,,,,,,,,,,,,,,,,0.012656483707642144,0.0,0.028335543336708832,0.013110032121029793,0.0,0.37357436450297177,0.0036915057829030847,0.0,4.4770348735977015,32.14550253664318,,,,,,0.07813814633116484,0.14680567312465787,,,,,,,,,,0.0,0.0,0.012656483707642144,0.030028227603138655,0.0,2.086807485395074,0.003259889381137,0.0,0.013110032121029793,0.02532151201677808,0.0,1.4976194889291345,0.0076848182807442164,0.0,0.0036915057829030847,0.01982398060847453,0.0,1.4579643092122165,0.0036891788272768685,0.006647323521048878,0.004640812965294027,0.0056170032313598165,,0.0066293658380261414,0.0,0.021041783324391217,0.02016474702991901,1.0668843351303208,0.241306137502626,0.3251338832146121,0.07813814633116484,0.0,0.0,0.0,0.0,0.0,0.0,0.0,0.0,0.0,0.0,0.0,0.0,0.0,0.0,0.0,0.0,0.0,0.0,0.0,0.0,0.0,1.4737698819756182,0.0,,,,,,,,,,,,,,,,,,,,,,3,3,3,3,3,3,3,3,3,3,0,0,0,0,0,3,3,0,0,0,0,0,0,0,0,0,3,3,3,3,3,3,3,3,3,3,3,3,3,3,3,3,3,3,3,3,3,3,0,3,3,3,3,3,3,3,3,3,3,3,3,3,3,3,3,3,3,3,3,3,3,3,3,3,3,3,3,3,3,3,0,0,0,0,0,0,0,0,0,0,0,0,0,0,0,0,0,0,0,0,0,dfa,mnist,div255,mlp,linear,sigmoid_bce,none
linear_bp,1,0.4677782654762268,1.0,3.82841971512352,0.5747726559638977,1.0,2.726868098486156,0.6421235799789429,1.0,4.349995441160326,0.0,,,,,,1.26019287109375,0.8787215407281792,,,,,,,,,,3.0,1.0,0.4409992098808288,0.3562297523021698,1.0,16.613933563232422,,1.0,0.5482698082923889,0.3540059626102447,1.0,16.141765594482422,,1.0,0.6421235799789429,0.3602451384067535,1.0,15.755759239196776,,0.78271484375,0.8310546875,0.845703125,,0.86181640625,2000.0,1.1629202365875244,1.1629202365875244,14.965658513970581,7.276854944946959,7.081787908619757,1.26019287109375,1.264911064067352,1.0,0.001,1.0,1.0,128.0,300.0,3.0,2000.0,-1.0,0.0,0.0,0.0,0.0,0.0,0.0,1.0,0.0,10.0,3.2490788990307586,35.225006103515625,10.119498014450073,2000.0,,,,,,,,,,,,,,,,,,,,,,,,,,,,,,,,,,,,,,,,,,,,,,,,,,,,,,,,,,,,,,,,,,,,,,,,,,,,,,,,,,,,,,,,,,,,,,,,,,,,,,,,,,,,,,,,,,,,,,,,,,,1,1,1,1,1,1,1,1,1,1,0,0,0,0,0,1,1,0,0,0,0,0,0,0,0,0,1,1,1,1,1,1,0,1,1,1,1,1,0,1,1,1,1,1,0,1,1,1,0,1,1,1,1,1,1,1,1,1,1,1,1,1,1,1,1,1,1,1,1,1,1,1,1,1,1,1,1,1,1,1,0,0,0,0,0,0,0,0,0,0,0,0,0,0,0,0,0,0,0,0,0,bp,mnist,div255,mlp,linear,sigmoid_bce,none
linear_center,3,0.5563477277755737,1.0,28.24268493170723,0.6403083999951681,1.0,2484.83834189294,0.656220277150472,1.0,392365465.4461024,0.0,,,,,,1.3019708792368572,1.2391926706184486,,,,,,,,,,3.0,1.0,0.5491685469945272,0.387835552295049,1.0,18.50007438659668,-0.14346503714720404,1.0,0.6360148191452026,0.3831642270088195,1.0,17.816691080729168,-0.1411781460046768,1.0,0.653959055741628,0.3831305007139841,1.0,17.438154538472492,-0.11043824255466461,0.09098307291666667,0.10498046875,0.1328125,,0.1318359375,2000.0,1.5942497266460262e+17,3.290104309717814,14.092274814586737,7.545210485134217,7.294730364598756,1.3019708792368572,1.264911064067352,1.0,0.001,1.0,1.0,128.0,300.0,3.0,2000.0,-1.0,0.0,0.0,0.0,0.0,0.0,0.0,1.0,0.0,10.0,3.2490788990307586,35.225006103515625,9.55490247408549,2000.0,,,,,,,,,,,,,,,,,,,,,,0.020849725688478184,0.0,2.5639097721794606,0.05495479890377059,0.0,411.820200471942,0.07785541178985599,0.0,186695728.61919785,0.0,,,,,,0.07813814633116484,0.04339184668426666,,,,,,,,,,0.0,0.0,0.014276187106934013,0.030028227603138655,0.0,2.086807485395074,0.03711332503848873,0.0,0.05133623494673033,0.02532151201677808,0.0,1.4976194889291345,0.035408526904017294,0.0,0.07908882708354467,0.01982398060847453,0.0,1.4579643092122165,0.019245456470872783,0.008874548099098689,0.001760523083722651,0.051737079426396326,,0.05491590486421638,0.0,1.474528652405967e+17,0.5503080645777215,1.0668843351303208,0.241306137502626,0.3251338832146121,0.07813814633116484,0.0,0.0,0.0,0.0,0.0,0.0,0.0,0.0,0.0,0.0,0.0,0.0,0.0,0.0,0.0,0.0,0.0,0.0,0.0,0.0,0.0,0.6611793365308914,0.0,,,,,,,,,,,,,,,,,,,,,,3,3,3,3,3,3,3,3,3,3,0,0,0,0,0,3,3,0,0,0,0,0,0,0,0,0,3,3,3,3,3,3,3,3,3,3,3,3,3,3,3,3,3,3,3,3,3,3,0,3,3,3,3,3,3,3,3,3,3,3,3,3,3,3,3,3,3,3,3,3,3,3,3,3,3,3,3,3,3,3,0,0,0,0,0,0,0,0,0,0,0,0,0,0,0,0,0,0,0,0,0,dfa,mnist,div255,mlp,linear,sigmoid_bce,delta
linear_centere,3,0.5564610958099365,1.0,28.179992118155557,0.6403055588404337,1.0,2469.6431065195156,0.6553690234820048,1.0,387214700.9323072,0.0,,,,,,1.3019708792368572,1.2391926706184486,,,,,,,,,,3.0,1.0,0.54920893907547,0.387835552295049,1.0,18.50007438659668,-0.1817500342925389,1.0,0.636371930440267,0.3831642270088195,1.0,17.816691080729168,-0.1869335174560547,1.0,0.6545377771059672,0.3831305007139841,1.0,17.438154538472492,-0.16253794233004248,0.13102213541666666,0.16943359375,0.103515625,,0.09554036458333333,2000.0,1.5426502544081987e+17,3.290104309717814,14.092274814586737,7.545210485134217,7.294730364598756,1.3019708792368572,1.264911064067352,1.0,0.001,1.0,1.0,128.0,300.0,3.0,2000.0,-1.0,0.0,0.0,0.0,0.0,0.0,0.0,1.0,0.0,10.0,3.2490788990307586,35.225006103515625,9.790761947631836,2000.0,,,,,,,,,,,,,,,,,,,,,,0.019669825749310584,0.0,2.557157999950057,0.05424689145293493,0.0,409.6182481898007,0.0790890702830555,0.0,185075727.01932064,0.0,,,,,,0.07813814633116484,0.04339184668426666,,,,,,,,,,0.0,0.0,0.013523759775024393,0.030028227603138655,0.0,2.086807485395074,0.04149414079983853,0.0,0.050650396472731854,0.02532151201677808,0.0,1.4976194889291345,0.033276500848929635,0.0,0.07983130544602424,0.01982398060847453,0.0,1.4579643092122165,0.006441743724317624,0.05032930018622056,0.053300992378887455,0.007092694846842749,,0.005444573139218012,0.0,1.4770947714540026e+17,0.5503080645777215,1.0668843351303208,0.241306137502626,0.3251338832146121,0.07813814633116484,0.0,0.0,0.0,0.0,0.0,0.0,0.0,0.0,0.0,0.0,0.0,0.0,0.0,0.0,0.0,0.0,0.0,0.0,0.0,0.0,0.0,1.2375083049505076,0.0,,,,,,,,,,,,,,,,,,,,,,3,3,3,3,3,3,3,3,3,3,0,0,0,0,0,3,3,0,0,0,0,0,0,0,0,0,3,3,3,3,3,3,3,3,3,3,3,3,3,3,3,3,3,3,3,3,3,3,0,3,3,3,3,3,3,3,3,3,3,3,3,3,3,3,3,3,3,3,3,3,3,3,3,3,3,3,3,3,3,3,0,0,0,0,0,0,0,0,0,0,0,0,0,0,0,0,0,0,0,0,0,dfa,mnist,div255,mlp,linear,sigmoid_bce,e
mse_s1,3,0.8833691279093424,0.7732159892717997,0.3202662327266859,0.9793243408203125,0.4834683934847514,0.31356464895666214,0.9958311319351196,0.3587222198645274,0.4126522924290255,203.33333333333334,,,,,,0.8611194094022115,0.9088377922598267,,,,,,,,,,3.0,0.7732159892717997,0.8833691279093424,0.38470569252967834,0.9884867072105408,14.038005828857422,0.22017635901768998,0.4834683934847514,0.9793243408203125,0.37960734963417053,0.9928126533826193,11.02204163869222,0.13197659452756244,0.3587222198645274,0.9958311319351196,0.3776098887125651,0.9941629767417908,9.087292035420736,0.08539121349652602,0.5087890625,0.7947591145833334,0.845703125,,0.8616536458333334,2000.0,0.20558867851893103,0.20558867851893103,,,,0.8611194094022115,,1.0,0.001,1.0,1.0,128.0,300.0,3.0,2000.0,-1.0,0.0,0.0,0.0,0.0,0.0,0.0,1.0,0.0,10.0,0.4498404832,35.225006103515625,9.768113215764364,2000.0,,,,,,,,,,,,,,,,,,,,,,0.01637860626502343,0.01819970119955921,0.17911575201458743,0.005574309983650848,0.06194698590723783,0.14784768867681308,0.0014098850962762264,0.051460390123861575,0.356889681185705,25.166114784235827,,,,,,0.3009953930890971,0.7773320968356403,,,,,,,,,,0.0,0.01819970119955921,0.01637860626502343,0.0293509676544497,0.002539809994922193,1.4158406883105061,0.002707862021121046,0.06194698590723783,0.005574309983650848,0.02533094815668091,0.0006364215611277847,0.7681671753344824,0.013776125122224953,0.051460390123861575,0.0014098850962762264,0.020511505173409307,0.0006321758289724897,0.6213559629840015,0.006037602325487385,0.032451423141236835,0.017995885732011697,0.0038756122720672716,,0.0037293096475877452,0.0,0.00483997878321082,0.00483997878321082,,,,0.3009953930890971,,0.0,0.0,0.0,0.0,0.0,0.0,0.0,0.0,0.0,0.0,0.0,0.0,0.0,0.0,0.0,0.0,0.0,0.0,0.0,0.0,1.3592672682412115,0.0,,,,,,,,,,,,,,,,,,,,,,3,3,3,3,3,3,3,3,3,3,0,0,0,0,0,3,3,0,0,0,0,0,0,0,0,0,3,3,3,3,3,3,3,3,3,3,3,3,3,3,3,3,3,3,3,3,3,3,0,3,3,3,3,0,0,0,3,0,3,3,3,3,3,3,3,3,3,3,3,3,3,3,3,3,3,3,3,3,3,3,0,0,0,0,0,0,0,0,0,0,0,0,0,0,0,0,0,0,0,0,0,dfa,mnist,div255,mlp,tanh,mse,none
mse_s1_bp,1,0.396223247051239,0.9885184168815612,0.7994124858336197,0.4283422827720642,0.9892059564590454,0.3327270762528257,0.4485836327075958,0.9905440807342528,0.2865075404786031,0.0,,,,,,0.5146486163139343,0.177175075617573,,,,,,,,,,3.0,0.9900945425033568,0.3701469898223877,0.3541161119937897,0.9909001588821412,12.757408142089844,,0.9924740195274352,0.3799392580986023,0.3507662415504455,0.9935280680656432,10.161163330078123,,0.9937708377838136,0.3881444036960602,0.3540035486221313,0.9948840141296388,8.370211601257324,,0.6865234375,0.78125,0.80419921875,,0.8212890625,2000.0,0.2394349873065948,0.2394349873065948,,,,0.5146486163139343,,1.0,0.001,1.0,1.0,128.0,300.0,3.0,2000.0,-1.0,0.0,0.0,0.0,0.0,0.0,0.0,1.0,0.0,10.0,0.4498404832,35.225006103515625,12.273563385009766,2000.0,,,,,,,,,,,,,,,,,,,,,,,,,,,,,,,,,,,,,,,,,,,,,,,,,,,,,,,,,,,,,,,,,,,,,,,,,,,,,,,,,,,,,,,,,,,,,,,,,,,,,,,,,,,,,,,,,,,,,,,,,,,1,1,1,1,1,1,1,1,1,1,0,0,0,0,0,1,1,0,0,0,0,0,0,0,0,0,1,1,1,1,1,1,0,1,1,1,1,1,0,1,1,1,1,1,0,1,1,1,0,1,1,1,1,0,0,0,1,0,1,1,1,1,1,1,1,1,1,1,1,1,1,1,1,1,1,1,1,1,1,1,0,0,0,0,0,0,0,0,0,0,0,0,0,0,0,0,0,0,0,0,0,bp,mnist,div255,mlp,tanh,mse,none
mse_s1_center,3,0.6328446666399637,0.8132089575131735,2.3569647691684743,0.7437056104342142,0.5482185482978821,1.034116338998043,0.7794919808705648,0.43374668558438617,0.553721354258666,0.0,,,,,,0.8611194094022115,0.5805113361145441,,,,,,,,,,3.0,0.9667391180992126,0.3925492266813914,0.38470569252967834,0.9884867072105408,14.038005828857422,0.28320855895678204,0.9392890334129333,0.3877062499523163,0.37960734963417053,0.9928126533826193,11.02204163869222,0.14770045379797617,0.8599278330802917,0.38848734895388287,0.3776098887125651,0.9941629767417908,9.087292035420736,0.09119643767674761,0.5179036458333334,0.64990234375,0.6964518229166666,,0.8011067708333334,2000.0,0.27831671635309857,0.27831671635309857,,,,0.8611194094022115,,1.0,0.001,1.0,1.0,128.0,300.0,3.0,2000.0,-1.0,0.0,0.0,0.0,0.0,0.0,0.0,1.0,0.0,10.0,0.4498404832,35.225006103515625,9.410994927088419,2000.0,,,,,,,,,,,,,,,,,,,,,,0.039283647545853555,0.025333843854050634,1.357789824439413,0.04072311959087909,0.03657430325701202,1.2973655412448852,0.039447083522853366,0.11512208196009598,2.1529220886527964,0.0,,,,,,0.3009953930890971,0.20314487921907495,,,,,,,,,,0.0,0.0059549235794787,0.033295459946334524,0.0293509676544497,0.002539809994922193,1.4158406883105061,0.04286902032107267,0.025646520994067203,0.032382763396078686,0.02533094815668091,0.0006364215611277847,0.7681671753344824,0.011433223186361493,0.06475058640644091,0.0307211872087767,0.020511505173409307,0.0006321758289724897,0.6213559629840015,0.0031130592829287816,0.08636414939934844,0.03678997517747967,0.04958479465072949,,0.011318579850725088,0.0,0.021303169860343852,0.021303169860343852,,,,0.3009953930890971,,0.0,0.0,0.0,0.0,0.0,0.0,0.0,0.0,0.0,0.0,0.0,0.0,0.0,0.0,0.0,0.0,0.0,0.0,0.0,0.0,0.4143890142532759,0.0,,,,,,,,,,,,,,,,,,,,,,3,3,3,3,3,3,3,3,3,3,0,0,0,0,0,3,3,0,0,0,0,0,0,0,0,0,3,3,3,3,3,3,3,3,3,3,3,3,3,3,3,3,3,3,3,3,3,3,0,3,3,3,3,0,0,0,3,0,3,3,3,3,3,3,3,3,3,3,3,3,3,3,3,3,3,3,3,3,3,3,0,0,0,0,0,0,0,0,0,0,0,0,0,0,0,0,0,0,0,0,0,dfa,mnist,div255,mlp,tanh,mse,delta
mse_s1_centere,3,0.45078177253405255,0.9456123908360801,2.1821872116442815,0.3932090699672699,0.8954170346260071,0.8790857944999285,0.3809640010197957,0.7968915899594625,0.6829575113012658,0.0,,,,,,0.8611194094022115,0.5812287783702748,,,,,,,,,,3.0,0.9864038228988647,0.38581464687983197,0.38470569252967834,0.9884867072105408,14.038005828857422,0.21131617327531174,0.9586331248283386,0.3821441133817037,0.37960734963417053,0.9928126533826193,11.02204163869222,0.1213967551787694,0.8784655928611755,0.3809640010197957,0.3776098887125651,0.9941629767417908,9.087292035420736,0.09347949922084803,0.6346028645833334,0.77685546875,0.8177083333333334,,0.8439127604166666,2000.0,0.233446513613065,0.233446513613065,,,,0.8611194094022115,,1.0,0.001,1.0,1.0,128.0,300.0,3.0,2000.0,-1.0,0.0,0.0,0.0,0.0,0.0,0.0,1.0,0.0,10.0,0.4498404832,35.225006103515625,9.794898271560669,2000.0,,,,,,,,,,,,,,,,,,,,,,0.020510074517707647,0.006326976821224816,2.055179137769746,0.007978211720797542,0.015130375916913602,0.7631953156080608,0.02339703624558928,0.031206359438307754,0.8271222510456309,0.0,,,,,,0.3009953930890971,0.20562156450474753,,,,,,,,,,0.0,0.0022615751440200056,0.029563686751539527,0.0293509676544497,0.002539809994922193,1.4158406883105061,0.007443356348283804,0.006688933534752748,0.027134760284861666,0.02533094815668091,0.0006364215611277847,0.7681671753344824,0.004990276511468098,0.007832141454330137,0.02339703624558928,0.020511505173409307,0.0006321758289724897,0.6213559629840015,0.005638363422179565,0.0022552744890219595,0.016536810763550878,0.023732344104567336,,0.017614256846964417,0.0,0.012574453087958246,0.012574453087958246,,,,0.3009953930890971,,0.0,0.0,0.0,0.0,0.0,0.0,0.0,0.0,0.0,0.0,0.0,0.0,0.0,0.0,0.0,0.0,0.0,0.0,0.0,0.0,0.47882655704367216,0.0,,,,,,,,,,,,,,,,,,,,,,3,3,3,3,3,3,3,3,3,3,0,0,0,0,0,3,3,0,0,0,0,0,0,0,0,0,3,3,3,3,3,3,3,3,3,3,3,3,3,3,3,3,3,3,3,3,3,3,0,3,3,3,3,0,0,0,3,0,3,3,3,3,3,3,3,3,3,3,3,3,3,3,3,3,3,3,3,3,3,3,0,0,0,0,0,0,0,0,0,0,0,0,0,0,0,0,0,0,0,0,0,dfa,mnist,div255,mlp,tanh,mse,e
mse_s1_ctr,3,0.8807323376337687,0.7781658371289571,0.4098397071110609,0.977667510509491,0.49441664417584735,0.4978512332061901,0.9954336086908976,0.36568780740102125,0.7184407147608347,200.0,,,,,,0.80282790462176,0.980929754413184,,,,,,,,,,3.0,0.7781658371289571,0.8807323376337687,0.38470569252967834,0.9884867072105408,14.038005828857422,0.22164482374986008,0.49441664417584735,0.977667510509491,0.37960734963417053,0.9928126533826193,11.02204163869222,0.1344770342111587,0.36568780740102125,0.9954336086908976,0.3776098887125651,0.9941629767417908,9.087292035420736,0.08484670519828792,0.5388997395833334,0.7892252604166666,0.82763671875,,0.8541666666666666,2000.0,0.22231083611647284,0.22230446338653562,,,,0.80282790462176,,1.0,0.001,1.0,1.0,128.0,300.0,3.0,2000.0,-1.0,0.0,0.0,0.0,0.0,0.0,0.0,1.0,0.0,10.0,0.4498404832,35.225006103515625,9.306567589441935,2000.0,,,,,,,,,,,,,,,,,,,,,,0.022254509559220172,0.037820951933765896,0.2522027796257,0.008798987425314942,0.0842569815292769,0.8321108076027988,0.0021037614335973876,0.0657285519179149,1.4316830893567285,17.320508075688775,,,,,,0.3456229734461304,0.7918926074848113,,,,,,,,,,0.0,0.037820951933765896,0.022254509559220172,0.0293509676544497,0.002539809994922193,1.4158406883105061,0.01999412512391518,0.0842569815292769,0.008798987425314942,0.02533094815668091,0.0006364215611277847,0.7681671753344824,0.012218097351056051,0.0657285519179149,0.0021037614335973876,0.020511505173409307,0.0006321758289724897,0.6213559629840015,0.006542013932088701,0.05295394585555619,0.008405437066194909,0.021098044629363575,,0.02124070207219755,0.0,0.01105200184128443,0.011043707800282286,,,,0.3456229734461304,,0.0,0.0,0.0,0.0,0.0,0.0,0.0,0.0,0.0,0.0,0.0,0.0,0.0,0.0,0.0,0.0,0.0,0.0,0.0,0.0,0.08767093602553037,0.0,,,,,,,,,,,,,,,,,,,,,,3,3,3,3,3,3,3,3,3,3,0,0,0,0,0,3,3,0,0,0,0,0,0,0,0,0,3,3,3,3,3,3,3,3,3,3,3,3,3,3,3,3,3,3,3,3,3,3,0,3,3,3,3,0,0,0,3,0,3,3,3,3,3,3,3,3,3,3,3,3,3,3,3,3,3,3,3,3,3,3,0,0,0,0,0,0,0,0,0,0,0,0,0,0,0,0,0,0,0,0,0,dfa,mnist,div255,mlp,tanh,mse,none
mse_s1_ctr_bp,1,0.3951129019260406,0.9885748028755188,0.2951843927870596,0.4273515343666076,0.9888160824775696,0.1212947575641958,0.4463686048984527,0.9906790256500244,0.1033965803946639,0.0,,,,,,0.4071758091449737,0.12268197597592545,,,,,,,,,,3.0,0.9901123046875,0.3695341348648071,0.3541161119937897,0.9909001588821412,12.757408142089844,,0.9922311902046204,0.3791574537754059,0.3507662415504455,0.9935280680656432,10.161163330078123,,0.9938253164291382,0.3862731158733368,0.3540035486221313,0.9948840141296388,8.370211601257324,,0.68701171875,0.78076171875,0.80419921875,,0.82080078125,2000.0,0.2385788857936859,0.2385788857936859,,,,0.4071758091449737,,1.0,0.001,1.0,1.0,128.0,300.0,3.0,2000.0,-1.0,0.0,0.0,0.0,0.0,0.0,0.0,1.0,0.0,10.0,0.4498404832,35.225006103515625,8.53316879272461,2000.0,,,,,,,,,,,,,,,,,,,,,,,,,,,,,,,,,,,,,,,,,,,,,,,,,,,,,,,,,,,,,,,,,,,,,,,,,,,,,,,,,,,,,,,,,,,,,,,,,,,,,,,,,,,,,,,,,,,,,,,,,,,1,1,1,1,1,1,1,1,1,1,0,0,0,0,0,1,1,0,0,0,0,0,0,0,0,0,1,1,1,1,1,1,0,1,1,1,1,1,0,1,1,1,1,1,0,1,1,1,0,1,1,1,1,0,0,0,1,0,1,1,1,1,1,1,1,1,1,1,1,1,1,1,1,1,1,1,1,1,1,1,0,0,0,0,0,0,0,0,0,0,0,0,0,0,0,0,0,0,0,0,0,bp,mnist,div255,mlp,tanh,mse,none
mse_s1_ctr_center,3,0.6367725133895874,0.8256101806958517,1.0262536864003,0.7225937247276306,0.6008250514666239,-0.2425222687357557,0.7460169593493143,0.4865303933620453,-1.2681842898813658,0.0,,,,,,0.80282790462176,0.5430149601441776,,,,,,,,,,3.0,0.9689347743988037,0.39286280671755475,0.38470569252967834,0.9884867072105408,14.038005828857422,0.24555904169877366,0.9474095900853475,0.38783037662506104,0.37960734963417053,0.9928126533826193,11.02204163869222,0.13218437631924942,0.8846260905265808,0.38831670085589093,0.3776098887125651,0.9941629767417908,9.087292035420736,0.08760532736778255,0.5305989583333334,0.71240234375,0.7439778645833334,,0.7919921875,2000.0,0.279604564110438,0.2744165062904358,,,,0.80282790462176,,1.0,0.001,1.0,1.0,128.0,300.0,3.0,2000.0,-1.0,0.0,0.0,0.0,0.0,0.0,0.0,1.0,0.0,10.0,0.4498404832,35.225006103515625,9.340466260910034,2000.0,,,,,,,,,,,,,,,,,,,,,,0.04837131506105188,0.02918064945053947,1.0226461660716768,0.0325041745165804,0.063765039786797,1.0108207083124838,0.011468439341544784,0.1571106099499948,1.8396252284322112,0.0,,,,,,0.3456229734461304,0.23081169167927443,,,,,,,,,,0.0,0.0048199750513601225,0.033558018846497596,0.0293509676544497,0.002539809994922193,1.4158406883105061,0.03442521431722529,0.01563108923125996,0.03249095376206844,0.02533094815668091,0.0006364215611277847,0.7681671753344824,0.0022581322804184714,0.03569068493477058,0.03075980397575264,0.020511505173409307,0.0006321758289724897,0.6213559629840015,0.007498925318667492,0.06798224187362746,0.04296042621791822,0.05804046499629099,,0.04961043229065264,0.0,0.03787588194743808,0.02907504551885043,,,,0.3456229734461304,,0.0,0.0,0.0,0.0,0.0,0.0,0.0,0.0,0.0,0.0,0.0,0.0,0.0,0.0,0.0,0.0,0.0,0.0,0.0,0.0,0.39501516477724813,0.0,,,,,,,,,,,,,,,,,,,,,,3,3,3,3,3,3,3,3,3,3,0,0,0,0,0,3,3,0,0,0,0,0,0,0,0,0,3,3,3,3,3,3,3,3,3,3,3,3,3,3,3,3,3,3,3,3,3,3,0,3,3,3,3,0,0,0,3,0,3,3,3,3,3,3,3,3,3,3,3,3,3,3,3,3,3,3,3,3,3,3,0,0,0,0,0,0,0,0,0,0,0,0,0,0,0,0,0,0,0,0,0,dfa,mnist,div255,mlp,tanh,mse,delta
mse_s1_ctr_centere,3,0.4717920919259389,0.9442367752393087,0.6199622730438673,0.41681695977846783,0.9059353073438009,0.2025494518401104,0.40503860513369233,0.8152292768160502,-0.08490388316493007,0.0,,,,,,0.80282790462176,0.5439057893282423,,,,,,,,,,3.0,0.9863709012667338,0.3858494758605957,0.38470569252967834,0.9884867072105408,14.038005828857422,0.20536120235919952,0.9608323574066162,0.38213470578193665,0.37960734963417053,0.9928126533826193,11.02204163869222,0.11888338873783744,0.8860905965169271,0.38097316026687617,0.3776098887125651,0.9941629767417908,9.087292035420736,0.09103946139415103,0.6341145833333334,0.78759765625,0.8338216145833334,,0.8531901041666666,2000.0,0.22677652041117347,0.22676530480384824,,,,0.80282790462176,,1.0,0.001,1.0,1.0,128.0,300.0,3.0,2000.0,-1.0,0.0,0.0,0.0,0.0,0.0,0.0,1.0,0.0,10.0,0.4498404832,35.225006103515625,9.951372464497885,2000.0,,,,,,,,,,,,,,,,,,,,,,0.03892617244360309,0.0035265588757493805,0.40510092053639696,0.017345775681564524,0.023005227063681025,0.21764798396508617,0.053466144242871556,0.060570135254480885,0.4895211369844981,0.0,,,,,,0.3456229734461304,0.2341093866889673,,,,,,,,,,0.0,0.002241996877902998,0.029572363558184933,0.0293509676544497,0.002539809994922193,1.4158406883105061,0.028664517476551823,0.0054786962253705095,0.02716925743086085,0.02533094815668091,0.0006364215611277847,0.7681671753344824,0.012064053281983116,0.0028067001939099602,0.023407784401010018,0.020511505173409307,0.0006321758289724897,0.6213559629840015,0.005375828176450855,0.0036648210446607026,0.021467722594707625,0.009007873764337055,,0.006502273553202539,0.0,0.0015671663044206836,0.0015731900187286958,,,,0.3456229734461304,,0.0,0.0,0.0,0.0,0.0,0.0,0.0,0.0,0.0,0.0,0.0,0.0,0.0,0.0,0.0,0.0,0.0,0.0,0.0,0.0,0.8346003278940828,0.0,,,,,,,,,,,,,,,,,,,,,,3,3,3,3,3,3,3,3,3,3,0,0,0,0,0,3,3,0,0,0,0,0,0,0,0,0,3,3,3,3,3,3,3,3,3,3,3,3,3,3,3,3,3,3,3,3,3,3,0,3,3,3,3,0,0,0,3,0,3,3,3,3,3,3,3,3,3,3,3,3,3,3,3,3,3,3,3,3,3,3,0,0,0,0,0,0,0,0,0,0,0,0,0,0,0,0,0,0,0,0,0,dfa,mnist,div255,mlp,tanh,mse,e
mse_s5,3,0.8427646358807882,0.6494416197141012,2.1115908047456906,0.9431173205375671,0.6344380378723145,3.1653188208866934,0.9838154315948485,0.46133435765902203,3.529989411943113,33.333333333333336,,,,,,1.761589527130127,0.3625201053713529,,,,,,,,,,3.0,0.8451781272888184,0.8093391259511312,0.38470569252967834,0.9884867072105408,14.038005828857422,0.6471867561340332,0.6344380378723145,0.9431173205375671,0.37960734963417053,0.9928126533826193,11.02204163869222,0.5369715889294943,0.46133435765902203,0.9838154315948485,0.3776098887125651,0.9941629767417908,9.087292035420736,0.2980030179023742,0.8963216145833334,0.9129231770833334,0.9217122395833334,,0.9267578125,2000.0,1.8421522776285808,1.823620041211446,,,,1.761589527130127,,1.0,0.001,1.0,1.0,128.0,300.0,3.0,2000.0,-1.0,0.0,0.0,0.0,0.0,0.0,0.0,5.0,0.0,10.0,11.24601208,35.225006103515625,10.054066260655722,2000.0,,,,,,,,,,,,,,,,,,,,,,0.009129631229464657,0.016806966372710338,0.2473340312424294,0.011427382347419515,0.00644183505992774,0.5344224108329603,0.004400602918346594,0.02011221501619861,0.7545551430443181,5.773502691896258,,,,,,0.22012287576095724,0.08604927692625895,,,,,,,,,,0.0,0.007342478488901298,0.019448010322243393,0.0293509676544497,0.002539809994922193,1.4158406883105061,0.010005487689305705,0.00644183505992774,0.011427382347419515,0.02533094815668091,0.0006364215611277847,0.7681671753344824,0.0022455315344798023,0.02011221501619861,0.004400602918346594,0.020511505173409307,0.0006321758289724897,0.6213559629840015,0.008008364561459291,0.0035323135439796157,0.0045369009976453135,0.003946730355788465,,0.003049315428905468,0.0,0.05882293660077685,0.05108896982529183,,,,0.22012287576095724,,0.0,0.0,0.0,0.0,0.0,0.0,0.0,0.0,0.0,0.0,0.0,0.0,0.0,0.0,0.0,0.0,0.0,0.0,0.0,0.0,1.7890731712396908,0.0,,,,,,,,,,,,,,,,,,,,,,3,3,3,3,3,3,3,3,3,3,0,0,0,0,0,3,3,0,0,0,0,0,0,0,0,0,3,3,3,3,3,3,3,3,3,3,3,3,3,3,3,3,3,3,3,3,3,3,0,3,3,3,3,0,0,0,3,0,3,3,3,3,3,3,3,3,3,3,3,3,3,3,3,3,3,3,3,3,3,3,0,0,0,0,0,0,0,0,0,0,0,0,0,0,0,0,0,0,0,0,0,dfa,mnist,div255,mlp,tanh,mse,none
mse_s5_bp,1,0.4219799339771271,0.9812249541282654,3.5931972801890826,0.4404601156711578,0.9783872961997986,1.4261248366792525,0.4328719079494476,0.9772217869758606,1.20315839947303,0.0,,,,,,1.6297699213027954,0.15930569795411,,,,,,,,,,3.0,0.9903910756111144,0.3624817728996277,0.3541161119937897,0.9909001588821412,12.757408142089844,,0.9935280680656432,0.3701251149177551,0.3507662415504455,0.9935280680656432,10.161163330078123,,0.9938654899597168,0.3869662880897522,0.3540035486221313,0.9948840141296388,8.370211601257324,,0.83837890625,0.86669921875,0.87646484375,,0.88134765625,2000.0,4.2123122215271,4.21186113357544,,,,1.6297699213027954,,1.0,0.001,1.0,1.0,128.0,300.0,3.0,2000.0,-1.0,0.0,0.0,0.0,0.0,0.0,0.0,5.0,0.0,10.0,11.24601208,35.225006103515625,11.061365604400635,2000.0,,,,,,,,,,,,,,,,,,,,,,,,,,,,,,,,,,,,,,,,,,,,,,,,,,,,,,,,,,,,,,,,,,,,,,,,,,,,,,,,,,,,,,,,,,,,,,,,,,,,,,,,,,,,,,,,,,,,,,,,,,,1,1,1,1,1,1,1,1,1,1,0,0,0,0,0,1,1,0,0,0,0,0,0,0,0,0,1,1,1,1,1,1,0,1,1,1,1,1,0,1,1,1,1,1,0,1,1,1,0,1,1,1,1,0,0,0,1,0,1,1,1,1,1,1,1,1,1,1,1,1,1,1,1,1,1,1,1,1,1,1,0,0,0,0,0,0,0,0,0,0,0,0,0,0,0,0,0,0,0,0,0,bp,mnist,div255,mlp,tanh,mse,none
mse_s5_center,3,0.6572859485944113,0.5901668071746826,11.743473063129715,0.5857921838760376,0.38267999887466425,25.525356684043004,0.4843440055847168,0.46765126784642536,29.55500146465913,0.0,,,,,,1.761589527130127,0.3349331937742069,,,,,,,,,,3.0,0.8394283850987753,0.5391910473505656,0.38470569252967834,0.9884867072105408,14.038005828857422,0.530853271484375,0.7028403480847677,0.5042591293652853,0.37960734963417053,0.9928126533826193,11.02204163869222,0.4609345297018687,0.6551929513613383,0.4373319447040558,0.3776098887125651,0.9941629767417908,9.087292035420736,0.2733366290728251,0.8665364583333334,0.9007161458333334,0.90966796875,,0.9192708333333334,2000.0,2.0061977307001753,2.003183444341024,,,,1.761589527130127,,1.0,0.001,1.0,1.0,128.0,300.0,3.0,2000.0,-1.0,0.0,0.0,0.0,0.0,0.0,0.0,5.0,0.0,10.0,11.24601208,35.225006103515625,9.78132963180542,2000.0,,,,,,,,,,,,,,,,,,,,,,0.007973376624546462,0.04209763723341737,4.4990077903062256,0.012205248667536223,0.051956354620024923,11.52866296556613,0.022919367080086264,0.10198895362131058,13.811726205741854,0.0,,,,,,0.22012287576095724,0.05558304311013944,,,,,,,,,,0.0,0.01842640893885248,0.020139832144599617,0.0293509676544497,0.002539809994922193,1.4158406883105061,0.02372755571609758,0.04935483002930977,0.015288404466638678,0.02533094815668091,0.0006364215611277847,0.7681671753344824,0.020301716629197573,0.056712520158833345,0.032118366447242266,0.020511505173409307,0.0006321758289724897,0.6213559629840015,0.0019024381816940723,0.005784295457004203,0.007506414425520983,0.0027186349427880964,,0.003697205954297069,0.0,0.1054970849865689,0.10752787916280929,,,,0.22012287576095724,,0.0,0.0,0.0,0.0,0.0,0.0,0.0,0.0,0.0,0.0,0.0,0.0,0.0,0.0,0.0,0.0,0.0,0.0,0.0,0.0,0.7062771899996831,0.0,,,,,,,,,,,,,,,,,,,,,,3,3,3,3,3,3,3,3,3,3,0,0,0,0,0,3,3,0,0,0,0,0,0,0,0,0,3,3,3,3,3,3,3,3,3,3,3,3,3,3,3,3,3,3,3,3,3,3,0,3,3,3,3,0,0,0,3,0,3,3,3,3,3,3,3,3,3,3,3,3,3,3,3,3,3,3,3,3,3,3,0,0,0,0,0,0,0,0,0,0,0,0,0,0,0,0,0,0,0,0,0,dfa,mnist,div255,mlp,tanh,mse,delta
mse_s5_centere,3,0.7547157804171244,0.7770224809646606,12.141929040695887,0.5490948359171549,0.7904996275901794,7.921156397449788,0.3776098887125651,0.8299272060394287,7.367538632944817,0.0,,,,,,1.761589527130127,0.33190648250391136,,,,,,,,,,3.0,0.9668706059455872,0.38470569252967834,0.38470569252967834,0.9884867072105408,14.038005828857422,0.6145606438318888,0.941703180472056,0.37960734963417053,0.37960734963417053,0.9928126533826193,11.02204163869222,0.5280478994051615,0.9159226417541504,0.3776098887125651,0.3776098887125651,0.9941629767417908,9.087292035420736,0.29421235124270123,0.8854166666666666,0.9108072916666666,0.9210611979166666,,0.9296875,2000.0,1.78710941473643,1.7843069235483806,,,,1.761589527130127,,1.0,0.001,1.0,1.0,128.0,300.0,3.0,2000.0,-1.0,0.0,0.0,0.0,0.0,0.0,0.0,5.0,0.0,10.0,11.24601208,35.225006103515625,9.868200540542603,2000.0,,,,,,,,,,,,,,,,,,,,,,0.02482534972482717,0.015481896800733044,1.0536972207801785,0.021558207134184507,0.016375380535575596,1.7831845203913765,0.020511505173409307,0.011646436867844522,1.3619607965702962,0.0,,,,,,0.22012287576095724,0.055338788306688,,,,,,,,,,0.0,0.0017078570144925648,0.0293509676544497,0.0293509676544497,0.002539809994922193,1.4158406883105061,0.017600222967750042,0.007947583875312893,0.02533094815668091,0.02533094815668091,0.0006364215611277847,0.7681671753344824,0.003546977889404868,0.011252609691950778,0.020511505173409307,0.020511505173409307,0.0006321758289724897,0.6213559629840015,0.008671816492864047,0.006859149578680183,0.004430552600526117,0.002201782105870568,,0.00244140625,0.0,0.04832616129768898,0.05281311639320408,,,,0.22012287576095724,,0.0,0.0,0.0,0.0,0.0,0.0,0.0,0.0,0.0,0.0,0.0,0.0,0.0,0.0,0.0,0.0,0.0,0.0,0.0,0.0,0.5089068810069463,0.0,,,,,,,,,,,,,,,,,,,,,,3,3,3,3,3,3,3,3,3,3,0,0,0,0,0,3,3,0,0,0,0,0,0,0,0,0,3,3,3,3,3,3,3,3,3,3,3,3,3,3,3,3,3,3,3,3,3,3,0,3,3,3,3,0,0,0,3,0,3,3,3,3,3,3,3,3,3,3,3,3,3,3,3,3,3,3,3,3,3,3,0,0,0,0,0,0,0,0,0,0,0,0,0,0,0,0,0,0,0,0,0,dfa,mnist,div255,mlp,tanh,mse,e
multilabel,3,0.9105649789174398,0.6973970135052999,5.973013531524287,0.9877123236656189,0.33674317598342896,12.113504313137193,0.9988066355387369,0.18248265981674192,15.516126925213202,270.0,76.66666666666667,200.0,430.0,353.3333333333333,0.11916566506410257,1.2969400882720947,1.0997348270226792,,,,,,,,,,3.0,0.6973970135052999,0.9105649789174398,0.402159551779429,0.9884683092435201,14.882160186767578,0.5331681768099467,0.33674317598342896,0.9877123236656189,0.37889426946640015,0.9924779733022054,11.10123348236084,0.4226996103922526,0.18248265981674192,0.9988066355387369,0.3778391281763713,0.994350254535675,9.345067977905273,0.264826625585556,0.3199869791666667,0.7975260416666666,0.8583984375,,0.88427734375,2000.0,1.3389183680216472,1.3389183680216472,25.452705860507123,11.083285238674854,8.419643111774738,1.2969400882720947,,1.0,0.001,1.0,1.0,128.0,300.0,3.0,2000.0,-1.0,0.0,0.0,0.0,0.0,0.0,0.0,1.0,0.0,10.0,4.473852865824187,35.225006103515625,9.578973770141602,2000.0,,,,,,,,,,,,,,,,,,,,,,0.007440533455808021,0.022097982127351264,0.19031843721217845,0.003168268473262174,0.03999316547506725,0.33999138223061276,0.00039170203209733527,0.014641933069063627,0.5060102017664517,26.457513110645905,5.77350269189626,113.57816691600547,52.91502622129181,47.25815626252608,0.033644246908694116,0.03356252200685691,0.10901555721329582,,,,,,,,,,0.0,0.022097982127351264,0.007440533455808021,0.019943282753336188,0.0018397579836366995,1.3464687088360385,0.006985922623504552,0.03999316547506725,0.003168268473262174,0.02272902754353547,0.0005571317833391084,1.1059666948283307,0.011198669437225126,0.014641933069063627,0.00039170203209733527,0.05179992281402229,0.001601849281861289,1.9374321109065646,0.015038937143857043,0.08281274951441381,0.006665232822084391,0.007291594005404335,,0.0056311340794291,0.0,0.04732652345607308,0.04732652345607308,4.136713287174402,1.318741788174358,0.6439943224892429,0.03356252200685691,,0.0,0.0,0.0,0.0,0.0,0.0,0.0,0.0,0.0,0.0,0.0,0.0,0.0,0.0,0.0,0.0,0.0,0.0,0.008741606092175436,0.0,0.2771265294162974,0.0,,,,,,,,,,,,,,,,,,,,,,3,3,3,3,3,3,3,3,3,3,3,3,3,3,3,3,3,0,0,0,0,0,0,0,0,0,3,3,3,3,3,3,3,3,3,3,3,3,3,3,3,3,3,3,3,3,3,3,0,3,3,3,3,3,3,3,3,0,3,3,3,3,3,3,3,3,3,3,3,3,3,3,3,3,3,3,3,3,3,3,0,0,0,0,0,0,0,0,0,0,0,0,0,0,0,0,0,0,0,0,0,dfa,mnist,div255,mlp,tanh,multilabel,none
multilabel_bp,1,0.4932746589183807,0.9775567054748536,4.99945925877805,0.5917037129402161,0.9683664441108704,2.762675007321693,0.7082624435424805,0.946015477180481,2.8459152191746533,0.0,,,,,,1.2963436841964722,0.8981791900839132,,,,,,,,,,3.0,0.9811210036277772,0.4932746589183807,0.392543613910675,0.99031662940979,14.50053596496582,,0.973455011844635,0.5917037129402161,0.3568874299526214,0.9930111169815063,10.170218467712402,,0.95231431722641,0.7082624435424805,0.3331278562545776,0.9956905245780944,7.764843940734863,,0.71435546875,0.79736328125,0.828125,,0.84716796875,2000.0,2.140460729598999,2.140460729598999,29.430584847764656,12.593230146025595,9.075114064650851,1.2963436841964722,,1.0,0.001,1.0,1.0,128.0,300.0,3.0,2000.0,-1.0,0.0,0.0,0.0,0.0,0.0,0.0,1.0,0.0,10.0,4.47119130494572,35.225006103515625,10.650339365005493,2000.0,,,,,,,,,,,,,,,,,,,,,,,,,,,,,,,,,,,,,,,,,,,,,,,,,,,,,,,,,,,,,,,,,,,,,,,,,,,,,,,,,,,,,,,,,,,,,,,,,,,,,,,,,,,,,,,,,,,,,,,,,,,1,1,1,1,1,1,1,1,1,1,0,0,0,0,0,1,1,0,0,0,0,0,0,0,0,0,1,1,1,1,1,1,0,1,1,1,1,1,0,1,1,1,1,1,0,1,1,1,0,1,1,1,1,1,1,1,1,0,1,1,1,1,1,1,1,1,1,1,1,1,1,1,1,1,1,1,1,1,1,1,0,0,0,0,0,0,0,0,0,0,0,0,0,0,0,0,0,0,0,0,0,bp,mnist,div255,mlp,tanh,multilabel,none
multilabel_center,3,0.553229550520579,0.6303082505861918,31.61340416586894,0.49115508794784546,0.44575531284014386,64.14769726694992,0.45718109607696533,0.5536403059959412,69.08557802985393,0.0,,,,,,1.2969400882720947,1.084357355239159,,,,,,,,,,3.0,0.9125162561734518,0.46747098366419476,0.402159551779429,0.9884683092435201,14.882160186767578,0.25265852610270184,0.8008617957433065,0.4510468343893687,0.37889426946640015,0.9924779733022054,11.10123348236084,0.2544958194096883,0.7064309318860372,0.44019967317581177,0.3778391281763713,0.994350254535675,9.345067977905273,0.14887293179829914,0.4539388020833333,0.7355143229166666,0.8312174479166666,,0.8564453125,2000.0,2.526066462198893,2.526066462198893,25.452705860507123,11.083285238674854,8.419643111774738,1.2969400882720947,,1.0,0.001,1.0,1.0,128.0,300.0,3.0,2000.0,-1.0,0.0,0.0,0.0,0.0,0.0,0.0,1.0,0.0,10.0,4.473852865824187,35.225006103515625,10.176531871159872,2000.0,,,,,,,,,,,,,,,,,,,,,,0.0061208924003035865,0.031287486183190105,1.4129155326371956,0.03752933979891778,0.06631963770748656,5.236106608700614,0.05494497729663251,0.1361019897601406,11.250506361190762,0.0,,,,,,0.03356252200685691,0.01686070582687429,,,,,,,,,,0.0,0.01493507067222168,0.023992183809056572,0.019943282753336188,0.0018397579836366995,1.3464687088360385,0.047314935936801764,0.0765728827563076,0.053190050146531255,0.02272902754353547,0.0005571317833391084,1.1059666948283307,0.03356004002066159,0.11988008187066272,0.07486831721559808,0.05179992281402229,0.001601849281861289,1.9374321109065646,0.0381299868050836,0.05888261585692863,0.02621453447670592,0.007938638280115378,,0.007092694846842749,0.0,0.18642080671368813,0.18642080671368813,4.136713287174402,1.318741788174358,0.6439943224892429,0.03356252200685691,,0.0,0.0,0.0,0.0,0.0,0.0,0.0,0.0,0.0,0.0,0.0,0.0,0.0,0.0,0.0,0.0,0.0,0.0,0.008741606092175436,0.0,0.7096680429942039,0.0,,,,,,,,,,,,,,,,,,,,,,3,3,3,3,3,3,3,3,3,3,0,0,0,0,0,3,3,0,0,0,0,0,0,0,0,0,3,3,3,3,3,3,3,3,3,3,3,3,3,3,3,3,3,3,3,3,3,3,0,3,3,3,3,3,3,3,3,0,3,3,3,3,3,3,3,3,3,3,3,3,3,3,3,3,3,3,3,3,3,3,0,0,0,0,0,0,0,0,0,0,0,0,0,0,0,0,0,0,0,0,0,dfa,mnist,div255,mlp,tanh,multilabel,delta
multilabel_centere,3,0.40298788746198017,0.9203824599583944,51.988480677166244,0.38068697849909466,0.7831496397654215,24.70866858325694,0.379041055838267,0.6747004985809326,30.772428489827572,0.0,,,,,,1.2969400882720947,1.0843248472673666,,,,,,,,,,3.0,0.9857409596443176,0.40298788746198017,0.402159551779429,0.9884683092435201,14.882160186767578,0.3694695035616556,0.9584815700848898,0.38068697849909466,0.37889426946640015,0.9924779733022054,11.10123348236084,0.2898485461870829,0.9221910039583842,0.379041055838267,0.3778391281763713,0.994350254535675,9.345067977905273,0.17082601288954413,0.6022135416666666,0.7789713541666666,0.8409830729166666,,0.86328125,2000.0,2.9666324456532798,2.966158628463745,25.452705860507123,11.083285238674854,8.419643111774738,1.2969400882720947,,1.0,0.001,1.0,1.0,128.0,300.0,3.0,2000.0,-1.0,0.0,0.0,0.0,0.0,0.0,0.0,1.0,0.0,10.0,4.473852865824187,35.225006103515625,9.640162309010824,2000.0,,,,,,,,,,,,,,,,,,,,,,0.021221037873676844,0.02394715041212112,3.875082200336515,0.02553497326654283,0.06003971787782908,0.48036989915130424,0.05074910573319669,0.042574171791972634,6.413118630892947,0.0,,,,,,0.03356252200685691,0.01617001385533108,,,,,,,,,,0.0,0.0007705092499278406,0.021221037873676844,0.019943282753336188,0.0018397579836366995,1.3464687088360385,0.025810877962575394,0.004438521681554378,0.02553497326654283,0.02272902754353547,0.0005571317833391084,1.1059666948283307,0.008195513780104906,0.009833885150921267,0.05074910573319669,0.05179992281402229,0.001601849281861289,1.9374321109065646,0.016772713817641186,0.03334761949209252,0.013692204936880274,0.01145467988926622,,0.003813598474563796,0.0,0.2443178098407823,0.24487092425293422,4.136713287174402,1.318741788174358,0.6439943224892429,0.03356252200685691,,0.0,0.0,0.0,0.0,0.0,0.0,0.0,0.0,0.0,0.0,0.0,0.0,0.0,0.0,0.0,0.0,0.0,0.0,0.008741606092175436,0.0,0.7475890231658685,0.0,,,,,,,,,,,,,,,,,,,,,,3,3,3,3,3,3,3,3,3,3,0,0,0,0,0,3,3,0,0,0,0,0,0,0,0,0,3,3,3,3,3,3,3,3,3,3,3,3,3,3,3,3,3,3,3,3,3,3,0,3,3,3,3,3,3,3,3,0,3,3,3,3,3,3,3,3,3,3,3,3,3,3,3,3,3,3,3,3,3,3,0,0,0,0,0,0,0,0,0,0,0,0,0,0,0,0,0,0,0,0,0,dfa,mnist,div255,mlp,tanh,multilabel,e
relu,3,0.8949673970540365,0.6789875229199728,1.9674602461532802,0.9866921901702881,0.4675502876440684,6.3247031808612375,0.9989205797513326,0.4256454606850942,23.76293964226946,340.0,,,,,,1.306990663210551,1.359187343000632,,,,,,,,,,3.0,0.6789875229199728,0.8949673970540365,0.5470349192619324,0.8006827433904012,13.189136187235514,0.40716463327407837,0.4675502876440684,0.9866921901702881,0.6231864889462789,0.7195003430048624,6.582904020945231,0.26878333091735834,0.4256454606850942,0.9989205797513326,0.6968749761581421,0.6972307761510214,3.6728132565816245,0.14035829404989875,0.6653645833333334,0.8570963541666666,0.8855794270833334,,0.8986002604166666,2000.0,0.6730573177337646,0.6662567456563314,57.15031295886657,22.35705295689348,11.92741323648955,1.306990663210551,1.264911064067352,1.0,0.001,1.0,1.0,128.0,300.0,3.0,2000.0,-1.0,0.0,0.0,0.0,0.0,0.0,0.0,1.0,0.0,10.0,3.2490788990307586,35.225006103515625,9.559974908828735,2000.0,,,,,,,,,,,,,,,,,,,,,,0.007311457350248122,0.015445069850067175,0.07196561175940316,0.003612157704018424,0.01535132254878657,0.5048102730966175,0.00048087122180575,0.02317728524425123,4.7472571822235015,43.58898943540674,,,,,,0.028046537999725493,0.03583063545606168,,,,,,,,,,0.0,0.015445069850067175,0.007311457350248122,0.024462692804299805,0.017015131429745416,1.564423841102059,0.009245395232325357,0.01535132254878657,0.003612157704018424,0.009658352678891527,0.022309615719890086,0.35362301076271363,0.013846606829185794,0.02317728524425123,0.00048087122180575,0.041919081170840214,0.02182224054083509,0.9049870963586075,0.008107766200645827,0.05423513144849633,0.0034295747893400975,0.007081481093036149,,0.011454679889266227,0.0,0.033265157024510945,0.03045301789202289,11.725412642044288,4.967691825167649,2.2261762260017157,0.028046537999725493,0.0,0.0,0.0,0.0,0.0,0.0,0.0,0.0,0.0,0.0,0.0,0.0,0.0,0.0,0.0,0.0,0.0,0.0,0.0,0.0,0.0,0.39769901438241984,0.0,,,,,,,,,,,,,,,,,,,,,,3,3,3,3,3,3,3,3,3,3,0,0,0,0,0,3,3,0,0,0,0,0,0,0,0,0,3,3,3,3,3,3,3,3,3,3,3,3,3,3,3,3,3,3,3,3,3,3,0,3,3,3,3,3,3,3,3,3,3,3,3,3,3,3,3,3,3,3,3,3,3,3,3,3,3,3,3,3,3,3,0,0,0,0,0,0,0,0,0,0,0,0,0,0,0,0,0,0,0,0,0,dfa,mnist,div255,mlp,relu,sigmoid_bce,none
relu_bp,1,0.679011344909668,0.7769972085952759,7.144882192075509,0.8488084673881531,0.6730383038520813,3.906716678159592,0.9465580582618712,0.5861968398094177,4.040085117846158,1310.0,,,,,,1.2818809747695925,1.2877673364743838,,,,,,,,,,3.0,0.7769972085952759,0.6575468182563782,0.5193864107131958,0.7990047335624695,11.593347549438477,,0.6732518672943115,0.8463704586029053,0.6188496947288513,0.7433397173881531,6.326198577880859,,0.5861968398094177,0.946125328540802,0.7076787352561951,0.7222245335578918,3.9209988117218018,,0.455078125,0.62109375,0.7216796875,,0.779296875,2000.0,1.9470446109771729,1.9470446109771729,51.83431528248976,18.019805033965557,10.483048251885599,1.2818809747695925,1.264911064067352,1.0,0.001,1.0,1.0,128.0,300.0,3.0,2000.0,-1.0,0.0,0.0,0.0,0.0,0.0,0.0,1.0,0.0,10.0,3.2490788990307586,35.225006103515625,9.123930215835571,2000.0,,,,,,,,,,,,,,,,,,,,,,,,,,,,,,,,,,,,,,,,,,,,,,,,,,,,,,,,,,,,,,,,,,,,,,,,,,,,,,,,,,,,,,,,,,,,,,,,,,,,,,,,,,,,,,,,,,,,,,,,,,,1,1,1,1,1,1,1,1,1,1,0,0,0,0,0,1,1,0,0,0,0,0,0,0,0,0,1,1,1,1,1,1,0,1,1,1,1,1,0,1,1,1,1,1,0,1,1,1,0,1,1,1,1,1,1,1,1,1,1,1,1,1,1,1,1,1,1,1,1,1,1,1,1,1,1,1,1,1,1,1,0,0,0,0,0,0,0,0,0,0,0,0,0,0,0,0,0,0,0,0,0,bp,mnist,div255,mlp,relu,sigmoid_bce,none
relu_center,3,0.6181279818216959,0.7547852198282877,12.71973093910514,0.7785437107086182,0.6205999453862509,18.304466818186757,0.9859489798545837,0.46904686093330383,2017.1936436177905,1603.3333333333333,,,,,,1.306990663210551,1.3560517999109554,,,,,,,,,,3.0,0.7845880587895712,0.5591795841852824,0.5470349192619324,0.8006827433904012,13.189136187235514,0.10443467150131858,0.6726157267888387,0.6612325112024943,0.6231864889462789,0.7195003430048624,6.582904020945231,0.1986369540294011,0.6287875374158224,0.7965132792790731,0.6968749761581421,0.6972307761510214,3.6728132565816245,0.34856290618578595,0.22184244791666666,0.17106119791666666,0.17057291666666666,,0.20524088541666666,2000.0,28133617.666666668,3.3063018321990967,57.15031295886657,22.35705295689348,11.92741323648955,1.306990663210551,1.264911064067352,1.0,0.001,1.0,1.0,128.0,300.0,3.0,2000.0,-1.0,0.0,0.0,0.0,0.0,0.0,0.0,1.0,0.0,10.0,3.2490788990307586,35.225006103515625,10.257923046747843,2000.0,,,,,,,,,,,,,,,,,,,,,,0.04033213785266652,0.011889877103901762,2.024032037571732,0.09881367135916225,0.040515903663667474,4.846975899632182,0.013716902998006547,0.024945750169118652,990.1725001472151,90.73771725877464,,,,,,0.028046537999725493,0.027671577723136505,,,,,,,,,,0.0,0.0030644020409646036,0.005792787038596696,0.024462692804299805,0.017015131429745416,1.564423841102059,0.047850826078721743,0.03188393425425095,0.061201362203853533,0.009658352678891527,0.022309615719890086,0.35362301076271363,0.041793149582338866,0.012222350702534066,0.08824222457646441,0.041919081170840214,0.02182224054083509,0.9049870963586075,0.052529021881432096,0.09882881656852069,0.022404253655689793,0.060128685386891624,,0.10774358491026173,0.0,30326877.145135507,0.4011357828550057,11.725412642044288,4.967691825167649,2.2261762260017157,0.028046537999725493,0.0,0.0,0.0,0.0,0.0,0.0,0.0,0.0,0.0,0.0,0.0,0.0,0.0,0.0,0.0,0.0,0.0,0.0,0.0,0.0,0.0,1.1952802867650187,0.0,,,,,,,,,,,,,,,,,,,,,,3,3,3,3,3,3,3,3,3,3,0,0,0,0,0,3,3,0,0,0,0,0,0,0,0,0,3,3,3,3,3,3,3,3,3,3,3,3,3,3,3,3,3,3,3,3,3,3,0,3,3,3,3,3,3,3,3,3,3,3,3,3,3,3,3,3,3,3,3,3,3,3,3,3,3,3,3,3,3,3,0,0,0,0,0,0,0,0,0,0,0,0,0,0,0,0,0,0,0,0,0,dfa,mnist,div255,mlp,relu,sigmoid_bce,delta
relu_centere,3,0.7683281898498535,0.789618988831838,8.422785765114293,0.9067504405975342,0.6794523398081461,22.462474662611907,0.9900107185045878,0.6301406025886536,2569.2186948101057,1696.6666666666667,,,,,,1.306990663210551,1.3563270107126637,,,,,,,,,,3.0,0.789618988831838,0.7155340512593588,0.5470349192619324,0.8006827433904012,13.189136187235514,0.3927953441937764,0.6794523398081461,0.8186354637145996,0.6231864889462789,0.7195003430048624,6.582904020945231,0.4534002145131429,0.6301406025886536,0.8841846783955892,0.6968749761581421,0.6972307761510214,3.6728132565816245,0.5635776519775391,0.5061848958333334,0.3056640625,0.3722330729166667,,0.22639973958333334,2000.0,4349122.578125,2.6605555216471353,57.15031295886657,22.35705295689348,11.92741323648955,1.306990663210551,1.264911064067352,1.0,0.001,1.0,1.0,128.0,300.0,3.0,2000.0,-1.0,0.0,0.0,0.0,0.0,0.0,0.0,1.0,0.0,10.0,3.2490788990307586,35.225006103515625,10.191193342208862,2000.0,,,,,,,,,,,,,,,,,,,,,,0.0074882725382905396,0.01517257266978901,1.0004050711729828,0.010757374555353309,0.0046026382721842595,3.456623377915685,0.0017202866524627868,0.01660939425981171,1736.6434726244281,106.92676621563629,,,,,,0.028046537999725493,0.02959393434483375,,,,,,,,,,0.0,0.01517257266978901,0.016854994295817605,0.024462692804299805,0.017015131429745416,1.564423841102059,0.07732151136019236,0.0046026382721842595,0.040447493910140346,0.009658352678891527,0.022309615719890086,0.35362301076271363,0.04007797166022623,0.01660939425981171,0.0656919636701686,0.041919081170840214,0.02182224054083509,0.9049870963586075,0.030767634897494577,0.12841177999187597,0.07937386819828544,0.1144926695052688,,0.10608221531648672,0.0,4330008.165998428,0.6937682594471679,11.725412642044288,4.967691825167649,2.2261762260017157,0.028046537999725493,0.0,0.0,0.0,0.0,0.0,0.0,0.0,0.0,0.0,0.0,0.0,0.0,0.0,0.0,0.0,0.0,0.0,0.0,0.0,0.0,0.0,1.4710050944650395,0.0,,,,,,,,,,,,,,,,,,,,,,3,3,3,3,3,3,3,3,3,3,0,0,0,0,0,3,3,0,0,0,0,0,0,0,0,0,3,3,3,3,3,3,3,3,3,3,3,3,3,3,3,3,3,3,3,3,3,3,0,3,3,3,3,3,3,3,3,3,3,3,3,3,3,3,3,3,3,3,3,3,3,3,3,3,3,3,3,3,3,3,0,0,0,0,0,0,0,0,0,0,0,0,0,0,0,0,0,0,0,0,0,dfa,mnist,div255,mlp,relu,sigmoid_bce,e
relu_lr3e4,3,0.8913411696751913,0.6838129162788391,1.7168206004510702,0.9856419364611307,0.4717119832833608,4.827849503383633,0.9988142053286234,0.42805209755897516,16.651532484975156,1096.6666666666667,,,,,,1.306990663210551,1.3653744075955665,,,,,,,,,,3.0,0.6838129162788391,0.8913411696751913,0.5470349192619324,0.8006827433904012,13.189136187235514,0.3092864553133646,0.4717119832833608,0.9856419364611307,0.6231864889462789,0.7195003430048624,6.582904020945231,0.1927058547735214,0.42805209755897516,0.9988142053286234,0.6968749761581421,0.6972307761510214,3.6728132565816245,0.10148134827613826,0.14241536458333334,0.3722330729166667,0.67041015625,0.8486328125,0.8486328125,3000.0,1.0159855087598164,1.0155206720034282,57.15031295886657,22.35705295689348,11.92741323648955,1.306990663210551,1.264911064067352,1.0,0.0003,1.0,1.0,128.0,300.0,3.0,3000.0,-1.0,0.0,0.0,0.0,0.0,0.0,0.0,1.0,0.0,10.0,3.2490788990307586,35.225006103515625,12.868589957555136,3000.0,,,,,,,,,,,,,,,,,,,,,,0.007363457616281076,0.014985485865934617,0.052199523810351194,0.0036145865322775037,0.015266225403756885,0.39258425221895876,0.000505658090947617,0.022559685065398963,3.5650143735163025,144.33756729740648,,,,,,0.028046537999725493,0.02135463360508186,,,,,,,,,,0.0,0.014985485865934617,0.007363457616281076,0.024462692804299805,0.017015131429745416,1.564423841102059,0.014266336448963201,0.015266225403756885,0.0036145865322775037,0.009658352678891527,0.022309615719890086,0.35362301076271363,0.020479830932887366,0.022559685065398963,0.000505658090947617,0.041919081170840214,0.02182224054083509,0.9049870963586075,0.011946600571786148,0.024918295544442227,0.07815907053311173,0.05453688453048993,0.01329165780157832,0.01329165780157832,0.0,0.027296204992928577,0.02693729475550571,11.725412642044288,4.967691825167649,2.2261762260017157,0.028046537999725493,0.0,0.0,0.0,0.0,0.0,0.0,0.0,0.0,0.0,0.0,0.0,0.0,0.0,0.0,0.0,0.0,0.0,0.0,0.0,0.0,0.0,0.33618620989096193,0.0,,,,,,,,,,,,,,,,,,,,,,3,3,3,3,3,3,3,3,3,3,0,0,0,0,0,3,3,0,0,0,0,0,0,0,0,0,3,3,3,3,3,3,3,3,3,3,3,3,3,3,3,3,3,3,3,3,3,3,3,3,3,3,3,3,3,3,3,3,3,3,3,3,3,3,3,3,3,3,3,3,3,3,3,3,3,3,3,3,3,3,0,0,0,0,0,0,0,0,0,0,0,0,0,0,0,0,0,0,0,0,0,dfa,mnist,div255,mlp,relu,sigmoid_bce,none
relu_lr3e4_bp,1,0.6607097387313843,0.7769268155097961,6.139887163989946,0.848796010017395,0.6728848814964294,2.97484600432758,0.946572721004486,0.5855327844619751,2.6844929578357624,2580.0,,,,,,1.2818809747695925,1.3273026905272824,,,,,,,,,,3.0,0.788093090057373,0.569176197052002,0.5193864107131958,0.7990047335624695,11.593347549438477,,0.7122519016265869,0.7202292680740356,0.6188496947288513,0.7433397173881531,6.326198577880859,,0.6623205542564392,0.8506426811218262,0.7076787352561951,0.7222245335578918,3.9209988117218018,,0.12841796875,0.328125,0.44482421875,0.58642578125,0.58642578125,3000.0,2.830049991607666,2.830049991607666,51.83431528248976,18.019805033965557,10.483048251885599,1.2818809747695925,1.264911064067352,1.0,0.0003,1.0,1.0,128.0,300.0,3.0,3000.0,-1.0,0.0,0.0,0.0,0.0,0.0,0.0,1.0,0.0,10.0,3.2490788990307586,35.225006103515625,13.592825651168823,3000.0,,,,,,,,,,,,,,,,,,,,,,,,,,,,,,,,,,,,,,,,,,,,,,,,,,,,,,,,,,,,,,,,,,,,,,,,,,,,,,,,,,,,,,,,,,,,,,,,,,,,,,,,,,,,,,,,,,,,,,,,,,,1,1,1,1,1,1,1,1,1,1,0,0,0,0,0,1,1,0,0,0,0,0,0,0,0,0,1,1,1,1,1,1,0,1,1,1,1,1,0,1,1,1,1,1,0,1,1,1,1,1,1,1,1,1,1,1,1,1,1,1,1,1,1,1,1,1,1,1,1,1,1,1,1,1,1,1,1,1,1,1,0,0,0,0,0,0,0,0,0,0,0,0,0,0,0,0,0,0,0,0,0,bp,mnist,div255,mlp,relu,sigmoid_bce,none
relu_lr3e4_center,3,0.617101788520813,0.7558687329292297,12.019958469993234,0.7923179666201273,0.6157548427581787,10.013583603008295,0.9816147287686666,0.48414017756779987,50.162786783850486,1683.3333333333333,,,,,,1.306990663210551,1.367255821297732,,,,,,,,,,3.0,0.7941063642501831,0.55500594774882,0.5470349192619324,0.8006827433904012,13.189136187235514,0.11116890609264374,0.7086217403411865,0.6376106937726339,0.6231864889462789,0.7195003430048624,6.582904020945231,0.17576149602731062,0.690759281317393,0.7083597977956136,0.6968749761581421,0.6972307761510214,3.6728132565816245,0.17565223077932993,0.109375,0.09635416666666667,0.21923828125,0.26708984375,0.26708984375,3000.0,390.5618438720703,2.9793525536855063,57.15031295886657,22.35705295689348,11.92741323648955,1.306990663210551,1.264911064067352,1.0,0.0003,1.0,1.0,128.0,300.0,3.0,3000.0,-1.0,0.0,0.0,0.0,0.0,0.0,0.0,1.0,0.0,10.0,3.2490788990307586,35.225006103515625,14.35707680384318,3000.0,,,,,,,,,,,,,,,,,,,,,,0.04640658413315661,0.008060677140813299,1.6167780753765426,0.07145047235321059,0.03828546774162944,1.6785438237273986,0.009570726490823973,0.0011176949784071344,8.149824013844047,329.5957119462165,,,,,,0.028046537999725493,0.028800201332655987,,,,,,,,,,0.0,0.01278177998155314,0.011308142060836444,0.024462692804299805,0.017015131429745416,1.564423841102059,0.0403558127545936,0.016632563151973995,0.02194227993075409,0.009658352678891527,0.022309615719890086,0.35362301076271363,0.026468406563482826,0.010798611140907566,0.0502508755058769,0.041919081170840214,0.02182224054083509,0.9049870963586075,0.04071054314791735,0.029797160746860073,0.05297870313666893,0.08522990829554146,0.04990750340253481,0.04990750340253481,0.0,242.7534705185161,0.41284329434854616,11.725412642044288,4.967691825167649,2.2261762260017157,0.028046537999725493,0.0,0.0,0.0,0.0,0.0,0.0,0.0,0.0,0.0,0.0,0.0,0.0,0.0,0.0,0.0,0.0,0.0,0.0,0.0,0.0,0.0,2.068415106689894,0.0,,,,,,,,,,,,,,,,,,,,,,3,3,3,3,3,3,3,3,3,3,0,0,0,0,0,3,3,0,0,0,0,0,0,0,0,0,3,3,3,3,3,3,3,3,3,3,3,3,3,3,3,3,3,3,3,3,3,3,3,3,3,3,3,3,3,3,3,3,3,3,3,3,3,3,3,3,3,3,3,3,3,3,3,3,3,3,3,3,3,3,0,0,0,0,0,0,0,0,0,0,0,0,0,0,0,0,0,0,0,0,0,dfa,mnist,div255,mlp,relu,sigmoid_bce,delta
relu_lr3e4_centere,3,0.7717033425966898,0.7896934350331625,7.784213082717379,0.9261623024940491,0.6794050733248392,8.509674741083778,0.9930212100346884,0.6289939880371094,45.970325284869205,1990.0,,,,,,1.306990663210551,1.3673880689046143,,,,,,,,,,3.0,0.7897255222002665,0.6029385129610697,0.5470349192619324,0.8006827433904012,13.189136187235514,0.29822181661923725,0.6928064624468485,0.6741073131561279,0.6231864889462789,0.7195003430048624,6.582904020945231,0.2988179375727971,0.6801221172014872,0.7331023414929708,0.6968749761581421,0.6972307761510214,3.6728132565816245,0.2215601156155268,0.12353515625,0.23307291666666666,0.51806640625,0.4871419270833333,0.4871419270833333,3000.0,151.50017642974854,1.804039756457011,57.15031295886657,22.35705295689348,11.92741323648955,1.306990663210551,1.264911064067352,1.0,0.0003,1.0,1.0,128.0,300.0,3.0,3000.0,-1.0,0.0,0.0,0.0,0.0,0.0,0.0,1.0,0.0,10.0,3.2490788990307586,35.225006103515625,16.181034008661907,3000.0,,,,,,,,,,,,,,,,,,,,,,0.007645643392058119,0.015441521057446835,1.0581988602056278,0.010422238960333834,0.005749152775038464,1.0965309848649418,0.002858137575876842,0.016715841907427382,19.955983061816852,370.27017163147235,,,,,,0.028046537999725493,0.02938949702918109,,,,,,,,,,0.0,0.015403460878592855,0.013259278267371317,0.024462692804299805,0.017015131429745416,1.564423841102059,0.04200999738369188,0.013739135613225283,0.0341883948588398,0.009658352678891527,0.022309615719890086,0.35362301076271363,0.06477031714929708,0.021619146589644152,0.06827301015609911,0.041919081170840214,0.02182224054083509,0.9049870963586075,0.08077309898921584,0.053330059348387554,0.03618665927224399,0.14352811191084278,0.0783692673853466,0.0783692673853466,0.0,134.71532580197092,0.51363125457671,11.725412642044288,4.967691825167649,2.2261762260017157,0.028046537999725493,0.0,0.0,0.0,0.0,0.0,0.0,0.0,0.0,0.0,0.0,0.0,0.0,0.0,0.0,0.0,0.0,0.0,0.0,0.0,0.0,0.0,1.6032664105960455,0.0,,,,,,,,,,,,,,,,,,,,,,3,3,3,3,3,3,3,3,3,3,0,0,0,0,0,3,3,0,0,0,0,0,0,0,0,0,3,3,3,3,3,3,3,3,3,3,3,3,3,3,3,3,3,3,3,3,3,3,3,3,3,3,3,3,3,3,3,3,3,3,3,3,3,3,3,3,3,3,3,3,3,3,3,3,3,3,3,3,3,3,0,0,0,0,0,0,0,0,0,0,0,0,0,0,0,0,0,0,0,0,0,dfa,mnist,div255,mlp,relu,sigmoid_bce,e
w900_depth6,3,0.8157911499341329,0.844766894976298,2.69545787849179,0.9683248003323873,0.5834290981292725,10.851633840003608,0.9958696961402893,0.29900964101155597,15.934610944957287,176.66666666666666,40.0,163.33333333333334,236.66666666666666,196.66666666666666,0.09726019965277777,1.2948096990585327,0.928898714109856,0.9995163281758627,0.20238861938317612,17.732721056436077,0.9999482830365499,0.17797160148620605,18.29721545294214,0.9999948342641195,0.1653479784727096,19.35447380019063,6.0,0.9013124505678812,0.8157911499341329,0.4076404670874278,0.9928943117459615,31.8974609375,0.5654037197430929,0.5834290981292725,0.9683248003323873,0.40762179096539813,0.9943487048149109,27.1509952545166,0.5532342791557312,0.29900964101155597,0.9958696961402893,0.4064113398392995,0.9956696033477783,23.752899169921875,0.5519283413887024,0.75634765625,0.8859049479166666,0.9026692708333334,,0.9129231770833334,2000.0,0.5389681061108907,0.5385280251502991,15.441159141781567,14.010461331847436,12.000915878259216,1.2948096990585327,1.264911064067352,1.0,0.001,1.0,1.0,128.0,900.0,6.0,2000.0,-1.0,0.0,0.0,0.0,0.0,0.0,0.0,1.0,0.0,10.0,3.2490788990307586,35.225006103515625,49.24543857574463,2000.0,0.20238861938317612,0.9995163281758627,0.39791900912920636,0.9965439240137736,20.452966690063477,0.5517846743265787,0.17797160148620605,0.9999482830365499,0.3894287447134654,0.9972188870112101,17.71068827311198,0.4481224517027537,0.1653479784727096,0.9999948342641195,0.38211701313654584,0.9977870186169943,15.686973889668783,0.22866652409235633,10.559729749522406,9.130771774414896,7.969986771202545,0.012793178370589516,0.0026688314788886427,0.05309710115059105,0.005872728664331166,0.04314448744519622,0.34183983563894765,0.0009432986772137794,0.016531361784350884,0.4731473201465964,11.547005383792513,0.0,28.867513459481287,5.77350269189626,5.77350269189626,0.005190254198623665,0.0684052941541831,0.08505609984383469,0.0001662091452888907,0.018352462373287304,0.3252895119371686,1.6636459679688832e-05,0.015831466627890114,0.37318050170547884,1.789463400713854e-06,0.004104722006325072,0.5979479317718227,0.0,0.008675835210379209,0.012793178370589516,0.003348461638029538,0.00039027239971980987,1.0538382071363814,0.010082712725166143,0.04314448744519622,0.005872728664331166,0.008193322536324434,0.0005385256565617125,0.8160843966789867,0.0013617806196121018,0.016531361784350884,0.0009432986772137794,0.012596171827372455,0.0004611824141548068,0.987108400672547,0.006272829845523336,0.020055227322180517,0.0037293096475877726,0.0041527834707594585,,0.0027764847182994803,0.0,0.013822659275070884,0.014176151500725957,0.7962829562638075,0.46824653930879234,0.7473890277869573,0.0684052941541831,0.0,0.0,0.0,0.0,0.0,0.0,0.0,0.0,0.0,0.0,0.0,0.0,0.0,0.0,0.0,0.0,0.0,0.0,0.0,0.0,0.0,0.2728905927815102,0.0,0.018352462373287304,0.0001662091452888907,0.011731213164836659,0.0003026682329092323,1.0788841630396664,0.005961197046720286,0.015831466627890114,1.6636459679688832e-05,0.00774731501433646,7.84841165885098e-05,0.481481827942165,0.007627612871023252,0.004104722006325072,1.789463400713854e-06,0.004790931496755607,8.00490453303211e-05,0.29140585328529633,0.004785710755013346,0.8611357844000695,0.25100493059891565,0.28515326376966554,3,3,3,3,3,3,3,3,3,3,3,3,3,3,3,3,3,3,3,3,3,3,3,3,3,3,3,3,3,3,3,3,3,3,3,3,3,3,3,3,3,3,3,3,3,3,3,3,0,3,3,3,3,3,3,3,3,3,3,3,3,3,3,3,3,3,3,3,3,3,3,3,3,3,3,3,3,3,3,3,3,3,3,3,3,3,3,3,3,3,3,3,3,3,3,3,3,3,3,3,3,dfa,mnist,div255,mlp,tanh,sigmoid_bce,none
w900_depth6_bp,1,0.4285963773727417,0.9910277724266052,2.74419175934364,0.4593237638473511,0.991176426410675,2.68963775965526,0.5104067921638489,0.990502655506134,2.4425377240787745,0.0,,,,,,1.22051203250885,0.7029561916183378,0.5937349200248718,0.9844648241996764,2.4990554884932497,0.6525541543960571,0.9766624569892884,2.9491772884686625,0.7159684300422668,0.963193416595459,3.349922619516064,6.0,0.9913616180419922,0.4285963773727417,0.4101614356040954,0.9924455285072328,32.868186950683594,,0.9916365146636964,0.4593237638473511,0.4019424319267273,0.994152307510376,27.044952392578125,,0.9914808869361876,0.5104067921638489,0.3943151235580444,0.9960290789604188,23.073530197143555,,0.8076171875,0.8525390625,0.8740234375,,0.88671875,2000.0,0.9793717265129088,0.9793717265129088,14.521691407990977,13.576902044972817,11.242514163642701,1.22051203250885,1.264911064067352,1.0,0.001,1.0,1.0,128.0,900.0,6.0,2000.0,-1.0,0.0,0.0,0.0,0.0,0.0,0.0,1.0,0.0,10.0,3.2490788990307586,35.225006103515625,46.720383644104004,2000.0,0.986860990524292,0.5937349200248718,0.405616283416748,0.996222198009491,21.53201675415039,,0.9838006496429444,0.6525541543960571,0.3903927505016327,0.9972090721130372,18.14944839477539,,0.9803487658500672,0.7159684300422668,0.3767043948173523,0.9977319836616516,15.72429370880127,,9.650471158649257,9.032517293950145,7.676530941845406,,,,,,,,,,,,,,,,,,,,,,,,,,,,,,,,,,,,,,,,,,,,,,,,,,,,,,,,,,,,,,,,,,,,,,,,,,,,,,,,,,,,,,,,,,,,,,,,,,,,,,1,1,1,1,1,1,1,1,1,1,0,0,0,0,0,1,1,1,1,1,1,1,1,1,1,1,1,1,1,1,1,1,0,1,1,1,1,1,0,1,1,1,1,1,0,1,1,1,0,1,1,1,1,1,1,1,1,1,1,1,1,1,1,1,1,1,1,1,1,1,1,1,1,1,1,1,1,1,1,1,1,1,1,1,1,0,1,1,1,1,1,0,1,1,1,1,1,0,1,1,1,bp,mnist,div255,mlp,tanh,sigmoid_bce,none
w900_depth6_center,3,0.5559186736742655,0.579431414604187,31.484182125895927,0.5470842321713766,0.2519189069668451,206.5134129079987,0.5519977807998657,0.22837863862514493,289.7400249562656,0.0,,,,,,1.2948096990585327,1.2890182762118374,0.553591231505076,0.20567789673805234,296.73440485393274,0.5627100467681885,0.13417560110489524,290.6838198711051,0.5683845281600952,0.08161865298946697,283.88658865504516,6.0,0.8839524785677592,0.5016685326894125,0.4076404670874278,0.9928943117459615,31.8974609375,0.05502115360771614,0.46024062236150104,0.5222366452217102,0.40762179096539813,0.9943487048149109,27.1509952545166,0.12401279807090754,0.2809578975041707,0.5396261413892111,0.4064113398392995,0.9956696033477783,23.752899169921875,0.1710838650663693,0.4208984375,0.7452799479166666,0.84765625,,0.8694661458333334,2000.0,1.7379704713821411,1.7304661273956299,15.441159141781567,14.010461331847436,12.000915878259216,1.2948096990585327,1.264911064067352,1.0,0.001,1.0,1.0,128.0,900.0,6.0,2000.0,-1.0,0.0,0.0,0.0,0.0,0.0,0.0,1.0,0.0,10.0,3.2490788990307586,35.225006103515625,76.16530299186707,2000.0,0.20567789673805234,0.553591231505076,0.39791900912920636,0.9965439240137736,20.452966690063477,0.20075830817222595,0.13417560110489524,0.5627100467681885,0.3894287447134654,0.9972188870112101,17.71068827311198,0.19417686512072876,0.08161865298946697,0.5680000384648641,0.38211701313654584,0.9977870186169943,15.686973889668783,0.09903806323806441,10.559729749522406,9.130771774414896,7.969986771202545,0.03685125332661161,0.02172709687461483,2.0742738403785337,0.038403050541232504,0.03956421865319449,15.71714739940558,0.028639060021016148,0.014973295052795451,17.995480616280926,0.0,,,,,,0.0684052941541831,0.06912763216703689,0.016310455832844108,0.07146558829402551,21.140770111855424,0.018425898296593912,0.06293892835625056,33.25142565179592,0.017956963813848877,0.05812711102716525,51.48243827729933,0.0,0.0026683637699603073,0.013875400305171684,0.003348461638029538,0.00039027239971980987,1.0538382071363814,0.04228882196450477,0.023163590332161515,0.013570222602274461,0.008193322536324434,0.0005385256565617125,0.8160843966789867,0.047077414247986185,0.031648775099080616,0.010233514396053677,0.012596171827372455,0.0004611824141548068,0.987108400672547,0.04793207371462521,0.11083554162906413,0.13153931957942572,0.028168369339562415,,0.013195644569472215,0.0,0.3901929564447392,0.39623521618833046,0.7962829562638075,0.46824653930879234,0.7473890277869573,0.0684052941541831,0.0,0.0,0.0,0.0,0.0,0.0,0.0,0.0,0.0,0.0,0.0,0.0,0.0,0.0,0.0,0.0,0.0,0.0,0.0,0.0,0.0,1.5839948651363667,0.0,0.07146558829402551,0.016310455832844108,0.011731213164836659,0.0003026682329092323,1.0788841630396664,0.06560371806210856,0.06293892835625056,0.018425898296593912,0.00774731501433646,7.84841165885098e-05,0.481481827942165,0.07453212901441786,0.05812711102716525,0.01745151339136773,0.004790931496755607,8.00490453303211e-05,0.29140585328529633,0.032069090196487855,0.8611357844000695,0.25100493059891565,0.28515326376966554,3,3,3,3,3,3,3,3,3,3,0,0,0,0,0,3,3,3,3,3,3,3,3,3,3,3,3,3,3,3,3,3,3,3,3,3,3,3,3,3,3,3,3,3,3,3,3,3,0,3,3,3,3,3,3,3,3,3,3,3,3,3,3,3,3,3,3,3,3,3,3,3,3,3,3,3,3,3,3,3,3,3,3,3,3,3,3,3,3,3,3,3,3,3,3,3,3,3,3,3,3,dfa,mnist,div255,mlp,tanh,sigmoid_bce,delta
w900_depth6_centere,3,0.4076404670874278,0.9383027156194051,52.74541329510561,0.40762179096539813,0.6715689897537231,59.95271210933456,0.4064113398392995,0.45238035917282104,106.6045389940226,0.0,,,,,,1.2948096990585327,1.2881240756037293,0.39791900912920636,0.3907190461953481,122.08248071752553,0.3894287447134654,0.3573024968306224,126.29945123132559,0.3835889796415965,0.3123771548271179,130.20892046223773,6.0,0.9855138262112936,0.4076404670874278,0.4076404670874278,0.9928943117459615,31.8974609375,0.1477767874797185,0.9063640634218851,0.40762179096539813,0.40762179096539813,0.9943487048149109,27.1509952545166,0.2876253575086593,0.7985667983690897,0.4064113398392995,0.4064113398392995,0.9956696033477783,23.752899169921875,0.37562446792920423,0.7018229166666666,0.8424479166666666,0.8800455729166666,,0.8937174479166666,2000.0,2.3080520629882812,2.3080520629882812,15.441159141781567,14.010461331847436,12.000915878259216,1.2948096990585327,1.264911064067352,1.0,0.001,1.0,1.0,128.0,900.0,6.0,2000.0,-1.0,0.0,0.0,0.0,0.0,0.0,0.0,1.0,0.0,10.0,3.2490788990307586,35.225006103515625,60.3578135172526,2000.0,0.6793966889381409,0.39791900912920636,0.39791900912920636,0.9965439240137736,20.452966690063477,0.39068174362182617,0.5693144202232361,0.3894287447134654,0.3894287447134654,0.9972188870112101,17.71068827311198,0.3051288624604543,0.4601118564605713,0.3835889796415965,0.38211701313654584,0.9977870186169943,15.686973889668783,0.139766717950503,10.559729749522406,9.130771774414896,7.969986771202545,0.003348461638029538,0.006280591253706814,1.82652345604256,0.008193322536324434,0.0550927399716222,0.9351797853684707,0.012596171827372455,0.042807010160251326,9.8815549474158,0.0,,,,,,0.0684052941541831,0.06761161795688948,0.011731213164836659,0.025333239227447034,17.309745687644643,0.00774731501433646,0.02521927928614412,16.678105913230112,0.0067658659039823675,0.01237202522639732,15.449533695455807,0.0,0.002175681674148696,0.003348461638029538,0.003348461638029538,0.00039027239971980987,1.0538382071363814,0.06469249465821746,0.019815449688542295,0.008193322536324434,0.008193322536324434,0.0005385256565617125,0.8160843966789867,0.056634375156908494,0.046715369975452434,0.012596171827372455,0.012596171827372455,0.0004611824141548068,0.987108400672547,0.042264545528591976,0.02597699081335485,0.01403613975413435,0.004152783470759451,,0.005722134059650709,0.0,0.023828086737067954,0.023828086737067954,0.7962829562638075,0.46824653930879234,0.7473890277869573,0.0684052941541831,0.0,0.0,0.0,0.0,0.0,0.0,0.0,0.0,0.0,0.0,0.0,0.0,0.0,0.0,0.0,0.0,0.0,0.0,0.0,0.0,0.0,1.7105463645284962,0.0,0.06910531646196738,0.011731213164836659,0.011731213164836659,0.0003026682329092323,1.0788841630396664,0.012453429697003504,0.09763086793740511,0.00774731501433646,0.00774731501433646,7.84841165885098e-05,0.481481827942165,0.011058132169763547,0.10541706410768291,0.0067658659039823675,0.004790931496755607,8.00490453303211e-05,0.29140585328529633,0.0050388701715562475,0.8611357844000695,0.25100493059891565,0.28515326376966554,3,3,3,3,3,3,3,3,3,3,0,0,0,0,0,3,3,3,3,3,3,3,3,3,3,3,3,3,3,3,3,3,3,3,3,3,3,3,3,3,3,3,3,3,3,3,3,3,0,3,3,3,3,3,3,3,3,3,3,3,3,3,3,3,3,3,3,3,3,3,3,3,3,3,3,3,3,3,3,3,3,3,3,3,3,3,3,3,3,3,3,3,3,3,3,3,3,3,3,3,3,dfa,mnist,div255,mlp,tanh,sigmoid_bce,e
