maxcos_l1,minp_l1,kappa_l1,maxcos_l2,minp_l2,kappa_l2,maxcos_l3,minp_l3,kappa_l3,steps_cos_gt_0.9,plateau_onset,plateau_band_end,plateau_exit,plateau_duration,plateau_band_acc,ebar0,ebar_ratio_10,tag,seed,fb_seed,maxcos_l4,minp_l4,kappa_l4,maxcos_l5,minp_l5,kappa_l5,maxcos_l6,minp_l6,kappa_l6,csv,n_layers,minp_w300_l1,maxcos_w300_l1,cos0_l1,p0_l1,H0_l1,wa_end_l1,minp_w300_l2,maxcos_w300_l2,cos0_l2,p0_l2,H0_l2,wa_end_l2,minp_w300_l3,maxcos_w300_l3,cos0_l3,p0_l3,H0_l3,wa_end_l3,acc_450,acc_1000,acc_1500,acc_3000,acc_final,step_final,loss_final,loss_min,kappa_cf_l1,kappa_cf_l2,kappa_cf_l3,drive,ebar0_pred,fb_scale,lr,out_lr_mult,hid_lr_mult,batch,width,depth,steps,out_bias_q,freeze_bias,freeze_out,muon,whiten,batchnorm,p0,target_scale,classes,C,prior_loss,xbar2,wall,final_step,rule,dataset,preprocess,arch,act,head,center,minp_w300_l4,maxcos_w300_l4,cos0_l4,p0_l4,H0_l4,wa_end_l4,minp_w300_l5,maxcos_w300_l5,cos0_l5,p0_l5,H0_l5,wa_end_l5,minp_w300_l6,maxcos_w300_l6,cos0_l6,p0_l6,H0_l6,wa_end_l6,kappa_cf_l4,kappa_cf_l5,kappa_cf_l6
0.979682683944702,0.3252474665641784,5.258133801574463,0.9953823685646056,0.129554197192192,885.2446739494663,0.99996817111969,0.0090826097875833,678.0710587822618,500,210.0,350.0,770.0,560.0,0.10491536458333334,1.2574265003204346,1.6515924436301845,cnn,0,0,,,,,,,,,,E3_generality/cnn/seed0_fb0.csv,3,0.404053658246994,0.979682683944702,0.4050407409667969,0.998178482055664,59.3372802734375,,0.1319731026887893,0.9953823685646056,0.4101015329360962,0.999281883239746,18.055389404296875,,0.0090826097875833,0.99996817111969,0.4195513427257538,0.9996638298034668,0.7305046916007996,,0.17724609375,0.5625,0.78955078125,,0.78955078125,1500,1.953790307044983,1.953790307044983,144.58816700467625,240.82968355765362,76.05751169936242,1.2574265003204346,1.264911064067352,1.0,0.001,1.0,1.0,128,300,3,1500,-1.0,0,0,0,0,0,0.0,1.0,0,10,3.2490788990307586,35.225006103515625,5.9755377769470215,1500,dfa,mnist,div255,cnn,tanh,sigmoid_bce,none,,,,,,,,,,,,,,,,,,,,,
0.958547055721283,0.4455734193325043,5.7865956320706005,0.9934113621711732,0.1499716490507125,850.2119889285173,0.9998632073402404,0.0265290290117263,692.8048188357491,310,,,,,,1.294652223587036,1.189022303465943,cnn,1,1,,,,,,,,,,E3_generality/cnn/seed1_fb1.csv,3,0.5424768924713135,0.958547055721283,0.3427505493164062,0.9995183944702148,27.02548217773437,,0.1499716490507125,0.9934113621711732,0.3694139719009399,0.9998496770858764,8.981473922729492,,0.0265290290117263,0.9998632073402404,0.4111493825912475,0.9999010562896729,0.4139966368675232,,0.22216796875,0.63916015625,0.8662109375,,0.8662109375,1500,1.6882179975509644,1.6882179975509644,182.19131450930294,140.95234168153615,50.201174556763604,1.294652223587036,1.264911064067352,1.0,0.001,1.0,1.0,128,300,3,1500,-1.0,0,0,0,0,0,0.0,1.0,0,10,3.2490788990307586,35.225006103515625,9.160433530807495,1500,dfa,mnist,div255,cnn,tanh,sigmoid_bce,none,,,,,,,,,,,,,,,,,,,,,
0.9155853986740112,0.4696491658687591,6.077644563562201,0.97986102104187,0.1791345030069351,936.5206013334746,0.9990542531013488,0.0287804901599884,710.9548684910749,260,,,,,,1.2303248643875122,1.4413004296802487,cnn,2,2,,,,,,,,,,E3_generality/cnn/seed2_fb2.csv,3,0.4913922846317291,0.9155853986740112,0.3942291736602783,0.9976626634597778,68.11146545410156,,0.182351753115654,0.97986102104187,0.4301620423793793,0.9989073872566224,24.722881317138672,,0.0287804901599884,0.9990542531013488,0.4631057977676391,0.9991185069084167,1.095656156539917,,0.30126953125,0.7236328125,0.865234375,,0.865234375,1500,1.5754234790802002,1.5754234790802002,116.82147830627858,222.87652731348737,82.95333376005867,1.2303248643875122,1.264911064067352,1.0,0.001,1.0,1.0,128,300,3,1500,-1.0,0,0,0,0,0,0.0,1.0,0,10,3.2490788990307586,35.225006103515625,5.844342470169067,1500,dfa,mnist,div255,cnn,tanh,sigmoid_bce,none,,,,,,,,,,,,,,,,,,,,,
0.6340504884719849,0.9895389080047609,3.93388647018405,0.8049931526184082,0.9596168398857116,16.172508467193794,0.9611747860908508,0.7716958522796631,16.91106723639588,490,,,,,,1.2574265003204346,1.1872313506269694,cnn_bp,0,0,,,,,,,,,,E3_generality/cnn_bp/seed0_fb0.csv,3,0.9953016638755798,0.6340504884719849,0.4050407409667969,0.998178482055664,59.3372802734375,,0.990049123764038,0.8049931526184082,0.4101015329360962,0.999281883239746,18.055389404296875,,0.8389734029769897,0.9611747860908508,0.4195513427257538,0.9996638298034668,0.7305046916007996,,0.73046875,0.8125,0.849609375,,0.849609375,1500,1.44140887260437,1.44140887260437,144.58816700467625,240.82968355765362,76.05751169936242,1.2574265003204346,1.264911064067352,1.0,0.001,1.0,1.0,128,300,3,1500,-1.0,0,0,0,0,0,0.0,1.0,0,10,3.2490788990307586,35.225006103515625,6.1484456062316895,1500,bp,mnist,div255,cnn,tanh,sigmoid_bce,none,,,,,,,,,,,,,,,,,,,,,
0.5742961168289185,0.893793523311615,7.667070601863012,0.6984632015228271,0.7378738522529602,104.76277169285108,0.7307156324386597,0.4601777791976928,130.76449308106277,0,,,,,,1.2574265003204346,1.3066861285478861,cnn_center,0,0,,,,,,,,,,E3_generality/cnn_center/seed0_fb0.csv,3,0.94133859872818,0.5594467520713806,0.4050407409667969,0.998178482055664,59.3372802734375,,0.8139773607254028,0.6984632015228271,0.4101015329360962,0.999281883239746,18.055389404296875,,0.5560559034347534,0.7307156324386597,0.4195513427257538,0.9996638298034668,0.7305046916007996,,0.376953125,0.67138671875,0.72998046875,,0.72998046875,1500,1.9495878219604488,1.9495878219604488,144.58816700467625,240.82968355765362,76.05751169936242,1.2574265003204346,1.264911064067352,1.0,0.001,1.0,1.0,128,300,3,1500,-1.0,0,0,0,0,0,0.0,1.0,0,10,3.2490788990307586,35.225006103515625,5.640320777893066,1500,dfa,mnist,div255,cnn,tanh,sigmoid_bce,delta,,,,,,,,,,,,,,,,,,,,,
0.5574524998664856,0.9089962244033812,10.188125911432914,0.662490725517273,0.7607207894325256,123.23455301724128,0.6826733350753784,0.5221682190895081,146.00208587799727,0,,,,,,1.294652223587036,1.350453275271667,cnn_center,1,1,,,,,,,,,,E3_generality/cnn_center/seed1_fb1.csv,3,0.9458287358283995,0.55229651927948,0.3427505493164062,0.9995183944702148,27.02548217773437,,0.8422210812568665,0.6602623462677002,0.3694139719009399,0.9998496770858764,8.981473922729492,,0.5936633944511414,0.6826733350753784,0.4111493825912475,0.9999010562896729,0.4139966368675232,,0.29541015625,0.75830078125,0.83740234375,,0.83740234375,1500,1.8306303024291992,1.8306303024291992,182.19131450930294,140.95234168153615,50.201174556763604,1.294652223587036,1.264911064067352,1.0,0.001,1.0,1.0,128,300,3,1500,-1.0,0,0,0,0,0,0.0,1.0,0,10,3.2490788990307586,35.225006103515625,7.665788650512695,1500,dfa,mnist,div255,cnn,tanh,sigmoid_bce,delta,,,,,,,,,,,,,,,,,,,,,
0.5529224872589111,0.9050983786582948,8.107461777588387,0.6410351395606995,0.759731113910675,124.5766103489198,0.6912060976028442,0.5109995603561401,142.42742574632152,0,,,,,,1.2303248643875122,1.2447056773172949,cnn_center,2,2,,,,,,,,,,E3_generality/cnn_center/seed2_fb2.csv,3,0.9491510391235352,0.5480418801307678,0.3942291736602783,0.9976626634597778,68.11146545410156,,0.8417021632194519,0.6410351395606995,0.4301620423793793,0.9989073872566224,24.722881317138672,,0.5922359228134155,0.6912060976028442,0.4631057977676391,0.9991185069084167,1.095656156539917,,0.40478515625,0.70556640625,0.80126953125,,0.80126953125,1500,1.8667559623718264,1.8667559623718264,116.82147830627858,222.87652731348737,82.95333376005867,1.2303248643875122,1.264911064067352,1.0,0.001,1.0,1.0,128,300,3,1500,-1.0,0,0,0,0,0,0.0,1.0,0,10,3.2490788990307586,35.225006103515625,5.721715211868286,1500,dfa,mnist,div255,cnn,tanh,sigmoid_bce,delta,,,,,,,,,,,,,,,,,,,,,
0.497640311717987,0.9382275938987732,37.181886570246746,0.576438844203949,0.4977600276470184,619.421362379911,0.4840227663516998,0.9012364745140076,1326.2676146105036,0,,,,,,1.2574265003204346,1.3090913226749599,cnn_centere,0,0,,,,,,,,,,E3_generality/cnn_centere/seed0_fb0.csv,3,0.9754135012626648,0.449529081583023,0.4050407409667969,0.998178482055664,59.3372802734375,,0.8027885556221008,0.5038973093032837,0.4101015329360962,0.999281883239746,18.055389404296875,,0.9262752532958984,0.4840227663516998,0.4195513427257538,0.9996638298034668,0.7305046916007996,,0.62158203125,0.8603515625,0.896484375,,0.896484375,1500,1.6327241659164429,1.6309425830841064,144.58816700467625,240.82968355765362,76.05751169936242,1.2574265003204346,1.264911064067352,1.0,0.001,1.0,1.0,128,300,3,1500,-1.0,0,0,0,0,0,0.0,1.0,0,10,3.2490788990307586,35.225006103515625,5.020261526107788,1500,dfa,mnist,div255,cnn,tanh,sigmoid_bce,e,,,,,,,,,,,,,,,,,,,,,
0.4991967380046844,0.91843444108963,37.02358997633962,0.5866642594337463,0.5221905708312988,609.5419161649995,0.4505928158760071,0.923895537853241,1399.8817901512466,0,,,,,,1.294652223587036,1.353947890557268,cnn_centere,1,1,,,,,,,,,,E3_generality/cnn_centere/seed1_fb1.csv,3,0.9709953665733336,0.4408372342586517,0.3427505493164062,0.9995183944702148,27.02548217773437,,0.8113638162612915,0.518964946269989,0.3694139719009399,0.9998496770858764,8.981473922729492,,0.9391186833381652,0.4505928158760071,0.4111493825912475,0.9999010562896729,0.4139966368675232,,0.658203125,0.890625,0.91162109375,,0.91162109375,1500,1.753967046737671,1.7493990659713743,182.19131450930294,140.95234168153615,50.201174556763604,1.294652223587036,1.264911064067352,1.0,0.001,1.0,1.0,128,300,3,1500,-1.0,0,0,0,0,0,0.0,1.0,0,10,3.2490788990307586,35.225006103515625,7.0014002323150635,1500,dfa,mnist,div255,cnn,tanh,sigmoid_bce,e,,,,,,,,,,,,,,,,,,,,,
0.5395419001579285,0.8516080379486084,40.665258473322105,0.5938166975975037,0.4080227017402649,1286.4665857751263,0.4864278435707092,0.9265753626823424,2042.4716449180407,0,,,,,,1.2303248643875122,1.244922564306453,cnn_centere,2,2,,,,,,,,,,E3_generality/cnn_centere/seed2_fb2.csv,3,0.9581238031387328,0.4440011978149414,0.3942291736602783,0.9976626634597778,68.11146545410156,,0.6558135747909546,0.5429862141609192,0.4301620423793793,0.9989073872566224,24.722881317138672,,0.9265753626823424,0.4864278435707092,0.4631057977676391,0.9991185069084167,1.095656156539917,,0.59814453125,0.859375,0.904296875,,0.904296875,1500,2.011746406555176,2.011746406555176,116.82147830627858,222.87652731348737,82.95333376005867,1.2303248643875122,1.264911064067352,1.0,0.001,1.0,1.0,128,300,3,1500,-1.0,0,0,0,0,0,0.0,1.0,0,10,3.2490788990307586,35.225006103515625,6.728929042816162,1500,dfa,mnist,div255,cnn,tanh,sigmoid_bce,e,,,,,,,,,,,,,,,,,,,,,
0.9043447971343994,0.7101897597312927,5.621285624289605,0.986476480960846,0.3745161890983581,10.095090338670047,0.9980774521827698,0.2478863596916198,13.10988342760734,440,80.0,510.0,600.0,520.0,0.10797674005681818,1.268113374710083,1.129141954028307,depth6,0,0,0.9997681379318236,0.1889392584562301,12.781880276525774,0.9999762773513794,0.1850023418664932,13.224393188082638,0.999998152256012,0.1344820857048034,13.779481083097432,E3_generality/depth6/seed0_fb0.csv,6,0.7101897597312927,0.9043447971343994,0.3761306405067444,0.9893821477890016,13.984066009521484,0.529707670211792,0.3745161890983581,0.986476480960846,0.3800201714038849,0.9920334219932556,11.566617965698242,0.4824697375297546,0.2478863596916198,0.9980774521827698,0.3536507487297058,0.994549036026001,8.627571105957031,0.5097697973251343,0.1171875,0.7177734375,0.84765625,,0.86865234375,2000,0.9709039926528932,0.9709039926528932,33.84983310085365,14.00160243300144,11.742659740774805,1.268113374710083,1.264911064067352,1.0,0.001,1.0,1.0,128,300,6,2000,-1.0,0,0,0,0,0,0.0,1.0,0,10,3.2490788990307586,35.225006103515625,15.096200704574585,2000,dfa,mnist,div255,mlp,tanh,sigmoid_bce,none,0.1889392584562301,0.9997681379318236,0.3894586265087127,0.994669497013092,8.58588981628418,0.4861057698726654,0.1850023418664932,0.9999762773513794,0.3769061267375946,0.99579656124115,6.992161750793457,0.4463781416416168,0.1344820857048034,0.999998152256012,0.3797813057899475,0.9969165325164796,6.454602241516113,0.2752142250537872,8.996318017779956,8.95736965446367,7.46813791021362
0.899269163608551,0.7233515977859497,5.915668529573642,0.9869640469551086,0.3475123345851898,9.931333056319854,0.9982362389564514,0.2358588427305221,13.651851293180693,440,90.0,380.0,660.0,570.0,0.09060872395833333,1.277761459350586,1.321501013696234,depth6,1,1,0.9997655749320984,0.2173080146312713,13.535446880012566,0.9999733567237854,0.1841642260551452,13.76347933271727,0.9999972581863404,0.1712379306554794,14.737532066273875,E3_generality/depth6/seed1_fb1.csv,6,0.7233515977859497,0.899269163608551,0.3875109553337097,0.9866976141929626,13.712690353393556,0.5488502383232117,0.3475123345851898,0.9869640469551086,0.3620741665363312,0.9935430884361268,10.005876541137695,0.5017063617706299,0.2358588427305221,0.9982362389564514,0.3915127217769623,0.9941805005073548,9.439598083496094,0.4762584567070007,0.2265625,0.7109375,0.85693359375,,0.8818359375,2000,0.9719102382659912,0.9719102382659912,42.836466977783495,17.397917689138286,13.014569705490059,1.277761459350586,1.264911064067352,1.0,0.001,1.0,1.0,128,300,6,2000,-1.0,0,0,0,0,0,0.0,1.0,0,10,3.2490788990307586,35.225006103515625,15.672880411148071,2000,dfa,mnist,div255,mlp,tanh,sigmoid_bce,none,0.2173080146312713,0.9997655749320984,0.3989361226558685,0.9956934452056884,8.181721687316895,0.4942106604576111,0.1841642260551452,0.9999733567237854,0.3609684705734253,0.9969204664230348,6.11955451965332,0.4154925346374511,0.1712379306554794,0.9999972581863404,0.3332803547382355,0.9978035688400269,4.935523986816406,0.2463933825492859,12.344939219254185,10.857486586310825,8.41895129585805
0.8814882636070251,0.7449429035186768,5.7441476396330815,0.9793006777763368,0.4394678771495819,10.33857865862405,0.9970396161079408,0.2713919579982757,11.987440274733084,410,80.0,440.0,550.0,470.0,0.10529719172297297,1.2086238861083984,1.1365667578587488,depth6,2,2,0.9995830059051514,0.2131905555725097,12.502921560247495,0.9999408721923828,0.1814582794904709,13.452113436178813,0.9999919533729552,0.2039322704076767,15.099418089554437,E3_generality/depth6/seed2_fb2.csv,6,0.7449429035186768,0.8814882636070251,0.3762656152248382,0.9880829453468324,13.667789459228516,0.5312073826789856,0.4394678771495819,0.9793006777763368,0.3832592368125915,0.992002546787262,11.445853233337402,0.4795034527778625,0.2713919579982757,0.9970396161079408,0.3911609947681427,0.9935991764068604,9.981972694396973,0.4815044403076172,0.16796875,0.67431640625,0.84765625,,0.87744140625,2000,0.9840859174728394,0.9840859174728394,26.56916884691263,10.758065123290246,9.128389793931406,1.2086238861083984,1.264911064067352,1.0,0.001,1.0,1.0,128,300,6,2000,-1.0,0,0,0,0,0,0.0,1.0,0,10,3.2490788990307586,35.225006103515625,14.886181354522705,2000,dfa,mnist,div255,mlp,tanh,sigmoid_bce,none,0.2131905555725097,0.9995830059051514,0.4044045805931091,0.9938236474990844,8.904194831848145,0.4863685071468353,0.1814582794904709,0.9999408721923828,0.3984022438526153,0.9961759448051452,7.665379047393799,0.420280784368515,0.2039322704076767,0.9999919533729552,0.4371293783187866,0.9955268502235411,8.051824569702148,0.261252611875534,8.054709113252567,7.2642147810309,6.3556074600733
0.4370527565479278,0.985597550868988,4.575579859183103,0.5262575149536133,0.980810284614563,2.135924629896217,0.6052179932594299,0.9792830348014832,2.107436437916873,0,,,,,,1.268113374710083,1.0410214922885963,depth6_bp,0,0,0.7294504642486572,0.9593154191970824,2.092456846981033,0.7907963395118713,0.9513336420059204,2.667769901458968,0.8494502902030945,0.9332731366157532,2.900604972084865,E3_generality/depth6_bp/seed0_fb0.csv,6,0.985597550868988,0.4370527565479278,0.3761306405067444,0.9893821477890016,13.984066009521484,,0.980810284614563,0.5262575149536133,0.3800201714038849,0.9920334219932556,11.566617965698242,,0.9792830348014832,0.6052179932594299,0.3536507487297058,0.994549036026001,8.627571105957031,,0.68310546875,0.791015625,0.82421875,,0.85009765625,2000,1.3712177276611328,1.3712177276611328,33.84983310085365,14.00160243300144,11.742659740774805,1.268113374710083,1.264911064067352,1.0,0.001,1.0,1.0,128,300,6,2000,-1.0,0,0,0,0,0,0.0,1.0,0,10,3.2490788990307586,35.225006103515625,14.168444633483887,2000,bp,mnist,div255,mlp,tanh,sigmoid_bce,none,0.9593154191970824,0.7294504642486572,0.3894586265087127,0.994669497013092,8.58588981628418,,0.9513336420059204,0.7907963395118713,0.3769061267375946,0.99579656124115,6.992161750793457,,0.9332731366157532,0.8494502902030945,0.3797813057899475,0.9969165325164796,6.454602241516113,,8.996318017779956,8.95736965446367,7.46813791021362
0.5308037996292114,0.6483107805252075,44.47855414894921,0.460222989320755,0.4892632961273193,84.62968553723196,0.4295166432857513,0.5757647156715393,89.7944750630379,0,,,,,,1.268113374710083,1.3090931031993367,depth6_center,0,0,0.4134990870952606,0.537017285823822,76.52580551978426,0.3971364796161651,0.416360855102539,68.21357222782454,0.4017360806465149,0.321704089641571,59.24252995620186,E3_generality/depth6_center/seed0_fb0.csv,6,0.9304619431495668,0.4680964052677154,0.3761306405067444,0.9893821477890016,13.984066009521484,0.1775079220533371,0.8700143098831177,0.4447664320468902,0.3800201714038849,0.9920334219932556,11.566617965698242,0.2362925708293914,0.7566922307014465,0.4267904162406921,0.3536507487297058,0.994549036026001,8.627571105957031,0.3005854487419128,0.2822265625,0.662109375,0.8154296875,,0.83740234375,2000,2.694880962371826,2.64609169960022,33.84983310085365,14.00160243300144,11.742659740774805,1.268113374710083,1.264911064067352,1.0,0.001,1.0,1.0,128,300,6,2000,-1.0,0,0,0,0,0,0.0,1.0,0,10,3.2490788990307586,35.225006103515625,16.75071096420288,2000,dfa,mnist,div255,mlp,tanh,sigmoid_bce,delta,0.6875642538070679,0.4134990870952606,0.3894586265087127,0.994669497013092,8.58588981628418,0.3523008525371551,0.5580309629440308,0.3971364796161651,0.3769061267375946,0.99579656124115,6.992161750793457,0.2867731153964996,0.480323851108551,0.4017360806465149,0.3797813057899475,0.9969165325164796,6.454602241516113,0.1823103129863739,8.996318017779956,8.95736965446367,7.46813791021362
0.4849205017089844,0.6412761211395264,39.14122291392831,0.5107071995735168,0.3440452516078949,76.08904996687731,0.5263628363609314,0.3451563715934753,102.34654071647265,0,,,,,,1.277761459350586,1.2766918825263407,depth6_center,1,1,0.5333348512649536,0.3194526135921478,99.81943542726046,0.5336359739303589,0.2619963884353637,97.98755094269528,0.5343064665794373,0.1924521476030349,95.00209912585244,E3_generality/depth6_center/seed1_fb1.csv,6,0.9125038385391236,0.4676275253295898,0.3875109553337097,0.9866976141929626,13.712690353393556,0.0775896087288856,0.7901239395141602,0.4603655338287353,0.3620741665363312,0.9935430884361268,10.005876541137695,0.0857313424348831,0.6512349247932434,0.452986866235733,0.3915127217769623,0.9941805005073548,9.439598083496094,0.1484806537628173,0.29443359375,0.37451171875,0.54931640625,,0.67138671875,2000,2.975998878479004,2.975998878479004,42.836466977783495,17.397917689138286,13.014569705490059,1.277761459350586,1.264911064067352,1.0,0.001,1.0,1.0,128,300,6,2000,-1.0,0,0,0,0,0,0.0,1.0,0,10,3.2490788990307586,35.225006103515625,16.72671127319336,2000,dfa,mnist,div255,mlp,tanh,sigmoid_bce,delta,0.6309986710548401,0.4333110451698303,0.3989361226558685,0.9956934452056884,8.181721687316895,0.1852886229753494,0.6652007102966309,0.384979784488678,0.3609684705734253,0.9969204664230348,6.11955451965332,0.1484507024288177,0.6081826686859131,0.3410996794700622,0.3332803547382355,0.9978035688400269,4.935523986816406,0.0748250856995582,12.344939219254185,10.857486586310825,8.41895129585805
0.5294928550720215,0.6375114321708679,36.36191387153801,0.5075201988220215,0.36896613240242,74.11185037485897,0.4839314520359039,0.4275780320167541,89.33412215179038,0,,,,,,1.2086238861083984,1.2228160437967437,depth6_center,2,2,0.4937735795974731,0.4903823733329773,80.23113761534962,0.5190173387527466,0.4398192167282104,76.32952138220074,0.523564875125885,0.3866332471370697,76.15218344577876,E3_generality/depth6_center/seed2_fb2.csv,6,0.9288789629936218,0.4722127616405487,0.3762656152248382,0.9880829453468324,13.667789459228516,0.0760942101478576,0.8924790024757385,0.4461791515350342,0.3832592368125915,0.992002546787262,11.445853233337402,0.1555758267641067,0.8469433188438416,0.4186200797557831,0.3911609947681427,0.9935991764068604,9.981972694396973,0.2188563644886016,0.2978515625,0.60302734375,0.7392578125,,0.84423828125,2000,2.489176750183105,2.489176750183105,26.56916884691263,10.758065123290246,9.128389793931406,1.2086238861083984,1.264911064067352,1.0,0.001,1.0,1.0,128,300,6,2000,-1.0,0,0,0,0,0,0.0,1.0,0,10,3.2490788990307586,35.225006103515625,16.775478839874268,2000,dfa,mnist,div255,mlp,tanh,sigmoid_bce,delta,0.7809251546859741,0.4088391065597534,0.4044045805931091,0.9938236474990844,8.904194831848145,0.2412829846143722,0.7554335594177246,0.4046639204025268,0.3984022438526153,0.9961759448051452,7.665379047393799,0.225145012140274,0.740953803062439,0.4395388960838318,0.4371293783187866,0.9955268502235411,8.051824569702148,0.1104334890842437,8.054709113252567,7.2642147810309,6.3556074600733
0.3765544593334198,0.9623552560806274,63.25271605782748,0.3801815807819366,0.916240930557251,22.93412003553692,0.3538742363452911,0.8509361147880554,24.54093373925156,0,,,,,,1.268113374710083,1.3088248513337728,depth6_centere,0,0,0.3894586265087127,0.7805189490318298,25.08083980535497,0.3769061267375946,0.7267431020736694,24.82647095521645,0.3797813057899475,0.6709661483764648,26.51112828466257,E3_generality/depth6_centere/seed0_fb0.csv,6,0.9893821477890016,0.3765544593334198,0.3761306405067444,0.9893821477890016,13.984066009521484,0.4555424153804779,0.9778298735618592,0.3801815807819366,0.3800201714038849,0.9920334219932556,11.566617965698242,0.4031458795070648,0.9599656462669371,0.3538742363452911,0.3536507487297058,0.994549036026001,8.627571105957031,0.421780914068222,0.54833984375,0.76220703125,0.830078125,,0.8388671875,2000,3.0283091068267822,3.0283091068267822,33.84983310085365,14.00160243300144,11.742659740774805,1.268113374710083,1.264911064067352,1.0,0.001,1.0,1.0,128,300,6,2000,-1.0,0,0,0,0,0,0.0,1.0,0,10,3.2490788990307586,35.225006103515625,16.08179235458374,2000,dfa,mnist,div255,mlp,tanh,sigmoid_bce,e,0.935297667980194,0.3894586265087127,0.3894586265087127,0.994669497013092,8.58588981628418,0.3942162692546844,0.8922860622406006,0.3769061267375946,0.3769061267375946,0.99579656124115,6.992161750793457,0.2963566780090332,0.8499965667724609,0.3797813057899475,0.3797813057899475,0.9969165325164796,6.454602241516113,0.1811418682336807,8.996318017779956,8.95736965446367,7.46813791021362
0.3876262009143829,0.962827444076538,62.48922788733191,0.3620741665363312,0.8704942464828491,18.851217245165437,0.3915127217769623,0.7361239790916443,19.73727863038113,0,,,,,,1.277761459350586,1.278090359017639,depth6_centere,1,1,0.3989361226558685,0.6231921911239624,21.85564116063236,0.3609684705734253,0.5731976628303528,26.52751118551329,0.3332803547382355,0.4955091476440429,28.35343651353583,E3_generality/depth6_centere/seed1_fb1.csv,6,0.9864993691444396,0.3876262009143829,0.3875109553337097,0.9866976141929626,13.712690353393556,0.2926281690597534,0.968930721282959,0.3620741665363312,0.3620741665363312,0.9935430884361268,10.005876541137695,0.3214007318019867,0.930022954940796,0.3915127217769623,0.3915127217769623,0.9941805005073548,9.439598083496094,0.3685930967330932,0.49365234375,0.771484375,0.822265625,,0.85400390625,2000,3.079518795013428,3.079518795013428,42.836466977783495,17.397917689138286,13.014569705490059,1.277761459350586,1.264911064067352,1.0,0.001,1.0,1.0,128,300,6,2000,-1.0,0,0,0,0,0,0.0,1.0,0,10,3.2490788990307586,35.225006103515625,16.300373315811157,2000,dfa,mnist,div255,mlp,tanh,sigmoid_bce,e,0.8824352622032166,0.3989361226558685,0.3989361226558685,0.9956934452056884,8.181721687316895,0.3751379549503326,0.7964853644371033,0.3609684705734253,0.3609684705734253,0.9969204664230348,6.11955451965332,0.2824226915836334,0.7524625062942505,0.3332803547382355,0.3332803547382355,0.9978035688400269,4.935523986816406,0.1452240049839019,12.344939219254185,10.857486586310825,8.41895129585805
0.3772227168083191,0.9424115419387816,59.27912371944373,0.3839306235313415,0.8308858275413513,22.572850250357472,0.3919251263141632,0.7232481241226196,27.85569275513123,0,,,,,,1.2086238861083984,1.218909734065145,depth6_centere,2,2,0.4052098095417022,0.6608617305755615,32.264464397050425,0.4009620249271393,0.591604471206665,36.14471415431156,0.439984530210495,0.5304272770881653,38.68550502934617,E3_generality/depth6_centere/seed2_fb2.csv,6,0.9878299832344056,0.3772227168083191,0.3762656152248382,0.9880829453468324,13.667789459228516,0.3232491314411163,0.97942852973938,0.3839306235313415,0.3832592368125915,0.992002546787262,11.445853233337402,0.3070405125617981,0.9573405981063844,0.3919251263141632,0.3911609947681427,0.9935991764068604,9.981972694396973,0.3698719143867492,0.6015625,0.74951171875,0.8125,,0.84423828125,2000,2.871001720428467,2.871001720428467,26.56916884691263,10.758065123290246,9.128389793931406,1.2086238861083984,1.264911064067352,1.0,0.001,1.0,1.0,128,300,6,2000,-1.0,0,0,0,0,0,0.0,1.0,0,10,3.2490788990307586,35.225006103515625,15.764246225357056,2000,dfa,mnist,div255,mlp,tanh,sigmoid_bce,e,0.936663806438446,0.4052098095417022,0.4044045805931091,0.9938236474990844,8.904194831848145,0.3551989793777466,0.9128738045692444,0.4009620249271393,0.3984022438526153,0.9961759448051452,7.665379047393799,0.2886128425598144,0.8642608523368835,0.439984530210495,0.4371293783187866,0.9955268502235411,8.051824569702148,0.1495794057846069,8.054709113252567,7.2642147810309,6.3556074600733
0.7511383891105652,0.8994792699813843,6.334846908821813,0.9212856888771056,0.7430917024612427,6.402508258943538,0.9933845400810242,0.3105885982513428,8.711335272392082,400,90.0,240.0,540.0,450.0,0.110595703125,1.2692182064056396,1.2554762997291855,fa,0,0,,,,,,,,,,E3_generality/fa/seed0_fb0.csv,3,0.8994792699813843,0.7511383891105652,0.3541161119937897,0.9909001588821412,12.757408142089844,,0.7430917024612427,0.9212856888771056,0.3507662415504455,0.9935280680656432,10.161163330078123,,0.3105885982513428,0.9933845400810242,0.3540035486221313,0.9948840141296388,8.370211601257324,,0.2431640625,0.67236328125,0.8212890625,,0.84521484375,2000,1.2758363485336304,1.2758363485336304,26.953168049917554,10.236181397056136,8.304448866303373,1.2692182064056396,1.264911064067352,1.0,0.001,1.0,1.0,128,300,3,2000,-1.0,0,0,0,0,0,0.0,1.0,0,10,3.2490788990307586,35.225006103515625,9.942251443862915,2000,fa,mnist,div255,mlp,tanh,sigmoid_bce,none,,,,,,,,,,,,,,,,,,,,,
0.7470304369926453,0.9088357090950012,6.006319328000795,0.9099677801132202,0.7779614329338074,5.415074087140353,0.9899535179138184,0.3701941668987274,7.071185236442573,360,90.0,240.0,570.0,480.0,0.11749267578125,1.3514316082000732,1.3468030108886442,fa,1,1,,,,,,,,,,E3_generality/fa/seed1_fb1.csv,3,0.9088357090950012,0.7470304369926453,0.3873637318611145,0.9887229204177856,13.798158645629885,,0.7779614329338074,0.9099677801132202,0.3898089230060577,0.992600440979004,11.267420768737791,,0.3701941668987274,0.9899535179138184,0.387746512889862,0.9939010739326476,9.42509651184082,,0.3173828125,0.69873046875,0.8388671875,,0.8671875,2000,1.2133193016052246,1.2133193016052246,25.795081970600872,10.537464484814349,8.735378080908937,1.3514316082000732,1.264911064067352,1.0,0.001,1.0,1.0,128,300,3,2000,-1.0,0,0,0,0,0,0.0,1.0,0,10,3.2490788990307586,35.225006103515625,9.69820261001587,2000,fa,mnist,div255,mlp,tanh,sigmoid_bce,none,,,,,,,,,,,,,,,,,,,,,
0.7630985975265503,0.9113187193870544,6.194304982623955,0.9187952876091005,0.7739114761352539,6.493838071281649,0.9889937043190002,0.3893482983112335,8.452304142086732,390,90.0,360.0,600.0,510.0,0.12489536830357142,1.247653603553772,1.326842831809666,fa,2,2,,,,,,,,,,E3_generality/fa/seed2_fb2.csv,3,0.9113187193870544,0.7630985975265503,0.4126372337341308,0.9858370423316956,15.55845069885254,,0.7739114761352539,0.9187952876091005,0.3982468843460083,0.9923094511032104,11.637540817260742,,0.3893482983112335,0.9889937043190002,0.3910796046257019,0.993703842163086,9.466567993164062,,0.2431640625,0.66943359375,0.81640625,,0.8681640625,2000,1.268500566482544,1.268500566482544,23.719888895426525,10.842361481867695,8.274976220576836,1.247653603553772,1.264911064067352,1.0,0.001,1.0,1.0,128,300,3,2000,-1.0,0,0,0,0,0,0.0,1.0,0,10,3.2490788990307586,35.225006103515625,9.15563702583313,2000,fa,mnist,div255,mlp,tanh,sigmoid_bce,none,,,,,,,,,,,,,,,,,,,,,
0.4727778732776642,0.9326927065849304,30.96185778203358,0.4846492409706116,0.8252419233322144,26.395184840405825,0.4818125367164612,0.5158019661903381,38.87971660725289,0,,,,,,1.2692182064056396,1.2838374513833075,fa_center,0,0,,,,,,,,,,E3_generality/fa_center/seed0_fb0.csv,3,0.9721644520759584,0.3971410095691681,0.3541161119937897,0.9909001588821412,12.757408142089844,,0.9663782715797424,0.3507662415504455,0.3507662415504455,0.9935280680656432,10.161163330078123,,0.9365943670272828,0.3540035486221313,0.3540035486221313,0.9948840141296388,8.370211601257324,,0.4560546875,0.7021484375,0.75830078125,,0.79150390625,2000,2.298558235168457,2.298558235168457,26.953168049917554,10.236181397056136,8.304448866303373,1.2692182064056396,1.264911064067352,1.0,0.001,1.0,1.0,128,300,3,2000,-1.0,0,0,0,0,0,0.0,1.0,0,10,3.2490788990307586,35.225006103515625,10.256054639816284,2000,fa,mnist,div255,mlp,tanh,sigmoid_bce,delta,,,,,,,,,,,,,,,,,,,,,
0.5004280209541321,0.9261441230773926,25.89494627568887,0.5225203037261963,0.7691322565078735,24.14066366186482,0.4991427659988403,0.4474486112594604,37.59030651167208,0,,,,,,1.3514316082000732,1.3151810186960176,fa_center,1,1,,,,,,,,,,E3_generality/fa_center/seed1_fb1.csv,3,0.9687294363975524,0.4389128983020782,0.3873637318611145,0.9887229204177856,13.798158645629885,,0.950693905353546,0.4140119552612304,0.3898089230060577,0.992600440979004,11.267420768737791,,0.9046920537948608,0.3908402919769287,0.387746512889862,0.9939010739326476,9.42509651184082,,0.36572265625,0.697265625,0.7529296875,,0.78076171875,2000,2.194852828979492,2.194852828979492,25.795081970600872,10.537464484814349,8.735378080908937,1.3514316082000732,1.264911064067352,1.0,0.001,1.0,1.0,128,300,3,2000,-1.0,0,0,0,0,0,0.0,1.0,0,10,3.2490788990307586,35.225006103515625,9.195123434066772,2000,fa,mnist,div255,mlp,tanh,sigmoid_bce,delta,,,,,,,,,,,,,,,,,,,,,
0.5273600816726685,0.9249089360237122,26.16484147439819,0.5144034624099731,0.796772301197052,25.77227930738869,0.4793931543827057,0.4826255142688751,35.32386370661345,0,,,,,,1.247653603553772,1.2437460413159185,fa_center,2,2,,,,,,,,,,E3_generality/fa_center/seed2_fb2.csv,3,0.9709144234657288,0.4307953715324402,0.4126372337341308,0.9858370423316956,15.55845069885254,,0.9704950451850892,0.3982468843460083,0.3982468843460083,0.9923094511032104,11.637540817260742,,0.9436297416687012,0.3910796046257019,0.3910796046257019,0.993703842163086,9.466567993164062,,0.55029296875,0.6826171875,0.7685546875,,0.810546875,2000,2.1394472122192383,2.1394472122192383,23.719888895426525,10.842361481867695,8.274976220576836,1.247653603553772,1.264911064067352,1.0,0.001,1.0,1.0,128,300,3,2000,-1.0,0,0,0,0,0,0.0,1.0,0,10,3.2490788990307586,35.225006103515625,10.197920799255371,2000,fa,mnist,div255,mlp,tanh,sigmoid_bce,delta,,,,,,,,,,,,,,,,,,,,,
0.3832059800624847,0.9667968153953552,42.13233194672279,0.3507662415504455,0.962820053100586,22.663850506042785,0.3544673323631286,0.8657559156417847,19.14278240215651,0,,,,,,1.2692182064056396,1.281093296568698,fa_centere,0,0,,,,,,,,,,E3_generality/fa_centere/seed0_fb0.csv,3,0.9877859354019164,0.3541161119937897,0.3541161119937897,0.9909001588821412,12.757408142089844,,0.9861696362495422,0.3507662415504455,0.3507662415504455,0.9935280680656432,10.161163330078123,,0.9697383046150208,0.3544673323631286,0.3540035486221313,0.9948840141296388,8.370211601257324,,0.66357421875,0.7685546875,0.8193359375,,0.84033203125,2000,1.9408246278762815,1.9408246278762815,26.953168049917554,10.236181397056136,8.304448866303373,1.2692182064056396,1.264911064067352,1.0,0.001,1.0,1.0,128,300,3,2000,-1.0,0,0,0,0,0,0.0,1.0,0,10,3.2490788990307586,35.225006103515625,10.18265676498413,2000,fa,mnist,div255,mlp,tanh,sigmoid_bce,e,,,,,,,,,,,,,,,,,,,,,
0.3873637318611145,0.968482255935669,45.13119695968853,0.3898089230060577,0.9622159600257874,24.5952692787679,0.387746512889862,0.850824773311615,18.025297465816816,0,,,,,,1.3514316082000732,1.3153156274290676,fa_centere,1,1,,,,,,,,,,E3_generality/fa_centere/seed1_fb1.csv,3,0.9887229204177856,0.3873637318611145,0.3873637318611145,0.9887229204177856,13.798158645629885,,0.987758994102478,0.3898089230060577,0.3898089230060577,0.992600440979004,11.267420768737791,,0.9730636477470398,0.387746512889862,0.387746512889862,0.9939010739326476,9.42509651184082,,0.5556640625,0.79296875,0.8310546875,,0.85498046875,2000,1.9955419301986692,1.9955419301986692,25.795081970600872,10.537464484814349,8.735378080908937,1.3514316082000732,1.264911064067352,1.0,0.001,1.0,1.0,128,300,3,2000,-1.0,0,0,0,0,0,0.0,1.0,0,10,3.2490788990307586,35.225006103515625,11.317754030227661,2000,fa,mnist,div255,mlp,tanh,sigmoid_bce,e,,,,,,,,,,,,,,,,,,,,,
0.4126372337341308,0.9687527418136596,43.340251179226186,0.3982468843460083,0.9657646417617798,24.15403142532316,0.3910796046257019,0.9177939295768738,18.011993763912173,0,,,,,,1.247653603553772,1.2393053778888916,fa_centere,2,2,,,,,,,,,,E3_generality/fa_centere/seed2_fb2.csv,3,0.9858370423316956,0.4126372337341308,0.4126372337341308,0.9858370423316956,15.55845069885254,,0.9886037111282348,0.3982468843460083,0.3982468843460083,0.9923094511032104,11.637540817260742,,0.9689093828201294,0.3910796046257019,0.3910796046257019,0.993703842163086,9.466567993164062,,0.5263671875,0.79345703125,0.82666015625,,0.8544921875,2000,1.945761442184448,1.945761442184448,23.719888895426525,10.842361481867695,8.274976220576836,1.247653603553772,1.264911064067352,1.0,0.001,1.0,1.0,128,300,3,2000,-1.0,0,0,0,0,0,0.0,1.0,0,10,3.2490788990307586,35.225006103515625,9.309092283248901,2000,fa,mnist,div255,mlp,tanh,sigmoid_bce,e,,,,,,,,,,,,,,,,,,,,,
0.636136531829834,0.9512943029403688,6.23401581834079,0.759422242641449,0.925679087638855,4.922393928136136,0.8536233901977539,0.8966671228408813,5.315300262706952,690,100.0,540.0,880.0,780.0,0.11077473958333334,1.268113374710083,1.243146311919651,fa_depth6,0,0,0.9356689453125,0.8199277520179749,5.736920561568244,0.9836120009422302,0.6327126622200012,6.779178288606855,0.9988789558410645,0.1968649327754974,10.086517640713442,E3_generality/fa_depth6/seed0_fb0.csv,6,0.9512943029403688,0.636136531829834,0.3761306405067444,0.9893821477890016,13.984066009521484,,0.925679087638855,0.759422242641449,0.3800201714038849,0.9920334219932556,11.566617965698242,,0.8966671228408813,0.8536233901977539,0.3536507487297058,0.994549036026001,8.627571105957031,,0.13525390625,0.4013671875,0.68115234375,,0.7998046875,2000,1.6532433032989502,1.6532433032989502,33.84983310085365,14.00160243300144,11.742659740774805,1.268113374710083,1.264911064067352,1.0,0.001,1.0,1.0,128,300,6,2000,-1.0,0,0,0,0,0,0.0,1.0,0,10,3.2490788990307586,35.225006103515625,15.006277561187744,2000,fa,mnist,div255,mlp,tanh,sigmoid_bce,none,0.8199277520179749,0.9356689453125,0.3894586265087127,0.994669497013092,8.58588981628418,,0.6327126622200012,0.9836120009422302,0.3769061267375946,0.99579656124115,6.992161750793457,,0.1968649327754974,0.9988789558410645,0.3797813057899475,0.9969165325164796,6.454602241516113,,8.996318017779956,8.95736965446367,7.46813791021362
0.6722150444984436,0.9429205656051636,5.580152268099029,0.790500819683075,0.9205625653266908,4.185157716890871,0.8811708688735962,0.8582457304000854,4.300213224261417,550,90.0,420.0,760.0,670.0,0.10868566176470588,1.277761459350586,1.2649650708532765,fa_depth6,1,1,0.9474833607673644,0.7907342910766602,4.874847929063606,0.9834806323051452,0.6498966813087463,5.728510712571993,0.9978470802307128,0.3402895629405975,7.737566185190389,E3_generality/fa_depth6/seed1_fb1.csv,6,0.9429205656051636,0.6722150444984436,0.3875109553337097,0.9866976141929626,13.712690353393556,,0.9205625653266908,0.790500819683075,0.3620741665363312,0.9935430884361268,10.005876541137695,,0.8582457304000854,0.8811708688735962,0.3915127217769623,0.9941805005073548,9.439598083496094,,0.1474609375,0.4521484375,0.744140625,,0.8369140625,2000,1.434755802154541,1.434755802154541,42.836466977783495,17.397917689138286,13.014569705490059,1.277761459350586,1.264911064067352,1.0,0.001,1.0,1.0,128,300,6,2000,-1.0,0,0,0,0,0,0.0,1.0,0,10,3.2490788990307586,35.225006103515625,14.922985553741455,2000,fa,mnist,div255,mlp,tanh,sigmoid_bce,none,0.7907342910766602,0.9474833607673644,0.3989361226558685,0.9956934452056884,8.181721687316895,,0.6498966813087463,0.9834806323051452,0.3609684705734253,0.9969204664230348,6.11955451965332,,0.3402895629405975,0.9978470802307128,0.3332803547382355,0.9978035688400269,4.935523986816406,,12.344939219254185,10.857486586310825,8.41895129585805
0.5914782881736755,0.9665994048118592,6.2557339833845855,0.7147087454795837,0.9421173334121704,4.016299339169646,0.8157170414924622,0.9190085530281068,3.972806924387593,600,100.0,330.0,820.0,720.0,0.11212158203125,1.2086238861083984,1.1214500438415693,fa_depth6,2,2,0.911856472492218,0.8510019183158875,4.286768229035107,0.9731290936470032,0.6978389620780945,5.328088606645844,0.9968954920768738,0.3319422006607055,7.700815475390116,E3_generality/fa_depth6/seed2_fb2.csv,6,0.9665994048118592,0.5914782881736755,0.3762656152248382,0.9880829453468324,13.667789459228516,,0.9421173334121704,0.7147087454795837,0.3832592368125915,0.992002546787262,11.445853233337402,,0.9190085530281068,0.8157170414924622,0.3911609947681427,0.9935991764068604,9.981972694396973,,0.15380859375,0.5654296875,0.755859375,,0.83642578125,2000,1.4079543352127075,1.4079543352127075,26.56916884691263,10.758065123290246,9.128389793931406,1.2086238861083984,1.264911064067352,1.0,0.001,1.0,1.0,128,300,6,2000,-1.0,0,0,0,0,0,0.0,1.0,0,10,3.2490788990307586,35.225006103515625,20.777019500732422,2000,fa,mnist,div255,mlp,tanh,sigmoid_bce,none,0.8510019183158875,0.911856472492218,0.4044045805931091,0.9938236474990844,8.904194831848145,,0.6978389620780945,0.9731290936470032,0.3984022438526153,0.9961759448051452,7.665379047393799,,0.3319422006607055,0.9968954920768738,0.4371293783187866,0.9955268502235411,8.051824569702148,,8.054709113252567,7.2642147810309,6.3556074600733
0.4588890075683594,0.9695356488227844,39.8988468617508,0.5233539342880249,0.9380746483802797,27.631600162574056,0.5323304533958435,0.868494987487793,34.507331825702884,0,,,,,,1.268113374710083,1.3086545325003216,fa_depth6_center,0,0,0.5318120121955872,0.7153530120849609,42.31178405942708,0.5438104271888733,0.4593804180622101,57.973083359846925,0.564149796962738,0.1599642634391784,79.6103513776155,E3_generality/fa_depth6_center/seed0_fb0.csv,6,0.9763209223747252,0.4422330260276794,0.3761306405067444,0.9893821477890016,13.984066009521484,,0.959748387336731,0.5033657550811768,0.3800201714038849,0.9920334219932556,11.566617965698242,,0.9399796724319458,0.4953632950782776,0.3536507487297058,0.994549036026001,8.627571105957031,,0.2802734375,0.486328125,0.5322265625,,0.5712890625,2000,3.4615232944488525,3.4615232944488525,33.84983310085365,14.00160243300144,11.742659740774805,1.268113374710083,1.264911064067352,1.0,0.001,1.0,1.0,128,300,6,2000,-1.0,0,0,0,0,0,0.0,1.0,0,10,3.2490788990307586,35.225006103515625,15.726469993591309,2000,fa,mnist,div255,mlp,tanh,sigmoid_bce,delta,0.9079372882843018,0.5064325928688049,0.3894586265087127,0.994669497013092,8.58588981628418,,0.7911168932914734,0.5419614911079407,0.3769061267375946,0.99579656124115,6.992161750793457,,0.5579109191894531,0.5611574649810791,0.3797813057899475,0.9969165325164796,6.454602241516113,,8.996318017779956,8.95736965446367,7.46813791021362
0.4314063489437103,0.9730373024940492,38.44741641131835,0.4438583552837372,0.9712597727775574,23.50275358661495,0.4323119819164276,0.954072654247284,22.953797417592067,0,,,,,,1.277761459350586,1.280456060239968,fa_depth6_center,1,1,0.3989361226558685,0.921291172504425,24.973989194785432,0.3609684705734253,0.838103175163269,28.611928885619857,0.3465326130390167,0.7111718058586121,33.27613465206619,E3_generality/fa_depth6_center/seed1_fb1.csv,6,0.979580581188202,0.3975424766540527,0.3875109553337097,0.9866976141929626,13.712690353393556,,0.9817436933517456,0.38260418176651,0.3620741665363312,0.9935430884361268,10.005876541137695,,0.9737269878387452,0.3915127217769623,0.3915127217769623,0.9941805005073548,9.439598083496094,,0.435546875,0.62109375,0.71826171875,,0.7607421875,2000,2.443603277206421,2.443603277206421,42.836466977783495,17.397917689138286,13.014569705490059,1.277761459350586,1.264911064067352,1.0,0.001,1.0,1.0,128,300,6,2000,-1.0,0,0,0,0,0,0.0,1.0,0,10,3.2490788990307586,35.225006103515625,15.357462406158447,2000,fa,mnist,div255,mlp,tanh,sigmoid_bce,delta,0.9540901184082032,0.3989361226558685,0.3989361226558685,0.9956934452056884,8.181721687316895,,0.9019147157669068,0.3609684705734253,0.3609684705734253,0.9969204664230348,6.11955451965332,,0.7462283372879028,0.3465326130390167,0.3332803547382355,0.9978035688400269,4.935523986816406,,12.344939219254185,10.857486586310825,8.41895129585805
0.4537422657012939,0.9657252430915833,38.46296484613248,0.4751187860965729,0.9554822444915771,26.270437107332143,0.5025918483734131,0.9241623282432556,26.892644853005265,0,,,,,,1.2086238861083984,1.2149515683468655,fa_depth6_center,2,2,0.5008930563926697,0.8408383131027222,31.666973882809067,0.4743395447731018,0.6298621296882629,40.899199966963856,0.4371293783187866,0.3066117763519287,61.13855576917931,E3_generality/fa_depth6_center/seed2_fb2.csv,6,0.9748606085777284,0.4145711362361908,0.3762656152248382,0.9880829453468324,13.667789459228516,,0.9771320223808287,0.4231281876564026,0.3832592368125915,0.992002546787262,11.445853233337402,,0.9713703989982604,0.4104130566120147,0.3911609947681427,0.9935991764068604,9.981972694396973,,0.4443359375,0.58447265625,0.6669921875,,0.74072265625,2000,3.05950140953064,3.05950140953064,26.56916884691263,10.758065123290246,9.128389793931406,1.2086238861083984,1.264911064067352,1.0,0.001,1.0,1.0,128,300,6,2000,-1.0,0,0,0,0,0,0.0,1.0,0,10,3.2490788990307586,35.225006103515625,15.229629755020142,2000,fa,mnist,div255,mlp,tanh,sigmoid_bce,delta,0.9672512412071228,0.4044114649295807,0.4044045805931091,0.9938236474990844,8.904194831848145,,0.94043231010437,0.4026581346988678,0.3984022438526153,0.9961759448051452,7.665379047393799,,0.874538242816925,0.4371293783187866,0.4371293783187866,0.9955268502235411,8.051824569702148,,8.054709113252567,7.2642147810309,6.3556074600733
0.4227049052715301,0.9756417274475098,49.22244609135648,0.4026252031326294,0.9755282998085022,25.94053637382806,0.3660531044006347,0.9783901572227478,22.073071123220867,0,,,,,,1.268113374710083,1.311656251820046,fa_depth6_centere,0,0,0.3894586265087127,0.9760518074035645,19.318047338294765,0.3769061267375946,0.9615620970726012,17.68242847236534,0.3797813057899475,0.8848302364349365,17.56033175571862,E3_generality/fa_depth6_centere/seed0_fb0.csv,6,0.9885517358779908,0.3765207529067993,0.3761306405067444,0.9893821477890016,13.984066009521484,,0.9883248209953308,0.3815093040466308,0.3800201714038849,0.9920334219932556,11.566617965698242,,0.9881911873817444,0.3536507487297058,0.3536507487297058,0.994549036026001,8.627571105957031,,0.451171875,0.64208984375,0.78076171875,,0.82470703125,2000,2.3468074798583984,2.3468074798583984,33.84983310085365,14.00160243300144,11.742659740774805,1.268113374710083,1.264911064067352,1.0,0.001,1.0,1.0,128,300,6,2000,-1.0,0,0,0,0,0,0.0,1.0,0,10,3.2490788990307586,35.225006103515625,16.359362363815308,2000,fa,mnist,div255,mlp,tanh,sigmoid_bce,e,0.982976496219635,0.3894586265087127,0.3894586265087127,0.994669497013092,8.58588981628418,,0.9654140472412108,0.3769061267375946,0.3769061267375946,0.99579656124115,6.992161750793457,,0.8985593318939209,0.3797813057899475,0.3797813057899475,0.9969165325164796,6.454602241516113,,8.996318017779956,8.95736965446367,7.46813791021362
0.4083138108253479,0.9779019355773926,45.84018775260832,0.3885897696018219,0.97905832529068,22.564542488719137,0.3915127217769623,0.9805572032928468,19.40935896671468,0,,,,,,1.277761459350586,1.2833427085671463,fa_depth6_centere,1,1,0.3989361226558685,0.9781897664070128,17.086324988189148,0.3609684705734253,0.9659850001335144,16.583509211940946,0.3332803547382355,0.8896496891975403,16.480306103093618,E3_generality/fa_depth6_centere/seed1_fb1.csv,6,0.9866976141929626,0.3875109553337097,0.3875109553337097,0.9866976141929626,13.712690353393556,,0.9906157851219176,0.3620741665363312,0.3620741665363312,0.9935430884361268,10.005876541137695,,0.9894050359725952,0.3915127217769623,0.3915127217769623,0.9941805005073548,9.439598083496094,,0.501953125,0.751953125,0.79833984375,,0.83203125,2000,2.179016590118408,2.179016590118408,42.836466977783495,17.397917689138286,13.014569705490059,1.277761459350586,1.264911064067352,1.0,0.001,1.0,1.0,128,300,6,2000,-1.0,0,0,0,0,0,0.0,1.0,0,10,3.2490788990307586,35.225006103515625,15.855190753936768,2000,fa,mnist,div255,mlp,tanh,sigmoid_bce,e,0.9849871397018432,0.3989361226558685,0.3989361226558685,0.9956934452056884,8.181721687316895,,0.9687971472740172,0.3609684705734253,0.3609684705734253,0.9969204664230348,6.11955451965332,,0.9212666153907776,0.3332803547382355,0.3332803547382355,0.9978035688400269,4.935523986816406,,12.344939219254185,10.857486586310825,8.41895129585805
0.4236399531364441,0.972636878490448,47.47493008072959,0.4000648558139801,0.9786145687103271,26.17853111349149,0.392819344997406,0.976867377758026,21.22356985621691,0,,,,,,1.2086238861083984,1.2139010635757455,fa_depth6_centere,2,2,0.4056519567966461,0.9710898995399476,19.521248959609288,0.4022530913352966,0.9668323397636414,16.574487825391213,0.4375208914279938,0.9467116594314576,14.133161012801589,E3_generality/fa_depth6_centere/seed2_fb2.csv,6,0.9865350127220154,0.3782013058662414,0.3762656152248382,0.9880829453468324,13.667789459228516,,0.9915282726287842,0.3843704462051391,0.3832592368125915,0.992002546787262,11.445853233337402,,0.9914981722831726,0.392819344997406,0.3911609947681427,0.9935991764068604,9.981972694396973,,0.60986328125,0.7890625,0.83642578125,,0.853515625,2000,1.8755550384521484,1.8755550384521484,26.56916884691263,10.758065123290246,9.128389793931406,1.2086238861083984,1.264911064067352,1.0,0.001,1.0,1.0,128,300,6,2000,-1.0,0,0,0,0,0,0.0,1.0,0,10,3.2490788990307586,35.225006103515625,15.831421136856079,2000,fa,mnist,div255,mlp,tanh,sigmoid_bce,e,0.9885688424110411,0.4056519567966461,0.4044045805931091,0.9938236474990844,8.904194831848145,,0.9806115031242372,0.4022530913352966,0.3984022438526153,0.9961759448051452,7.665379047393799,,0.9559789896011353,0.4375208914279938,0.4371293783187866,0.9955268502235411,8.051824569702148,,8.054709113252567,7.2642147810309,6.3556074600733
0.9256651401519777,0.6004067659378052,12.219329143748674,0.9860585927963256,0.3498821854591369,13.930026385177396,0.998115301132202,0.2236024737358093,15.327748678199658,220,80.0,170.0,390.0,310.0,0.10400390625,1.2589316368103027,1.1426114697557244,fashion,0,0,,,,,,,,,,E3_generality/fashion/seed0_fb0.csv,3,0.6004067659378052,0.9256651401519777,0.5549818277359009,0.955347180366516,30.16126823425293,0.5007710456848145,0.3498821854591369,0.9860585927963256,0.5457479357719421,0.9761385917663574,21.28385162353516,0.3917546570301056,0.2236024737358093,0.998115301132202,0.521622896194458,0.9837766289711,15.836343765258787,0.2305019944906234,0.365234375,0.63134765625,0.69873046875,,0.75244140625,2000,1.3220515251159668,1.3220515251159668,38.73140387282075,12.79923298097413,9.15290759345832,1.2589316368103027,1.264911064067352,1.0,0.001,1.0,1.0,128,300,3,2000,-1.0,0,0,0,0,0,0.0,1.0,0,10,3.250811768834607,93.29624938964844,11.891377210617065,2000,dfa,fashion,div255,mlp,tanh,sigmoid_bce,none,,,,,,,,,,,,,,,,,,,,,
0.931708574295044,0.5985304713249207,13.56064468283378,0.9915833473205566,0.29096519947052,14.631561382809362,0.998924195766449,0.1846042871475219,18.9490235289216,260,90.0,280.0,400.0,310.0,0.0676513671875,1.314539670944214,1.3588274933664624,fashion,1,1,,,,,,,,,,E3_generality/fashion/seed1_fb1.csv,3,0.5985304713249207,0.931708574295044,0.5890313386917114,0.9565590023994446,32.053829193115234,0.4917210936546325,0.29096519947052,0.9915833473205566,0.5866285562515259,0.974284827709198,23.38807678222656,0.3646889925003052,0.1846042871475219,0.998924195766449,0.5701913237571716,0.9810256361961364,17.180545806884766,0.2354399114847183,0.31640625,0.52734375,0.68115234375,,0.7373046875,2000,1.3795901536941528,1.3795901536941528,37.452055286476394,13.128134431465478,9.686319507836638,1.314539670944214,1.264911064067352,1.0,0.001,1.0,1.0,128,300,3,2000,-1.0,0,0,0,0,0,0.0,1.0,0,10,3.250811768834607,93.29624938964844,11.24065613746643,2000,dfa,fashion,div255,mlp,tanh,sigmoid_bce,none,,,,,,,,,,,,,,,,,,,,,
0.9289759993553162,0.6138057112693787,12.882652597385572,0.9871479868888856,0.3350529670715332,14.45707162670416,0.9980315566062928,0.2200030833482742,16.408560915609726,220,90.0,240.0,360.0,270.0,0.101776123046875,1.2707732915878296,1.243440515344923,fashion,2,2,,,,,,,,,,E3_generality/fashion/seed2_fb2.csv,3,0.6138057112693787,0.9289759993553162,0.6114277839660645,0.9451389908790588,35.670509338378906,0.4939844906330108,0.3350529670715332,0.9871479868888856,0.6287307739257812,0.9632149338722228,27.626474380493164,0.3847771286964416,0.2200030833482742,0.9980315566062928,0.6338671445846558,0.9748307466506958,21.552217483520508,0.2507306933403015,0.26806640625,0.56787109375,0.6953125,,0.748046875,2000,1.3533705472946167,1.3533705472946167,29.18688208000012,11.350375426387876,8.860559539935627,1.2707732915878296,1.264911064067352,1.0,0.001,1.0,1.0,128,300,3,2000,-1.0,0,0,0,0,0,0.0,1.0,0,10,3.250811768834607,93.29624938964844,9.960339784622192,2000,dfa,fashion,div255,mlp,tanh,sigmoid_bce,none,,,,,,,,,,,,,,,,,,,,,
0.6226041913032532,0.9260403513908386,11.375500417010064,0.7034297585487366,0.9267174601554872,4.465764755783256,0.7770705223083496,0.9087439179420472,4.235678240527076,0,,,,,,1.2589316368103027,0.8911294867791949,fashion_bp,0,0,,,,,,,,,,E3_generality/fashion_bp/seed0_fb0.csv,3,0.9370943307876588,0.6226041913032532,0.5549818277359009,0.955347180366516,30.16126823425293,,0.9352176189422609,0.7034297585487366,0.5457479357719421,0.9761385917663574,21.28385162353516,,0.9280462265014648,0.7770705223083496,0.521622896194458,0.9837766289711,15.836343765258787,,0.60986328125,0.68359375,0.7109375,,0.7197265625,2000,1.5797069072723389,1.5797069072723389,38.73140387282075,12.79923298097413,9.15290759345832,1.2589316368103027,1.264911064067352,1.0,0.001,1.0,1.0,128,300,3,2000,-1.0,0,0,0,0,0,0.0,1.0,0,10,3.250811768834607,93.29624938964844,8.504348993301392,2000,bp,fashion,div255,mlp,tanh,sigmoid_bce,none,,,,,,,,,,,,,,,,,,,,,
0.7369933128356934,0.4384813606739044,72.23055820910606,0.6428467631340027,0.3794680535793304,112.93463506738549,0.5951101779937744,0.4481788873672485,89.07574694282953,0,,,,,,1.2589316368103027,1.2715031806942314,fashion_center,0,0,,,,,,,,,,E3_generality/fashion_center/seed0_fb0.csv,3,0.6472294330596924,0.7129503488540649,0.5549818277359009,0.955347180366516,30.16126823425293,-0.0650442093610763,0.5712094902992249,0.6428467631340027,0.5457479357719421,0.9761385917663574,21.28385162353516,0.0751269683241844,0.5213502049446106,0.5951101779937744,0.521622896194458,0.9837766289711,15.836343765258787,0.1058942303061485,0.44287109375,0.4921875,0.6396484375,,0.6357421875,2000,2.4822654724121094,2.4822654724121094,38.73140387282075,12.79923298097413,9.15290759345832,1.2589316368103027,1.264911064067352,1.0,0.001,1.0,1.0,128,300,3,2000,-1.0,0,0,0,0,0,0.0,1.0,0,10,3.250811768834607,93.29624938964844,8.996227502822876,2000,dfa,fashion,div255,mlp,tanh,sigmoid_bce,delta,,,,,,,,,,,,,,,,,,,,,
0.7314088940620422,0.4433835744857788,68.69655372013119,0.7085875272750854,0.4538091421127319,106.7233724792878,0.7178067564964294,0.4242040812969208,72.68898878665206,0,,,,,,1.314539670944214,1.2784470065020934,fashion_center,1,1,,,,,,,,,,E3_generality/fashion_center/seed1_fb1.csv,3,0.6712112426757812,0.6927070021629333,0.5890313386917114,0.9565590023994446,32.053829193115234,-0.0072577893733978,0.6328268051147461,0.7085875272750854,0.5866285562515259,0.974284827709198,23.38807678222656,0.0721124783158302,0.5458108186721802,0.7178067564964294,0.5701913237571716,0.9810256361961364,17.180545806884766,0.0788325294852256,0.37158203125,0.4814453125,0.5908203125,,0.609375,2000,2.4481186866760254,2.4481186866760254,37.452055286476394,13.128134431465478,9.686319507836638,1.314539670944214,1.264911064067352,1.0,0.001,1.0,1.0,128,300,3,2000,-1.0,0,0,0,0,0,0.0,1.0,0,10,3.250811768834607,93.29624938964844,9.920130729675293,2000,dfa,fashion,div255,mlp,tanh,sigmoid_bce,delta,,,,,,,,,,,,,,,,,,,,,
0.7933205962181091,0.4353677630424499,40.14986543975712,0.7096909880638123,0.4643294513225555,54.55635524216411,0.6382082104682922,0.5379266738891602,44.67735476186829,0,,,,,,1.2707732915878296,1.2199406701076965,fashion_center,2,2,,,,,,,,,,E3_generality/fashion_center/seed2_fb2.csv,3,0.6932553052902222,0.7473624348640442,0.6114277839660645,0.9451389908790588,35.670509338378906,0.1390012055635452,0.7091456651687622,0.6733266711235046,0.6287307739257812,0.9632149338722228,27.626474380493164,0.2016418874263763,0.7357360124588013,0.6382082104682922,0.6338671445846558,0.9748307466506958,21.552217483520508,0.1381824761629104,0.3818359375,0.56787109375,0.60400390625,,0.62353515625,2000,1.9658195972442627,1.9658195972442627,29.18688208000012,11.350375426387876,8.860559539935627,1.2707732915878296,1.264911064067352,1.0,0.001,1.0,1.0,128,300,3,2000,-1.0,0,0,0,0,0,0.0,1.0,0,10,3.250811768834607,93.29624938964844,10.183769464492798,2000,dfa,fashion,div255,mlp,tanh,sigmoid_bce,delta,,,,,,,,,,,,,,,,,,,,,
0.5570731163024902,0.7362390756607056,133.7903086850841,0.5464149117469788,0.5268546938896179,53.33056268720689,0.521622896194458,0.4469540417194366,54.55971432546389,0,,,,,,1.2589316368103027,1.2706245216576542,fashion_centere,0,0,,,,,,,,,,E3_generality/fashion_centere/seed0_fb0.csv,3,0.9016836285591124,0.5570731163024902,0.5549818277359009,0.955347180366516,30.16126823425293,0.3026151657104492,0.7693776488304138,0.5464149117469788,0.5457479357719421,0.9761385917663574,21.28385162353516,0.2232961058616638,0.5607368350028992,0.521622896194458,0.521622896194458,0.9837766289711,15.836343765258787,0.1222302019596099,0.48828125,0.6201171875,0.64208984375,,0.693359375,2000,2.771895170211792,2.771895170211792,38.73140387282075,12.79923298097413,9.15290759345832,1.2589316368103027,1.264911064067352,1.0,0.001,1.0,1.0,128,300,3,2000,-1.0,0,0,0,0,0,0.0,1.0,0,10,3.250811768834607,93.29624938964844,9.606290578842163,2000,dfa,fashion,div255,mlp,tanh,sigmoid_bce,e,,,,,,,,,,,,,,,,,,,,,
0.5895835161209106,0.8986247777938843,133.26666015962442,0.5922490954399109,0.6732759475708008,39.86462512280175,0.5830729007720947,0.5055525302886963,36.63992185630652,0,,,,,,1.314539670944214,1.2927071728257518,fashion_centere,1,1,,,,,,,,,,E3_generality/fashion_centere/seed1_fb1.csv,3,0.9315708875656128,0.5895835161209106,0.5890313386917114,0.9565590023994446,32.053829193115234,0.3117555379867553,0.8896360397338867,0.5922490954399109,0.5866285562515259,0.974284827709198,23.38807678222656,0.2195713818073272,0.8082790970802307,0.5830729007720947,0.5701913237571716,0.9810256361961364,17.180545806884766,0.1396718174219131,0.509765625,0.6259765625,0.6591796875,,0.7001953125,2000,2.8430447578430176,2.8430447578430176,37.452055286476394,13.128134431465478,9.686319507836638,1.314539670944214,1.264911064067352,1.0,0.001,1.0,1.0,128,300,3,2000,-1.0,0,0,0,0,0,0.0,1.0,0,10,3.250811768834607,93.29624938964844,9.595194101333618,2000,dfa,fashion,div255,mlp,tanh,sigmoid_bce,e,,,,,,,,,,,,,,,,,,,,,
0.6114277839660645,0.8239158987998962,125.44609186513466,0.6287307739257812,0.6624861359596252,43.99559633288545,0.6383225321769714,0.5796403288841248,37.96473106450016,0,,,,,,1.2707732915878296,1.210605873448511,fashion_centere,2,2,,,,,,,,,,E3_generality/fashion_centere/seed2_fb2.csv,3,0.9373495578765868,0.6114277839660645,0.6114277839660645,0.9451389908790588,35.670509338378906,0.3257301747798919,0.9098132848739624,0.6287307739257812,0.6287307739257812,0.9632149338722228,27.626474380493164,0.2272294163703918,0.8471066355705261,0.6383225321769714,0.6338671445846558,0.9748307466506958,21.552217483520508,0.1427707821130752,0.498046875,0.64501953125,0.6767578125,,0.71484375,2000,2.619345188140869,2.618614673614502,29.18688208000012,11.350375426387876,8.860559539935627,1.2707732915878296,1.264911064067352,1.0,0.001,1.0,1.0,128,300,3,2000,-1.0,0,0,0,0,0,0.0,1.0,0,10,3.250811768834607,93.29624938964844,9.811418533325195,2000,dfa,fashion,div255,mlp,tanh,sigmoid_bce,e,,,,,,,,,,,,,,,,,,,,,
0.2682707905769348,0.882362425327301,1.657740147733121,0.2764046788215637,0.8051169514656067,0.2055768674627391,0.251286506652832,0.7085202932357788,0.102705556384164,0,,,,,,0.1057262420654296,0.0930202340239648,fashion_softmax,0,0,,,,,,,,,,E3_generality/fashion_softmax/seed0_fb0.csv,3,0.882362425327301,0.2682707905769348,0.2682707905769348,0.947088062763214,36.23274612426758,0.4814238548278808,0.8051169514656067,0.2764046788215637,0.2764046788215637,0.975738525390625,21.52063751220703,0.3543987572193146,0.7085202932357788,0.251286506652832,0.251286506652832,0.9845760464668274,13.220178604125977,0.1782871484756469,0.58544921875,0.78271484375,0.80517578125,,0.82080078125,2000,0.5069971084594727,0.5069971084594727,,,,0.1057262420654296,,1.0,0.001,1.0,1.0,128,300,3,2000,-1.0,0,0,0,0,0,0.0,1.0,0,10,2.302568924353064,236.16775512695312,9.778838634490967,2000,dfa,fashion,standardize,mlp,tanh,softmax_ce,none,,,,,,,,,,,,,,,,,,,,,
0.2939448356628418,0.9023550152778624,1.1949388728206718,0.2917015850543976,0.9065977931022644,0.2174481293853757,0.3001383543014526,0.8831338882446289,0.1204569800015217,0,,,,,,0.1354975253343582,0.14110780131274833,fashion_softmax,1,1,,,,,,,,,,E3_generality/fashion_softmax/seed1_fb1.csv,3,0.9055517315864564,0.2939448356628418,0.2939448356628418,0.9411801099777222,37.88542938232422,0.4716982245445251,0.9065977931022644,0.2917015850543976,0.2889871895313263,0.973456084728241,20.92232322692871,0.3176348805427551,0.8831338882446289,0.3001383543014526,0.3001383543014526,0.9836903214454652,14.851640701293944,0.1854103207588195,0.6767578125,0.76171875,0.79345703125,,0.8046875,2000,0.5670343041419983,0.5670343041419983,,,,0.1354975253343582,,1.0,0.001,1.0,1.0,128,300,3,2000,-1.0,0,0,0,0,0,0.0,1.0,0,10,2.302568924353064,236.16775512695312,11.24216914176941,2000,dfa,fashion,standardize,mlp,tanh,softmax_ce,none,,,,,,,,,,,,,,,,,,,,,
0.2828536331653595,0.8967102766036987,0.9222784139222816,0.2728225588798523,0.8871198296546936,0.3459166289550057,0.2775862514972687,0.8684111833572388,0.1825582079804086,0,,,,,,0.0803934559226036,0.10352493357720582,fashion_softmax,2,2,,,,,,,,,,E3_generality/fashion_softmax/seed2_fb2.csv,3,0.8990738391876221,0.2828536331653595,0.2804020643234253,0.9373611211776732,38.68546295166016,0.4906380474567413,0.8871198296546936,0.2728225588798523,0.2589071094989776,0.9747565388679504,20.090560913085938,0.3431091010570526,0.8684111833572388,0.2775862514972687,0.2594405114650726,0.98312109708786,13.732145309448242,0.2042915970087051,0.6962890625,0.7724609375,0.79931640625,,0.81103515625,2000,0.5436267256736755,0.5427316427230835,,,,0.0803934559226036,,1.0,0.001,1.0,1.0,128,300,3,2000,-1.0,0,0,0,0,0,0.0,1.0,0,10,2.302568924353064,236.16775512695312,10.177777290344238,2000,dfa,fashion,standardize,mlp,tanh,softmax_ce,none,,,,,,,,,,,,,,,,,,,,,
0.2682707905769348,0.94282728433609,2.742477007223717,0.2764046788215637,0.975738525390625,0.4069208066863712,0.251286506652832,0.979707896709442,0.2329834567059713,0,,,,,,0.1057262420654296,0.10166937381060975,fashion_softmax_bp,0,0,,,,,,,,,,E3_generality/fashion_softmax_bp/seed0_fb0.csv,3,0.9441800713539124,0.2682707905769348,0.2682707905769348,0.947088062763214,36.23274612426758,,0.975738525390625,0.2764046788215637,0.2764046788215637,0.975738525390625,21.52063751220703,,0.9829121828079224,0.251286506652832,0.251286506652832,0.9845760464668274,13.220178604125977,,0.7197265625,0.75634765625,0.7685546875,,0.7802734375,2000,0.6235072612762451,0.6235072612762451,,,,0.1057262420654296,,1.0,0.001,1.0,1.0,128,300,3,2000,-1.0,0,0,0,0,0,0.0,1.0,0,10,2.302568924353064,236.16775512695312,9.136472463607788,2000,bp,fashion,standardize,mlp,tanh,softmax_ce,none,,,,,,,,,,,,,,,,,,,,,
0.2682707905769348,0.8465635776519775,6.740290727584569,0.2764046788215637,0.7700119614601135,1.242133607197563,0.251286506652832,0.6745431423187256,0.7418602591803859,0,,,,,,0.1057262420654296,0.10339952308599057,fashion_softmax_center,0,0,,,,,,,,,,E3_generality/fashion_softmax_center/seed0_fb0.csv,3,0.8700161576271057,0.2682707905769348,0.2682707905769348,0.947088062763214,36.23274612426758,0.4720513522624969,0.7700119614601135,0.2764046788215637,0.2764046788215637,0.975738525390625,21.52063751220703,0.3609673082828522,0.6745431423187256,0.251286506652832,0.251286506652832,0.9845760464668274,13.220178604125977,0.1822096109390258,0.62451171875,0.7568359375,0.7919921875,,0.80712890625,2000,0.5784049034118652,0.5784049034118652,,,,0.1057262420654296,,1.0,0.001,1.0,1.0,128,300,3,2000,-1.0,0,0,0,0,0,0.0,1.0,0,10,2.302568924353064,236.16775512695312,9.586745500564575,2000,dfa,fashion,standardize,mlp,tanh,softmax_ce,delta,,,,,,,,,,,,,,,,,,,,,
0.2939448356628418,0.8285338282585144,11.866488813685482,0.2889871895313263,0.8827610015869141,2.310443110627303,0.3001383543014526,0.8734624981880188,1.409946763702555,0,,,,,,0.1354975253343582,0.13352728690181861,fashion_softmax_center,1,1,,,,,,,,,,E3_generality/fashion_softmax_center/seed1_fb1.csv,3,0.8927589654922485,0.2939448356628418,0.2939448356628418,0.9411801099777222,37.88542938232422,0.4845412373542785,0.8915293216705322,0.2889871895313263,0.2889871895313263,0.973456084728241,20.92232322692871,0.3239615559577942,0.8734624981880188,0.3001383543014526,0.3001383543014526,0.9836903214454652,14.851640701293944,0.1751690804958343,0.63671875,0.7451171875,0.77197265625,,0.783203125,2000,0.6171717643737793,0.6171717643737793,,,,0.1354975253343582,,1.0,0.001,1.0,1.0,128,300,3,2000,-1.0,0,0,0,0,0,0.0,1.0,0,10,2.302568924353064,236.16775512695312,9.108170509338379,2000,dfa,fashion,standardize,mlp,tanh,softmax_ce,delta,,,,,,,,,,,,,,,,,,,,,
0.2804020643234253,0.8273264765739441,2.229894140998504,0.2610796093940735,0.8708176016807556,0.3017837050211849,0.267705500125885,0.8509535193443298,0.1302032242030726,0,,,,,,0.0803934559226036,0.0959674887193316,fashion_softmax_center,2,2,,,,,,,,,,E3_generality/fashion_softmax_center/seed2_fb2.csv,3,0.8828945159912109,0.2804020643234253,0.2804020643234253,0.9373611211776732,38.68546295166016,0.4627739489078522,0.8708176016807556,0.2610796093940735,0.2589071094989776,0.9747565388679504,20.090560913085938,0.3348628878593445,0.8509535193443298,0.267705500125885,0.2594405114650726,0.98312109708786,13.732145309448242,0.1987437009811401,0.64892578125,0.75146484375,0.779296875,,0.79931640625,2000,0.5888042449951172,0.5888042449951172,,,,0.0803934559226036,,1.0,0.001,1.0,1.0,128,300,3,2000,-1.0,0,0,0,0,0,0.0,1.0,0,10,2.302568924353064,236.16775512695312,9.188198566436768,2000,dfa,fashion,standardize,mlp,tanh,softmax_ce,delta,,,,,,,,,,,,,,,,,,,,,
0.2682707905769348,0.880304753780365,2.759150725213986,0.2764046788215637,0.8010410070419312,0.2962541940045474,0.251286506652832,0.7016390562057495,0.154625357236371,0,,,,,,0.1057262420654296,0.10006431011256672,fashion_softmax_centere,0,0,,,,,,,,,,E3_generality/fashion_softmax_centere/seed0_fb0.csv,3,0.880304753780365,0.2682707905769348,0.2682707905769348,0.947088062763214,36.23274612426758,0.4818806052207947,0.8010410070419312,0.2764046788215637,0.2764046788215637,0.975738525390625,21.52063751220703,0.3585407137870788,0.7016390562057495,0.251286506652832,0.251286506652832,0.9845760464668274,13.220178604125977,0.1818507462739944,0.60205078125,0.783203125,0.80908203125,,0.8203125,2000,0.5129624605178833,0.5129624605178833,,,,0.1057262420654296,,1.0,0.001,1.0,1.0,128,300,3,2000,-1.0,0,0,0,0,0,0.0,1.0,0,10,2.302568924353064,236.16775512695312,9.348136901855469,2000,dfa,fashion,standardize,mlp,tanh,softmax_ce,e,,,,,,,,,,,,,,,,,,,,,
0.2939448356628418,0.9029115438461304,0.558605847672285,0.2889871895313263,0.9009250402450562,0.1067400064681805,0.3001383543014526,0.872484028339386,0.053234476340692,0,,,,,,0.1354975253343582,0.1303870049751305,fashion_softmax_centere,1,1,,,,,,,,,,E3_generality/fashion_softmax_centere/seed1_fb1.csv,3,0.9037749767303468,0.2939448356628418,0.2939448356628418,0.9411801099777222,37.88542938232422,0.4633778929710388,0.9009250402450562,0.2889871895313263,0.2889871895313263,0.973456084728241,20.92232322692871,0.3082346022129059,0.872484028339386,0.3001383543014526,0.3001383543014526,0.9836903214454652,14.851640701293944,0.179876446723938,0.689453125,0.76318359375,0.7939453125,,0.80126953125,2000,0.5701956748962402,0.5701956748962402,,,,0.1354975253343582,,1.0,0.001,1.0,1.0,128,300,3,2000,-1.0,0,0,0,0,0,0.0,1.0,0,10,2.302568924353064,236.16775512695312,10.128957748413086,2000,dfa,fashion,standardize,mlp,tanh,softmax_ce,e,,,,,,,,,,,,,,,,,,,,,
0.2804020643234253,0.8976773619651794,-0.3533535277865429,0.2598131597042084,0.8740257620811462,0.0227698732612915,0.2613317370414734,0.8493054509162903,0.0021616018274871,0,,,,,,0.0803934559226036,0.08316278644918564,fashion_softmax_centere,2,2,,,,,,,,,,E3_generality/fashion_softmax_centere/seed2_fb2.csv,3,0.8976773619651794,0.2804020643234253,0.2804020643234253,0.9373611211776732,38.68546295166016,0.488545149564743,0.8740257620811462,0.2598131597042084,0.2589071094989776,0.9747565388679504,20.090560913085938,0.3390923142433166,0.8493054509162903,0.2613317370414734,0.2594405114650726,0.98312109708786,13.732145309448242,0.2032333612442016,0.6650390625,0.771484375,0.79833984375,,0.80859375,2000,0.5435521602630615,0.5433691740036011,,,,0.0803934559226036,,1.0,0.001,1.0,1.0,128,300,3,2000,-1.0,0,0,0,0,0,0.0,1.0,0,10,2.302568924353064,236.16775512695312,11.608931541442871,2000,dfa,fashion,standardize,mlp,tanh,softmax_ce,e,,,,,,,,,,,,,,,,,,,,,
0.9096301794052124,0.539992094039917,2.4065912575331376,0.9883173108100892,0.4471291601657867,9.584922075558548,0.9984811544418336,0.4364137947559356,43.83617822848095,350,,,,,,1.2646960020065308,1.3386258351796825,gelu,0,0,,,,,,,,,,E3_generality/gelu/seed0_fb0.csv,3,0.539992094039917,0.9096301794052124,0.3732084631919861,0.7854689955711365,5.346977233886719,0.423243373632431,0.4471291601657867,0.9883173108100892,0.3570496439933777,0.8888198137283325,1.2794908285140991,0.3162023425102234,0.4364137947559356,0.9984811544418336,0.3785949349403381,0.9612262845039368,0.3502341210842132,0.1406865417957306,0.7001953125,0.86669921875,0.88330078125,,0.888671875,2000,0.6898809671401978,0.6804744601249695,186.38029347965383,32.65565991017688,11.728146253132177,1.2646960020065308,1.264911064067352,1.0,0.001,1.0,1.0,128,300,3,2000,-1.0,0,0,0,0,0,0.0,1.0,0,10,3.2490788990307586,35.225006103515625,9.425906419754028,2000,dfa,mnist,div255,mlp,gelu,sigmoid_bce,none,,,,,,,,,,,,,,,,,,,,,
0.9180063009262084,0.5419654846191406,2.609268733047241,0.9895719885826112,0.4510121643543243,9.927031308066882,0.9989721775054932,0.4778605699539184,38.90655973400041,360,,,,,,1.2938796281814575,1.3676742333627283,gelu,1,1,,,,,,,,,,E3_generality/gelu/seed1_fb1.csv,3,0.5419654846191406,0.9180063009262084,0.4304742217063904,0.7914102077484131,6.912725448608398,0.3994382321834564,0.4510121643543243,0.9895719885826112,0.4193434715270996,0.8491572141647339,1.6896121501922607,0.2848947644233703,0.4778605699539184,0.9989721775054932,0.444700688123703,0.9458924531936646,0.4935126304626465,0.1479027271270752,0.66357421875,0.86181640625,0.88916015625,,0.9052734375,2000,0.6468561887741089,0.6384241580963135,172.3883447112862,37.65524947994666,12.799384633975516,1.2938796281814575,1.264911064067352,1.0,0.001,1.0,1.0,128,300,3,2000,-1.0,0,0,0,0,0,0.0,1.0,0,10,3.2490788990307586,35.225006103515625,9.366827964782715,2000,dfa,mnist,div255,mlp,gelu,sigmoid_bce,none,,,,,,,,,,,,,,,,,,,,,
0.8978642821311951,0.5867933630943298,2.215262340574505,0.9848229289054872,0.4434488415718078,8.252029743562616,0.9976304769515992,0.4587434828281402,31.18581551519543,260,,,,,,1.2646095752716064,1.3200419915930017,gelu,2,2,,,,,,,,,,E3_generality/gelu/seed2_fb2.csv,3,0.5867933630943298,0.8978642821311951,0.4237687587738037,0.7603742480278015,6.469388008117676,0.4169231653213501,0.4434488415718078,0.9848229289054872,0.3992116153240204,0.8668850660324097,1.5725098848342896,0.2869795262813568,0.4587434828281402,0.9976304769515992,0.3959591686725616,0.9538552165031432,0.381062775850296,0.1598786264657974,0.7138671875,0.86376953125,0.89794921875,,0.9052734375,2000,0.6473327279090881,0.6390929222106934,182.2073829140625,37.57011488251265,12.939412412982923,1.2646095752716064,1.264911064067352,1.0,0.001,1.0,1.0,128,300,3,2000,-1.0,0,0,0,0,0,0.0,1.0,0,10,3.2490788990307586,35.225006103515625,9.358920097351074,2000,dfa,mnist,div255,mlp,gelu,sigmoid_bce,none,,,,,,,,,,,,,,,,,,,,,
0.7460619211196899,0.6389764547348022,14.94907198876249,0.8815625309944153,0.596863865852356,6.452605675668906,0.9463132619857788,0.5299690365791321,6.095535080524074,1700,,,,,,1.2646960020065308,1.3156921584104015,gelu_bp,0,0,,,,,,,,,,E3_generality/gelu_bp/seed0_fb0.csv,3,0.6711528301239014,0.6184285283088684,0.3732084631919861,0.7854689955711365,5.346977233886719,,0.6525439023971558,0.7975924611091614,0.3570496439933777,0.8888198137283325,1.2794908285140991,,0.624721884727478,0.8980439305305481,0.3785949349403381,0.9612262845039368,0.3502341210842132,,0.2255859375,0.4169921875,0.572265625,,0.66552734375,2000,2.512697696685791,2.512697696685791,186.38029347965383,32.65565991017688,11.728146253132177,1.2646960020065308,1.264911064067352,1.0,0.001,1.0,1.0,128,300,3,2000,-1.0,0,0,0,0,0,0.0,1.0,0,10,3.2490788990307586,35.225006103515625,8.293707132339478,2000,bp,mnist,div255,mlp,gelu,sigmoid_bce,none,,,,,,,,,,,,,,,,,,,,,
0.6118033528327942,0.7193248867988586,16.290137753955673,0.8345255851745605,0.6095697283744812,18.921422181319336,0.993489146232605,0.4687944650650024,2067.0271667409947,1250,,,,,,1.2646960020065308,1.3272295731322297,gelu_center,0,0,,,,,,,,,,E3_generality/gelu_center/seed0_fb0.csv,3,0.7193248867988586,0.4700385928153991,0.3732084631919861,0.7854689955711365,5.346977233886719,0.1225132420659065,0.6592289805412292,0.5684459805488586,0.3570496439933777,0.8888198137283325,1.2794908285140991,0.207852616906166,0.6359043717384338,0.6844499111175537,0.3785949349403381,0.9612262845039368,0.3502341210842132,0.3774521052837372,0.23291015625,0.26513671875,0.203125,,0.0947265625,2000,30028160.0,3.5539357662200928,186.38029347965383,32.65565991017688,11.728146253132177,1.2646960020065308,1.264911064067352,1.0,0.001,1.0,1.0,128,300,3,2000,-1.0,0,0,0,0,0,0.0,1.0,0,10,3.2490788990307586,35.225006103515625,10.56818699836731,2000,dfa,mnist,div255,mlp,gelu,sigmoid_bce,delta,,,,,,,,,,,,,,,,,,,,,
0.633418083190918,0.71867835521698,18.0671120944134,0.831515908241272,0.6317569017410278,19.19293404563037,0.9937807321548462,0.5112470388412476,1362.646334451484,1140,,,,,,1.2938796281814575,1.3516553128745894,gelu_center,1,1,,,,,,,,,,E3_generality/gelu_center/seed1_fb1.csv,3,0.71867835521698,0.4643020927906036,0.4304742217063904,0.7914102077484131,6.912725448608398,0.1665450483560562,0.6761195063591003,0.4865278005599975,0.4193434715270996,0.8491572141647339,1.6896121501922607,0.227735087275505,0.7105023264884949,0.512131929397583,0.444700688123703,0.9458924531936646,0.4935126304626465,0.4030326306819916,0.18994140625,0.15283203125,0.24169921875,,0.2099609375,2000,15326588.0,3.5062804222106934,172.3883447112862,37.65524947994666,12.799384633975516,1.2938796281814575,1.264911064067352,1.0,0.001,1.0,1.0,128,300,3,2000,-1.0,0,0,0,0,0,0.0,1.0,0,10,3.2490788990307586,35.225006103515625,10.093267679214478,2000,dfa,mnist,div255,mlp,gelu,sigmoid_bce,delta,,,,,,,,,,,,,,,,,,,,,
0.573810338973999,0.7180036306381226,19.08732825499688,0.7300422191619873,0.7045847773551941,23.634525066420554,0.9833062887191772,0.4876932799816131,1027.8688610518727,760,,,,,,1.2646095752716064,1.3271033519482904,gelu_center,2,2,,,,,,,,,,E3_generality/gelu_center/seed2_fb2.csv,3,0.7180036306381226,0.4532957673072815,0.4237687587738037,0.7603742480278015,6.469388008117676,0.2289141863584518,0.7047604918479919,0.468189001083374,0.3992116153240204,0.8668850660324097,1.5725098848342896,0.3314807713031769,0.6373849511146545,0.5733546614646912,0.3959591686725616,0.9538552165031432,0.381062775850296,0.4240506887435913,0.34912109375,0.4248046875,0.333984375,,0.2392578125,2000,393734.21875,2.984219551086426,182.2073829140625,37.57011488251265,12.939412412982923,1.2646095752716064,1.264911064067352,1.0,0.001,1.0,1.0,128,300,3,2000,-1.0,0,0,0,0,0,0.0,1.0,0,10,3.2490788990307586,35.225006103515625,9.66430401802063,2000,dfa,mnist,div255,mlp,gelu,sigmoid_bce,delta,,,,,,,,,,,,,,,,,,,,,
0.7444203495979309,0.7346565127372742,10.788959993038029,0.9049822688102722,0.6245675086975098,32.20904925976951,0.9909618496894836,0.5791507363319397,7059.93908431501,1780,,,,,,1.2646960020065308,1.3262097153373695,gelu_centere,0,0,,,,,,,,,,E3_generality/gelu_centere/seed0_fb0.csv,3,0.7346565127372742,0.7030421495437622,0.3732084631919861,0.7854689955711365,5.346977233886719,0.485090434551239,0.6245675086975098,0.872672438621521,0.3570496439933777,0.8888198137283325,1.2794908285140991,0.5465787053108215,0.5791507363319397,0.976238489151001,0.3785949349403381,0.9612262845039368,0.3502341210842132,0.6245743036270142,0.189453125,0.18798828125,0.42529296875,,0.41162109375,2000,15840037.0,3.7168703079223633,186.38029347965383,32.65565991017688,11.728146253132177,1.2646960020065308,1.264911064067352,1.0,0.001,1.0,1.0,128,300,3,2000,-1.0,0,0,0,0,0,0.0,1.0,0,10,3.2490788990307586,35.225006103515625,11.907097578048706,2000,dfa,mnist,div255,mlp,gelu,sigmoid_bce,e,,,,,,,,,,,,,,,,,,,,,
0.7490154504776001,0.7453187704086304,11.01597568022289,0.8977401852607727,0.6026535630226135,34.081685417915786,0.9900607466697692,0.5673559904098511,6630.798830625587,1760,,,,,,1.2938796281814575,1.352452264254022,gelu_centere,1,1,,,,,,,,,,E3_generality/gelu_centere/seed1_fb1.csv,3,0.7453187704086304,0.725466787815094,0.4304742217063904,0.7914102077484131,6.912725448608398,0.3469935059547424,0.6026535630226135,0.858927309513092,0.4193434715270996,0.8491572141647339,1.6896121501922607,0.4790627658367157,0.5673559904098511,0.9664912819862366,0.444700688123703,0.9458924531936646,0.4935126304626465,0.5846716165542603,0.27001953125,0.1728515625,0.24853515625,,0.375,2000,18520780.0,3.89433479309082,172.3883447112862,37.65524947994666,12.799384633975516,1.2938796281814575,1.264911064067352,1.0,0.001,1.0,1.0,128,300,3,2000,-1.0,0,0,0,0,0,0.0,1.0,0,10,3.2490788990307586,35.225006103515625,9.735872983932495,2000,dfa,mnist,div255,mlp,gelu,sigmoid_bce,e,,,,,,,,,,,,,,,,,,,,,
0.7384315729141235,0.7451246976852417,12.47191445547871,0.8923583626747131,0.6574699282646179,29.64042106621764,0.988798439502716,0.57039874792099,2577.853990265396,1620,,,,,,1.2646095752716064,1.3277271970679587,gelu_centere,2,2,,,,,,,,,,E3_generality/gelu_centere/seed2_fb2.csv,3,0.7451246976852417,0.6817125678062439,0.4237687587738037,0.7603742480278015,6.469388008117676,0.4206806123256683,0.6574699282646179,0.7730214595794678,0.3992116153240204,0.8668850660324097,1.5725098848342896,0.5407925248146057,0.57039874792099,0.8462251424789429,0.3959591686725616,0.9538552165031432,0.381062775850296,0.6701772212982178,0.39599609375,0.32470703125,0.2578125,,0.29931640625,2000,2041127.375,3.479952812194824,182.2073829140625,37.57011488251265,12.939412412982923,1.2646095752716064,1.264911064067352,1.0,0.001,1.0,1.0,128,300,3,2000,-1.0,0,0,0,0,0,0.0,1.0,0,10,3.2490788990307586,35.225006103515625,9.924984455108643,2000,dfa,mnist,div255,mlp,gelu,sigmoid_bce,e,,,,,,,,,,,,,,,,,,,,,
0.8050998449325562,1.0,1.8705138194432636,0.954809308052063,1.0,5.0910661223883045,0.9952067136764526,1.0,21.078860141872,190,,,,,,1.26019287109375,1.1918032367447855,linear,0,0,,,,,,,,,,E3_generality/linear/seed0_fb0.csv,3,1.0,0.8050998449325562,0.3562297523021698,1.0,16.613933563232422,0.5309505462646484,1.0,0.954809308052063,0.3540059626102447,1.0,16.141765594482422,0.3514586985111236,1.0,0.9952067136764526,0.3602451384067535,1.0,15.755759239196776,0.1557519286870956,0.81787109375,0.87744140625,0.88916015625,,0.8935546875,2000,0.8175144791603088,0.8106387853622437,14.965658513970581,7.276854944946959,7.081787908619757,1.26019287109375,1.264911064067352,1.0,0.001,1.0,1.0,128,300,3,2000,-1.0,0,0,0,0,0,0.0,1.0,0,10,3.2490788990307586,35.225006103515625,10.270459413528442,2000,dfa,mnist,div255,mlp,linear,sigmoid_bce,none,,,,,,,,,,,,,,,,,,,,,
0.824282169342041,1.0,1.9078079423212997,0.9618282914161682,1.0,5.687027273911284,0.996029019355774,1.0,26.440931908331144,200,,,,,,1.3921167850494385,1.3709382094220262,linear,1,1,,,,,,,,,,E3_generality/linear/seed1_fb1.csv,3,1.0,0.824282169342041,0.3912893831729889,1.0,18.144445419311523,0.5249062180519104,1.0,0.9618282914161682,0.3958656787872314,1.0,18.281551361083984,0.3363727629184723,1.0,0.996029019355774,0.3950037062168121,1.0,18.226253509521484,0.155177891254425,0.80517578125,0.88671875,0.89501953125,,0.90673828125,2000,0.7789567708969116,0.7732721567153931,14.408007625431942,7.614444972014415,7.668977011261137,1.3921167850494385,1.264911064067352,1.0,0.001,1.0,1.0,128,300,3,2000,-1.0,0,0,0,0,0,0.0,1.0,0,10,3.2490788990307586,35.225006103515625,11.830937147140503,2000,dfa,mnist,div255,mlp,linear,sigmoid_bce,none,,,,,,,,,,,,,,,,,,,,,
0.8003875613212585,1.0,1.852207256599568,0.9364402890205384,1.0,4.998795308853164,0.9892637729644777,1.0,17.549609110897347,140,,,,,,1.2536029815673828,1.0799043160630422,linear,2,2,,,,,,,,,,E3_generality/linear/seed2_fb2.csv,3,1.0,0.8003875613212585,0.4159875214099884,1.0,20.741844177246094,0.5300450325012207,1.0,0.9364402890205384,0.3996210396289825,1.0,19.026756286621094,0.3413701057434082,1.0,0.9892637729644777,0.3941426575183868,1.0,18.33245086669922,0.1618353873491287,0.80810546875,0.88232421875,0.900390625,,0.9013671875,2000,0.7836326360702515,0.778815746307373,12.903158304357689,7.744331538441277,7.133426173915374,1.2536029815673828,1.264911064067352,1.0,0.001,1.0,1.0,128,300,3,2000,-1.0,0,0,0,0,0,0.0,1.0,0,10,3.2490788990307586,35.225006103515625,8.885132551193237,2000,dfa,mnist,div255,mlp,linear,sigmoid_bce,none,,,,,,,,,,,,,,,,,,,,,
0.4677782654762268,1.0,3.82841971512352,0.5747726559638977,1.0,2.726868098486156,0.6421235799789429,1.0,4.349995441160326,0,,,,,,1.26019287109375,0.8787215407281792,linear_bp,0,0,,,,,,,,,,E3_generality/linear_bp/seed0_fb0.csv,3,1.0,0.4409992098808288,0.3562297523021698,1.0,16.613933563232422,,1.0,0.5482698082923889,0.3540059626102447,1.0,16.141765594482422,,1.0,0.6421235799789429,0.3602451384067535,1.0,15.755759239196776,,0.78271484375,0.8310546875,0.845703125,,0.86181640625,2000,1.1629202365875244,1.1629202365875244,14.965658513970581,7.276854944946959,7.081787908619757,1.26019287109375,1.264911064067352,1.0,0.001,1.0,1.0,128,300,3,2000,-1.0,0,0,0,0,0,0.0,1.0,0,10,3.2490788990307586,35.225006103515625,10.119498014450073,2000,bp,mnist,div255,mlp,linear,sigmoid_bce,none,,,,,,,,,,,,,,,,,,,,,
0.5799923539161682,1.0,25.50638656223929,0.7037398815155029,1.0,2009.3498387117063,0.7460092902183533,1.0,191500039.00075123,0,,,,,,1.26019287109375,1.2281165457907222,linear_center,0,0,,,,,,,,,,E3_generality/linear_center/seed0_fb0.csv,3,1.0,0.5655710101127625,0.3562297523021698,1.0,16.613933563232422,-0.1819405853748321,1.0,0.6951754689216614,0.3540059626102447,1.0,16.141765594482422,-0.1501587778329849,1.0,0.7452316284179688,0.3602451384067535,1.0,15.755759239196776,-0.0901009440422058,0.0810546875,0.10693359375,0.10693359375,,0.1943359375,2000,2.4850813918642176e+16,2.702495574951172,14.965658513970581,7.276854944946959,7.081787908619757,1.26019287109375,1.264911064067352,1.0,0.001,1.0,1.0,128,300,3,2000,-1.0,0,0,0,0,0,0.0,1.0,0,10,3.2490788990307586,35.225006103515625,9.878923177719116,2000,dfa,mnist,div255,mlp,linear,sigmoid_bce,delta,,,,,,,,,,,,,,,,,,,,,
0.5484509468078613,1.0,28.631989519575768,0.6070547103881836,1.0,2727.957537539331,0.6151877641677856,1.0,560585385.6391834,0,,,,,,1.3921167850494385,1.287049073651615,linear_center,1,1,,,,,,,,,,E3_generality/linear_center/seed1_fb1.csv,3,1.0,0.5423917174339294,0.3912893831729889,1.0,18.144445419311523,-0.1078833639621734,1.0,0.6032061576843262,0.3958656787872314,1.0,18.281551361083984,-0.1712316423654556,1.0,0.6109743118286133,0.3950037062168121,1.0,18.226253509521484,-0.1283646821975708,0.09814453125,0.1044921875,0.1923828125,,0.09130859375,2000,3.170430783575818e+17,3.793374538421631,14.408007625431942,7.614444972014415,7.668977011261137,1.3921167850494385,1.264911064067352,1.0,0.001,1.0,1.0,128,300,3,2000,-1.0,0,0,0,0,0,0.0,1.0,0,10,3.2490788990307586,35.225006103515625,8.79421353340149,2000,dfa,mnist,div255,mlp,linear,sigmoid_bce,delta,,,,,,,,,,,,,,,,,,,,,
0.5405998826026917,1.0,30.58967871330663,0.6101306080818176,1.0,2717.207649427784,0.6074637770652771,1.0,425010971.6983724,0,,,,,,1.2536029815673828,1.2024123924130083,linear_center,2,2,,,,,,,,,,E3_generality/linear_center/seed2_fb2.csv,3,1.0,0.5395429134368896,0.4159875214099884,1.0,20.741844177246094,-0.1405711621046066,1.0,0.6096628308296204,0.3996210396289825,1.0,19.026756286621094,-0.1021440178155899,1.0,0.605671226978302,0.3941426575183868,1.0,18.33245086669922,-0.1128491014242172,0.09375,0.103515625,0.09912109375,,0.10986328125,2000,1.3638102571758387e+17,3.37444281578064,12.903158304357689,7.744331538441277,7.133426173915374,1.2536029815673828,1.264911064067352,1.0,0.001,1.0,1.0,128,300,3,2000,-1.0,0,0,0,0,0,0.0,1.0,0,10,3.2490788990307586,35.225006103515625,9.991570711135864,2000,dfa,mnist,div255,mlp,linear,sigmoid_bce,delta,,,,,,,,,,,,,,,,,,,,,
0.5789085626602173,1.0,25.46330608214033,0.7028540372848511,1.0,1996.85879549728,0.7466884255409241,1.0,188979316.4620466,0,,,,,,1.26019287109375,1.2281165457907222,linear_centere,0,0,,,,,,,,,,E3_generality/linear_centere/seed0_fb0.csv,3,1.0,0.5647394061088562,0.3562297523021698,1.0,16.613933563232422,-0.2296552658081054,1.0,0.6947241425514221,0.3540059626102447,1.0,16.141765594482422,-0.212516650557518,1.0,0.7466884255409241,0.3602451384067535,1.0,15.755759239196776,-0.158551812171936,0.10986328125,0.10791015625,0.11083984375,,0.099609375,2000,3.0766317472579584e+16,2.702495574951172,14.965658513970581,7.276854944946959,7.081787908619757,1.26019287109375,1.264911064067352,1.0,0.001,1.0,1.0,128,300,3,2000,-1.0,0,0,0,0,0,0.0,1.0,0,10,3.2490788990307586,35.225006103515625,8.901998281478882,2000,dfa,mnist,div255,mlp,linear,sigmoid_bce,e,,,,,,,,,,,,,,,,,,,,,
0.5482349395751953,1.0,28.53645202272204,0.6061173677444458,1.0,2718.0083856207143,0.6105193495750427,1.0,555470472.325569,0,,,,,,1.3921167850494385,1.287049073651615,linear_centere,1,1,,,,,,,,,,E3_generality/linear_centere/seed1_fb1.csv,3,1.0,0.5428563356399536,0.3912893831729889,1.0,18.144445419311523,-0.1570356339216232,1.0,0.6037713289260864,0.3958656787872314,1.0,18.281551361083984,-0.1989704221487045,1.0,0.6105193495750427,0.3950037062168121,1.0,18.226253509521484,-0.1699696779251098,0.0947265625,0.19873046875,0.10302734375,,0.08935546875,2000,3.178924510900388e+17,3.793374538421631,14.408007625431942,7.614444972014415,7.668977011261137,1.3921167850494385,1.264911064067352,1.0,0.001,1.0,1.0,128,300,3,2000,-1.0,0,0,0,0,0,0.0,1.0,0,10,3.2490788990307586,35.225006103515625,9.266123056411743,2000,dfa,mnist,div255,mlp,linear,sigmoid_bce,e,,,,,,,,,,,,,,,,,,,,,
0.542239785194397,1.0,30.540218249604298,0.6119452714920044,1.0,2694.062138440553,0.6088992953300476,1.0,417194314.0093059,0,,,,,,1.2536029815673828,1.2024123924130083,linear_centere,2,2,,,,,,,,,,E3_generality/linear_centere/seed2_fb2.csv,3,1.0,0.5400310754776001,0.4159875214099884,1.0,20.741844177246094,-0.1585592031478881,1.0,0.6106203198432922,0.3996210396289825,1.0,19.026756286621094,-0.1493134796619415,1.0,0.6064055562019348,0.3941426575183868,1.0,18.33245086669922,-0.1590923368930816,0.1884765625,0.20166015625,0.0966796875,,0.09765625,2000,1.1413630775984128e+17,3.37444281578064,12.903158304357689,7.744331538441277,7.133426173915374,1.2536029815673828,1.264911064067352,1.0,0.001,1.0,1.0,128,300,3,2000,-1.0,0,0,0,0,0,0.0,1.0,0,10,3.2490788990307586,35.225006103515625,11.204164505004883,2000,dfa,mnist,div255,mlp,linear,sigmoid_bce,e,,,,,,,,,,,,,,,,,,,,,
0.8656251430511475,0.7878941297531128,0.2024888823607694,0.9742280840873718,0.5176587104797363,0.1980330219971337,0.9946002960205078,0.3970809876918793,0.3398979867479691,200,,,,,,0.5146486163139343,0.2415490739421368,mse_s1,0,0,,,,,,,,,,E3_generality/mse_s1/seed0_fb0.csv,3,0.7878941297531128,0.8656251430511475,0.3541161119937897,0.9909001588821412,12.757408142089844,0.221991017460823,0.5176587104797363,0.9742280840873718,0.3507662415504455,0.9935280680656432,10.161163330078123,0.1478828489780426,0.3970809876918793,0.9946002960205078,0.3540035486221313,0.9948840141296388,8.370211601257324,0.0890817120671272,0.54443359375,0.80859375,0.84130859375,,0.8583984375,2000,0.2012315839529037,0.2012315839529037,,,,0.5146486163139343,,1.0,0.001,1.0,1.0,128,300,3,2000,-1.0,0,0,0,0,0,0.0,1.0,0,10,0.4498404832,35.225006103515625,8.862832307815552,2000,dfa,mnist,div255,mlp,tanh,mse,none,,,,,,,,,,,,,,,,,,,,,
0.8979087471961975,0.752852201461792,0.2319176014097652,0.9852774739265442,0.4119609594345093,0.4801802278295549,0.997369349002838,0.3002411127090454,0.8003133088193682,180,,,,,,1.0105489492416382,1.7623759036174689,mse_s1,1,1,,,,,,,,,,E3_generality/mse_s1/seed1_fb1.csv,3,0.752852201461792,0.8979087471961975,0.3873637318611145,0.9887229204177856,13.798158645629885,0.2214742004871368,0.4119609594345093,0.9852774739265442,0.3898089230060577,0.992600440979004,11.267420768737791,0.1241813451051712,0.3002411127090454,0.997369349002838,0.387746512889862,0.9939010739326476,9.42509651184082,0.0784236788749694,0.5009765625,0.7744140625,0.84716796875,,0.86083984375,2000,0.2107982635498047,0.2107982635498047,,,,1.0105489492416382,,1.0,0.001,1.0,1.0,128,300,3,2000,-1.0,0,0,0,0,0,0.0,1.0,0,10,0.4498404832,35.225006103515625,11.33113980293274,2000,dfa,mnist,div255,mlp,tanh,mse,none,,,,,,,,,,,,,,,,,,,,,
0.8865734934806824,0.7789016366004944,0.5263922144095231,0.9784674644470216,0.5207855105400085,0.2624806970432979,0.9955237507820128,0.3788445591926574,0.0977455817197392,230,,,,,,1.058160662651062,0.7225883992198744,mse_s1,2,2,,,,,,,,,,E3_generality/mse_s1/seed2_fb2.csv,3,0.7789016366004944,0.8865734934806824,0.4126372337341308,0.9858370423316956,15.55845069885254,0.2170638591051101,0.5207855105400085,0.9784674644470216,0.3982468843460083,0.9923094511032104,11.637540817260742,0.1238655894994735,0.3788445591926574,0.9955237507820128,0.3910796046257019,0.993703842163086,9.466567993164062,0.0886682495474815,0.48095703125,0.80126953125,0.8486328125,,0.86572265625,2000,0.2047361880540847,0.2047361880540847,,,,1.058160662651062,,1.0,0.001,1.0,1.0,128,300,3,2000,-1.0,0,0,0,0,0,0.0,1.0,0,10,0.4498404832,35.225006103515625,9.1103675365448,2000,dfa,mnist,div255,mlp,tanh,mse,none,,,,,,,,,,,,,,,,,,,,,
0.396223247051239,0.9885184168815612,0.7994124858336197,0.4283422827720642,0.9892059564590454,0.3327270762528257,0.4485836327075958,0.9905440807342528,0.2865075404786031,0,,,,,,0.5146486163139343,0.177175075617573,mse_s1_bp,0,0,,,,,,,,,,E3_generality/mse_s1_bp/seed0_fb0.csv,3,0.9900945425033568,0.3701469898223877,0.3541161119937897,0.9909001588821412,12.757408142089844,,0.9924740195274352,0.3799392580986023,0.3507662415504455,0.9935280680656432,10.161163330078123,,0.9937708377838136,0.3881444036960602,0.3540035486221313,0.9948840141296388,8.370211601257324,,0.6865234375,0.78125,0.80419921875,,0.8212890625,2000,0.2394349873065948,0.2394349873065948,,,,0.5146486163139343,,1.0,0.001,1.0,1.0,128,300,3,2000,-1.0,0,0,0,0,0,0.0,1.0,0,10,0.4498404832,35.225006103515625,12.273563385009766,2000,bp,mnist,div255,mlp,tanh,mse,none,,,,,,,,,,,,,,,,,,,,,
0.676799476146698,0.802344799041748,2.7335014118305354,0.7578341364860535,0.5751230716705322,2.1683232205946257,0.751202404499054,0.539710521697998,2.852060052907809,0,,,,,,0.5146486163139343,0.3486327800426696,mse_s1_center,0,0,,,,,,,,,,E3_generality/mse_s1_center/seed0_fb0.csv,3,0.97270530462265,0.3541161119937897,0.3541161119937897,0.9909001588821412,12.757408142089844,0.257185161113739,0.950613498687744,0.3511963784694671,0.3507662415504455,0.9935280680656432,10.161163330078123,0.1585259884595871,0.8742989301681519,0.3544073700904846,0.3540035486221313,0.9948840141296388,8.370211601257324,0.0934104919433593,0.5,0.6103515625,0.6982421875,,0.80859375,2000,0.2554637789726257,0.2554637789726257,,,,0.5146486163139343,,1.0,0.001,1.0,1.0,128,300,3,2000,-1.0,0,0,0,0,0,0.0,1.0,0,10,0.4498404832,35.225006103515625,9.885026454925537,2000,dfa,mnist,div255,mlp,tanh,mse,delta,,,,,,,,,,,,,,,,,,,,,
0.601162314414978,0.7951191067695618,0.8506454909693869,0.6977998614311218,0.506574273109436,-0.3805355723397512,0.762719988822937,0.3112533092498779,-1.415998383237126,0,,,,,,1.0105489492416382,0.665757074464588,mse_s1_center,1,1,,,,,,,,,,E3_generality/mse_s1_center/seed1_fb1.csv,3,0.960795521736145,0.4108943343162536,0.3873637318611145,0.9887229204177856,13.798158645629885,0.3326872289180755,0.9099295139312744,0.4129551351070404,0.3898089230060577,0.992600440979004,11.267420768737791,0.1488317251205444,0.7891990542411804,0.4140542149543762,0.387746512889862,0.9939010739326476,9.42509651184082,0.0876369401812553,0.44189453125,0.65625,0.7451171875,,0.806640625,2000,0.2976256012916565,0.2976256012916565,,,,1.0105489492416382,,1.0,0.001,1.0,1.0,128,300,3,2000,-1.0,0,0,0,0,0,0.0,1.0,0,10,0.4498404832,35.225006103515625,9.117509365081787,2000,dfa,mnist,div255,mlp,tanh,mse,delta,,,,,,,,,,,,,,,,,,,,,
0.6205722093582153,0.8421629667282104,3.4867474047055005,0.7754828333854675,0.562958300113678,1.3145613687392543,0.8245535492897034,0.4502762258052826,0.225102393105315,0,,,,,,1.058160662651062,0.7271441538363744,mse_s1_center,2,2,,,,,,,,,,E3_generality/mse_s1_center/seed2_fb2.csv,3,0.9667165279388428,0.4126372337341308,0.4126372337341308,0.9858370423316956,15.55845069885254,0.2597532868385315,0.9573240876197816,0.3989672362804413,0.3982468843460083,0.9923094511032104,11.637540817260742,0.135743647813797,0.916285514831543,0.3970004618167877,0.3910796046257019,0.993703842163086,9.466567993164062,0.0925418809056282,0.61181640625,0.68310546875,0.64599609375,,0.7880859375,2000,0.2818607687950134,0.2818607687950134,,,,1.058160662651062,,1.0,0.001,1.0,1.0,128,300,3,2000,-1.0,0,0,0,0,0,0.0,1.0,0,10,0.4498404832,35.225006103515625,9.230448961257935,2000,dfa,mnist,div255,mlp,tanh,mse,delta,,,,,,,,,,,,,,,,,,,,,
0.4503509104251861,0.951127588748932,2.8496459116814763,0.3840105533599853,0.9128872156143188,0.9169036242162648,0.3540035486221313,0.8206602334976196,0.7986512635091773,0,,,,,,0.5146486163139343,0.34737979415372755,mse_s1_centere,0,0,,,,,,,,,,E3_generality/mse_s1_centere/seed0_fb0.csv,3,0.9888948798179626,0.3541161119937897,0.3541161119937897,0.9909001588821412,12.757408142089844,0.2078077495098114,0.9575920104980468,0.3508156836032867,0.3507662415504455,0.9935280680656432,10.161163330078123,0.1267426460981369,0.8791859745979309,0.3540035486221313,0.3540035486221313,0.9948840141296388,8.370211601257324,0.0927286967635154,0.63330078125,0.78759765625,0.83642578125,,0.84521484375,2000,0.2286714911460876,0.2286714911460876,,,,0.5146486163139343,,1.0,0.001,1.0,1.0,128,300,3,2000,-1.0,0,0,0,0,0,0.0,1.0,0,10,0.4498404832,35.225006103515625,10.082854747772217,2000,dfa,mnist,div255,mlp,tanh,mse,e,,,,,,,,,,,,,,,,,,,,,
0.471503883600235,0.9387053847312928,-0.1237580117341498,0.397369772195816,0.886833131313324,0.0976846183152947,0.3959514796733856,0.7615525126457214,-0.1959206887787197,0,,,,,,1.0105489492416382,0.6625693243083042,mse_s1_centere,1,1,,,,,,,,,,E3_generality/mse_s1_centere/seed1_fb1.csv,3,0.984479546546936,0.3906905949115753,0.3873637318611145,0.9887229204177856,13.798158645629885,0.2062754034996032,0.952525794506073,0.397369772195816,0.3898089230060577,0.992600440979004,11.267420768737791,0.1205863207578659,0.8702981472015381,0.3959514796733856,0.387746512889862,0.9939010739326476,9.42509651184082,0.0994556471705436,0.63330078125,0.78515625,0.82568359375,,0.86083984375,2000,0.2239589989185333,0.2239589989185333,,,,1.0105489492416382,,1.0,0.001,1.0,1.0,128,300,3,2000,-1.0,0,0,0,0,0,0.0,1.0,0,10,0.4498404832,35.225006103515625,9.242158889770508,2000,dfa,mnist,div255,mlp,tanh,mse,e,,,,,,,,,,,,,,,,,,,,,
0.4304905235767364,0.9470041990280152,3.8206737349855175,0.3982468843460083,0.8865307569503784,1.622669140968226,0.3929369747638702,0.8084620237350464,1.44614195917334,0,,,,,,1.058160662651062,0.7337372166487925,mse_s1_centere,2,2,,,,,,,,,,E3_generality/mse_s1_centere/seed2_fb2.csv,3,0.9858370423316956,0.4126372337341308,0.4126372337341308,0.9858370423316956,15.55845069885254,0.2198653668165207,0.965781569480896,0.3982468843460083,0.3982468843460083,0.9923094511032104,11.637540817260742,0.1168612986803054,0.8859126567840576,0.3929369747638702,0.3910796046257019,0.993703842163086,9.466567993164062,0.0882541537284851,0.63720703125,0.7578125,0.791015625,,0.82568359375,2000,0.2477090507745742,0.2477090507745742,,,,1.058160662651062,,1.0,0.001,1.0,1.0,128,300,3,2000,-1.0,0,0,0,0,0,0.0,1.0,0,10,0.4498404832,35.225006103515625,10.059681177139282,2000,dfa,mnist,div255,mlp,tanh,mse,e,,,,,,,,,,,,,,,,,,,,,
0.8568485975265503,0.8130063414573669,0.3509158643733828,0.9693809151649476,0.5438970923423767,0.8532545721998098,0.9936994314193726,0.4050136506557464,1.430970690616991,180,,,,,,0.4071758091449737,0.3469706133261267,mse_s1_ctr,0,0,,,,,,,,,,E3_generality/mse_s1_ctr/seed0_fb0.csv,3,0.8130063414573669,0.8568485975265503,0.3541161119937897,0.9909001588821412,12.757408142089844,0.2442493438720703,0.5438970923423767,0.9693809151649476,0.3507662415504455,0.9935280680656432,10.161163330078123,0.1479815244674682,0.4050136506557464,0.9936994314193726,0.3540035486221313,0.9948840141296388,8.370211601257324,0.0913010016083717,0.58251953125,0.783203125,0.80908203125,,0.8330078125,2000,0.2319029867649078,0.2318838685750961,,,,0.4071758091449737,,1.0,0.001,1.0,1.0,128,300,3,2000,-1.0,0,0,0,0,0,0.0,1.0,0,10,0.4498404832,35.225006103515625,9.292123794555664,2000,dfa,mnist,div255,mlp,tanh,mse,none,,,,,,,,,,,,,,,,,,,,,
0.900886297225952,0.7379414439201355,0.6862879188255352,0.986902117729187,0.3971298635005951,1.0932438309908816,0.9977738857269288,0.2898078858852386,1.6540512020546705,210,,,,,,1.045928716659546,1.8685806466149977,mse_s1_ctr,1,1,,,,,,,,,,E3_generality/mse_s1_ctr/seed1_fb1.csv,3,0.7379414439201355,0.900886297225952,0.3873637318611145,0.9887229204177856,13.798158645629885,0.2144097238779068,0.3971298635005951,0.986902117729187,0.3898089230060577,0.992600440979004,11.267420768737791,0.1312608122825622,0.2898078858852386,0.9977738857269288,0.387746512889862,0.9939010739326476,9.42509651184082,0.0782203674316406,0.47998046875,0.78564453125,0.8232421875,,0.85400390625,2000,0.2248044610023498,0.2248044610023498,,,,1.045928716659546,,1.0,0.001,1.0,1.0,128,300,3,2000,-1.0,0,0,0,0,0,0.0,1.0,0,10,0.4498404832,35.225006103515625,9.227015495300293,2000,dfa,mnist,div255,mlp,tanh,mse,none,,,,,,,,,,,,,,,,,,,,,
0.8844621181488037,0.7835497260093689,0.1923153381342648,0.9767194986343384,0.5422229766845703,-0.4529447035721213,0.9948275089263916,0.4022418856620788,-0.9296997483891573,210,,,,,,0.9553791880607604,0.7272380032984274,mse_s1_ctr,2,2,,,,,,,,,,E3_generality/mse_s1_ctr/seed2_fb2.csv,3,0.7835497260093689,0.8844621181488037,0.4126372337341308,0.9858370423316956,15.55845069885254,0.2062754034996032,0.5422229766845703,0.9767194986343384,0.3982468843460083,0.9923094511032104,11.637540817260742,0.1241887658834457,0.4022418856620788,0.9948275089263916,0.3910796046257019,0.993703842163086,9.466567993164062,0.0850187465548515,0.55419921875,0.798828125,0.8505859375,,0.87548828125,2000,0.2102250605821609,0.2102250605821609,,,,0.9553791880607604,,1.0,0.001,1.0,1.0,128,300,3,2000,-1.0,0,0,0,0,0,0.0,1.0,0,10,0.4498404832,35.225006103515625,9.400563478469849,2000,dfa,mnist,div255,mlp,tanh,mse,none,,,,,,,,,,,,,,,,,,,,,
0.3951129019260406,0.9885748028755188,0.2951843927870596,0.4273515343666076,0.9888160824775696,0.1212947575641958,0.4463686048984527,0.9906790256500244,0.1033965803946639,0,,,,,,0.4071758091449737,0.12268197597592545,mse_s1_ctr_bp,0,0,,,,,,,,,,E3_generality/mse_s1_ctr_bp/seed0_fb0.csv,3,0.9901123046875,0.3695341348648071,0.3541161119937897,0.9909001588821412,12.757408142089844,,0.9922311902046204,0.3791574537754059,0.3507662415504455,0.9935280680656432,10.161163330078123,,0.9938253164291382,0.3862731158733368,0.3540035486221313,0.9948840141296388,8.370211601257324,,0.68701171875,0.78076171875,0.80419921875,,0.82080078125,2000,0.2385788857936859,0.2385788857936859,,,,0.4071758091449737,,1.0,0.001,1.0,1.0,128,300,3,2000,-1.0,0,0,0,0,0,0.0,1.0,0,10,0.4498404832,35.225006103515625,8.53316879272461,2000,bp,mnist,div255,mlp,tanh,mse,none,,,,,,,,,,,,,,,,,,,,,
0.6926267147064209,0.8209682106971741,0.8003142739845973,0.7528468370437622,0.6468682289123535,0.3648959521159924,0.7435640692710876,0.6220788955688477,0.3728734021035977,0,,,,,,0.4071758091449737,0.2772231205903709,mse_s1_ctr_center,0,0,,,,,,,,,,E3_generality/mse_s1_ctr_center/seed0_fb0.csv,3,0.9735400676727296,0.3541161119937897,0.3541161119937897,0.9909001588821412,12.757408142089844,0.2117646634578704,0.9541341066360474,0.3512998521327972,0.3507662415504455,0.9935280680656432,10.161163330078123,0.1298091858625412,0.8860466480255127,0.3544566929340362,0.3540035486221313,0.9948840141296388,8.370211601257324,0.0794490948319435,0.51513671875,0.6923828125,0.77197265625,,0.80810546875,2000,0.251735657453537,0.251735657453537,,,,0.4071758091449737,,1.0,0.001,1.0,1.0,128,300,3,2000,-1.0,0,0,0,0,0,0.0,1.0,0,10,0.4498404832,35.225006103515625,9.030734300613403,2000,dfa,mnist,div255,mlp,tanh,mse,delta,,,,,,,,,,,,,,,,,,,,,
0.6087218523025513,0.799028754234314,0.1354710738466778,0.6882296204566956,0.5280440449714661,-1.409388857890931,0.7585133910179138,0.3143353760242462,-3.256796274938445,0,,,,,,1.045928716659546,0.6929420435865812,mse_s1_ctr_center,1,1,,,,,,,,,,E3_generality/mse_s1_ctr_center/seed1_fb1.csv,3,0.9639255404472352,0.4118350744247436,0.3873637318611145,0.9887229204177856,13.798158645629885,0.2805821895599365,0.9295415878295898,0.4134985208511352,0.3898089230060577,0.992600440979004,11.267420768737791,0.1343036442995071,0.8482463359832764,0.4145359694957733,0.387746512889862,0.9939010739326476,9.42509651184082,0.0891653522849083,0.4716796875,0.68310546875,0.78271484375,,0.83154296875,2000,0.2643486857414245,0.2643199861049652,,,,1.045928716659546,,1.0,0.001,1.0,1.0,128,300,3,2000,-1.0,0,0,0,0,0,0.0,1.0,0,10,0.4498404832,35.225006103515625,9.205355405807495,2000,dfa,mnist,div255,mlp,tanh,mse,delta,,,,,,,,,,,,,,,,,,,,,
0.60896897315979,0.8568335771560669,2.142975711369625,0.7267047166824341,0.6275628805160522,0.3169260995676715,0.7359734177589417,0.523176908493042,-0.9206299968092502,0,,,,,,0.9553791880607604,0.6588797162555807,mse_s1_ctr_center,2,2,,,,,,,,,,E3_generality/mse_s1_ctr_center/seed2_fb2.csv,3,0.9693387150764464,0.4126372337341308,0.4126372337341308,0.9858370423316956,15.55845069885254,0.2443302720785141,0.9585530757904052,0.3986927568912506,0.3982468843460083,0.9923094511032104,11.637540817260742,0.1324402987957,0.9195852875709534,0.3959574401378631,0.3910796046257019,0.993703842163086,9.466567993164062,0.0942015349864959,0.60498046875,0.76171875,0.67724609375,,0.736328125,2000,0.3227293491363525,0.3071938753128052,,,,0.9553791880607604,,1.0,0.001,1.0,1.0,128,300,3,2000,-1.0,0,0,0,0,0,0.0,1.0,0,10,0.4498404832,35.225006103515625,9.785309076309204,2000,dfa,mnist,div255,mlp,tanh,mse,delta,,,,,,,,,,,,,,,,,,,,,
0.5167309641838074,0.9481436610221864,0.8119040999811943,0.4223050475120544,0.9299967885017396,0.4531651076616961,0.3540035486221313,0.8830819725990295,0.4627463633056804,0,,,,,,0.4071758091449737,0.2740158790626757,mse_s1_ctr_centere,0,0,,,,,,,,,,E3_generality/mse_s1_ctr_centere/seed0_fb0.csv,3,0.988831639289856,0.3541161119937897,0.3541161119937897,0.9909001588821412,12.757408142089844,0.2256435751914978,0.9585766196250916,0.3507662415504455,0.3507662415504455,0.9935280680656432,10.161163330078123,0.1328081488609314,0.8830819725990295,0.3540035486221313,0.3540035486221313,0.9948840141296388,8.370211601257324,0.0919571593403816,0.6298828125,0.77001953125,0.826171875,,0.845703125,2000,0.2285447716712951,0.2285447716712951,,,,0.4071758091449737,,1.0,0.001,1.0,1.0,128,300,3,2000,-1.0,0,0,0,0,0,0.0,1.0,0,10,0.4498404832,35.225006103515625,9.13149642944336,2000,dfa,mnist,div255,mlp,tanh,mse,e,,,,,,,,,,,,,,,,,,,,,
0.4501101970672607,0.941288948059082,0.1545654439663945,0.3973909914493561,0.9036526083946228,0.0609784841062769,0.4004696607589721,0.7959913611412048,-0.2375252555915022,0,,,,,,1.045928716659546,0.6921466907800256,mse_s1_ctr_centere,1,1,,,,,,,,,,E3_generality/mse_s1_ctr_centere/seed1_fb1.csv,3,0.98444402217865,0.3907950818538666,0.3873637318611145,0.9887229204177856,13.798158645629885,0.1725677847862243,0.9568416476249696,0.3973909914493561,0.3898089230060577,0.992600440979004,11.267420768737791,0.1122633144259452,0.8865514993667603,0.3960085809230804,0.387746512889862,0.9939010739326476,9.42509651184082,0.0852638557553291,0.63623046875,0.8115234375,0.84375,,0.857421875,2000,0.2262255251407623,0.2261918783187866,,,,1.045928716659546,,1.0,0.001,1.0,1.0,128,300,3,2000,-1.0,0,0,0,0,0,0.0,1.0,0,10,0.4498404832,35.225006103515625,9.922664642333984,2000,dfa,mnist,div255,mlp,tanh,mse,e,,,,,,,,,,,,,,,,,,,,,
0.4485351145267486,0.9432777166366576,0.8934172751840131,0.4307548403739929,0.8841565251350403,0.0935047637523581,0.4606426060199737,0.7666144967079163,-0.4799327572089684,0,,,,,,0.9553791880607604,0.6655547981420256,mse_s1_ctr_centere,2,2,,,,,,,,,,E3_generality/mse_s1_ctr_centere/seed2_fb2.csv,3,0.9858370423316956,0.4126372337341308,0.4126372337341308,0.9858370423316956,15.55845069885254,0.2178722470998764,0.9670788049697876,0.3982468843460083,0.3982468843460083,0.9923094511032104,11.637540817260742,0.1115787029266357,0.8886383175849915,0.3929073512554168,0.3910796046257019,0.993703842163086,9.466567993164062,0.0958973690867424,0.63623046875,0.78125,0.83154296875,,0.8564453125,2000,0.225559264421463,0.225559264421463,,,,0.9553791880607604,,1.0,0.001,1.0,1.0,128,300,3,2000,-1.0,0,0,0,0,0,0.0,1.0,0,10,0.4498404832,35.225006103515625,10.799956321716309,2000,dfa,mnist,div255,mlp,tanh,mse,e,,,,,,,,,,,,,,,,,,,,,
0.8368455171585083,0.668316662311554,2.343989420301343,0.9327038526535034,0.632757306098938,3.735970016614988,0.9789310693740844,0.4485307037830353,4.240332810298966,40,,,,,,1.6297699213027954,0.26541337233376205,mse_s5,0,0,,,,,,,,,,E3_generality/mse_s5/seed0_fb0.csv,3,0.8485196232795715,0.7978829741477966,0.3541161119937897,0.9909001588821412,12.757408142089844,0.650377631187439,0.632757306098938,0.9327038526535034,0.3507662415504455,0.9935280680656432,10.161163330078123,0.535506010055542,0.4485307037830353,0.9789310693740844,0.3540035486221313,0.9948840141296388,8.370211601257324,0.2994849681854248,0.89453125,0.9150390625,0.92626953125,,0.92578125,2000,1.840601921081543,1.815502405166626,,,,1.6297699213027954,,1.0,0.001,1.0,1.0,128,300,3,2000,-1.0,0,0,0,0,0,0.0,5.0,0,10,11.24601208,35.225006103515625,9.11278247833252,2000,dfa,mnist,div255,mlp,tanh,mse,none,,,,,,,,,,,,,,,,,,,,,
0.838169515132904,0.6360959410667419,2.139152707405497,0.9413058757781982,0.6415536403656006,3.08340222678323,0.9850441217422484,0.4509567022323608,3.611753241423392,30,,,,,,1.639292597770691,0.39284739555412473,mse_s5,1,1,,,,,,,,,,E3_generality/mse_s5/seed1_fb1.csv,3,0.85025554895401,0.7983402013778687,0.3873637318611145,0.9887229204177856,13.798158645629885,0.6359750032424927,0.6415536403656006,0.9413058757781982,0.3898089230060577,0.992600440979004,11.267420768737791,0.5395568013191223,0.4509567022323608,0.9850441217422484,0.387746512889862,0.9939010739326476,9.42509651184082,0.2893571853637695,0.900390625,0.916015625,0.91943359375,,0.93017578125,2000,1.7841198444366455,1.7770758867263794,,,,1.639292597770691,,1.0,0.001,1.0,1.0,128,300,3,2000,-1.0,0,0,0,0,0,0.0,5.0,0,10,11.24601208,35.225006103515625,12.117275714874268,2000,dfa,mnist,div255,mlp,tanh,mse,none,,,,,,,,,,,,,,,,,,,,,
0.8532788753509521,0.6439122557640076,1.8516302865302323,0.9553422331809998,0.6290031671524048,2.6765842192618625,0.9874711036682128,0.4845156669616699,2.7378821841069816,30,,,,,,2.0157060623168945,0.4292995482261718,mse_s5,2,2,,,,,,,,,,E3_generality/mse_s5/seed2_fb2.csv,3,0.8367592096328735,0.8317942023277283,0.4126372337341308,0.9858370423316956,15.55845069885254,0.655207633972168,0.6290031671524048,0.9553422331809998,0.3982468843460083,0.9923094511032104,11.637540817260742,0.5358519554138184,0.4845156669616699,0.9874711036682128,0.3910796046257019,0.993703842163086,9.466567993164062,0.3051669001579284,0.89404296875,0.90771484375,0.91943359375,,0.92431640625,2000,1.9017350673675537,1.878281831741333,,,,2.0157060623168945,,1.0,0.001,1.0,1.0,128,300,3,2000,-1.0,0,0,0,0,0,0.0,5.0,0,10,11.24601208,35.225006103515625,8.932140588760376,2000,dfa,mnist,div255,mlp,tanh,mse,none,,,,,,,,,,,,,,,,,,,,,
0.4219799339771271,0.9812249541282654,3.5931972801890826,0.4404601156711578,0.9783872961997986,1.4261248366792525,0.4328719079494476,0.9772217869758606,1.20315839947303,0,,,,,,1.6297699213027954,0.15930569795411,mse_s5_bp,0,0,,,,,,,,,,E3_generality/mse_s5_bp/seed0_fb0.csv,3,0.9903910756111144,0.3624817728996277,0.3541161119937897,0.9909001588821412,12.757408142089844,,0.9935280680656432,0.3701251149177551,0.3507662415504455,0.9935280680656432,10.161163330078123,,0.9938654899597168,0.3869662880897522,0.3540035486221313,0.9948840141296388,8.370211601257324,,0.83837890625,0.86669921875,0.87646484375,,0.88134765625,2000,4.2123122215271,4.21186113357544,,,,1.6297699213027954,,1.0,0.001,1.0,1.0,128,300,3,2000,-1.0,0,0,0,0,0,0.0,5.0,0,10,11.24601208,35.225006103515625,11.061365604400635,2000,bp,mnist,div255,mlp,tanh,mse,none,,,,,,,,,,,,,,,,,,,,,
0.6602118015289307,0.5488072633743286,13.334481595061968,0.5976162552833557,0.346079409122467,32.27051867208191,0.4856206774711609,0.4457443952560425,36.4194979290922,0,,,,,,1.6297699213027954,0.30098568302593315,mse_s5_center,0,0,,,,,,,,,,E3_generality/mse_s5_center/seed0_fb0.csv,3,0.8182783126831055,0.5598934292793274,0.3541161119937897,0.9909001588821412,12.757408142089844,0.5579223036766052,0.6458566784858704,0.5203167200088501,0.3507662415504455,0.9935280680656432,10.161163330078123,0.4803955256938934,0.5994476079940796,0.4642013907432556,0.3540035486221313,0.9948840141296388,8.370211601257324,0.2746267914772033,0.86962890625,0.90576171875,0.912109375,,0.921875,2000,1.929641962051392,1.929251194000244,,,,1.6297699213027954,,1.0,0.001,1.0,1.0,128,300,3,2000,-1.0,0,0,0,0,0,0.0,5.0,0,10,11.24601208,35.225006103515625,9.749760627746582,2000,dfa,mnist,div255,mlp,tanh,mse,delta,,,,,,,,,,,,,,,,,,,,,
0.6633830666542053,0.632965624332428,6.665143796568166,0.5865218043327332,0.4421477615833282,12.213602581059591,0.4608129858970642,0.5788135528564453,13.655885261708498,0,,,,,,1.639292597770691,0.30473545810894054,mse_s5_center,1,1,,,,,,,,,,E3_generality/mse_s5_center/seed1_fb1.csv,3,0.8479938507080078,0.5380143523216248,0.3873637318611145,0.9887229204177856,13.798158645629885,0.5209858417510986,0.730593740940094,0.4898781180381775,0.3898089230060577,0.992600440979004,11.267420768737791,0.4625226855278015,0.7128255367279053,0.4017587006092071,0.387746512889862,0.9939010739326476,9.42509651184082,0.2711517810821533,0.8701171875,0.904296875,0.91015625,,0.9208984375,2000,1.9624143838882449,1.9537622928619385,,,,1.639292597770691,,1.0,0.001,1.0,1.0,128,300,3,2000,-1.0,0,0,0,0,0,0.0,5.0,0,10,11.24601208,35.225006103515625,9.091366291046143,2000,dfa,mnist,div255,mlp,tanh,mse,delta,,,,,,,,,,,,,,,,,,,,,
0.6482629776000977,0.5887275338172913,15.230793797759013,0.5732384920120239,0.3598128259181976,32.09194879898751,0.5065983533859253,0.3783958554267883,38.58962120317669,0,,,,,,2.0157060623168945,0.399078440187747,mse_s5_center,2,2,,,,,,,,,,E3_generality/mse_s5_center/seed2_fb2.csv,3,0.8520129919052124,0.5196653604507446,0.4126372337341308,0.9858370423316956,15.55845069885254,0.5136516690254211,0.7320706248283386,0.5025825500488281,0.3982468843460083,0.9923094511032104,11.637540817260742,0.4398853778839111,0.65330570936203,0.4460357427597046,0.3910796046257019,0.993703842163086,9.466567993164062,0.2742313146591186,0.85986328125,0.89208984375,0.90673828125,,0.9150390625,2000,2.1265368461608887,2.1265368461608887,,,,2.0157060623168945,,1.0,0.001,1.0,1.0,128,300,3,2000,-1.0,0,0,0,0,0,0.0,5.0,0,10,11.24601208,35.225006103515625,10.502861976623535,2000,dfa,mnist,div255,mlp,tanh,mse,delta,,,,,,,,,,,,,,,,,,,,,
0.7623737454414368,0.7743585109710693,13.350752377093018,0.5598471760749817,0.8046557903289795,9.980160591699414,0.3540035486221313,0.8424276113510132,8.896340135553297,0,,,,,,1.6297699213027954,0.3016175460444308,mse_s5_centere,0,0,,,,,,,,,,E3_generality/mse_s5_centere/seed0_fb0.csv,3,0.9680774211883544,0.3541161119937897,0.3541161119937897,0.9909001588821412,12.757408142089844,0.6226276755332947,0.9435442686080932,0.3507662415504455,0.3507662415504455,0.9935280680656432,10.161163330078123,0.531502366065979,0.9085866212844848,0.3540035486221313,0.3540035486221313,0.9948840141296388,8.370211601257324,0.2852766215801239,0.87890625,0.90576171875,0.9189453125,,0.9296875,2000,1.826611280441284,1.826611280441284,,,,1.6297699213027954,,1.0,0.001,1.0,1.0,128,300,3,2000,-1.0,0,0,0,0,0,0.0,5.0,0,10,11.24601208,35.225006103515625,10.290290594100952,2000,dfa,mnist,div255,mlp,tanh,mse,e,,,,,,,,,,,,,,,,,,,,,
0.7269636988639832,0.793663501739502,11.417778326584331,0.5242752432823181,0.7942776679992676,6.902759695872069,0.387746512889862,0.8279716968536377,6.922530564103616,0,,,,,,1.639292597770691,0.29832398964056084,mse_s5_centere,1,1,,,,,,,,,,E3_generality/mse_s5_centere/seed1_fb1.csv,3,0.967617928981781,0.3873637318611145,0.3873637318611145,0.9887229204177856,13.798158645629885,0.5943728685379028,0.93299663066864,0.3898089230060577,0.3898089230060577,0.992600440979004,11.267420768737791,0.5282261967658997,0.9103031158447266,0.387746512889862,0.387746512889862,0.9939010739326476,9.42509651184082,0.2947667837142944,0.884765625,0.91259765625,0.9208984375,,0.93212890625,2000,1.733224630355835,1.7251155376434326,,,,1.639292597770691,,1.0,0.001,1.0,1.0,128,300,3,2000,-1.0,0,0,0,0,0,0.0,5.0,0,10,11.24601208,35.225006103515625,10.011226415634155,2000,dfa,mnist,div255,mlp,tanh,mse,e,,,,,,,,,,,,,,,,,,,,,
0.7748098969459534,0.7630454301834106,11.657256418410311,0.563162088394165,0.7725654244422913,6.880548904777879,0.3910796046257019,0.8193823099136353,6.283745199177536,0,,,,,,2.0157060623168945,0.39577791182674255,mse_s5_centere,2,2,,,,,,,,,,E3_generality/mse_s5_centere/seed2_fb2.csv,3,0.964916467666626,0.4126372337341308,0.4126372337341308,0.9858370423316956,15.55845069885254,0.626681387424469,0.9485686421394348,0.3982468843460083,0.3982468843460083,0.9923094511032104,11.637540817260742,0.524415135383606,0.9288781881332396,0.3910796046257019,0.3910796046257019,0.993703842163086,9.466567993164062,0.3025936484336853,0.892578125,0.9140625,0.92333984375,,0.92724609375,2000,1.8014923334121704,1.8011939525604248,,,,2.0157060623168945,,1.0,0.001,1.0,1.0,128,300,3,2000,-1.0,0,0,0,0,0,0.0,5.0,0,10,11.24601208,35.225006103515625,9.3030846118927,2000,dfa,mnist,div255,mlp,tanh,mse,e,,,,,,,,,,,,,,,,,,,,,
0.918759822845459,0.6735178232192993,5.758921100552882,0.9912899732589722,0.2909237742424011,11.917462386112234,0.9991029500961304,0.1767444908618927,15.459780941531212,290,80.0,330.0,470.0,390.0,0.0808856670673077,1.2963436841964722,1.067935831432956,multilabel,0,0,,,,,,,,,,E3_generality/multilabel/seed0_fb0.csv,3,0.6735178232192993,0.918759822845459,0.392543613910675,0.99031662940979,14.50053596496582,0.5320587158203125,0.2909237742424011,0.9912899732589722,0.3568874299526214,0.9930111169815063,10.170218467712402,0.4146494269371032,0.1767444908618927,0.9991029500961304,0.3331278562545776,0.9956905245780944,7.764843940734863,0.266763299703598,0.22802734375,0.79296875,0.85302734375,,0.87841796875,2000,1.3926701545715332,1.3926701545715332,29.430584847764656,12.593230146025595,9.075114064650851,1.2963436841964722,,1.0,0.001,1.0,1.0,128,300,3,2000,-1.0,0,0,0,0,0,0.0,1.0,0,10,4.47119130494572,35.225006103515625,9.731739282608032,2000,dfa,mnist,div255,mlp,tanh,multilabel,none,,,,,,,,,,,,,,,,,,,,,
0.9087024927139282,0.7015482187271118,6.03711291018291,0.98658549785614,0.3546638786792755,11.91695811600997,0.99895441532135,0.171578899025917,15.0406480810763,280,80.0,150.0,450.0,370.0,0.132568359375,1.2636797428131104,1.0101544233000528,multilabel,1,1,,,,,,,,,,E3_generality/multilabel/seed1_fb1.csv,3,0.7015482187271118,0.9087024927139282,0.3888461291790008,0.9884510636329652,13.767694473266602,0.5406424403190613,0.3546638786792755,0.98658549785614,0.3775129020214081,0.992523193359375,10.80972671508789,0.435488611459732,0.171578899025917,0.99895441532135,0.3657867908477783,0.9947840571403505,8.763752937316895,0.2489131689071655,0.388671875,0.80517578125,0.86669921875,,0.8896484375,2000,1.3035067319869995,1.3035067319869995,25.75390957033452,10.498986996441843,8.396040928236586,1.2636797428131104,,1.0,0.001,1.0,1.0,128,300,3,2000,-1.0,0,0,0,0,0,0.0,1.0,0,10,4.466751401761605,35.225006103515625,9.74609899520874,2000,dfa,mnist,div255,mlp,tanh,multilabel,none,,,,,,,,,,,,,,,,,,,,,
0.904232621192932,0.7171249985694885,6.123006583837067,0.9852614998817444,0.3646418750286102,12.50609243728938,0.9983625411987304,0.199124589562416,16.047951753032095,240,70.0,120.0,370.0,300.0,0.14404296875,1.3307968378067017,1.2211142263350285,multilabel,2,2,,,,,,,,,,E3_generality/multilabel/seed2_fb2.csv,3,0.7171249985694885,0.904232621192932,0.4250889122486114,0.9866372346878052,16.378250122070312,0.5268033742904663,0.3646418750286102,0.9852614998817444,0.4022824764251709,0.9918996095657348,12.323755264282228,0.4179607927799225,0.199124589562416,0.9983625411987304,0.4346027374267578,0.9925761818885804,11.506607055664062,0.2788034081459045,0.34326171875,0.79443359375,0.85546875,,0.884765625,2000,1.3205782175064087,1.3205782175064087,21.17362316342219,10.157638573557122,7.787774342436775,1.3307968378067017,,1.0,0.001,1.0,1.0,128,300,3,2000,-1.0,0,0,0,0,0,0.0,1.0,0,10,4.483615890765238,35.225006103515625,9.259083032608032,2000,dfa,mnist,div255,mlp,tanh,multilabel,none,,,,,,,,,,,,,,,,,,,,,
0.4932746589183807,0.9775567054748536,4.99945925877805,0.5917037129402161,0.9683664441108704,2.762675007321693,0.7082624435424805,0.946015477180481,2.8459152191746533,0,,,,,,1.2963436841964722,0.8981791900839132,multilabel_bp,0,0,,,,,,,,,,E3_generality/multilabel_bp/seed0_fb0.csv,3,0.9811210036277772,0.4932746589183807,0.392543613910675,0.99031662940979,14.50053596496582,,0.973455011844635,0.5917037129402161,0.3568874299526214,0.9930111169815063,10.170218467712402,,0.95231431722641,0.7082624435424805,0.3331278562545776,0.9956905245780944,7.764843940734863,,0.71435546875,0.79736328125,0.828125,,0.84716796875,2000,2.140460729598999,2.140460729598999,29.430584847764656,12.593230146025595,9.075114064650851,1.2963436841964722,,1.0,0.001,1.0,1.0,128,300,3,2000,-1.0,0,0,0,0,0,0.0,1.0,0,10,4.47119130494572,35.225006103515625,10.650339365005493,2000,bp,mnist,div255,mlp,tanh,multilabel,none,,,,,,,,,,,,,,,,,,,,,
0.5602816939353943,0.6267641186714172,33.21993032705195,0.5016264915466309,0.4316280484199524,67.50636915967331,0.4142400324344635,0.6016795039176941,71.81632592744634,0,,,,,,1.2963436841964722,1.088830985889456,multilabel_center,0,0,,,,,,,,,,E3_generality/multilabel_center/seed0_fb0.csv,3,0.9071643352508544,0.4577104449272156,0.392543613910675,0.99031662940979,14.50053596496582,0.2635791599750519,0.7838189601898193,0.4183575809001922,0.3568874299526214,0.9930111169815063,10.170218467712402,0.2454179972410202,0.6672199368476868,0.3663490712642669,0.3331278562545776,0.9956905245780944,7.764843940734863,0.1579184681177139,0.482421875,0.765625,0.82958984375,,0.849609375,2000,2.439481258392334,2.439481258392334,29.430584847764656,12.593230146025595,9.075114064650851,1.2963436841964722,,1.0,0.001,1.0,1.0,128,300,3,2000,-1.0,0,0,0,0,0,0.0,1.0,0,10,4.47119130494572,35.225006103515625,10.006194114685059,2000,dfa,mnist,div255,mlp,tanh,multilabel,delta,,,,,,,,,,,,,,,,,,,,,
0.5501106381416321,0.6009437441825867,30.563898171788768,0.5223366022109985,0.387637585401535,66.8222451908184,0.5190991163253784,0.400033175945282,78.71934747147864,0,,,,,,1.2636797428131104,1.0657109886531155,multilabel_center,1,1,,,,,,,,,,E3_generality/multilabel_center/seed1_fb1.csv,3,0.9009945392608644,0.4948050677776336,0.3888461291790008,0.9884510636329652,13.767694473266602,0.2008381187915802,0.7342462539672852,0.5124219059944153,0.3775129020214081,0.992523193359375,10.80972671508789,0.2264084964990615,0.6110664010047913,0.5160458087921143,0.3657867908477783,0.9947840571403505,8.763752937316895,0.1070335507392883,0.38623046875,0.7177734375,0.82421875,,0.85595703125,2000,2.7400341033935547,2.7400341033935547,25.75390957033452,10.498986996441843,8.396040928236586,1.2636797428131104,,1.0,0.001,1.0,1.0,128,300,3,2000,-1.0,0,0,0,0,0,0.0,1.0,0,10,4.466751401761605,35.225006103515625,10.955867528915405,2000,dfa,mnist,div255,mlp,tanh,multilabel,delta,,,,,,,,,,,,,,,,,,,,,
0.5492963194847107,0.6632168889045715,31.056383998766105,0.449502170085907,0.5180003046989441,58.11447745035802,0.4382041394710541,0.6592082381248474,56.72106069063683,0,,,,,,1.3307968378067017,1.0985300911749052,multilabel_center,2,2,,,,,,,,,,E3_generality/multilabel_center/seed2_fb2.csv,3,0.9293898940086364,0.449897438287735,0.4250889122486114,0.9866372346878052,16.378250122070312,0.2935582995414734,0.8845201730728149,0.4223610162734985,0.4022824764251709,0.9918996095657348,12.323755264282228,0.2916609644889831,0.8410064578056335,0.4382041394710541,0.4346027374267578,0.9925761818885804,11.506607055664062,0.1816667765378952,0.4931640625,0.72314453125,0.83984375,,0.86376953125,2000,2.398684024810791,2.398684024810791,21.17362316342219,10.157638573557122,7.787774342436775,1.3307968378067017,,1.0,0.001,1.0,1.0,128,300,3,2000,-1.0,0,0,0,0,0,0.0,1.0,0,10,4.483615890765238,35.225006103515625,9.56753396987915,2000,dfa,mnist,div255,mlp,tanh,multilabel,delta,,,,,,,,,,,,,,,,,,,,,
0.392543613910675,0.8997814059257507,48.581657565644846,0.3568874299526214,0.7170380353927612,24.59419904985336,0.3362342417240143,0.633044958114624,36.94728453818496,0,,,,,,1.2963436841964722,1.0860589242377714,multilabel_centere,0,0,,,,,,,,,,E3_generality/multilabel_centere/seed0_fb0.csv,3,0.9857410788536072,0.392543613910675,0.392543613910675,0.99031662940979,14.50053596496582,0.3444304168224334,0.9569958448410034,0.3568874299526214,0.3568874299526214,0.9930111169815063,10.170218467712402,0.2815577387809753,0.9259390830993652,0.3362342417240143,0.3331278562545776,0.9956905245780944,7.764843940734863,0.1680442094802856,0.5986328125,0.7939453125,0.85009765625,,0.865234375,2000,2.7767534255981445,2.775331974029541,29.430584847764656,12.593230146025595,9.075114064650851,1.2963436841964722,,1.0,0.001,1.0,1.0,128,300,3,2000,-1.0,0,0,0,0,0,0.0,1.0,0,10,4.47119130494572,35.225006103515625,9.222465515136719,2000,dfa,mnist,div255,mlp,tanh,multilabel,e,,,,,,,,,,,,,,,,,,,,,
0.3890131413936615,0.9147091507911682,51.17963641902827,0.3775129020214081,0.7981303334236145,24.29587379296002,0.3657867908477783,0.6729191541671753,31.224980008026822,0,,,,,,1.2636797428131104,1.0673576820473483,multilabel_centere,1,1,,,,,,,,,,E3_generality/multilabel_centere/seed1_fb1.csv,3,0.9849703907966614,0.3890131413936615,0.3888461291790008,0.9884510636329652,13.767694473266602,0.3679895997047424,0.954976499080658,0.3775129020214081,0.3775129020214081,0.992523193359375,10.80972671508789,0.2979453206062317,0.9110342264175416,0.3657867908477783,0.3657867908477783,0.9947840571403505,8.763752937316895,0.1556181162595749,0.57080078125,0.76708984375,0.828125,,0.86572265625,2000,2.880877017974853,2.880877017974853,25.75390957033452,10.498986996441843,8.396040928236586,1.2636797428131104,,1.0,0.001,1.0,1.0,128,300,3,2000,-1.0,0,0,0,0,0,0.0,1.0,0,10,4.466751401761605,35.225006103515625,9.19476580619812,2000,dfa,mnist,div255,mlp,tanh,multilabel,e,,,,,,,,,,,,,,,,,,,,,
0.427406907081604,0.9466568231582642,56.2041480468256,0.4076606035232544,0.8342805504798889,25.23593290695745,0.4351021349430084,0.7181373834609985,24.14502092327093,0,,,,,,1.3307968378067017,1.09955793551698,multilabel_centere,2,2,,,,,,,,,,E3_generality/multilabel_centere/seed2_fb2.csv,3,0.9865114092826844,0.427406907081604,0.4250889122486114,0.9866372346878052,16.378250122070312,0.3959884941577911,0.9634723663330078,0.4076606035232544,0.4022824764251709,0.9918996095657348,12.323755264282228,0.2900425791740417,0.9295997023582458,0.4351021349430084,0.4346027374267578,0.9925761818885804,11.506607055664062,0.1888157129287719,0.63720703125,0.77587890625,0.8447265625,,0.85888671875,2000,3.242266893386841,3.242266893386841,21.17362316342219,10.157638573557122,7.787774342436775,1.3307968378067017,,1.0,0.001,1.0,1.0,128,300,3,2000,-1.0,0,0,0,0,0,0.0,1.0,0,10,4.483615890765238,35.225006103515625,10.503255605697632,2000,dfa,mnist,div255,mlp,tanh,multilabel,e,,,,,,,,,,,,,,,,,,,,,
0.9009555578231812,0.663396418094635,2.033659352836512,0.989900529384613,0.4508488774299621,6.853346531143859,0.999247133731842,0.4012013971805572,29.229718538603635,360,,,,,,1.2818809747695925,1.3804967406374486,relu,0,0,,,,,,,,,,E3_generality/relu/seed0_fb0.csv,3,0.663396418094635,0.9009555578231812,0.5193864107131958,0.7990047335624695,11.593347549438477,0.4153087735176086,0.4508488774299621,0.989900529384613,0.6188496947288513,0.7433397173881531,6.326198577880859,0.2817740142345428,0.4012013971805572,0.999247133731842,0.7076787352561951,0.7222245335578918,3.9209988117218018,0.1413531005382537,0.6533203125,0.857421875,0.87841796875,,0.8857421875,2000,0.711205005645752,0.7013494968414307,51.83431528248976,18.019805033965557,10.483048251885599,1.2818809747695925,1.264911064067352,1.0,0.001,1.0,1.0,128,300,3,2000,-1.0,0,0,0,0,0,0.0,1.0,0,10,3.2490788990307586,35.225006103515625,9.675905466079712,2000,dfa,mnist,div255,mlp,relu,sigmoid_bce,none,,,,,,,,,,,,,,,,,,,,,
0.8971273303031921,0.679283857345581,1.977861359262441,0.9873961806297302,0.4707570374011993,5.847694957072967,0.9991462230682372,0.4473042488098144,20.67998313598751,370,,,,,,1.3372581005096436,1.3792452900541154,relu,1,1,,,,,,,,,,E3_generality/relu/seed1_fb1.csv,3,0.679283857345581,0.8971273303031921,0.5658684968948364,0.8184747099876404,14.720185279846191,0.3971149325370788,0.4707570374011993,0.9873961806297302,0.6342530846595764,0.6991259455680847,6.986258506774902,0.254215806722641,0.4473042488098144,0.9991462230682372,0.7323346734046936,0.6875077486038208,4.427813529968262,0.1317990273237228,0.6181640625,0.853515625,0.8857421875,,0.90234375,2000,0.6578739881515503,0.6506495475769043,49.02450782281752,21.274650555632803,10.808069749432894,1.3372581005096436,1.264911064067352,1.0,0.001,1.0,1.0,128,300,3,2000,-1.0,0,0,0,0,0,0.0,1.0,0,10,3.2490788990307586,35.225006103515625,9.886827230453491,2000,dfa,mnist,div255,mlp,relu,sigmoid_bce,none,,,,,,,,,,,,,,,,,,,,,
0.8868193030357361,0.6942822933197021,1.890860026360888,0.982779860496521,0.4810449481010437,6.2730680543668855,0.9983683824539183,0.4284307360649109,21.379117252217235,290,,,,,,1.301832914352417,1.3178199983103325,relu,2,2,,,,,,,,,,E3_generality/relu/seed2_fb2.csv,3,0.6942822933197021,0.8868193030357361,0.5558498501777649,0.7845687866210938,13.253875732421877,0.4090701937675476,0.4810449481010437,0.982779860496521,0.6164566874504089,0.7160353660583496,6.436254978179932,0.2703601717948913,0.4284307360649109,0.9983683824539183,0.6506115198135376,0.6819600462913513,2.6696274280548096,0.1479227542877197,0.724609375,0.8603515625,0.892578125,,0.90771484375,2000,0.6500929594039917,0.6467711925506592,70.59211577129241,27.77670328108207,14.491121708150157,1.301832914352417,1.264911064067352,1.0,0.001,1.0,1.0,128,300,3,2000,-1.0,0,0,0,0,0,0.0,1.0,0,10,3.2490788990307586,35.225006103515625,9.117192029953003,2000,dfa,mnist,div255,mlp,relu,sigmoid_bce,none,,,,,,,,,,,,,,,,,,,,,
0.679011344909668,0.7769972085952759,7.144882192075509,0.8488084673881531,0.6730383038520813,3.906716678159592,0.9465580582618712,0.5861968398094177,4.040085117846158,1310,,,,,,1.2818809747695925,1.2877673364743838,relu_bp,0,0,,,,,,,,,,E3_generality/relu_bp/seed0_fb0.csv,3,0.7769972085952759,0.6575468182563782,0.5193864107131958,0.7990047335624695,11.593347549438477,,0.6732518672943115,0.8463704586029053,0.6188496947288513,0.7433397173881531,6.326198577880859,,0.5861968398094177,0.946125328540802,0.7076787352561951,0.7222245335578918,3.9209988117218018,,0.455078125,0.62109375,0.7216796875,,0.779296875,2000,1.9470446109771729,1.9470446109771729,51.83431528248976,18.019805033965557,10.483048251885599,1.2818809747695925,1.264911064067352,1.0,0.001,1.0,1.0,128,300,3,2000,-1.0,0,0,0,0,0,0.0,1.0,0,10,3.2490788990307586,35.225006103515625,9.123930215835571,2000,bp,mnist,div255,mlp,relu,sigmoid_bce,none,,,,,,,,,,,,,,,,,,,,,
0.6352289319038391,0.766495943069458,10.681591767679048,0.8393498659133911,0.6086040139198303,12.868439145725771,0.9935681223869324,0.4467239379882812,1287.975203120861,1700,,,,,,1.2818809747695925,1.328115061389209,relu_center,0,0,,,,,,,,,,E3_generality/relu_center/seed0_fb0.csv,3,0.7879316210746765,0.5558204054832458,0.5193864107131958,0.7990047335624695,11.593347549438477,0.1566628962755203,0.6735737919807434,0.7309696674346924,0.6188496947288513,0.7433397173881531,6.326198577880859,0.2371381670236587,0.6214083433151245,0.8971410393714905,0.7076787352561951,0.7222245335578918,3.9209988117218018,0.3414199650287628,0.2587890625,0.19677734375,0.1904296875,,0.17724609375,2000,20659566.0,3.512781381607056,51.83431528248976,18.019805033965557,10.483048251885599,1.2818809747695925,1.264911064067352,1.0,0.001,1.0,1.0,128,300,3,2000,-1.0,0,0,0,0,0,0.0,1.0,0,10,3.2490788990307586,35.225006103515625,11.60117483139038,2000,dfa,mnist,div255,mlp,relu,sigmoid_bce,delta,,,,,,,,,,,,,,,,,,,,,
0.6470921635627747,0.7551357746124268,12.748246524502855,0.8317534327507019,0.5874365568161011,19.869060639941186,0.9941650032997132,0.4644426703453064,3144.444279983428,1590,,,,,,1.3372581005096436,1.3834503662762372,relu_center,1,1,,,,,,,,,,E3_generality/relu_center/seed1_fb1.csv,3,0.7839192748069763,0.5658684968948364,0.5658684968948364,0.8184747099876404,14.720185279846191,0.0627045109868049,0.640263557434082,0.6362711787223816,0.6342530846595764,0.6991259455680847,6.986258506774902,0.1541889309883117,0.6428956985473633,0.7323346734046936,0.7323346734046936,0.6875077486038208,4.427813529968262,0.2999708652496338,0.10986328125,0.15576171875,0.21826171875,,0.1142578125,2000,61498728.0,3.562136650085449,49.02450782281752,21.274650555632803,10.808069749432894,1.3372581005096436,1.264911064067352,1.0,0.001,1.0,1.0,128,300,3,2000,-1.0,0,0,0,0,0,0.0,1.0,0,10,3.2490788990307586,35.225006103515625,9.86098051071167,2000,dfa,mnist,div255,mlp,relu,sigmoid_bce,delta,,,,,,,,,,,,,,,,,,,,,
0.5720628499984741,0.7427239418029785,14.729354525133516,0.6645278334617615,0.665759265422821,22.17590066889332,0.9701138138771056,0.4959739744663238,1619.161447749083,1520,,,,,,1.301832914352417,1.3565899720674206,relu_center,2,2,,,,,,,,,,E3_generality/relu_center/seed2_fb2.csv,3,0.7819132804870605,0.5558498501777649,0.5558498501777649,0.7845687866210938,13.253875732421877,0.0939366072416305,0.7040098309516907,0.6164566874504089,0.6164566874504089,0.7160353660583496,6.436254978179932,0.2045837640762329,0.6220585703849792,0.7600641250610352,0.6506115198135376,0.6819600462913513,2.6696274280548096,0.4042978882789612,0.296875,0.16064453125,0.10302734375,,0.32421875,2000,2242559.0,2.843987464904785,70.59211577129241,27.77670328108207,14.491121708150157,1.301832914352417,1.264911064067352,1.0,0.001,1.0,1.0,128,300,3,2000,-1.0,0,0,0,0,0,0.0,1.0,0,10,3.2490788990307586,35.225006103515625,9.31161379814148,2000,dfa,mnist,div255,mlp,relu,sigmoid_bce,delta,,,,,,,,,,,,,,,,,,,,,
0.7660759091377258,0.7776155471801758,7.709143328639021,0.9156855940818788,0.6788503527641296,24.304607277497546,0.9913444519042968,0.6470156311988831,4133.849015046643,1790,,,,,,1.2818809747695925,1.326154716774944,relu_centere,0,0,,,,,,,,,,E3_generality/relu_centere/seed0_fb0.csv,3,0.7776155471801758,0.7164211273193359,0.5193864107131958,0.7990047335624695,11.593347549438477,0.3163726925849914,0.6788503527641296,0.8511813282966614,0.6188496947288513,0.7433397173881531,6.326198577880859,0.4120131134986877,0.6470156311988831,0.9357608556747437,0.7076787352561951,0.7222245335578918,3.9209988117218018,0.5360464453697205,0.38916015625,0.22509765625,0.30908203125,,0.3095703125,2000,8871776.0,2.9233922958374023,51.83431528248976,18.019805033965557,10.483048251885599,1.2818809747695925,1.264911064067352,1.0,0.001,1.0,1.0,128,300,3,2000,-1.0,0,0,0,0,0,0.0,1.0,0,10,3.2490788990307586,35.225006103515625,9.328887939453125,2000,dfa,mnist,div255,mlp,relu,sigmoid_bce,e,,,,,,,,,,,,,,,,,,,,,
0.7766841053962708,0.8066726326942444,7.992939225607374,0.9097557067871094,0.6751803159713745,24.60786490118995,0.9906187057495116,0.629595935344696,2873.126127789778,1720,,,,,,1.3372581005096436,1.3853065179269146,relu_centere,1,1,,,,,,,,,,E3_generality/relu_centere/seed1_fb1.csv,3,0.8066726326942444,0.7319279909133911,0.5658684968948364,0.8184747099876404,14.720185279846191,0.4709854125976562,0.6751803159713745,0.8313724398612976,0.6342530846595764,0.6991259455680847,6.986258506774902,0.4920262694358825,0.629595935344696,0.9065666794776917,0.7323346734046936,0.6875077486038208,4.427813529968262,0.557896614074707,0.48583984375,0.30810546875,0.50439453125,,0.10693359375,2000,3933920.25,3.1845011711120605,49.02450782281752,21.274650555632803,10.808069749432894,1.3372581005096436,1.264911064067352,1.0,0.001,1.0,1.0,128,300,3,2000,-1.0,0,0,0,0,0,0.0,1.0,0,10,3.2490788990307586,35.225006103515625,9.354995250701904,2000,dfa,mnist,div255,mlp,relu,sigmoid_bce,e,,,,,,,,,,,,,,,,,,,,,
0.762224555015564,0.7845687866210938,9.566274741096487,0.8948100209236145,0.6843263506889343,18.474951809148227,0.9880689978599548,0.6138102412223816,700.6809415938963,1580,,,,,,1.301832914352417,1.3575197974361328,relu_centere,2,2,,,,,,,,,,E3_generality/relu_centere/seed2_fb2.csv,3,0.7845687866210938,0.6982530355453491,0.5558498501777649,0.7845687866210938,13.253875732421877,0.3910279273986816,0.6843263506889343,0.7733526229858398,0.6164566874504089,0.7160353660583496,6.436254978179932,0.4561612606048584,0.6138102412223816,0.8102265000343323,0.6506115198135376,0.6819600462913513,2.6696274280548096,0.5967898964881897,0.6435546875,0.3837890625,0.30322265625,,0.2626953125,2000,241671.484375,1.8737730979919436,70.59211577129241,27.77670328108207,14.491121708150157,1.301832914352417,1.264911064067352,1.0,0.001,1.0,1.0,128,300,3,2000,-1.0,0,0,0,0,0,0.0,1.0,0,10,3.2490788990307586,35.225006103515625,11.889696836471558,2000,dfa,mnist,div255,mlp,relu,sigmoid_bce,e,,,,,,,,,,,,,,,,,,,,,
0.897645115852356,0.66841059923172,1.7639012785117894,0.9888823628425598,0.4549725353717804,5.203147431010635,0.9991507530212402,0.403556078672409,20.71585774208164,1180,,,,,,1.2818809747695925,1.345077612121144,relu_lr3e4,0,0,,,,,,,,,,E3_generality/relu_lr3e4/seed0_fb0.csv,3,0.66841059923172,0.897645115852356,0.5193864107131958,0.7990047335624695,11.593347549438477,0.3235300481319427,0.4549725353717804,0.9888823628425598,0.6188496947288513,0.7433397173881531,6.326198577880859,0.2122563272714615,0.403556078672409,0.9991507530212402,0.7076787352561951,0.7222245335578918,3.9209988117218018,0.1042934134602546,0.1513671875,0.28369140625,0.6533203125,0.8466796875,0.8466796875,3000,1.0330445766448977,1.0330445766448977,51.83431528248976,18.019805033965557,10.483048251885599,1.2818809747695925,1.264911064067352,1.0,0.0003,1.0,1.0,128,300,3,3000,-1.0,0,0,0,0,0,0.0,1.0,0,10,3.2490788990307586,35.225006103515625,13.231745958328247,3000,dfa,mnist,div255,mlp,relu,sigmoid_bce,none,,,,,,,,,,,,,,,,,,,,,
0.8931304216384888,0.6846846342086792,1.7258739356694754,0.9862998723983764,0.4752962291240692,4.420005184874632,0.9990591406822203,0.4479746222496032,14.05344350369341,1180,,,,,,1.3372581005096436,1.3876492411862917,relu_lr3e4,1,1,,,,,,,,,,E3_generality/relu_lr3e4/seed1_fb1.csv,3,0.6846846342086792,0.8931304216384888,0.5658684968948364,0.8184747099876404,14.720185279846191,0.2949974834918976,0.4752962291240692,0.9862998723983764,0.6342530846595764,0.6991259455680847,6.986258506774902,0.1714085638523101,0.4479746222496032,0.9990591406822203,0.7323346734046936,0.6875077486038208,4.427813529968262,0.0883795693516731,0.16162109375,0.431640625,0.62646484375,0.83642578125,0.83642578125,3000,1.0304086208343506,1.0290141105651855,49.02450782281752,21.274650555632803,10.808069749432894,1.3372581005096436,1.264911064067352,1.0,0.0003,1.0,1.0,128,300,3,3000,-1.0,0,0,0,0,0,0.0,1.0,0,10,3.2490788990307586,35.225006103515625,12.805795192718506,3000,dfa,mnist,div255,mlp,relu,sigmoid_bce,none,,,,,,,,,,,,,,,,,,,,,
0.883247971534729,0.6983435153961182,1.6606865871719454,0.981743574142456,0.4848671853542328,4.860395894265633,0.9982327222824096,0.4326255917549133,15.185296209150422,930,,,,,,1.301832914352417,1.3633963694792637,relu_lr3e4,2,2,,,,,,,,,,E3_generality/relu_lr3e4/seed2_fb2.csv,3,0.6983435153961182,0.883247971534729,0.5558498501777649,0.7845687866210938,13.253875732421877,0.3093318343162536,0.4848671853542328,0.981743574142456,0.6164566874504089,0.7160353660583496,6.436254978179932,0.1944526731967926,0.4326255917549133,0.9982327222824096,0.6506115198135376,0.6819600462913513,2.6696274280548096,0.1117710620164871,0.1142578125,0.4013671875,0.7314453125,0.86279296875,0.86279296875,3000,0.9845033288002014,0.9845033288002014,70.59211577129241,27.77670328108207,14.491121708150157,1.301832914352417,1.264911064067352,1.0,0.0003,1.0,1.0,128,300,3,3000,-1.0,0,0,0,0,0,0.0,1.0,0,10,3.2490788990307586,35.225006103515625,12.568228721618652,3000,dfa,mnist,div255,mlp,relu,sigmoid_bce,none,,,,,,,,,,,,,,,,,,,,,
0.6607097387313843,0.7769268155097961,6.139887163989946,0.848796010017395,0.6728848814964294,2.97484600432758,0.946572721004486,0.5855327844619751,2.6844929578357624,2580,,,,,,1.2818809747695925,1.3273026905272824,relu_lr3e4_bp,0,0,,,,,,,,,,E3_generality/relu_lr3e4_bp/seed0_fb0.csv,3,0.788093090057373,0.569176197052002,0.5193864107131958,0.7990047335624695,11.593347549438477,,0.7122519016265869,0.7202292680740356,0.6188496947288513,0.7433397173881531,6.326198577880859,,0.6623205542564392,0.8506426811218262,0.7076787352561951,0.7222245335578918,3.9209988117218018,,0.12841796875,0.328125,0.44482421875,0.58642578125,0.58642578125,3000,2.830049991607666,2.830049991607666,51.83431528248976,18.019805033965557,10.483048251885599,1.2818809747695925,1.264911064067352,1.0,0.0003,1.0,1.0,128,300,3,3000,-1.0,0,0,0,0,0,0.0,1.0,0,10,3.2490788990307586,35.225006103515625,13.592825651168823,3000,bp,mnist,div255,mlp,relu,sigmoid_bce,none,,,,,,,,,,,,,,,,,,,,,
0.6308249831199646,0.7629656791687012,10.325209917180302,0.8219766616821289,0.6072429418563843,8.1242376896484,0.9709259271621704,0.4839518070220947,45.55892386125945,2040,,,,,,1.2818809747695925,1.339744953779993,relu_lr3e4_center,0,0,,,,,,,,,,E3_generality/relu_lr3e4_center/seed0_fb0.csv,3,0.7891206741333008,0.5432994961738586,0.5193864107131958,0.7990047335624695,11.593347549438477,0.1352483630180359,0.720258355140686,0.6602643132209778,0.6188496947288513,0.7433397173881531,6.326198577880859,0.2041676193475723,0.7028100490570068,0.7421332001686096,0.7076787352561951,0.7222245335578918,3.9209988117218018,0.2007431387901306,0.138671875,0.09619140625,0.21142578125,0.296875,0.296875,3000,420.9000244140625,3.0998804569244385,51.83431528248976,18.019805033965557,10.483048251885599,1.2818809747695925,1.264911064067352,1.0,0.0003,1.0,1.0,128,300,3,3000,-1.0,0,0,0,0,0,0.0,1.0,0,10,3.2490788990307586,35.225006103515625,16.71478796005249,3000,dfa,mnist,div255,mlp,relu,sigmoid_bce,delta,,,,,,,,,,,,,,,,,,,,,
0.6550991535186768,0.7575355768203735,12.18921634630888,0.8441627621650696,0.5824416875839233,10.58370565136456,0.9893903732299804,0.4831286370754242,59.572669152343,1620,,,,,,1.3372581005096436,1.397191975779659,relu_lr3e4_center,1,1,,,,,,,,,,E3_generality/relu_lr3e4_center/seed1_fb1.csv,3,0.8086296319961548,0.5658684968948364,0.5658684968948364,0.8184747099876404,14.720185279846191,0.133679524064064,0.6895714998245239,0.6361110806465149,0.6342530846595764,0.6991259455680847,6.986258506774902,0.1713255047798156,0.6875077486038208,0.7323346734046936,0.7323346734046936,0.6875077486038208,4.427813529968262,0.1975332647562027,0.1103515625,0.04345703125,0.13818359375,0.20947265625,0.20947265625,3000,616.72021484375,3.31851863861084,49.02450782281752,21.274650555632803,10.808069749432894,1.3372581005096436,1.264911064067352,1.0,0.0003,1.0,1.0,128,300,3,3000,-1.0,0,0,0,0,0,0.0,1.0,0,10,3.2490788990307586,35.225006103515625,13.508735418319702,3000,dfa,mnist,div255,mlp,relu,sigmoid_bce,delta,,,,,,,,,,,,,,,,,,,,,
0.5653812289237976,0.7471049427986145,13.54544914649052,0.7108144760131836,0.6575798988342285,11.332807468011923,0.9845278859138488,0.4853400886058807,45.35676733794899,1390,,,,,,1.301832914352417,1.3648305343335438,relu_lr3e4_center,2,2,,,,,,,,,,E3_generality/relu_lr3e4_center/seed2_fb2.csv,3,0.7845687866210938,0.5558498501777649,0.5558498501777649,0.7845687866210938,13.253875732421877,0.0645788311958313,0.7160353660583496,0.6164566874504089,0.6164566874504089,0.7160353660583496,6.436254978179932,0.151791363954544,0.6819600462913513,0.6506115198135376,0.6506115198135376,0.6819600462913513,2.6696274280548096,0.1286802887916565,0.0791015625,0.1494140625,0.30810546875,0.294921875,0.294921875,3000,134.06529235839844,2.51965856552124,70.59211577129241,27.77670328108207,14.491121708150157,1.301832914352417,1.264911064067352,1.0,0.0003,1.0,1.0,128,300,3,3000,-1.0,0,0,0,0,0,0.0,1.0,0,10,3.2490788990307586,35.225006103515625,12.847707033157349,3000,dfa,mnist,div255,mlp,relu,sigmoid_bce,delta,,,,,,,,,,,,,,,,,,,,,
0.7710282206535339,0.7774657607078552,7.0123548577638575,0.9348542094230652,0.6786471009254456,7.296416460880518,0.9952048659324646,0.6441724300384521,54.01508672477612,2300,,,,,,1.2818809747695925,1.3391945839588295,relu_lr3e4_centere,0,0,,,,,,,,,,E3_generality/relu_lr3e4_centere/seed0_fb0.csv,3,0.7775620222091675,0.5958500504493713,0.5193864107131958,0.7990047335624695,11.593347549438477,0.2925475239753723,0.6966245174407959,0.6982234120368958,0.6188496947288513,0.7433397173881531,6.326198577880859,0.3606995642185211,0.7042090892791748,0.7688064575195312,0.7076787352561951,0.7222245335578918,3.9209988117218018,0.2711853086948395,0.1787109375,0.19580078125,0.48779296875,0.57275390625,0.57275390625,3000,172.7089080810547,2.023622512817383,51.83431528248976,18.019805033965557,10.483048251885599,1.2818809747695925,1.264911064067352,1.0,0.0003,1.0,1.0,128,300,3,3000,-1.0,0,0,0,0,0,0.0,1.0,0,10,3.2490788990307586,35.225006103515625,16.71586513519287,3000,dfa,mnist,div255,mlp,relu,sigmoid_bce,e,,,,,,,,,,,,,,,,,,,,,
0.779664158821106,0.8070457577705383,7.349800200554593,0.9290247559547424,0.6740725040435791,8.802642503410663,0.994072437286377,0.6317309737205505,60.6482819948864,2090,,,,,,1.3372581005096436,1.397842931397457,relu_lr3e4_centere,1,1,,,,,,,,,,E3_generality/relu_lr3e4_centere/seed1_fb1.csv,3,0.8070457577705383,0.6182353496551514,0.5658684968948364,0.8184747099876404,14.720185279846191,0.2593373656272888,0.6775621175765991,0.689116895198822,0.6342530846595764,0.6991259455680847,6.986258506774902,0.3042528331279754,0.6737576127052307,0.7761199474334717,0.7323346734046936,0.6875077486038208,4.427813529968262,0.2651382982730865,0.072265625,0.2353515625,0.39208984375,0.4189453125,0.4189453125,3000,274.3531494140625,2.171380043029785,49.02450782281752,21.274650555632803,10.808069749432894,1.3372581005096436,1.264911064067352,1.0,0.0003,1.0,1.0,128,300,3,3000,-1.0,0,0,0,0,0,0.0,1.0,0,10,3.2490788990307586,35.225006103515625,14.378714561462402,3000,dfa,mnist,div255,mlp,relu,sigmoid_bce,e,,,,,,,,,,,,,,,,,,,,,
0.7644176483154297,0.7845687866210938,8.990484189833685,0.9146079421043396,0.6854956150054932,9.429965258960152,0.9897863268852234,0.6110785603523254,23.247607134945103,1580,,,,,,1.301832914352417,1.365126691357556,relu_lr3e4_centere,2,2,,,,,,,,,,E3_generality/relu_lr3e4_centere/seed2_fb2.csv,3,0.7845687866210938,0.5947301387786865,0.5558498501777649,0.7845687866210938,13.253875732421877,0.3427805602550506,0.7042327523231506,0.634981632232666,0.6164566874504089,0.7160353660583496,6.436254978179932,0.2315014153718948,0.6623996496200562,0.6543806195259094,0.6506115198135376,0.6819600462913513,2.6696274280548096,0.1283567398786544,0.11962890625,0.26806640625,0.67431640625,0.4697265625,0.4697265625,3000,7.438471794128418,1.2171167135238647,70.59211577129241,27.77670328108207,14.491121708150157,1.301832914352417,1.264911064067352,1.0,0.0003,1.0,1.0,128,300,3,3000,-1.0,0,0,0,0,0,0.0,1.0,0,10,3.2490788990307586,35.225006103515625,17.448522329330444,3000,dfa,mnist,div255,mlp,relu,sigmoid_bce,e,,,,,,,,,,,,,,,,,,,,,
0.8066155314445496,0.8430191278457642,2.742932534406635,0.96205472946167,0.6278219223022461,11.06910012656091,0.9948405623435974,0.3175720274448395,15.515251286621906,170,40.0,180.0,240.0,200.0,0.09127604166666667,1.22051203250885,0.909769486811634,w900_depth6,0,0,0.9993658065795898,0.2137774974107742,17.429251504459266,0.9999370574951172,0.1680389791727066,18.50003768272873,0.999993085861206,0.1700236946344375,19.24441509462883,E3_generality/w900_depth6/seed0_fb0.csv,6,0.9064303636550904,0.8066155314445496,0.4101614356040954,0.9924455285072328,32.868186950683594,0.553826630115509,0.6278219223022461,0.96205472946167,0.4019424319267273,0.994152307510376,27.044952392578125,0.5516626834869385,0.3175720274448395,0.9948405623435974,0.3943151235580444,0.9960290789604188,23.073530197143555,0.547184944152832,0.77880859375,0.8818359375,0.89794921875,,0.91064453125,2000,0.5543402433395386,0.5543402433395386,14.521691407990977,13.576902044972817,11.242514163642701,1.22051203250885,1.264911064067352,1.0,0.001,1.0,1.0,128,900,6,2000,-1.0,0,0,0,0,0,0.0,1.0,0,10,3.2490788990307586,35.225006103515625,49.20650339126587,2000,dfa,mnist,div255,mlp,tanh,sigmoid_bce,none,0.2137774974107742,0.9993658065795898,0.405616283416748,0.996222198009491,21.53201675415039,0.556044340133667,0.1680389791727066,0.9999370574951172,0.3903927505016327,0.9972090721130372,18.14944839477539,0.4569238424301147,0.1700236946344375,0.999993085861206,0.3767043948173523,0.9977319836616516,15.72429370880127,0.2279409915208816,9.650471158649257,9.032517293950145,7.676530941845406
0.8304049968719482,0.8478388786315918,2.638121146746184,0.9736967086791992,0.5416519641876221,10.457618759182644,0.9966932535171508,0.2858730256557464,15.841022750287102,190,40.0,130.0,230.0,190.0,0.100537109375,1.308738350868225,1.0218905092879753,w900_depth6,1,1,0.9996947050094604,0.1812173277139663,17.69277135250092,0.999967396259308,0.169647216796875,18.525062662440877,0.9999966621398926,0.1623378098011016,19.99980565178696,E3_generality/w900_depth6/seed1_fb1.csv,6,0.8912952542304993,0.8304049968719482,0.4038411378860473,0.9930832386016846,30.776611328125,0.5701248645782471,0.5416519641876221,0.9736967086791992,0.4039086699485779,0.9949578642845154,26.393115997314453,0.554064929485321,0.2858730256557464,0.9966932535171508,0.4054648280143738,0.9958301186561584,23.299976348876957,0.5590406656265259,0.75,0.88671875,0.90576171875,,0.916015625,2000,0.5275619626045227,0.5269553661346436,15.899964932857715,13.947465028948681,12.023450941992623,1.308738350868225,1.264911064067352,1.0,0.001,1.0,1.0,128,900,6,2000,-1.0,0,0,0,0,0,0.0,1.0,0,10,3.2490788990307586,35.225006103515625,49.53570556640625,2000,dfa,mnist,div255,mlp,tanh,sigmoid_bce,none,0.1812173277139663,0.9996947050094604,0.4037236273288727,0.9968230128288268,20.452634811401367,0.5449721813201904,0.169647216796875,0.999967396259308,0.3966489434242248,0.9971457719802856,17.78701400756836,0.444008320569992,0.1623378098011016,0.9999966621398926,0.3838330209255218,0.9978788495063782,15.378705978393556,0.2242850065231323,10.665802807937098,9.416040959219636,8.246040402584049
0.8103529214859009,0.8434426784515381,2.705319954322551,0.9692229628562928,0.5808134078979492,11.028182634267267,0.9960752725601196,0.293583869934082,16.447558797962852,170,40.0,180.0,240.0,200.0,0.09996744791666666,1.355178713798523,0.8550361462299588,w900_depth6,2,2,0.9994884729385376,0.2121710330247879,18.076140312348045,0.9999403953552246,0.1962286084890365,17.86654601365681,0.9999947547912598,0.1636824309825897,18.81920065415609,E3_generality/w900_depth6/seed2_fb2.csv,6,0.9062117338180542,0.8103529214859009,0.4089188277721405,0.9931541681289672,32.047584533691406,0.5722596645355225,0.5808134078979492,0.9692229628562928,0.4170142710208893,0.9939359426498412,28.014917373657227,0.5539752244949341,0.293583869934082,0.9960752725601196,0.4194540679454803,0.9951496124267578,24.88519096374512,0.5495594143867493,0.740234375,0.88916015625,0.904296875,,0.912109375,2000,0.5350021123886108,0.5342884659767151,15.901821084496008,14.507016921620806,12.736782529142328,1.355178713798523,1.264911064067352,1.0,0.001,1.0,1.0,128,900,6,2000,-1.0,0,0,0,0,0,0.0,1.0,0,10,3.2490788990307586,35.225006103515625,48.99410676956177,2000,dfa,mnist,div255,mlp,tanh,sigmoid_bce,none,0.2121710330247879,0.9994884729385376,0.3844171166419983,0.9965865612030028,19.374248504638672,0.5543375015258789,0.1962286084890365,0.9999403953552246,0.3812445402145386,0.9973018169403076,17.195602416992188,0.4434351921081543,0.1636824309825897,0.9999947547912598,0.3858136236667633,0.9977502226829528,15.957921981811523,0.2337735742330551,11.362915281980863,8.943757070074906,7.987388969178179
0.4285963773727417,0.9910277724266052,2.74419175934364,0.4593237638473511,0.991176426410675,2.68963775965526,0.5104067921638489,0.990502655506134,2.4425377240787745,0,,,,,,1.22051203250885,0.7029561916183378,w900_depth6_bp,0,0,0.5937349200248718,0.9844648241996764,2.4990554884932497,0.6525541543960571,0.9766624569892884,2.9491772884686625,0.7159684300422668,0.963193416595459,3.349922619516064,E3_generality/w900_depth6_bp/seed0_fb0.csv,6,0.9913616180419922,0.4285963773727417,0.4101614356040954,0.9924455285072328,32.868186950683594,,0.9916365146636964,0.4593237638473511,0.4019424319267273,0.994152307510376,27.044952392578125,,0.9914808869361876,0.5104067921638489,0.3943151235580444,0.9960290789604188,23.073530197143555,,0.8076171875,0.8525390625,0.8740234375,,0.88671875,2000,0.9793717265129088,0.9793717265129088,14.521691407990977,13.576902044972817,11.242514163642701,1.22051203250885,1.264911064067352,1.0,0.001,1.0,1.0,128,900,6,2000,-1.0,0,0,0,0,0,0.0,1.0,0,10,3.2490788990307586,35.225006103515625,46.720383644104004,2000,bp,mnist,div255,mlp,tanh,sigmoid_bce,none,0.986860990524292,0.5937349200248718,0.405616283416748,0.996222198009491,21.53201675415039,,0.9838006496429444,0.6525541543960571,0.3903927505016327,0.9972090721130372,18.14944839477539,,0.9803487658500672,0.7159684300422668,0.3767043948173523,0.9977319836616516,15.72429370880127,,9.650471158649257,9.032517293950145,7.676530941845406
0.591390073299408,0.5615399479866028,31.83186115305404,0.5885682106018066,0.225475788116455,205.28487080076255,0.5841529965400696,0.2247811108827591,294.96369752800246,0,,,,,,1.22051203250885,1.2098303601449978,w900_depth6_center,0,0,0.5563004612922668,0.2754442393779754,295.566896525952,0.5683327913284302,0.2007957696914672,273.90572797050856,0.5719596147537231,0.1449293941259384,244.94934972814065,E3_generality/w900_depth6_center/seed0_fb0.csv,6,0.8828355073928833,0.5096685290336609,0.4101614356040954,0.9924455285072328,32.868186950683594,0.0758385732769966,0.4815810620784759,0.5377843379974365,0.4019424319267273,0.994152307510376,27.044952392578125,0.1604557633399963,0.3037524819374084,0.5480375289916992,0.3943151235580444,0.9960290789604188,23.073530197143555,0.2055616527795791,0.54541015625,0.830078125,0.87109375,,0.87451171875,2000,1.4884401559829712,1.4858145713806152,14.521691407990977,13.576902044972817,11.242514163642701,1.22051203250885,1.264911064067352,1.0,0.001,1.0,1.0,128,900,6,2000,-1.0,0,0,0,0,0,0.0,1.0,0,10,3.2490788990307586,35.225006103515625,74.34230971336365,2000,dfa,mnist,div255,mlp,tanh,sigmoid_bce,delta,0.2754442393779754,0.5563004612922668,0.405616283416748,0.996222198009491,21.53201675415039,0.2645910084247589,0.2007957696914672,0.5683327913284302,0.3903927505016327,0.9972090721130372,18.14944839477539,0.256307303905487,0.1449293941259384,0.5719596147537231,0.3767043948173523,0.9977319836616516,15.72429370880127,0.1218616738915443,9.650471158649257,9.032517293950145,7.676530941845406
0.558538556098938,0.5731459856033325,29.258038678822977,0.5399107336997986,0.2328775078058242,191.4465891148689,0.5292323231697083,0.2155318260192871,269.7106039854184,0,,,,,,1.308738350868225,1.3199182713534272,w900_depth6_center,1,1,0.5360957980155945,0.208963081240654,276.2015813086826,0.5421278476715088,0.1260175257921219,269.1641876157676,0.5489089488983154,0.0692654475569725,264.45327989459315,E3_generality/w900_depth6_center/seed1_fb1.csv,6,0.8820241093635559,0.5096904635429382,0.4038411378860473,0.9930832386016846,30.776611328125,0.0828658193349838,0.4635343253612518,0.5161518454551697,0.4039086699485779,0.9949578642845154,26.393115997314453,0.1407229006290435,0.2942982316017151,0.5282328724861145,0.4054648280143738,0.9958301186561584,23.299976348876957,0.1913409084081649,0.38427734375,0.81201171875,0.85546875,,0.87939453125,2000,1.537848711013794,1.5179612636566162,15.899964932857715,13.947465028948681,12.023450941992623,1.308738350868225,1.264911064067352,1.0,0.001,1.0,1.0,128,900,6,2000,-1.0,0,0,0,0,0,0.0,1.0,0,10,3.2490788990307586,35.225006103515625,76.9481086730957,2000,dfa,mnist,div255,mlp,tanh,sigmoid_bce,delta,0.208963081240654,0.5360957980155945,0.4037236273288727,0.9968230128288268,20.452634811401367,0.2041674107313156,0.1260175257921219,0.5421278476715088,0.3966489434242248,0.9971457719802856,17.78701400756836,0.2146858125925064,0.0692654475569725,0.5489089488983154,0.3838330209255218,0.9978788495063782,15.378705978393556,0.1128797456622123,10.665802807937098,9.416040959219636,8.246040402584049
0.5178273916244507,0.6036083102226257,33.36264654581076,0.5127737522125244,0.2974034249782562,222.80877880836465,0.5426080226898193,0.2448229789733886,304.54577335537584,0,,,,,,1.355178713798523,1.3373061971370872,w900_depth6_center,2,2,0.5683774352073669,0.1326263695955276,318.4347367271635,0.5776695013046265,0.0757135078310966,328.981544027039,0.5842850208282471,0.03066111728549,342.2571363424017,E3_generality/w900_depth6_center/seed2_fb2.csv,6,0.8869978189468384,0.4856466054916382,0.4089188277721405,0.9931541681289672,32.047584533691406,0.006359068211168,0.4356064796447754,0.5127737522125244,0.4170142710208893,0.9939359426498412,28.014917373657227,0.0708597302436828,0.2448229789733886,0.5426080226898193,0.4194540679454803,0.9951496124267578,24.88519096374512,0.1163490340113639,0.3330078125,0.59375,0.81640625,,0.8544921875,2000,2.187622547149658,2.187622547149658,15.901821084496008,14.507016921620806,12.736782529142328,1.355178713798523,1.264911064067352,1.0,0.001,1.0,1.0,128,900,6,2000,-1.0,0,0,0,0,0,0.0,1.0,0,10,3.2490788990307586,35.225006103515625,77.20549058914185,2000,dfa,mnist,div255,mlp,tanh,sigmoid_bce,delta,0.1326263695955276,0.5683774352073669,0.3844171166419983,0.9965865612030028,19.374248504638672,0.1335165053606033,0.0757135078310966,0.5776695013046265,0.3812445402145386,0.9973018169403076,17.195602416992188,0.1115374788641929,0.03066111728549,0.5831315517425537,0.3858136236667633,0.9977502226829528,15.957921981811523,0.0623727701604366,11.362915281980863,8.943757070074906,7.987388969178179
0.4101614356040954,0.9331377744674684,50.97950990514524,0.4019424319267273,0.6444736123085022,60.11771262527124,0.3943151235580444,0.4172739684581756,117.71584533325613,0,,,,,,1.22051203250885,1.2105347509060629,w900_depth6_centere,0,0,0.405616283416748,0.3727762997150421,141.9783281126464,0.3903927505016327,0.343832403421402,144.87700603582715,0.3767043948173523,0.3265706300735473,147.18149352665623,E3_generality/w900_depth6_centere/seed0_fb0.csv,6,0.9878899455070496,0.4101614356040954,0.4101614356040954,0.9924455285072328,32.868186950683594,0.0777260512113571,0.9285271167755128,0.4019424319267273,0.4019424319267273,0.994152307510376,27.044952392578125,0.2231145650148391,0.8523861169815063,0.3943151235580444,0.3943151235580444,0.9960290789604188,23.073530197143555,0.3268872499465942,0.72900390625,0.853515625,0.8798828125,,0.88720703125,2000,2.2898523807525635,2.2898523807525635,14.521691407990977,13.576902044972817,11.242514163642701,1.22051203250885,1.264911064067352,1.0,0.001,1.0,1.0,128,900,6,2000,-1.0,0,0,0,0,0,0.0,1.0,0,10,3.2490788990307586,35.225006103515625,60.71765089035034,2000,dfa,mnist,div255,mlp,tanh,sigmoid_bce,e,0.7590903043746948,0.405616283416748,0.405616283416748,0.996222198009491,21.53201675415039,0.3764200508594513,0.6813642382621765,0.3903927505016327,0.3903927505016327,0.9972090721130372,18.14944839477539,0.3178341686725616,0.5794371366500854,0.3767043948173523,0.3767043948173523,0.9977319836616516,15.72429370880127,0.1351057142019271,9.650471158649257,9.032517293950145,7.676530941845406
0.4038411378860473,0.9364762902259828,54.6270525530746,0.4039086699485779,0.6352710127830505,60.79441007321439,0.4054648280143738,0.4397989213466644,98.80182513195018,0,,,,,,1.308738350868225,1.3194185111247623,w900_depth6_centere,1,1,0.4037236273288727,0.3796825110912323,110.47813373665902,0.3966489434242248,0.3416784405708313,112.61578361801978,0.3838330209255218,0.3038747310638428,116.9648073162524,E3_generality/w900_depth6_centere/seed1_fb1.csv,6,0.9850322604179382,0.4038411378860473,0.4038411378860473,0.9930832386016846,30.776611328125,0.1603346318006515,0.9002071022987366,0.4039086699485779,0.4039086699485779,0.9949578642845154,26.393115997314453,0.3105952441692352,0.7748093605041504,0.4054648280143738,0.4054648280143738,0.9958301186561584,23.299976348876957,0.4021849930286407,0.67724609375,0.84716796875,0.88427734375,,0.89599609375,2000,2.299281358718872,2.299281358718872,15.899964932857715,13.947465028948681,12.023450941992623,1.308738350868225,1.264911064067352,1.0,0.001,1.0,1.0,128,900,6,2000,-1.0,0,0,0,0,0,0.0,1.0,0,10,3.2490788990307586,35.225006103515625,61.8598153591156,2000,dfa,mnist,div255,mlp,tanh,sigmoid_bce,e,0.6360512375831604,0.4037236273288727,0.4037236273288727,0.9968230128288268,20.452634811401367,0.3962185382843017,0.5240326523780823,0.3966489434242248,0.3966489434242248,0.9971457719802856,17.78701400756836,0.2998778820037842,0.4212786555290222,0.3838330209255218,0.3838330209255218,0.9978788495063782,15.378705978393556,0.1451132595539093,10.665802807937098,9.416040959219636,8.246040402584049
0.4089188277721405,0.9452940821647644,52.62967742709698,0.4170142710208893,0.7349623441696167,58.94601362951808,0.4194540679454803,0.500068187713623,103.2959465168615,0,,,,,,1.355178713798523,1.3344189647803628,w900_depth6_centere,2,2,0.3844171166419983,0.4196983277797699,113.79098030327113,0.3812445402145386,0.3863966464996338,121.40556404012987,0.3902295231819153,0.3066861033439636,126.48046054380455,E3_generality/w900_depth6_centere/seed2_fb2.csv,6,0.9836192727088928,0.4089188277721405,0.4089188277721405,0.9931541681289672,32.047584533691406,0.2052696794271469,0.8903579711914062,0.4170142710208893,0.4170142710208893,0.9939359426498412,28.014917373657227,0.3291662633419037,0.7685049176216125,0.4194540679454803,0.4194540679454803,0.9951496124267578,24.88519096374512,0.3978011608123779,0.69921875,0.82666015625,0.8759765625,,0.89794921875,2000,2.335022449493408,2.335022449493408,15.901821084496008,14.507016921620806,12.736782529142328,1.355178713798523,1.264911064067352,1.0,0.001,1.0,1.0,128,900,6,2000,-1.0,0,0,0,0,0,0.0,1.0,0,10,3.2490788990307586,35.225006103515625,58.49597430229187,2000,dfa,mnist,div255,mlp,tanh,sigmoid_bce,e,0.6430485248565674,0.3844171166419983,0.3844171166419983,0.9965865612030028,19.374248504638672,0.3994066417217254,0.5025463700294495,0.3812445402145386,0.3812445402145386,0.9973018169403076,17.195602416992188,0.2976745367050171,0.3796197772026062,0.3902295231819153,0.3858136236667633,0.9977502226829528,15.957921981811523,0.1390811800956726,11.362915281980863,8.943757070074906,7.987388969178179
